Classify Database Inputs	Set up job	﻿2026-10-06T03:55:42.0053098Z Current runner version: '2.337.0'
Classify Database Inputs	Set up job	2026-10-06T03:55:42.0103495Z ##[group]Runner Image Provisioner
Classify Database Inputs	Set up job	2026-10-06T03:55:42.0104394Z Hosted Compute Agent
Classify Database Inputs	Set up job	2026-10-06T03:55:42.0105066Z Version: 20260901.588
Classify Database Inputs	Set up job	2026-10-06T03:55:42.0105737Z Commit: f88ec8081b781fac6c440065ac7ff9e710ce3d0b
Classify Database Inputs	Set up job	2026-10-06T03:55:42.0106479Z Build Date: 2026-09-01T19:56:44Z
Classify Database Inputs	Set up job	2026-10-06T03:55:42.0107266Z Worker ID: {26451c33-9e3d-4571-8911-46b3b2a5381d}
Classify Database Inputs	Set up job	2026-10-06T03:55:42.0108017Z Azure Region: westus
Classify Database Inputs	Set up job	2026-10-06T03:55:42.0108618Z ##[endgroup]
Classify Database Inputs	Set up job	2026-10-06T03:55:42.0110111Z ##[group]Operating System
Classify Database Inputs	Set up job	2026-10-06T03:55:42.0110787Z Ubuntu
Classify Database Inputs	Set up job	2026-10-06T03:55:42.0111440Z 24.04.5
Classify Database Inputs	Set up job	2026-10-06T03:55:42.0112234Z LTS
Classify Database Inputs	Set up job	2026-10-06T03:55:42.0112749Z ##[endgroup]
Classify Database Inputs	Set up job	2026-10-06T03:55:42.0113388Z ##[group]Runner Image
Classify Database Inputs	Set up job	2026-10-06T03:55:42.0113999Z Image: ubuntu-24.04
Classify Database Inputs	Set up job	2026-10-06T03:55:42.0114637Z Version: 20260927.320.1
Classify Database Inputs	Set up job	2026-10-06T03:55:42.0115781Z Included Software: https://github.com/actions/runner-images/blob/ubuntu24/20260927.320/images/ubuntu/Ubuntu2404-Readme.md
Classify Database Inputs	Set up job	2026-10-06T03:55:42.0117564Z Image Release: https://github.com/actions/runner-images/releases/tag/ubuntu24%2F20260927.320
Classify Database Inputs	Set up job	2026-10-06T03:55:42.0118539Z ##[endgroup]
Classify Database Inputs	Set up job	2026-10-06T03:55:42.0119849Z ##[group]GITHUB_TOKEN Permissions
Classify Database Inputs	Set up job	2026-10-06T03:55:42.0122220Z Contents: read
Classify Database Inputs	Set up job	2026-10-06T03:55:42.0122956Z Metadata: read
Classify Database Inputs	Set up job	2026-10-06T03:55:42.0123557Z PullRequests: read
Classify Database Inputs	Set up job	2026-10-06T03:55:42.0124163Z ##[endgroup]
Classify Database Inputs	Set up job	2026-10-06T03:55:42.0126342Z Secret source: Actions
Classify Database Inputs	Set up job	2026-10-06T03:55:42.0127326Z Cache mode: write
Classify Database Inputs	Set up job	2026-10-06T03:55:42.0128118Z Prepare workflow directory
Classify Database Inputs	Set up job	2026-10-06T03:55:42.0471420Z Prepare all required actions
Classify Database Inputs	Set up job	2026-10-06T03:55:42.0522118Z Getting action download info
Classify Database Inputs	Set up job	2026-10-06T03:55:42.3986295Z Download action repository 'dorny/paths-filter@v3' (SHA:0e4a8c6effa4802afeda77dc8d303f8176d7dfad)
Classify Database Inputs	Set up job	2026-10-06T03:55:42.8966020Z Complete job name: Classify Database Inputs
Classify Database Inputs	Detect affected database surfaces	﻿2026-10-06T03:55:42.9799018Z ##[group]Run dorny/paths-filter@v3
Classify Database Inputs	Detect affected database surfaces	2026-10-06T03:55:42.9800487Z with:
Classify Database Inputs	Detect affected database surfaces	2026-10-06T03:55:42.9808007Z   filters: database:
Classify Database Inputs	Detect affected database surfaces	  - '.github/workflows/database-upgrade.yml'
Classify Database Inputs	Detect affected database surfaces	  - 'backend/package.json'
Classify Database Inputs	Detect affected database surfaces	  - 'backend/package-lock.json'
Classify Database Inputs	Detect affected database surfaces	  - 'backend/prisma.config.ts'
Classify Database Inputs	Detect affected database surfaces	  - 'backend/prisma/**'
Classify Database Inputs	Detect affected database surfaces	  - 'backend/src/config/database.ts'
Classify Database Inputs	Detect affected database surfaces	  - 'backend/src/config/databaseUtils.ts'
Classify Database Inputs	Detect affected database surfaces	  - 'backend/src/observability.ts'
Classify Database Inputs	Detect affected database surfaces	  - 'backend/src/services/materializedWeightTrend.ts'
Classify Database Inputs	Detect affected database surfaces	  - 'backend/src/services/weightTrend*.ts'
Classify Database Inputs	Detect affected database surfaces	  - 'backend/src/utils/date.ts'
Classify Database Inputs	Detect affected database surfaces	  - 'backend/tsconfig.json'
Classify Database Inputs	Detect affected database surfaces	  - 'deploy/backup/**'
Classify Database Inputs	Detect affected database surfaces	  - 'scripts/postgres-*.mjs'
Classify Database Inputs	Detect affected database surfaces	  - 'shared/weightTrend*.ts'
Classify Database Inputs	Detect affected database surfaces	migrations:
Classify Database Inputs	Detect affected database surfaces	  - '.github/workflows/database-upgrade.yml'
Classify Database Inputs	Detect affected database surfaces	  - 'backend/prisma/migrations/**'
Classify Database Inputs	Detect affected database surfaces	  - 'scripts/postgres-rollback-smoke.mjs'
Classify Database Inputs	Detect affected database surfaces	  - 'scripts/postgres-rollback-smoke.test.mjs'
Classify Database Inputs	Detect affected database surfaces	
Classify Database Inputs	Detect affected database surfaces	2026-10-06T03:55:42.9822600Z   token: ***
Classify Database Inputs	Detect affected database surfaces	2026-10-06T03:55:42.9823440Z   list-files: none
Classify Database Inputs	Detect affected database surfaces	2026-10-06T03:55:42.9824616Z   initial-fetch-depth: 100
Classify Database Inputs	Detect affected database surfaces	2026-10-06T03:55:42.9825841Z   predicate-quantifier: some
Classify Database Inputs	Detect affected database surfaces	2026-10-06T03:55:42.9827316Z ##[endgroup]
Classify Database Inputs	Detect affected database surfaces	2026-10-06T03:55:43.0856091Z ##[group]Fetching list of changed files for PR#423 from Github API
Classify Database Inputs	Detect affected database surfaces	2026-10-06T03:55:43.0857858Z Invoking listFiles(pull_number: 423, per_page: 100)
Classify Database Inputs	Detect affected database surfaces	2026-10-06T03:55:43.6757560Z Received 100 items
Classify Database Inputs	Detect affected database surfaces	2026-10-06T03:55:43.6759369Z [added] backend/prisma/migrations/0045_firebase_identity_foundation/migration.sql
Classify Database Inputs	Detect affected database surfaces	2026-10-06T03:55:43.6761009Z [modified] backend/prisma/schema.prisma
Classify Database Inputs	Detect affected database surfaces	2026-10-06T03:55:43.6762501Z [added] backend/scripts/firebase-migration-plan.js
Classify Database Inputs	Detect affected database surfaces	2026-10-06T03:55:43.6763858Z [added] backend/scripts/lib/credentialProvider.ts
Classify Database Inputs	Detect affected database surfaces	2026-10-06T03:55:43.6765128Z [added] backend/scripts/lib/firebaseMigration.ts
Classify Database Inputs	Detect affected database surfaces	2026-10-06T03:55:43.6766383Z [added] backend/scripts/lib/migrationJournal.ts
Classify Database Inputs	Detect affected database surfaces	2026-10-06T03:55:43.6767576Z [added] backend/src/config/credentialProvider.ts
Classify Database Inputs	Detect affected database surfaces	2026-10-06T03:55:43.6768338Z [modified] backend/src/index.ts
Classify Database Inputs	Detect affected database surfaces	2026-10-06T03:55:43.6769278Z [modified] backend/src/services/mcpOAuth.ts
Classify Database Inputs	Detect affected database surfaces	2026-10-06T03:55:43.6770782Z [added] backend/test/config-credential-provider.test.js
Classify Database Inputs	Detect affected database surfaces	2026-10-06T03:55:43.6772554Z [added] backend/test/credential-provider.test.js
Classify Database Inputs	Detect affected database surfaces	2026-10-06T03:55:43.6773917Z [added] backend/test/firebase-migration-cli.test.js
Classify Database Inputs	Detect affected database surfaces	2026-10-06T03:55:43.6774903Z [added] backend/test/firebase-migration.test.js
Classify Database Inputs	Detect affected database surfaces	2026-10-06T03:55:43.6775702Z [modified] backend/test/mcp-oauth.test.js
Classify Database Inputs	Detect affected database surfaces	2026-10-06T03:55:43.6776453Z [added] backend/test/migration-journal.test.js
Classify Database Inputs	Detect affected database surfaces	2026-10-06T03:55:43.6777205Z [added] docs/firebase-migration-preparation.md
Classify Database Inputs	Detect affected database surfaces	2026-10-06T03:55:43.6778052Z [modified] e2e/expo-web/launch-19-hosted-pwa-trust.spec.ts
Classify Database Inputs	Detect affected database surfaces	2026-10-06T03:55:43.6778890Z [added] e2e/expo-web/offline-workspace.spec.ts
Classify Database Inputs	Detect affected database surfaces	2026-10-06T03:55:43.6779630Z [modified] e2e/expo-web/release-smoke.spec.ts
Classify Database Inputs	Detect affected database surfaces	2026-10-06T03:55:43.6780379Z [modified] mobile/app/(tabs)/(progress)/progress.tsx
Classify Database Inputs	Detect affected database surfaces	2026-10-06T03:55:43.6781133Z [modified] mobile/app/(tabs)/(today)/today.tsx
Classify Database Inputs	Detect affected database surfaces	2026-10-06T03:55:43.6782560Z [modified] mobile/app/_layout.tsx
Classify Database Inputs	Detect affected database surfaces	2026-10-06T03:55:43.6783686Z [modified] mobile/app/_layout.web.tsx
Classify Database Inputs	Detect affected database surfaces	2026-10-06T03:55:43.6784665Z [modified] mobile/public/sw.js
Classify Database Inputs	Detect affected database surfaces	2026-10-06T03:55:43.6785790Z [modified] mobile/src/auth/AuthContext.test.tsx
Classify Database Inputs	Detect affected database surfaces	2026-10-06T03:55:43.6786590Z [modified] mobile/src/auth/AuthContext.tsx
Classify Database Inputs	Detect affected database surfaces	2026-10-06T03:55:43.6787356Z [modified] mobile/src/auth/AuthContext.web.test.tsx
Classify Database Inputs	Detect affected database surfaces	2026-10-06T03:55:43.6788328Z [modified] mobile/src/auth/AuthContext.web.tsx
Classify Database Inputs	Detect affected database surfaces	2026-10-06T03:55:43.6789153Z [modified] mobile/src/auth/apiClientAuth.test.ts
Classify Database Inputs	Detect affected database surfaces	2026-10-06T03:55:43.6789910Z [added] mobile/src/auth/logoutIntent.ts
Classify Database Inputs	Detect affected database surfaces	2026-10-06T03:55:43.6790582Z [added] mobile/src/auth/logoutIntent.web.ts
Classify Database Inputs	Detect affected database surfaces	2026-10-06T03:55:43.6791295Z [added] mobile/src/auth/logoutIntentStore.test.ts
Classify Database Inputs	Detect affected database surfaces	2026-10-06T03:55:43.6792434Z [added] mobile/src/auth/logoutIntentStore.ts
Classify Database Inputs	Detect affected database surfaces	2026-10-06T03:55:43.6793186Z [added] mobile/src/auth/offlineWorkspace.test.ts
Classify Database Inputs	Detect affected database surfaces	2026-10-06T03:55:43.6793912Z [added] mobile/src/auth/offlineWorkspace.ts
Classify Database Inputs	Detect affected database surfaces	2026-10-06T03:55:43.6794597Z [added] mobile/src/auth/storage.test.ts
Classify Database Inputs	Detect affected database surfaces	2026-10-06T03:55:43.6795259Z [modified] mobile/src/auth/storage.ts
Classify Database Inputs	Detect affected database surfaces	2026-10-06T03:55:43.6796233Z [added] mobile/src/auth/usePendingLogoutRetry.ts
Classify Database Inputs	Detect affected database surfaces	2026-10-06T03:55:43.6796983Z [modified] mobile/src/barcode/BarcodeScreen.tsx
Classify Database Inputs	Detect affected database surfaces	2026-10-06T03:55:43.6797767Z [modified] mobile/src/components/AddFoodSheet.test.tsx
Classify Database Inputs	Detect affected database surfaces	2026-10-06T03:55:43.6798554Z [modified] mobile/src/components/AddFoodSheet.tsx
Classify Database Inputs	Detect affected database surfaces	2026-10-06T03:55:43.6799373Z [modified] mobile/src/components/FoodTrackingStatus.test.tsx
Classify Database Inputs	Detect affected database surfaces	2026-10-06T03:55:43.6800233Z [modified] mobile/src/components/FoodTrackingStatus.tsx
Classify Database Inputs	Detect affected database surfaces	2026-10-06T03:55:43.6801070Z [modified] mobile/src/components/WeightEntrySheet.test.tsx
Classify Database Inputs	Detect affected database surfaces	2026-10-06T03:55:43.6802075Z [modified] mobile/src/components/WeightEntrySheet.tsx
Classify Database Inputs	Detect affected database surfaces	2026-10-06T03:55:43.6802866Z [modified] mobile/src/errors/presentation.ts
Classify Database Inputs	Detect affected database surfaces	2026-10-06T03:55:43.6803572Z [modified] mobile/src/food/FoodLogContent.tsx
Classify Database Inputs	Detect affected database surfaces	2026-10-06T03:55:43.6804339Z [added] mobile/src/food/copyFoodWhenSynchronized.test.ts
Classify Database Inputs	Detect affected database surfaces	2026-10-06T03:55:43.6805145Z [added] mobile/src/food/copyFoodWhenSynchronized.ts
Classify Database Inputs	Detect affected database surfaces	2026-10-06T03:55:43.6805888Z [added] mobile/src/food/pendingPause.test.ts
Classify Database Inputs	Detect affected database surfaces	2026-10-06T03:55:43.6806582Z [added] mobile/src/food/pendingPause.ts
Classify Database Inputs	Detect affected database surfaces	2026-10-06T03:55:43.6807235Z [added] mobile/src/food/queryKeys.ts
Classify Database Inputs	Detect affected database surfaces	2026-10-06T03:55:43.6807928Z [modified] mobile/src/food/useFoodDeleteRecovery.ts
Classify Database Inputs	Detect affected database surfaces	2026-10-06T03:55:43.6808725Z [added] mobile/src/food/useFoodTrackingPause.test.tsx
Classify Database Inputs	Detect affected database surfaces	2026-10-06T03:55:43.6809486Z [added] mobile/src/food/useFoodTrackingPause.ts
Classify Database Inputs	Detect affected database surfaces	2026-10-06T03:55:43.6810276Z [modified] mobile/src/hooks/usePrefetchPreviousFoodLog.ts
Classify Database Inputs	Detect affected database surfaces	2026-10-06T03:55:43.6811111Z [added] mobile/src/offline/FailedChangeRecoveryPanel.tsx
Classify Database Inputs	Detect affected database surfaces	2026-10-06T03:55:43.6812212Z [added] mobile/src/offline/OfflineWorkspaceStatus.tsx
Classify Database Inputs	Detect affected database surfaces	2026-10-06T03:55:43.6813005Z [added] mobile/src/offline/failedCreation.test.ts
Classify Database Inputs	Detect affected database surfaces	2026-10-06T03:55:43.6813730Z [added] mobile/src/offline/failedCreation.ts
Classify Database Inputs	Detect affected database surfaces	2026-10-06T03:55:43.6814483Z [added] mobile/src/offline/failedMutationRecovery.test.ts
Classify Database Inputs	Detect affected database surfaces	2026-10-06T03:55:43.6815285Z [added] mobile/src/offline/failedMutationRecovery.ts
Classify Database Inputs	Detect affected database surfaces	2026-10-06T03:55:43.6816026Z [added] mobile/src/offline/foodDayIntent.ts
Classify Database Inputs	Detect affected database surfaces	2026-10-06T03:55:43.6816751Z [added] mobile/src/offline/foodDayIntent.web.test.ts
Classify Database Inputs	Detect affected database surfaces	2026-10-06T03:55:43.6817698Z [added] mobile/src/offline/foodDayReceipts.test.ts
Classify Database Inputs	Detect affected database surfaces	2026-10-06T03:55:43.6818433Z [added] mobile/src/offline/foodDayReceipts.ts
Classify Database Inputs	Detect affected database surfaces	2026-10-06T03:55:43.6819196Z [modified] mobile/src/offline/indexedDbOutbox.web.test.ts
Classify Database Inputs	Detect affected database surfaces	2026-10-06T03:55:43.6820001Z [modified] mobile/src/offline/indexedDbOutbox.web.ts
Classify Database Inputs	Detect affected database surfaces	2026-10-06T03:55:43.6820740Z [added] mobile/src/offline/mutationConflict.ts
Classify Database Inputs	Detect affected database surfaces	2026-10-06T03:55:43.6821477Z [added] mobile/src/offline/mutationDispatch.test.ts
Classify Database Inputs	Detect affected database surfaces	2026-10-06T03:55:43.6822591Z [added] mobile/src/offline/mutationDispatch.ts
Classify Database Inputs	Detect affected database surfaces	2026-10-06T03:55:43.6823330Z [added] mobile/src/offline/mutationKinds.ts
Classify Database Inputs	Detect affected database surfaces	2026-10-06T03:55:43.6824018Z [added] mobile/src/offline/mutationLock.ts
Classify Database Inputs	Detect affected database surfaces	2026-10-06T03:55:43.6824727Z [added] mobile/src/offline/mutationLock.web.test.ts
Classify Database Inputs	Detect affected database surfaces	2026-10-06T03:55:43.6825465Z [added] mobile/src/offline/mutationLock.web.ts
Classify Database Inputs	Detect affected database surfaces	2026-10-06T03:55:43.6826191Z [modified] mobile/src/offline/operations.test.ts
Classify Database Inputs	Detect affected database surfaces	2026-10-06T03:55:43.6826908Z [modified] mobile/src/offline/operations.ts
Classify Database Inputs	Detect affected database surfaces	2026-10-06T03:55:43.6827593Z [modified] mobile/src/offline/outbox.test.ts
Classify Database Inputs	Detect affected database surfaces	2026-10-06T03:55:43.6828269Z [modified] mobile/src/offline/outbox.ts
Classify Database Inputs	Detect affected database surfaces	2026-10-06T03:55:43.6828940Z [added] mobile/src/offline/pauseIntent.test.ts
Classify Database Inputs	Detect affected database surfaces	2026-10-06T03:55:43.6829651Z [added] mobile/src/offline/pauseIntent.ts
Classify Database Inputs	Detect affected database surfaces	2026-10-06T03:55:43.6830436Z [added] mobile/src/offline/pendingChangePresentation.test.ts
Classify Database Inputs	Detect affected database surfaces	2026-10-06T03:55:43.6831298Z [added] mobile/src/offline/pendingChangePresentation.ts
Classify Database Inputs	Detect affected database surfaces	2026-10-06T03:55:43.6832364Z [modified] mobile/src/offline/provider.test.tsx
Classify Database Inputs	Detect affected database surfaces	2026-10-06T03:55:43.6833105Z [modified] mobile/src/offline/provider.tsx
Classify Database Inputs	Detect affected database surfaces	2026-10-06T03:55:43.6833804Z [modified] mobile/src/offline/provider.web.test.tsx
Classify Database Inputs	Detect affected database surfaces	2026-10-06T03:55:43.6834541Z [modified] mobile/src/offline/provider.web.tsx
Classify Database Inputs	Detect affected database surfaces	2026-10-06T03:55:43.6835253Z [modified] mobile/src/offline/reconciler.test.ts
Classify Database Inputs	Detect affected database surfaces	2026-10-06T03:55:43.6835946Z [modified] mobile/src/offline/reconciler.ts
Classify Database Inputs	Detect affected database surfaces	2026-10-06T03:55:43.6836891Z [added] mobile/src/offline/reconcilerOwnership.web.test.ts
Classify Database Inputs	Detect affected database surfaces	2026-10-06T03:55:43.6837699Z [added] mobile/src/offline/trackingProjection.test.ts
Classify Database Inputs	Detect affected database surfaces	2026-10-06T03:55:43.6838495Z [added] mobile/src/offline/trackingProjection.ts
Classify Database Inputs	Detect affected database surfaces	2026-10-06T03:55:43.6839229Z [added] mobile/src/offline/trackingReceipts.test.ts
Classify Database Inputs	Detect affected database surfaces	2026-10-06T03:55:43.6839968Z [added] mobile/src/offline/trackingReceipts.ts
Classify Database Inputs	Detect affected database surfaces	2026-10-06T03:55:43.6840722Z [added] mobile/src/offline/useOfflineReplayExecutor.ts
Classify Database Inputs	Detect affected database surfaces	2026-10-06T03:55:43.6841524Z [added] mobile/src/offline/useTrackingQueries.test.tsx
Classify Database Inputs	Detect affected database surfaces	2026-10-06T03:55:43.6842469Z [added] mobile/src/offline/useTrackingQueries.ts
Classify Database Inputs	Detect affected database surfaces	2026-10-06T03:55:43.6843251Z [modified] mobile/src/progress/GoalPaceSheet.test.tsx
Classify Database Inputs	Detect affected database surfaces	2026-10-06T03:55:43.6844008Z [modified] mobile/src/progress/GoalPaceSheet.tsx
Classify Database Inputs	Detect affected database surfaces	2026-10-06T03:55:43.6844769Z [modified] mobile/src/progress/ProgressScreen.test.tsx
Classify Database Inputs	Detect affected database surfaces	2026-10-06T03:55:44.0528813Z Received 9 items
Classify Database Inputs	Detect affected database surfaces	2026-10-06T03:55:44.0530178Z [modified] mobile/src/pwa/PwaStatusBanner.web.test.ts
Classify Database Inputs	Detect affected database surfaces	2026-10-06T03:55:44.0531434Z [modified] mobile/src/pwa/PwaStatusBanner.web.tsx
Classify Database Inputs	Detect affected database surfaces	2026-10-06T03:55:44.0532969Z [modified] mobile/src/pwa/serviceWorkerSecurity.test.ts
Classify Database Inputs	Detect affected database surfaces	2026-10-06T03:55:44.0534167Z [modified] packages/api-client/src/client.ts
Classify Database Inputs	Detect affected database surfaces	2026-10-06T03:55:44.0535166Z [modified] scripts/expo-web-release.mjs
Classify Database Inputs	Detect affected database surfaces	2026-10-06T03:55:44.0536159Z [modified] scripts/expo-web-release.test.mjs
Classify Database Inputs	Detect affected database surfaces	2026-10-06T03:55:44.0537266Z [modified] scripts/postgres-populated-upgrade-smoke.mjs
Classify Database Inputs	Detect affected database surfaces	2026-10-06T03:55:44.0538474Z [modified] scripts/postgres-rollback-smoke.mjs
Classify Database Inputs	Detect affected database surfaces	2026-10-06T03:55:44.0539768Z [modified] scripts/postgres-rollback-smoke.test.mjs
Classify Database Inputs	Detect affected database surfaces	2026-10-06T03:55:44.0543289Z ##[endgroup]
Classify Database Inputs	Detect affected database surfaces	2026-10-06T03:55:44.0544158Z Detected 109 changed files
Classify Database Inputs	Detect affected database surfaces	2026-10-06T03:55:44.0556675Z Results:
Classify Database Inputs	Detect affected database surfaces	2026-10-06T03:55:44.0558808Z ##[group]Filter database = true
Classify Database Inputs	Detect affected database surfaces	2026-10-06T03:55:44.0559983Z Matching files:
Classify Database Inputs	Detect affected database surfaces	2026-10-06T03:55:44.0561549Z backend/prisma/migrations/0045_firebase_identity_foundation/migration.sql [added]
Classify Database Inputs	Detect affected database surfaces	2026-10-06T03:55:44.0563755Z backend/prisma/schema.prisma [modified]
Classify Database Inputs	Detect affected database surfaces	2026-10-06T03:55:44.0566212Z scripts/postgres-populated-upgrade-smoke.mjs [modified]
Classify Database Inputs	Detect affected database surfaces	2026-10-06T03:55:44.0568980Z scripts/postgres-rollback-smoke.mjs [modified]
Classify Database Inputs	Detect affected database surfaces	2026-10-06T03:55:44.0572134Z scripts/postgres-rollback-smoke.test.mjs [modified]
Classify Database Inputs	Detect affected database surfaces	2026-10-06T03:55:44.0576087Z ##[endgroup]
Classify Database Inputs	Detect affected database surfaces	2026-10-06T03:55:44.0578215Z ##[group]Filter migrations = true
Classify Database Inputs	Detect affected database surfaces	2026-10-06T03:55:44.0579572Z Matching files:
Classify Database Inputs	Detect affected database surfaces	2026-10-06T03:55:44.0581270Z backend/prisma/migrations/0045_firebase_identity_foundation/migration.sql [added]
Classify Database Inputs	Detect affected database surfaces	2026-10-06T03:55:44.0583727Z scripts/postgres-rollback-smoke.mjs [modified]
Classify Database Inputs	Detect affected database surfaces	2026-10-06T03:55:44.0585666Z scripts/postgres-rollback-smoke.test.mjs [modified]
Classify Database Inputs	Detect affected database surfaces	2026-10-06T03:55:44.0588118Z ##[endgroup]
Classify Database Inputs	Detect affected database surfaces	2026-10-06T03:55:44.0589479Z Changes output set to ["database","migrations"]
Classify Database Inputs	Select database execution	﻿2026-10-06T03:55:44.0863711Z ##[group]Run echo "database=${DATABASE_CHANGED}" >> "${GITHUB_OUTPUT}"
Classify Database Inputs	Select database execution	2026-10-06T03:55:44.0866013Z ^[[36;1mecho "database=${DATABASE_CHANGED}" >> "${GITHUB_OUTPUT}"^[[0m
Classify Database Inputs	Select database execution	2026-10-06T03:55:44.0868137Z ^[[36;1mecho "migrations=${MIGRATIONS_CHANGED}" >> "${GITHUB_OUTPUT}"^[[0m
Classify Database Inputs	Select database execution	2026-10-06T03:55:44.1228719Z shell: /usr/bin/bash --noprofile --norc -e -o pipefail {0}
Classify Database Inputs	Select database execution	2026-10-06T03:55:44.1231120Z env:
Classify Database Inputs	Select database execution	2026-10-06T03:55:44.1233334Z   DATABASE_CHANGED: true
Classify Database Inputs	Select database execution	2026-10-06T03:55:44.1235235Z   MIGRATIONS_CHANGED: true
Classify Database Inputs	Select database execution	2026-10-06T03:55:44.1237141Z ##[endgroup]
Classify Database Inputs	Complete job	﻿2026-10-06T03:55:44.1487235Z Evaluate and set job outputs
Classify Database Inputs	Complete job	2026-10-06T03:55:44.1495697Z Set output 'database'
Classify Database Inputs	Complete job	2026-10-06T03:55:44.1498765Z Set output 'migrations'
Classify Database Inputs	Complete job	2026-10-06T03:55:44.1501488Z Cleaning up orphan processes
Classify Database Inputs	Complete job	2026-10-06T03:55:44.1955708Z ##[warning]Node.js 20 is deprecated. The following actions target Node.js 20 but are being forced to run on Node.js 24: dorny/paths-filter@v3. For more information see: https://github.blog/changelog/2025-09-19-deprecation-of-node-20-on-github-actions-runners/
Populated Postgres Upgrade	Set up job	﻿2026-10-06T03:55:49.8986407Z Current runner version: '2.337.0'
Populated Postgres Upgrade	Set up job	2026-10-06T03:55:49.9035632Z ##[group]Runner Image Provisioner
Populated Postgres Upgrade	Set up job	2026-10-06T03:55:49.9036555Z Hosted Compute Agent
Populated Postgres Upgrade	Set up job	2026-10-06T03:55:49.9037364Z Version: 20260901.588
Populated Postgres Upgrade	Set up job	2026-10-06T03:55:49.9038331Z Commit: f88ec8081b781fac6c440065ac7ff9e710ce3d0b
Populated Postgres Upgrade	Set up job	2026-10-06T03:55:49.9039211Z Build Date: 2026-09-01T19:56:44Z
Populated Postgres Upgrade	Set up job	2026-10-06T03:55:49.9039968Z Worker ID: {13e59f0d-90ca-4878-9000-ab8c28ea8e74}
Populated Postgres Upgrade	Set up job	2026-10-06T03:55:49.9040757Z Azure Region: westus
Populated Postgres Upgrade	Set up job	2026-10-06T03:55:49.9041442Z ##[endgroup]
Populated Postgres Upgrade	Set up job	2026-10-06T03:55:49.9042953Z ##[group]Operating System
Populated Postgres Upgrade	Set up job	2026-10-06T03:55:49.9043689Z Ubuntu
Populated Postgres Upgrade	Set up job	2026-10-06T03:55:49.9044239Z 24.04.5
Populated Postgres Upgrade	Set up job	2026-10-06T03:55:49.9044745Z LTS
Populated Postgres Upgrade	Set up job	2026-10-06T03:55:49.9045318Z ##[endgroup]
Populated Postgres Upgrade	Set up job	2026-10-06T03:55:49.9045872Z ##[group]Runner Image
Populated Postgres Upgrade	Set up job	2026-10-06T03:55:49.9046487Z Image: ubuntu-24.04
Populated Postgres Upgrade	Set up job	2026-10-06T03:55:49.9047124Z Version: 20260927.320.1
Populated Postgres Upgrade	Set up job	2026-10-06T03:55:49.9048447Z Included Software: https://github.com/actions/runner-images/blob/ubuntu24/20260927.320/images/ubuntu/Ubuntu2404-Readme.md
Populated Postgres Upgrade	Set up job	2026-10-06T03:55:49.9050209Z Image Release: https://github.com/actions/runner-images/releases/tag/ubuntu24%2F20260927.320
Populated Postgres Upgrade	Set up job	2026-10-06T03:55:49.9051184Z ##[endgroup]
Populated Postgres Upgrade	Set up job	2026-10-06T03:55:49.9052354Z ##[group]GITHUB_TOKEN Permissions
Populated Postgres Upgrade	Set up job	2026-10-06T03:55:49.9054292Z Contents: read
Populated Postgres Upgrade	Set up job	2026-10-06T03:55:49.9054942Z Metadata: read
Populated Postgres Upgrade	Set up job	2026-10-06T03:55:49.9055537Z ##[endgroup]
Populated Postgres Upgrade	Set up job	2026-10-06T03:55:49.9057660Z Secret source: Actions
Populated Postgres Upgrade	Set up job	2026-10-06T03:55:49.9059076Z Cache mode: write
Populated Postgres Upgrade	Set up job	2026-10-06T03:55:49.9059901Z Prepare workflow directory
Populated Postgres Upgrade	Set up job	2026-10-06T03:55:49.9559362Z Prepare all required actions
Populated Postgres Upgrade	Set up job	2026-10-06T03:55:49.9607098Z Getting action download info
Populated Postgres Upgrade	Set up job	2026-10-06T03:55:50.3319696Z Download action repository 'actions/checkout@v4' (SHA:11d5960a326750d5838078e36cf38b85af677262)
Populated Postgres Upgrade	Set up job	2026-10-06T03:55:50.4598782Z Download action repository 'actions/setup-node@v4' (SHA:49933ea5288caeca8642d1e84afbd3f7d6820020)
Populated Postgres Upgrade	Set up job	2026-10-06T03:55:50.6459446Z Complete job name: Populated Postgres Upgrade
Populated Postgres Upgrade	Initialize containers	﻿2026-10-06T03:55:50.7003395Z ##[group]Checking docker version
Populated Postgres Upgrade	Initialize containers	2026-10-06T03:55:50.7016906Z ##[command]/usr/bin/docker version --format '{{.Server.APIVersion}}'
Populated Postgres Upgrade	Initialize containers	2026-10-06T03:55:50.7926736Z '1.48'
Populated Postgres Upgrade	Initialize containers	2026-10-06T03:55:50.7937559Z Docker daemon API version: '1.48'
Populated Postgres Upgrade	Initialize containers	2026-10-06T03:55:50.7938743Z ##[command]/usr/bin/docker version --format '{{.Client.APIVersion}}'
Populated Postgres Upgrade	Initialize containers	2026-10-06T03:55:50.8105013Z '1.48'
Populated Postgres Upgrade	Initialize containers	2026-10-06T03:55:50.8118922Z Docker client API version: '1.48'
Populated Postgres Upgrade	Initialize containers	2026-10-06T03:55:50.8124757Z ##[endgroup]
Populated Postgres Upgrade	Initialize containers	2026-10-06T03:55:50.8127638Z ##[group]Clean up resources from previous jobs
Populated Postgres Upgrade	Initialize containers	2026-10-06T03:55:50.8134012Z ##[command]/usr/bin/docker ps --all --quiet --no-trunc --filter "label=d0365e"
Populated Postgres Upgrade	Initialize containers	2026-10-06T03:55:50.8285754Z ##[command]/usr/bin/docker network prune --force --filter "label=d0365e"
Populated Postgres Upgrade	Initialize containers	2026-10-06T03:55:50.8417598Z ##[endgroup]
Populated Postgres Upgrade	Initialize containers	2026-10-06T03:55:50.8418563Z ##[group]Create local container network
Populated Postgres Upgrade	Initialize containers	2026-10-06T03:55:50.8428981Z ##[command]/usr/bin/docker network create --label d0365e github_network_2c3dde49d7d4456caa5a17778736abb0
Populated Postgres Upgrade	Initialize containers	2026-10-06T03:55:50.8967991Z 831c7f4e04b3c7919f9c0754e06be225c8a937c64a71037678496c311dfa9e54
Populated Postgres Upgrade	Initialize containers	2026-10-06T03:55:50.8988875Z ##[endgroup]
Populated Postgres Upgrade	Initialize containers	2026-10-06T03:55:50.9014494Z ##[group]Starting postgres service container
Populated Postgres Upgrade	Initialize containers	2026-10-06T03:55:50.9036265Z ##[command]/usr/bin/docker pull postgres:15-alpine
Populated Postgres Upgrade	Initialize containers	2026-10-06T03:55:51.8070128Z 15-alpine: Pulling from library/postgres
Populated Postgres Upgrade	Initialize containers	2026-10-06T03:55:52.0709807Z e2de96513ba9: Already exists
Populated Postgres Upgrade	Initialize containers	2026-10-06T03:55:52.0735982Z 2c2e40dd947e: Pulling fs layer
Populated Postgres Upgrade	Initialize containers	2026-10-06T03:55:52.0738379Z 2e9987a42d41: Pulling fs layer
Populated Postgres Upgrade	Initialize containers	2026-10-06T03:55:52.0739131Z 3f49193fd82d: Pulling fs layer
Populated Postgres Upgrade	Initialize containers	2026-10-06T03:55:52.0739784Z bc2205dd5a3a: Pulling fs layer
Populated Postgres Upgrade	Initialize containers	2026-10-06T03:55:52.0740373Z e9516be90840: Pulling fs layer
Populated Postgres Upgrade	Initialize containers	2026-10-06T03:55:52.0740935Z 4f83103187f5: Pulling fs layer
Populated Postgres Upgrade	Initialize containers	2026-10-06T03:55:52.0741384Z c020dab2e853: Pulling fs layer
Populated Postgres Upgrade	Initialize containers	2026-10-06T03:55:52.0742012Z 0976f43b012c: Pulling fs layer
Populated Postgres Upgrade	Initialize containers	2026-10-06T03:55:52.0742458Z 6ba2251a51ae: Pulling fs layer
Populated Postgres Upgrade	Initialize containers	2026-10-06T03:55:52.0742994Z 277e2289225f: Pulling fs layer
Populated Postgres Upgrade	Initialize containers	2026-10-06T03:55:52.0743539Z bc2205dd5a3a: Waiting
Populated Postgres Upgrade	Initialize containers	2026-10-06T03:55:52.0744524Z e9516be90840: Waiting
Populated Postgres Upgrade	Initialize containers	2026-10-06T03:55:52.0744969Z 4f83103187f5: Waiting
Populated Postgres Upgrade	Initialize containers	2026-10-06T03:55:52.0745382Z c020dab2e853: Waiting
Populated Postgres Upgrade	Initialize containers	2026-10-06T03:55:52.0745879Z 0976f43b012c: Waiting
Populated Postgres Upgrade	Initialize containers	2026-10-06T03:55:52.0746178Z 6ba2251a51ae: Waiting
Populated Postgres Upgrade	Initialize containers	2026-10-06T03:55:52.0746441Z 277e2289225f: Waiting
Populated Postgres Upgrade	Initialize containers	2026-10-06T03:55:52.2993487Z 2c2e40dd947e: Verifying Checksum
Populated Postgres Upgrade	Initialize containers	2026-10-06T03:55:52.2994470Z 2c2e40dd947e: Download complete
Populated Postgres Upgrade	Initialize containers	2026-10-06T03:55:52.2995195Z 3f49193fd82d: Download complete
Populated Postgres Upgrade	Initialize containers	2026-10-06T03:55:52.3119258Z 2e9987a42d41: Verifying Checksum
Populated Postgres Upgrade	Initialize containers	2026-10-06T03:55:52.3120089Z 2e9987a42d41: Download complete
Populated Postgres Upgrade	Initialize containers	2026-10-06T03:55:52.3295191Z 2c2e40dd947e: Pull complete
Populated Postgres Upgrade	Initialize containers	2026-10-06T03:55:52.3628697Z 2e9987a42d41: Pull complete
Populated Postgres Upgrade	Initialize containers	2026-10-06T03:55:52.3743500Z 3f49193fd82d: Pull complete
Populated Postgres Upgrade	Initialize containers	2026-10-06T03:55:52.5079625Z bc2205dd5a3a: Verifying Checksum
Populated Postgres Upgrade	Initialize containers	2026-10-06T03:55:52.5086498Z bc2205dd5a3a: Download complete
Populated Postgres Upgrade	Initialize containers	2026-10-06T03:55:52.5173031Z bc2205dd5a3a: Pull complete
Populated Postgres Upgrade	Initialize containers	2026-10-06T03:55:52.5356097Z 4f83103187f5: Verifying Checksum
Populated Postgres Upgrade	Initialize containers	2026-10-06T03:55:52.5357744Z 4f83103187f5: Download complete
Populated Postgres Upgrade	Initialize containers	2026-10-06T03:55:52.7157614Z c020dab2e853: Verifying Checksum
Populated Postgres Upgrade	Initialize containers	2026-10-06T03:55:52.7158907Z c020dab2e853: Download complete
Populated Postgres Upgrade	Initialize containers	2026-10-06T03:55:52.7589191Z 0976f43b012c: Download complete
Populated Postgres Upgrade	Initialize containers	2026-10-06T03:55:52.8903737Z e9516be90840: Verifying Checksum
Populated Postgres Upgrade	Initialize containers	2026-10-06T03:55:52.8905211Z e9516be90840: Download complete
Populated Postgres Upgrade	Initialize containers	2026-10-06T03:55:52.9404285Z 6ba2251a51ae: Verifying Checksum
Populated Postgres Upgrade	Initialize containers	2026-10-06T03:55:52.9412960Z 6ba2251a51ae: Download complete
Populated Postgres Upgrade	Initialize containers	2026-10-06T03:55:52.9651281Z 277e2289225f: Verifying Checksum
Populated Postgres Upgrade	Initialize containers	2026-10-06T03:55:52.9651900Z 277e2289225f: Download complete
Populated Postgres Upgrade	Initialize containers	2026-10-06T03:55:55.3555002Z e9516be90840: Pull complete
Populated Postgres Upgrade	Initialize containers	2026-10-06T03:55:55.3714350Z 4f83103187f5: Pull complete
Populated Postgres Upgrade	Initialize containers	2026-10-06T03:55:55.3812465Z c020dab2e853: Pull complete
Populated Postgres Upgrade	Initialize containers	2026-10-06T03:55:55.3910531Z 0976f43b012c: Pull complete
Populated Postgres Upgrade	Initialize containers	2026-10-06T03:55:55.4027626Z 6ba2251a51ae: Pull complete
Populated Postgres Upgrade	Initialize containers	2026-10-06T03:55:55.4121032Z 277e2289225f: Pull complete
Populated Postgres Upgrade	Initialize containers	2026-10-06T03:55:55.4165871Z Digest: sha256:f7d23353e1b15400d22ebe31189f4d314b87a4c129cc400c8c2d8d4ca127bf81
Populated Postgres Upgrade	Initialize containers	2026-10-06T03:55:55.4182924Z Status: Downloaded newer image for postgres:15-alpine
Populated Postgres Upgrade	Initialize containers	2026-10-06T03:55:55.4193951Z docker.io/library/postgres:15-alpine
Populated Postgres Upgrade	Initialize containers	2026-10-06T03:55:55.4254278Z ##[command]/usr/bin/docker create --name b1963aff334446fa8ed2167772816e0f_postgres15alpine_b78b99 --label d0365e --network github_network_2c3dde49d7d4456caa5a17778736abb0 --network-alias postgres -p 5432:5432 --health-cmd "pg_isready -U calibrate -d calibrate" --health-interval 2s --health-timeout 5s --health-retries 10 -e "POSTGRES_USER=calibrate" -e "POSTGRES_PASSWORD=calibrate" -e "POSTGRES_DB=calibrate" -e GITHUB_ACTIONS=true -e CI=true postgres:15-alpine
Populated Postgres Upgrade	Initialize containers	2026-10-06T03:55:55.4553199Z a4f775bc637506c2421167d7dfbd75ee23318dd1e37633c449a71c83d622700a
Populated Postgres Upgrade	Initialize containers	2026-10-06T03:55:55.4577702Z ##[command]/usr/bin/docker start a4f775bc637506c2421167d7dfbd75ee23318dd1e37633c449a71c83d622700a
Populated Postgres Upgrade	Initialize containers	2026-10-06T03:55:55.6883054Z a4f775bc637506c2421167d7dfbd75ee23318dd1e37633c449a71c83d622700a
Populated Postgres Upgrade	Initialize containers	2026-10-06T03:55:55.6902709Z ##[command]/usr/bin/docker ps --all --filter id=a4f775bc637506c2421167d7dfbd75ee23318dd1e37633c449a71c83d622700a --filter status=running --no-trunc --format "{{.ID}} {{.Status}}"
Populated Postgres Upgrade	Initialize containers	2026-10-06T03:55:55.7033110Z a4f775bc637506c2421167d7dfbd75ee23318dd1e37633c449a71c83d622700a Up Less than a second (health: starting)
Populated Postgres Upgrade	Initialize containers	2026-10-06T03:55:55.7053858Z ##[command]/usr/bin/docker port a4f775bc637506c2421167d7dfbd75ee23318dd1e37633c449a71c83d622700a
Populated Postgres Upgrade	Initialize containers	2026-10-06T03:55:55.7180687Z 5432/tcp -> 0.0.0.0:5432
Populated Postgres Upgrade	Initialize containers	2026-10-06T03:55:55.7182703Z 5432/tcp -> [::]:5432
Populated Postgres Upgrade	Initialize containers	2026-10-06T03:55:55.7226700Z ##[endgroup]
Populated Postgres Upgrade	Initialize containers	2026-10-06T03:55:55.7235810Z ##[group]Waiting for all services to be ready
Populated Postgres Upgrade	Initialize containers	2026-10-06T03:55:55.7250125Z ##[command]/usr/bin/docker inspect --format="{{if .Config.Healthcheck}}{{print .State.Health.Status}}{{end}}" a4f775bc637506c2421167d7dfbd75ee23318dd1e37633c449a71c83d622700a
Populated Postgres Upgrade	Initialize containers	2026-10-06T03:55:55.7379331Z starting
Populated Postgres Upgrade	Initialize containers	2026-10-06T03:55:55.7403377Z postgres service is starting, waiting 2 seconds before checking again.
Populated Postgres Upgrade	Initialize containers	2026-10-06T03:55:57.7404071Z ##[command]/usr/bin/docker inspect --format="{{if .Config.Healthcheck}}{{print .State.Health.Status}}{{end}}" a4f775bc637506c2421167d7dfbd75ee23318dd1e37633c449a71c83d622700a
Populated Postgres Upgrade	Initialize containers	2026-10-06T03:55:57.7534615Z healthy
Populated Postgres Upgrade	Initialize containers	2026-10-06T03:55:57.7550514Z postgres service is healthy.
Populated Postgres Upgrade	Initialize containers	2026-10-06T03:55:57.7551106Z ##[endgroup]
Populated Postgres Upgrade	Checkout	﻿2026-10-06T03:55:57.7922359Z ##[group]Run actions/checkout@v4
Populated Postgres Upgrade	Checkout	2026-10-06T03:55:57.7922957Z with:
Populated Postgres Upgrade	Checkout	2026-10-06T03:55:57.7923202Z   ref: 75578e5ac57a05ba0f06146598b314a01eafb2ae
Populated Postgres Upgrade	Checkout	2026-10-06T03:55:57.7923538Z   repository: MChartier/calibrate-health
Populated Postgres Upgrade	Checkout	2026-10-06T03:55:57.7926472Z   token: ***
Populated Postgres Upgrade	Checkout	2026-10-06T03:55:57.7926685Z   ssh-strict: true
Populated Postgres Upgrade	Checkout	2026-10-06T03:55:57.7926889Z   ssh-user: git
Populated Postgres Upgrade	Checkout	2026-10-06T03:55:57.7927105Z   persist-credentials: true
Populated Postgres Upgrade	Checkout	2026-10-06T03:55:57.7927350Z   clean: true
Populated Postgres Upgrade	Checkout	2026-10-06T03:55:57.7927563Z   sparse-checkout-cone-mode: true
Populated Postgres Upgrade	Checkout	2026-10-06T03:55:57.7927818Z   fetch-depth: 1
Populated Postgres Upgrade	Checkout	2026-10-06T03:55:57.7928271Z   fetch-tags: false
Populated Postgres Upgrade	Checkout	2026-10-06T03:55:57.7928483Z   show-progress: true
Populated Postgres Upgrade	Checkout	2026-10-06T03:55:57.7928689Z   lfs: false
Populated Postgres Upgrade	Checkout	2026-10-06T03:55:57.7928883Z   submodules: false
Populated Postgres Upgrade	Checkout	2026-10-06T03:55:57.7929093Z   set-safe-directory: true
Populated Postgres Upgrade	Checkout	2026-10-06T03:55:57.7929343Z   allow-unsafe-pr-checkout: false
Populated Postgres Upgrade	Checkout	2026-10-06T03:55:57.7929825Z env:
Populated Postgres Upgrade	Checkout	2026-10-06T03:55:57.7930342Z   DATABASE_URL: ***localhost:5432/calibrate?schema=public
Populated Postgres Upgrade	Checkout	2026-10-06T03:55:57.7930670Z ##[endgroup]
Populated Postgres Upgrade	Checkout	2026-10-06T03:55:57.9006050Z Syncing repository: MChartier/calibrate-health
Populated Postgres Upgrade	Checkout	2026-10-06T03:55:57.9008250Z ##[group]Getting Git version info
Populated Postgres Upgrade	Checkout	2026-10-06T03:55:57.9008782Z Working directory is '/home/runner/work/calibrate-health/calibrate-health'
Populated Postgres Upgrade	Checkout	2026-10-06T03:55:57.9009645Z [command]/usr/bin/git version
Populated Postgres Upgrade	Checkout	2026-10-06T03:55:57.9064968Z git version 2.55.0
Populated Postgres Upgrade	Checkout	2026-10-06T03:55:57.9098869Z ##[endgroup]
Populated Postgres Upgrade	Checkout	2026-10-06T03:55:57.9112835Z Temporarily overriding HOME='/home/runner/work/_temp/c012cff7-3fee-4131-8dca-95954c791833' before making global git config changes
Populated Postgres Upgrade	Checkout	2026-10-06T03:55:57.9114371Z Adding repository directory to the temporary git global config as a safe directory
Populated Postgres Upgrade	Checkout	2026-10-06T03:55:57.9123696Z [command]/usr/bin/git config --global --add safe.directory /home/runner/work/calibrate-health/calibrate-health
Populated Postgres Upgrade	Checkout	2026-10-06T03:55:57.9167800Z Deleting the contents of '/home/runner/work/calibrate-health/calibrate-health'
Populated Postgres Upgrade	Checkout	2026-10-06T03:55:57.9173425Z ##[group]Initializing the repository
Populated Postgres Upgrade	Checkout	2026-10-06T03:55:57.9177145Z [command]/usr/bin/git init /home/runner/work/calibrate-health/calibrate-health
Populated Postgres Upgrade	Checkout	2026-10-06T03:55:57.9286936Z hint: Using 'master' as the name for the initial branch. This default branch name
Populated Postgres Upgrade	Checkout	2026-10-06T03:55:57.9288754Z hint: will change to "main" in Git 3.0. To configure the initial branch name
Populated Postgres Upgrade	Checkout	2026-10-06T03:55:57.9302800Z hint: to use in all of your new repositories, which will suppress this warning,
Populated Postgres Upgrade	Checkout	2026-10-06T03:55:57.9305203Z hint: call:
Populated Postgres Upgrade	Checkout	2026-10-06T03:55:57.9305848Z hint:
Populated Postgres Upgrade	Checkout	2026-10-06T03:55:57.9306415Z hint: 	git config --global init.defaultBranch <name>
Populated Postgres Upgrade	Checkout	2026-10-06T03:55:57.9306984Z hint:
Populated Postgres Upgrade	Checkout	2026-10-06T03:55:57.9307490Z hint: Names commonly chosen instead of 'master' are 'main', 'trunk' and
Populated Postgres Upgrade	Checkout	2026-10-06T03:55:57.9308653Z hint: 'development'. The just-created branch can be renamed via this command:
Populated Postgres Upgrade	Checkout	2026-10-06T03:55:57.9309341Z hint:
Populated Postgres Upgrade	Checkout	2026-10-06T03:55:57.9309689Z hint: 	git branch -m <name>
Populated Postgres Upgrade	Checkout	2026-10-06T03:55:57.9310074Z hint:
Populated Postgres Upgrade	Checkout	2026-10-06T03:55:57.9310652Z hint: Disable this message with "git config set advice.defaultBranchName false"
Populated Postgres Upgrade	Checkout	2026-10-06T03:55:57.9311745Z Initialized empty Git repository in /home/runner/work/calibrate-health/calibrate-health/.git/
Populated Postgres Upgrade	Checkout	2026-10-06T03:55:57.9320360Z [command]/usr/bin/git remote add origin https://github.com/MChartier/calibrate-health
Populated Postgres Upgrade	Checkout	2026-10-06T03:55:57.9408759Z ##[endgroup]
Populated Postgres Upgrade	Checkout	2026-10-06T03:55:57.9409492Z ##[group]Disabling automatic garbage collection
Populated Postgres Upgrade	Checkout	2026-10-06T03:55:57.9414298Z [command]/usr/bin/git config --local gc.auto 0
Populated Postgres Upgrade	Checkout	2026-10-06T03:55:57.9455912Z ##[endgroup]
Populated Postgres Upgrade	Checkout	2026-10-06T03:55:57.9456695Z ##[group]Setting up auth
Populated Postgres Upgrade	Checkout	2026-10-06T03:55:57.9466965Z [command]/usr/bin/git config --local --name-only --get-regexp core\.sshCommand
Populated Postgres Upgrade	Checkout	2026-10-06T03:55:57.9505752Z [command]/usr/bin/git submodule foreach --recursive sh -c "git config --local --name-only --get-regexp 'core\.sshCommand' && git config --local --unset-all 'core.sshCommand' || :"
Populated Postgres Upgrade	Checkout	2026-10-06T03:55:57.9892946Z [command]/usr/bin/git config --local --name-only --get-regexp http\.https\:\/\/github\.com\/\.extraheader
Populated Postgres Upgrade	Checkout	2026-10-06T03:55:57.9933470Z [command]/usr/bin/git submodule foreach --recursive sh -c "git config --local --name-only --get-regexp 'http\.https\:\/\/github\.com\/\.extraheader' && git config --local --unset-all 'http.https://github.com/.extraheader' || :"
Populated Postgres Upgrade	Checkout	2026-10-06T03:55:58.0161127Z [command]/usr/bin/git config --local --name-only --get-regexp ^includeIf\.gitdir:
Populated Postgres Upgrade	Checkout	2026-10-06T03:55:58.0198141Z [command]/usr/bin/git submodule foreach --recursive git config --local --show-origin --name-only --get-regexp remote.origin.url
Populated Postgres Upgrade	Checkout	2026-10-06T03:55:58.0429134Z [command]/usr/bin/git config --local http.https://github.com/.extraheader AUTHORIZATION: basic ***
Populated Postgres Upgrade	Checkout	2026-10-06T03:55:58.0487269Z ##[endgroup]
Populated Postgres Upgrade	Checkout	2026-10-06T03:55:58.0488338Z ##[group]Fetching the repository
Populated Postgres Upgrade	Checkout	2026-10-06T03:55:58.0497462Z [command]/usr/bin/git -c protocol.version=2 fetch --no-tags --prune --no-recurse-submodules --depth=1 origin 75578e5ac57a05ba0f06146598b314a01eafb2ae
Populated Postgres Upgrade	Checkout	2026-10-06T03:55:59.9741948Z From https://github.com/MChartier/calibrate-health
Populated Postgres Upgrade	Checkout	2026-10-06T03:55:59.9743143Z  * branch            75578e5ac57a05ba0f06146598b314a01eafb2ae -> FETCH_HEAD
Populated Postgres Upgrade	Checkout	2026-10-06T03:55:59.9762662Z ##[endgroup]
Populated Postgres Upgrade	Checkout	2026-10-06T03:55:59.9763415Z ##[group]Determining the checkout info
Populated Postgres Upgrade	Checkout	2026-10-06T03:55:59.9764272Z ##[endgroup]
Populated Postgres Upgrade	Checkout	2026-10-06T03:55:59.9764755Z [command]/usr/bin/git sparse-checkout disable
Populated Postgres Upgrade	Checkout	2026-10-06T03:55:59.9829641Z [command]/usr/bin/git config --local --unset-all extensions.worktreeConfig
Populated Postgres Upgrade	Checkout	2026-10-06T03:55:59.9872896Z ##[group]Checking out the ref
Populated Postgres Upgrade	Checkout	2026-10-06T03:55:59.9879109Z [command]/usr/bin/git checkout --progress --force 75578e5ac57a05ba0f06146598b314a01eafb2ae
Populated Postgres Upgrade	Checkout	2026-10-06T03:56:00.1883469Z Note: switching to '75578e5ac57a05ba0f06146598b314a01eafb2ae'.
Populated Postgres Upgrade	Checkout	2026-10-06T03:56:00.1883941Z 
Populated Postgres Upgrade	Checkout	2026-10-06T03:56:00.1884271Z You are in 'detached HEAD' state. You can look around, make experimental
Populated Postgres Upgrade	Checkout	2026-10-06T03:56:00.1884975Z changes and commit them, and you can discard any commits you make in this
Populated Postgres Upgrade	Checkout	2026-10-06T03:56:00.1885647Z state without impacting any branches by switching back to a branch.
Populated Postgres Upgrade	Checkout	2026-10-06T03:56:00.1886060Z 
Populated Postgres Upgrade	Checkout	2026-10-06T03:56:00.1886449Z If you want to create a new branch to retain commits you create, you may
Populated Postgres Upgrade	Checkout	2026-10-06T03:56:00.1887086Z do so (now or later) by using -c with the switch command. Example:
Populated Postgres Upgrade	Checkout	2026-10-06T03:56:00.1887465Z 
Populated Postgres Upgrade	Checkout	2026-10-06T03:56:00.1887609Z   git switch -c <new-branch-name>
Populated Postgres Upgrade	Checkout	2026-10-06T03:56:00.1888155Z 
Populated Postgres Upgrade	Checkout	2026-10-06T03:56:00.1888307Z Or undo this operation with:
Populated Postgres Upgrade	Checkout	2026-10-06T03:56:00.1888540Z 
Populated Postgres Upgrade	Checkout	2026-10-06T03:56:00.1888660Z   git switch -
Populated Postgres Upgrade	Checkout	2026-10-06T03:56:00.1888839Z 
Populated Postgres Upgrade	Checkout	2026-10-06T03:56:00.1889142Z Turn off this advice by setting config variable advice.detachedHead to false
Populated Postgres Upgrade	Checkout	2026-10-06T03:56:00.1889586Z 
Populated Postgres Upgrade	Checkout	2026-10-06T03:56:00.1889891Z HEAD is now at 75578e5 Verify reconnection before retrying goal pace changes
Populated Postgres Upgrade	Checkout	2026-10-06T03:56:00.1901699Z ##[endgroup]
Populated Postgres Upgrade	Checkout	2026-10-06T03:56:00.1951280Z [command]/usr/bin/git log -1 --format=%H
Populated Postgres Upgrade	Checkout	2026-10-06T03:56:00.1979598Z 75578e5ac57a05ba0f06146598b314a01eafb2ae
Populated Postgres Upgrade	Setup Node	﻿2026-10-06T03:56:00.2231907Z ##[group]Run actions/setup-node@v4
Populated Postgres Upgrade	Setup Node	2026-10-06T03:56:00.2232230Z with:
Populated Postgres Upgrade	Setup Node	2026-10-06T03:56:00.2232436Z   node-version: 20
Populated Postgres Upgrade	Setup Node	2026-10-06T03:56:00.2232640Z   cache: npm
Populated Postgres Upgrade	Setup Node	2026-10-06T03:56:00.2232888Z   cache-dependency-path: backend/package-lock.json
Populated Postgres Upgrade	Setup Node	2026-10-06T03:56:00.2233207Z   always-auth: false
Populated Postgres Upgrade	Setup Node	2026-10-06T03:56:00.2233419Z   check-latest: false
Populated Postgres Upgrade	Setup Node	2026-10-06T03:56:00.2236072Z   token: ***
Populated Postgres Upgrade	Setup Node	2026-10-06T03:56:00.2236265Z env:
Populated Postgres Upgrade	Setup Node	2026-10-06T03:56:00.2236714Z   DATABASE_URL: ***localhost:5432/calibrate?schema=public
Populated Postgres Upgrade	Setup Node	2026-10-06T03:56:00.2237034Z ##[endgroup]
Populated Postgres Upgrade	Setup Node	2026-10-06T03:56:00.3691796Z Attempting to download 20...
Populated Postgres Upgrade	Setup Node	2026-10-06T03:56:00.3806663Z (node:2754) [DEP0040] DeprecationWarning: The `punycode` module is deprecated. Please use a userland alternative instead.
Populated Postgres Upgrade	Setup Node	2026-10-06T03:56:00.3808664Z (Use `node --trace-deprecation ...` to show where the warning was created)
Populated Postgres Upgrade	Setup Node	2026-10-06T03:56:00.9957534Z Acquiring 20.20.2 - x64 from https://github.com/actions/node-versions/releases/download/20.20.2-23521894959/node-20.20.2-linux-x64.tar.gz
Populated Postgres Upgrade	Setup Node	2026-10-06T03:56:01.4249968Z Extracting ...
Populated Postgres Upgrade	Setup Node	2026-10-06T03:56:01.4376938Z [command]/usr/bin/tar xz --strip 1 --warning=no-unknown-keyword --overwrite -C /home/runner/work/_temp/acef097b-86ed-43e2-ba44-6fb618f63eef -f /home/runner/work/_temp/cb483e2b-11ef-4ca3-8b6e-954011ef5c9f
Populated Postgres Upgrade	Setup Node	2026-10-06T03:56:02.4364215Z Adding to the cache ...
Populated Postgres Upgrade	Setup Node	2026-10-06T03:56:04.3586043Z ##[group]Environment details
Populated Postgres Upgrade	Setup Node	2026-10-06T03:56:04.5871667Z node: v20.20.2
Populated Postgres Upgrade	Setup Node	2026-10-06T03:56:04.5872229Z npm: 10.8.2
Populated Postgres Upgrade	Setup Node	2026-10-06T03:56:04.5872685Z yarn: 1.22.22
Populated Postgres Upgrade	Setup Node	2026-10-06T03:56:04.5873446Z ##[endgroup]
Populated Postgres Upgrade	Setup Node	2026-10-06T03:56:04.5899935Z [command]/opt/hostedtoolcache/node/20.20.2/x64/bin/npm config get cache
Populated Postgres Upgrade	Setup Node	2026-10-06T03:56:04.7037740Z /home/runner/.npm
Populated Postgres Upgrade	Setup Node	2026-10-06T03:56:04.9668244Z Cache hit for: node-cache-Linux-x64-npm-9ad1fc3d02200f097d647c965e5a2c426e45ead6e22fb282009302d8eeb7a3d3
Populated Postgres Upgrade	Setup Node	2026-10-06T03:56:04.9780418Z (node:2754) [DEP0169] DeprecationWarning: `url.parse()` behavior is not standardized and prone to errors that have security implications. Use the WHATWG URL API instead. CVEs are not issued for `url.parse()` vulnerabilities.
Populated Postgres Upgrade	Setup Node	2026-10-06T03:56:06.2333329Z Received 4194304 of 142506313 (2.9%), 4.0 MBs/sec
Populated Postgres Upgrade	Setup Node	2026-10-06T03:56:07.2338269Z Received 134217728 of 142506313 (94.2%), 63.9 MBs/sec
Populated Postgres Upgrade	Setup Node	2026-10-06T03:56:07.4730449Z Received 142506313 of 142506313 (100.0%), 60.6 MBs/sec
Populated Postgres Upgrade	Setup Node	2026-10-06T03:56:07.4731683Z Cache Size: ~136 MB (142506313 B)
Populated Postgres Upgrade	Setup Node	2026-10-06T03:56:07.4884167Z [command]/usr/bin/tar -xf /home/runner/work/_temp/3761484c-be12-43c0-a633-1870b29fae2f/cache.tzst -P -C /home/runner/work/calibrate-health/calibrate-health --use-compress-program unzstd
Populated Postgres Upgrade	Setup Node	2026-10-06T03:56:07.7755076Z Cache restored successfully
Populated Postgres Upgrade	Setup Node	2026-10-06T03:56:07.7847153Z Cache restored from key: node-cache-Linux-x64-npm-9ad1fc3d02200f097d647c965e5a2c426e45ead6e22fb282009302d8eeb7a3d3
Populated Postgres Upgrade	Install backend dependencies	﻿2026-10-06T03:56:07.8059216Z ##[group]Run npm --prefix backend ci --no-audit --fund=false
Populated Postgres Upgrade	Install backend dependencies	2026-10-06T03:56:07.8059767Z ^[[36;1mnpm --prefix backend ci --no-audit --fund=false^[[0m
Populated Postgres Upgrade	Install backend dependencies	2026-10-06T03:56:07.8282470Z shell: /usr/bin/bash -e {0}
Populated Postgres Upgrade	Install backend dependencies	2026-10-06T03:56:07.8282883Z env:
Populated Postgres Upgrade	Install backend dependencies	2026-10-06T03:56:07.8283623Z   DATABASE_URL: ***localhost:5432/calibrate?schema=public
Populated Postgres Upgrade	Install backend dependencies	2026-10-06T03:56:07.8284090Z ##[endgroup]
Populated Postgres Upgrade	Install backend dependencies	2026-10-06T03:56:08.3296116Z npm warn EBADENGINE Unsupported engine {
Populated Postgres Upgrade	Install backend dependencies	2026-10-06T03:56:08.3297672Z npm warn EBADENGINE   package: '@prisma/streams-local@0.1.11',
Populated Postgres Upgrade	Install backend dependencies	2026-10-06T03:56:08.3299422Z npm warn EBADENGINE   required: { bun: '>=1.2.0', node: '>=22.0.0' },
Populated Postgres Upgrade	Install backend dependencies	2026-10-06T03:56:08.3300801Z npm warn EBADENGINE   current: { node: 'v20.20.2', npm: '10.8.2' }
Populated Postgres Upgrade	Install backend dependencies	2026-10-06T03:56:08.3301858Z npm warn EBADENGINE }
Populated Postgres Upgrade	Install backend dependencies	2026-10-06T03:56:14.2865718Z 
Populated Postgres Upgrade	Install backend dependencies	2026-10-06T03:56:14.2866666Z added 430 packages in 6s
Populated Postgres Upgrade	Generate Prisma client	﻿2026-10-06T03:56:14.3326633Z ##[group]Run npm run prisma:generate
Populated Postgres Upgrade	Generate Prisma client	2026-10-06T03:56:14.3326998Z ^[[36;1mnpm run prisma:generate^[[0m
Populated Postgres Upgrade	Generate Prisma client	2026-10-06T03:56:14.3391456Z shell: /usr/bin/bash -e {0}
Populated Postgres Upgrade	Generate Prisma client	2026-10-06T03:56:14.3391742Z env:
Populated Postgres Upgrade	Generate Prisma client	2026-10-06T03:56:14.3392291Z   DATABASE_URL: ***localhost:5432/calibrate?schema=public
Populated Postgres Upgrade	Generate Prisma client	2026-10-06T03:56:14.3416756Z ##[endgroup]
Populated Postgres Upgrade	Generate Prisma client	2026-10-06T03:56:14.4572796Z 
Populated Postgres Upgrade	Generate Prisma client	2026-10-06T03:56:14.4573715Z > cal-io@0.37.0 prisma:generate
Populated Postgres Upgrade	Generate Prisma client	2026-10-06T03:56:14.4574503Z > npm --prefix backend run prisma:generate
Populated Postgres Upgrade	Generate Prisma client	2026-10-06T03:56:14.4574822Z 
Populated Postgres Upgrade	Generate Prisma client	2026-10-06T03:56:14.5695776Z 
Populated Postgres Upgrade	Generate Prisma client	2026-10-06T03:56:14.5696328Z > backend@0.37.0 prisma:generate
Populated Postgres Upgrade	Generate Prisma client	2026-10-06T03:56:14.5696851Z > prisma generate
Populated Postgres Upgrade	Generate Prisma client	2026-10-06T03:56:14.5697071Z 
Populated Postgres Upgrade	Generate Prisma client	2026-10-06T03:56:15.5552365Z Loaded Prisma config from prisma.config.ts.
Populated Postgres Upgrade	Generate Prisma client	2026-10-06T03:56:15.5553053Z 
Populated Postgres Upgrade	Generate Prisma client	2026-10-06T03:56:15.6762857Z Prisma schema loaded from prisma/schema.prisma.
Populated Postgres Upgrade	Generate Prisma client	2026-10-06T03:56:16.5214301Z 
Populated Postgres Upgrade	Generate Prisma client	2026-10-06T03:56:16.5215895Z ✔ Generated Prisma Client (v7.9.0) to ./node_modules/@prisma/client in 570ms
Populated Postgres Upgrade	Generate Prisma client	2026-10-06T03:56:16.5216591Z 
Populated Postgres Upgrade	Generate Prisma client	2026-10-06T03:56:16.5217203Z Start by importing your Prisma Client (See: https://pris.ly/d/importing-client)
Populated Postgres Upgrade	Generate Prisma client	2026-10-06T03:56:16.5218488Z 
Populated Postgres Upgrade	Generate Prisma client	2026-10-06T03:56:16.5218505Z 
Populated Postgres Upgrade	Validate upgrade-smoke helpers	﻿2026-10-06T03:56:16.5626109Z ##[group]Run node --test scripts/postgres-populated-upgrade-smoke.test.mjs
Populated Postgres Upgrade	Validate upgrade-smoke helpers	2026-10-06T03:56:16.5626717Z ^[[36;1mnode --test scripts/postgres-populated-upgrade-smoke.test.mjs^[[0m
Populated Postgres Upgrade	Validate upgrade-smoke helpers	2026-10-06T03:56:16.5690907Z shell: /usr/bin/bash -e {0}
Populated Postgres Upgrade	Validate upgrade-smoke helpers	2026-10-06T03:56:16.5691188Z env:
Populated Postgres Upgrade	Validate upgrade-smoke helpers	2026-10-06T03:56:16.5691744Z   DATABASE_URL: ***localhost:5432/calibrate?schema=public
Populated Postgres Upgrade	Validate upgrade-smoke helpers	2026-10-06T03:56:16.5692107Z ##[endgroup]
Populated Postgres Upgrade	Validate upgrade-smoke helpers	2026-10-06T03:56:16.6135507Z TAP version 13
Populated Postgres Upgrade	Validate upgrade-smoke helpers	2026-10-06T03:56:16.6894533Z # Subtest: migrationOrdinal accepts tracked ordinal names and rejects malformed names
Populated Postgres Upgrade	Validate upgrade-smoke helpers	2026-10-06T03:56:16.6902576Z ok 1 - migrationOrdinal accepts tracked ordinal names and rejects malformed names
Populated Postgres Upgrade	Validate upgrade-smoke helpers	2026-10-06T03:56:16.6903515Z   ---
Populated Postgres Upgrade	Validate upgrade-smoke helpers	2026-10-06T03:56:16.6903937Z   duration_ms: 1.640823
Populated Postgres Upgrade	Validate upgrade-smoke helpers	2026-10-06T03:56:16.6904465Z   ...
Populated Postgres Upgrade	Validate upgrade-smoke helpers	2026-10-06T03:56:16.6908631Z # Subtest: databaseUrlForSchema preserves connection options while replacing schema
Populated Postgres Upgrade	Validate upgrade-smoke helpers	2026-10-06T03:56:16.6910928Z ok 2 - databaseUrlForSchema preserves connection options while replacing schema
Populated Postgres Upgrade	Validate upgrade-smoke helpers	2026-10-06T03:56:16.6912050Z   ---
Populated Postgres Upgrade	Validate upgrade-smoke helpers	2026-10-06T03:56:16.6912587Z   duration_ms: 0.940171
Populated Postgres Upgrade	Validate upgrade-smoke helpers	2026-10-06T03:56:16.6913113Z   ...
Populated Postgres Upgrade	Validate upgrade-smoke helpers	2026-10-06T03:56:16.6915418Z # Subtest: legacy migration tree includes every migration through 0020 and no native migrations
Populated Postgres Upgrade	Validate upgrade-smoke helpers	2026-10-06T03:56:16.6917479Z ok 3 - legacy migration tree includes every migration through 0020 and no native migrations
Populated Postgres Upgrade	Validate upgrade-smoke helpers	2026-10-06T03:56:16.6918819Z   ---
Populated Postgres Upgrade	Validate upgrade-smoke helpers	2026-10-06T03:56:16.6919479Z   duration_ms: 28.99887
Populated Postgres Upgrade	Validate upgrade-smoke helpers	2026-10-06T03:56:16.6920083Z   ...
Populated Postgres Upgrade	Validate upgrade-smoke helpers	2026-10-06T03:56:16.6999870Z 1..3
Populated Postgres Upgrade	Validate upgrade-smoke helpers	2026-10-06T03:56:16.7000726Z # tests 3
Populated Postgres Upgrade	Validate upgrade-smoke helpers	2026-10-06T03:56:16.7001353Z # suites 0
Populated Postgres Upgrade	Validate upgrade-smoke helpers	2026-10-06T03:56:16.7002057Z # pass 3
Populated Postgres Upgrade	Validate upgrade-smoke helpers	2026-10-06T03:56:16.7003061Z # fail 0
Populated Postgres Upgrade	Validate upgrade-smoke helpers	2026-10-06T03:56:16.7003929Z # cancelled 0
Populated Postgres Upgrade	Validate upgrade-smoke helpers	2026-10-06T03:56:16.7004570Z # skipped 0
Populated Postgres Upgrade	Validate upgrade-smoke helpers	2026-10-06T03:56:16.7005298Z # todo 0
Populated Postgres Upgrade	Validate upgrade-smoke helpers	2026-10-06T03:56:16.7011450Z # duration_ms 95.473207
Populated Postgres Upgrade	Upgrade populated schema from 0020 through current	﻿2026-10-06T03:56:16.7075205Z ##[group]Run node scripts/postgres-populated-upgrade-smoke.mjs
Populated Postgres Upgrade	Upgrade populated schema from 0020 through current	2026-10-06T03:56:16.7075745Z ^[[36;1mnode scripts/postgres-populated-upgrade-smoke.mjs^[[0m
Populated Postgres Upgrade	Upgrade populated schema from 0020 through current	2026-10-06T03:56:16.7139355Z shell: /usr/bin/bash -e {0}
Populated Postgres Upgrade	Upgrade populated schema from 0020 through current	2026-10-06T03:56:16.7139626Z env:
Populated Postgres Upgrade	Upgrade populated schema from 0020 through current	2026-10-06T03:56:16.7140167Z   DATABASE_URL: ***localhost:5432/calibrate?schema=public
Populated Postgres Upgrade	Upgrade populated schema from 0020 through current	2026-10-06T03:56:16.7140525Z ##[endgroup]
Populated Postgres Upgrade	Upgrade populated schema from 0020 through current	2026-10-06T03:56:16.8389459Z [db-upgrade-smoke] Applying 24 migrations through 0020.
Populated Postgres Upgrade	Upgrade populated schema from 0020 through current	2026-10-06T03:56:17.6496138Z Loaded Prisma config from prisma.config.ts.
Populated Postgres Upgrade	Upgrade populated schema from 0020 through current	2026-10-06T03:56:17.6496812Z 
Populated Postgres Upgrade	Upgrade populated schema from 0020 through current	2026-10-06T03:56:17.7723126Z Prisma schema loaded from ../../../../../../tmp/calibrate-upgrade-ejIHEf/prisma/schema.prisma.
Populated Postgres Upgrade	Upgrade populated schema from 0020 through current	2026-10-06T03:56:17.7809549Z Datasource "db": PostgreSQL database "calibrate", schema "calibrate_upgrade_smoke_3071_41dea7e4ece1" at "localhost:5432"
Populated Postgres Upgrade	Upgrade populated schema from 0020 through current	2026-10-06T03:56:17.8532287Z 
Populated Postgres Upgrade	Upgrade populated schema from 0020 through current	2026-10-06T03:56:17.8533040Z 24 migrations found in prisma/migrations
Populated Postgres Upgrade	Upgrade populated schema from 0020 through current	2026-10-06T03:56:17.8533531Z 
Populated Postgres Upgrade	Upgrade populated schema from 0020 through current	2026-10-06T03:56:17.9462285Z Applying migration `0001_init`
Populated Postgres Upgrade	Upgrade populated schema from 0020 through current	2026-10-06T03:56:17.9749006Z Applying migration `0002_weight_units_grams`
Populated Postgres Upgrade	Upgrade populated schema from 0020 through current	2026-10-06T03:56:17.9875296Z Applying migration `0003_bodymetric_date_only`
Populated Postgres Upgrade	Upgrade populated schema from 0020 through current	2026-10-06T03:56:17.9989868Z Applying migration `0004_add_profile_fields`
Populated Postgres Upgrade	Upgrade populated schema from 0020 through current	2026-10-06T03:56:18.0037054Z Applying migration `0005_add_user_timezone`
Populated Postgres Upgrade	Upgrade populated schema from 0020 through current	2026-10-06T03:56:18.0068790Z Applying migration `0006_foodlog_local_date`
Populated Postgres Upgrade	Upgrade populated schema from 0020 through current	2026-10-06T03:56:18.0122236Z Applying migration `0007_height_unit_preference`
Populated Postgres Upgrade	Upgrade populated schema from 0020 through current	2026-10-06T03:56:18.0174962Z Applying migration `0008_meal_period_enum`
Populated Postgres Upgrade	Upgrade populated schema from 0020 through current	2026-10-06T03:56:18.0289371Z Applying migration `0009_add_user_profile_image`
Populated Postgres Upgrade	Upgrade populated schema from 0020 through current	2026-10-06T03:56:18.0317570Z Applying migration `0010_my_foods`
Populated Postgres Upgrade	Upgrade populated schema from 0020 through current	2026-10-06T03:56:18.0569372Z Applying migration `0011_add_user_language`
Populated Postgres Upgrade	Upgrade populated schema from 0020 through current	2026-10-06T03:56:18.0600143Z Applying migration `0012_session_store`
Populated Postgres Upgrade	Upgrade populated schema from 0020 through current	2026-10-06T03:56:18.0676262Z Applying migration `0013_food_log_day_completion`
Populated Postgres Upgrade	Upgrade populated schema from 0020 through current	2026-10-06T03:56:18.0766733Z Applying migration `0013_push_subscriptions`
Populated Postgres Upgrade	Upgrade populated schema from 0020 through current	2026-10-06T03:56:18.0888644Z Applying migration `0014_push_subscription_reminders`
Populated Postgres Upgrade	Upgrade populated schema from 0020 through current	2026-10-06T03:56:18.0917282Z Applying migration `0014_push_subscription_user_endpoint_uniqueness`
Populated Postgres Upgrade	Upgrade populated schema from 0020 through current	2026-10-06T03:56:18.0966307Z Applying migration `0015_reminder_preference_flags`
Populated Postgres Upgrade	Upgrade populated schema from 0020 through current	2026-10-06T03:56:18.1000155Z Applying migration `0016_bodymetric_trend_precompute`
Populated Postgres Upgrade	Upgrade populated schema from 0020 through current	2026-10-06T03:56:18.1087703Z Applying migration `0016_in_app_notifications`
Populated Postgres Upgrade	Upgrade populated schema from 0020 through current	2026-10-06T03:56:18.1223008Z Applying migration `0017_haptics_preference`
Populated Postgres Upgrade	Upgrade populated schema from 0020 through current	2026-10-06T03:56:18.1254030Z Applying migration `0017_notification_delivery_channels`
Populated Postgres Upgrade	Upgrade populated schema from 0020 through current	2026-10-06T03:56:18.1329264Z Applying migration `0018_food_log_external_snapshots`
Populated Postgres Upgrade	Upgrade populated schema from 0020 through current	2026-10-06T03:56:18.1367747Z Applying migration `0019_backend_server_audit_indexes`
Populated Postgres Upgrade	Upgrade populated schema from 0020 through current	2026-10-06T03:56:18.1406006Z Applying migration `0020_goal_active_lookup_index`
Populated Postgres Upgrade	Upgrade populated schema from 0020 through current	2026-10-06T03:56:18.1450399Z 
Populated Postgres Upgrade	Upgrade populated schema from 0020 through current	2026-10-06T03:56:18.1462915Z The following migration(s) have been applied:
Populated Postgres Upgrade	Upgrade populated schema from 0020 through current	2026-10-06T03:56:18.1463327Z 
Populated Postgres Upgrade	Upgrade populated schema from 0020 through current	2026-10-06T03:56:18.1463485Z migrations/
Populated Postgres Upgrade	Upgrade populated schema from 0020 through current	2026-10-06T03:56:18.1464104Z   └─ 0001_init/
Populated Postgres Upgrade	Upgrade populated schema from 0020 through current	2026-10-06T03:56:18.1464515Z     └─ migration.sql
Populated Postgres Upgrade	Upgrade populated schema from 0020 through current	2026-10-06T03:56:18.1465032Z   └─ 0002_weight_units_grams/
Populated Postgres Upgrade	Upgrade populated schema from 0020 through current	2026-10-06T03:56:18.1465487Z     └─ migration.sql
Populated Postgres Upgrade	Upgrade populated schema from 0020 through current	2026-10-06T03:56:18.1466018Z   └─ 0003_bodymetric_date_only/
Populated Postgres Upgrade	Upgrade populated schema from 0020 through current	2026-10-06T03:56:18.1466495Z     └─ migration.sql
Populated Postgres Upgrade	Upgrade populated schema from 0020 through current	2026-10-06T03:56:18.1466905Z   └─ 0004_add_profile_fields/
Populated Postgres Upgrade	Upgrade populated schema from 0020 through current	2026-10-06T03:56:18.1467325Z     └─ migration.sql
Populated Postgres Upgrade	Upgrade populated schema from 0020 through current	2026-10-06T03:56:18.1467727Z   └─ 0005_add_user_timezone/
Populated Postgres Upgrade	Upgrade populated schema from 0020 through current	2026-10-06T03:56:18.1468482Z     └─ migration.sql
Populated Postgres Upgrade	Upgrade populated schema from 0020 through current	2026-10-06T03:56:18.1468941Z   └─ 0006_foodlog_local_date/
Populated Postgres Upgrade	Upgrade populated schema from 0020 through current	2026-10-06T03:56:18.1469504Z     └─ migration.sql
Populated Postgres Upgrade	Upgrade populated schema from 0020 through current	2026-10-06T03:56:18.1470004Z   └─ 0007_height_unit_preference/
Populated Postgres Upgrade	Upgrade populated schema from 0020 through current	2026-10-06T03:56:18.1470393Z     └─ migration.sql
Populated Postgres Upgrade	Upgrade populated schema from 0020 through current	2026-10-06T03:56:18.1470677Z   └─ 0008_meal_period_enum/
Populated Postgres Upgrade	Upgrade populated schema from 0020 through current	2026-10-06T03:56:18.1470964Z     └─ migration.sql
Populated Postgres Upgrade	Upgrade populated schema from 0020 through current	2026-10-06T03:56:18.1471256Z   └─ 0009_add_user_profile_image/
Populated Postgres Upgrade	Upgrade populated schema from 0020 through current	2026-10-06T03:56:18.1471549Z     └─ migration.sql
Populated Postgres Upgrade	Upgrade populated schema from 0020 through current	2026-10-06T03:56:18.1471804Z   └─ 0010_my_foods/
Populated Postgres Upgrade	Upgrade populated schema from 0020 through current	2026-10-06T03:56:18.1472053Z     └─ migration.sql
Populated Postgres Upgrade	Upgrade populated schema from 0020 through current	2026-10-06T03:56:18.1472316Z   └─ 0011_add_user_language/
Populated Postgres Upgrade	Upgrade populated schema from 0020 through current	2026-10-06T03:56:18.1472984Z     └─ migration.sql
Populated Postgres Upgrade	Upgrade populated schema from 0020 through current	2026-10-06T03:56:18.1473245Z   └─ 0012_session_store/
Populated Postgres Upgrade	Upgrade populated schema from 0020 through current	2026-10-06T03:56:18.1473500Z     └─ migration.sql
Populated Postgres Upgrade	Upgrade populated schema from 0020 through current	2026-10-06T03:56:18.1473790Z   └─ 0013_food_log_day_completion/
Populated Postgres Upgrade	Upgrade populated schema from 0020 through current	2026-10-06T03:56:18.1474102Z     └─ migration.sql
Populated Postgres Upgrade	Upgrade populated schema from 0020 through current	2026-10-06T03:56:18.1474369Z   └─ 0013_push_subscriptions/
Populated Postgres Upgrade	Upgrade populated schema from 0020 through current	2026-10-06T03:56:18.1474644Z     └─ migration.sql
Populated Postgres Upgrade	Upgrade populated schema from 0020 through current	2026-10-06T03:56:18.1474944Z   └─ 0014_push_subscription_reminders/
Populated Postgres Upgrade	Upgrade populated schema from 0020 through current	2026-10-06T03:56:18.1475247Z     └─ migration.sql
Populated Postgres Upgrade	Upgrade populated schema from 0020 through current	2026-10-06T03:56:18.1475590Z   └─ 0014_push_subscription_user_endpoint_uniqueness/
Populated Postgres Upgrade	Upgrade populated schema from 0020 through current	2026-10-06T03:56:18.1475949Z     └─ migration.sql
Populated Postgres Upgrade	Upgrade populated schema from 0020 through current	2026-10-06T03:56:18.1476243Z   └─ 0015_reminder_preference_flags/
Populated Postgres Upgrade	Upgrade populated schema from 0020 through current	2026-10-06T03:56:18.1476546Z     └─ migration.sql
Populated Postgres Upgrade	Upgrade populated schema from 0020 through current	2026-10-06T03:56:18.1476838Z   └─ 0016_bodymetric_trend_precompute/
Populated Postgres Upgrade	Upgrade populated schema from 0020 through current	2026-10-06T03:56:18.1477136Z     └─ migration.sql
Populated Postgres Upgrade	Upgrade populated schema from 0020 through current	2026-10-06T03:56:18.1477412Z   └─ 0016_in_app_notifications/
Populated Postgres Upgrade	Upgrade populated schema from 0020 through current	2026-10-06T03:56:18.1477687Z     └─ migration.sql
Populated Postgres Upgrade	Upgrade populated schema from 0020 through current	2026-10-06T03:56:18.1478481Z   └─ 0017_haptics_preference/
Populated Postgres Upgrade	Upgrade populated schema from 0020 through current	2026-10-06T03:56:18.1478869Z     └─ migration.sql
Populated Postgres Upgrade	Upgrade populated schema from 0020 through current	2026-10-06T03:56:18.1479201Z   └─ 0017_notification_delivery_channels/
Populated Postgres Upgrade	Upgrade populated schema from 0020 through current	2026-10-06T03:56:18.1479710Z     └─ migration.sql
Populated Postgres Upgrade	Upgrade populated schema from 0020 through current	2026-10-06T03:56:18.1480022Z   └─ 0018_food_log_external_snapshots/
Populated Postgres Upgrade	Upgrade populated schema from 0020 through current	2026-10-06T03:56:18.1480334Z     └─ migration.sql
Populated Postgres Upgrade	Upgrade populated schema from 0020 through current	2026-10-06T03:56:18.1480643Z   └─ 0019_backend_server_audit_indexes/
Populated Postgres Upgrade	Upgrade populated schema from 0020 through current	2026-10-06T03:56:18.1480950Z     └─ migration.sql
Populated Postgres Upgrade	Upgrade populated schema from 0020 through current	2026-10-06T03:56:18.1481239Z   └─ 0020_goal_active_lookup_index/
Populated Postgres Upgrade	Upgrade populated schema from 0020 through current	2026-10-06T03:56:18.1481659Z     └─ migration.sql
Populated Postgres Upgrade	Upgrade populated schema from 0020 through current	2026-10-06T03:56:18.1481795Z 
Populated Postgres Upgrade	Upgrade populated schema from 0020 through current	2026-10-06T03:56:18.1481987Z All migrations have been successfully applied.
Populated Postgres Upgrade	Upgrade populated schema from 0020 through current	2026-10-06T03:56:18.1870233Z [db-upgrade-smoke] Applying migrations 0021-0045 to populated data.
Populated Postgres Upgrade	Upgrade populated schema from 0020 through current	2026-10-06T03:56:18.9627658Z Loaded Prisma config from prisma.config.ts.
Populated Postgres Upgrade	Upgrade populated schema from 0020 through current	2026-10-06T03:56:18.9628587Z 
Populated Postgres Upgrade	Upgrade populated schema from 0020 through current	2026-10-06T03:56:19.1295752Z Prisma schema loaded from prisma/schema.prisma.
Populated Postgres Upgrade	Upgrade populated schema from 0020 through current	2026-10-06T03:56:19.1419740Z Datasource "db": PostgreSQL database "calibrate", schema "calibrate_upgrade_smoke_3071_41dea7e4ece1" at "localhost:5432"
Populated Postgres Upgrade	Upgrade populated schema from 0020 through current	2026-10-06T03:56:19.2185531Z 
Populated Postgres Upgrade	Upgrade populated schema from 0020 through current	2026-10-06T03:56:19.2186929Z 48 migrations found in prisma/migrations
Populated Postgres Upgrade	Upgrade populated schema from 0020 through current	2026-10-06T03:56:19.2187468Z 
Populated Postgres Upgrade	Upgrade populated schema from 0020 through current	2026-10-06T03:56:19.2962582Z Applying migration `0021_mobile_native_client`
Populated Postgres Upgrade	Upgrade populated schema from 0020 through current	2026-10-06T03:56:19.3396170Z Applying migration `0022_bind_native_push_to_mobile_session`
Populated Postgres Upgrade	Upgrade populated schema from 0020 through current	2026-10-06T03:56:19.3522448Z Applying migration `0023_client_sync_foundation`
Populated Postgres Upgrade	Upgrade populated schema from 0020 through current	2026-10-06T03:56:19.3735277Z Applying migration `0024_account_lifecycle`
Populated Postgres Upgrade	Upgrade populated schema from 0020 through current	2026-10-06T03:56:19.4016854Z Applying migration `0025_my_food_pinning`
Populated Postgres Upgrade	Upgrade populated schema from 0020 through current	2026-10-06T03:56:19.4069501Z Applying migration `0026_health_connect_activity`
Populated Postgres Upgrade	Upgrade populated schema from 0020 through current	2026-10-06T03:56:19.4516628Z Applying migration `0027_wear_os_pairing`
Populated Postgres Upgrade	Upgrade populated schema from 0020 through current	2026-10-06T03:56:19.4698997Z Applying migration `0028_watch_operation_provenance`
Populated Postgres Upgrade	Upgrade populated schema from 0020 through current	2026-10-06T03:56:19.4765278Z Applying migration `0029_push_subscription_endpoint_ownership`
Populated Postgres Upgrade	Upgrade populated schema from 0020 through current	2026-10-06T03:56:19.4853957Z Applying migration `0030_day_resolution_and_tracking_pauses`
Populated Postgres Upgrade	Upgrade populated schema from 0020 through current	2026-10-06T03:56:19.5025181Z Applying migration `0031_calibration_insights`
Populated Postgres Upgrade	Upgrade populated schema from 0020 through current	2026-10-06T03:56:19.5375192Z Applying migration `0032_weight_trend_v2`
Populated Postgres Upgrade	Upgrade populated schema from 0020 through current	2026-10-06T03:56:19.5414594Z Applying migration `0033_weight_trend_source_revision`
Populated Postgres Upgrade	Upgrade populated schema from 0020 through current	2026-10-06T03:56:19.5445023Z Applying migration `0034_calorie_safety_policy`
Populated Postgres Upgrade	Upgrade populated schema from 0020 through current	2026-10-06T03:56:19.6403048Z Applying migration `0035_account_verification_and_legal_consent`
Populated Postgres Upgrade	Upgrade populated schema from 0020 through current	2026-10-06T03:56:19.6640514Z Applying migration `0036_atomic_onboarding`
Populated Postgres Upgrade	Upgrade populated schema from 0020 through current	2026-10-06T03:56:19.6683619Z Applying migration `0037_saved_foods_library`
Populated Postgres Upgrade	Upgrade populated schema from 0020 through current	2026-10-06T03:56:19.6722790Z Applying migration `0038_settings_trust_center`
Populated Postgres Upgrade	Upgrade populated schema from 0020 through current	2026-10-06T03:56:19.7025748Z Applying migration `0039_mcp_oauth`
Populated Postgres Upgrade	Upgrade populated schema from 0020 through current	2026-10-06T03:56:19.7603885Z Applying migration `0040_ios_native_support`
Populated Postgres Upgrade	Upgrade populated schema from 0020 through current	2026-10-06T03:56:19.7633648Z Applying migration `0041_server_settings`
Populated Postgres Upgrade	Upgrade populated schema from 0020 through current	2026-10-06T03:56:19.7681112Z Applying migration `0043_food_day_comparison`
Populated Postgres Upgrade	Upgrade populated schema from 0020 through current	2026-10-06T03:56:19.7711847Z Applying migration `0044_goal_pace_history`
Populated Postgres Upgrade	Upgrade populated schema from 0020 through current	2026-10-06T03:56:19.7737635Z Applying migration `0045_firebase_identity_foundation`
Populated Postgres Upgrade	Upgrade populated schema from 0020 through current	2026-10-06T03:56:19.7902738Z 
Populated Postgres Upgrade	Upgrade populated schema from 0020 through current	2026-10-06T03:56:19.7931060Z ┌─────────────────────────────────────────────────────────┐
Populated Postgres Upgrade	Upgrade populated schema from 0020 through current	2026-10-06T03:56:19.7932221Z │  Update available 7.9.0 -> 8.0.0-rc.20                  │
Populated Postgres Upgrade	Upgrade populated schema from 0020 through current	2026-10-06T03:56:19.7933227Z │                                                         │
Populated Postgres Upgrade	Upgrade populated schema from 0020 through current	2026-10-06T03:56:19.7934190Z │  This is a major update - please follow the guide at    │
Populated Postgres Upgrade	Upgrade populated schema from 0020 through current	2026-10-06T03:56:19.7935560Z │  https://pris.ly/d/major-version-upgrade                │
Populated Postgres Upgrade	Upgrade populated schema from 0020 through current	2026-10-06T03:56:19.7936432Z The following migration(s) have been applied:
Populated Postgres Upgrade	Upgrade populated schema from 0020 through current	2026-10-06T03:56:19.7937551Z │                                                         │
Populated Postgres Upgrade	Upgrade populated schema from 0020 through current	2026-10-06T03:56:19.7938280Z 
Populated Postgres Upgrade	Upgrade populated schema from 0020 through current	2026-10-06T03:56:19.7939047Z │  Run the following to update                            │
Populated Postgres Upgrade	Upgrade populated schema from 0020 through current	2026-10-06T03:56:19.7939688Z migrations/
Populated Postgres Upgrade	Upgrade populated schema from 0020 through current	2026-10-06T03:56:19.7940526Z │    npm i --save-dev prisma@latest                       │
Populated Postgres Upgrade	Upgrade populated schema from 0020 through current	2026-10-06T03:56:19.7941377Z   └─ 0021_mobile_native_client/
Populated Postgres Upgrade	Upgrade populated schema from 0020 through current	2026-10-06T03:56:19.7945142Z │    npm i @prisma/client@latest                          │
Populated Postgres Upgrade	Upgrade populated schema from 0020 through current	2026-10-06T03:56:19.7945888Z └─────────────────────────────────────────────────────────┘
Populated Postgres Upgrade	Upgrade populated schema from 0020 through current	2026-10-06T03:56:19.7946521Z     └─ migration.sql
Populated Postgres Upgrade	Upgrade populated schema from 0020 through current	2026-10-06T03:56:19.7947156Z   └─ 0022_bind_native_push_to_mobile_session/
Populated Postgres Upgrade	Upgrade populated schema from 0020 through current	2026-10-06T03:56:19.7948105Z     └─ migration.sql
Populated Postgres Upgrade	Upgrade populated schema from 0020 through current	2026-10-06T03:56:19.7948891Z   └─ 0023_client_sync_foundation/
Populated Postgres Upgrade	Upgrade populated schema from 0020 through current	2026-10-06T03:56:19.7949362Z     └─ migration.sql
Populated Postgres Upgrade	Upgrade populated schema from 0020 through current	2026-10-06T03:56:19.7949650Z   └─ 0024_account_lifecycle/
Populated Postgres Upgrade	Upgrade populated schema from 0020 through current	2026-10-06T03:56:19.7949925Z     └─ migration.sql
Populated Postgres Upgrade	Upgrade populated schema from 0020 through current	2026-10-06T03:56:19.7950177Z   └─ 0025_my_food_pinning/
Populated Postgres Upgrade	Upgrade populated schema from 0020 through current	2026-10-06T03:56:19.7950436Z     └─ migration.sql
Populated Postgres Upgrade	Upgrade populated schema from 0020 through current	2026-10-06T03:56:19.7950719Z   └─ 0026_health_connect_activity/
Populated Postgres Upgrade	Upgrade populated schema from 0020 through current	2026-10-06T03:56:19.7951003Z     └─ migration.sql
Populated Postgres Upgrade	Upgrade populated schema from 0020 through current	2026-10-06T03:56:19.7951254Z   └─ 0027_wear_os_pairing/
Populated Postgres Upgrade	Upgrade populated schema from 0020 through current	2026-10-06T03:56:19.7951522Z     └─ migration.sql
Populated Postgres Upgrade	Upgrade populated schema from 0020 through current	2026-10-06T03:56:19.7951812Z   └─ 0028_watch_operation_provenance/
Populated Postgres Upgrade	Upgrade populated schema from 0020 through current	2026-10-06T03:56:19.7952112Z     └─ migration.sql
Populated Postgres Upgrade	Upgrade populated schema from 0020 through current	2026-10-06T03:56:19.7952435Z   └─ 0029_push_subscription_endpoint_ownership/
Populated Postgres Upgrade	Upgrade populated schema from 0020 through current	2026-10-06T03:56:19.7953119Z     └─ migration.sql
Populated Postgres Upgrade	Upgrade populated schema from 0020 through current	2026-10-06T03:56:19.7953431Z   └─ 0030_day_resolution_and_tracking_pauses/
Populated Postgres Upgrade	Upgrade populated schema from 0020 through current	2026-10-06T03:56:19.7953746Z     └─ migration.sql
Populated Postgres Upgrade	Upgrade populated schema from 0020 through current	2026-10-06T03:56:19.7954031Z   └─ 0031_calibration_insights/
Populated Postgres Upgrade	Upgrade populated schema from 0020 through current	2026-10-06T03:56:19.7954311Z     └─ migration.sql
Populated Postgres Upgrade	Upgrade populated schema from 0020 through current	2026-10-06T03:56:19.7954557Z   └─ 0032_weight_trend_v2/
Populated Postgres Upgrade	Upgrade populated schema from 0020 through current	2026-10-06T03:56:19.7954824Z     └─ migration.sql
Populated Postgres Upgrade	Upgrade populated schema from 0020 through current	2026-10-06T03:56:19.7955110Z   └─ 0033_weight_trend_source_revision/
Populated Postgres Upgrade	Upgrade populated schema from 0020 through current	2026-10-06T03:56:19.7955406Z     └─ migration.sql
Populated Postgres Upgrade	Upgrade populated schema from 0020 through current	2026-10-06T03:56:19.7955689Z   └─ 0034_calorie_safety_policy/
Populated Postgres Upgrade	Upgrade populated schema from 0020 through current	2026-10-06T03:56:19.7955968Z     └─ migration.sql
Populated Postgres Upgrade	Upgrade populated schema from 0020 through current	2026-10-06T03:56:19.7956289Z   └─ 0035_account_verification_and_legal_consent/
Populated Postgres Upgrade	Upgrade populated schema from 0020 through current	2026-10-06T03:56:19.7956617Z     └─ migration.sql
Populated Postgres Upgrade	Upgrade populated schema from 0020 through current	2026-10-06T03:56:19.7956877Z   └─ 0036_atomic_onboarding/
Populated Postgres Upgrade	Upgrade populated schema from 0020 through current	2026-10-06T03:56:19.7957148Z     └─ migration.sql
Populated Postgres Upgrade	Upgrade populated schema from 0020 through current	2026-10-06T03:56:19.7957420Z   └─ 0037_saved_foods_library/
Populated Postgres Upgrade	Upgrade populated schema from 0020 through current	2026-10-06T03:56:19.7957696Z     └─ migration.sql
Populated Postgres Upgrade	Upgrade populated schema from 0020 through current	2026-10-06T03:56:19.7958380Z   └─ 0038_settings_trust_center/
Populated Postgres Upgrade	Upgrade populated schema from 0020 through current	2026-10-06T03:56:19.7958781Z     └─ migration.sql
Populated Postgres Upgrade	Upgrade populated schema from 0020 through current	2026-10-06T03:56:19.7959054Z   └─ 0039_mcp_oauth/
Populated Postgres Upgrade	Upgrade populated schema from 0020 through current	2026-10-06T03:56:19.7959303Z     └─ migration.sql
Populated Postgres Upgrade	Upgrade populated schema from 0020 through current	2026-10-06T03:56:19.7959561Z   └─ 0040_ios_native_support/
Populated Postgres Upgrade	Upgrade populated schema from 0020 through current	2026-10-06T03:56:19.7959838Z     └─ migration.sql
Populated Postgres Upgrade	Upgrade populated schema from 0020 through current	2026-10-06T03:56:19.7960092Z   └─ 0041_server_settings/
Populated Postgres Upgrade	Upgrade populated schema from 0020 through current	2026-10-06T03:56:19.7960351Z     └─ migration.sql
Populated Postgres Upgrade	Upgrade populated schema from 0020 through current	2026-10-06T03:56:19.7960622Z   └─ 0043_food_day_comparison/
Populated Postgres Upgrade	Upgrade populated schema from 0020 through current	2026-10-06T03:56:19.7960903Z     └─ migration.sql
Populated Postgres Upgrade	Upgrade populated schema from 0020 through current	2026-10-06T03:56:19.7961153Z   └─ 0044_goal_pace_history/
Populated Postgres Upgrade	Upgrade populated schema from 0020 through current	2026-10-06T03:56:19.7961413Z     └─ migration.sql
Populated Postgres Upgrade	Upgrade populated schema from 0020 through current	2026-10-06T03:56:19.7961706Z   └─ 0045_firebase_identity_foundation/
Populated Postgres Upgrade	Upgrade populated schema from 0020 through current	2026-10-06T03:56:19.7962011Z     └─ migration.sql
Populated Postgres Upgrade	Upgrade populated schema from 0020 through current	2026-10-06T03:56:19.7962142Z 
Populated Postgres Upgrade	Upgrade populated schema from 0020 through current	2026-10-06T03:56:19.7962326Z All migrations have been successfully applied.
Populated Postgres Upgrade	Upgrade populated schema from 0020 through current	2026-10-06T03:56:19.8724242Z [db-upgrade-smoke] PASS: immutable mapping, local deletion cascade and monotonic credential security version.
Populated Postgres Upgrade	Upgrade populated schema from 0020 through current	2026-10-06T03:56:19.8727649Z [db-upgrade-smoke] PASS: retained core data across 48 migrations.
Populated Postgres Upgrade	Serialize concurrent weight-trend materialization	﻿2026-10-06T03:56:20.0780260Z ##[group]Run node scripts/postgres-weight-trend-concurrency-smoke.mjs
Populated Postgres Upgrade	Serialize concurrent weight-trend materialization	2026-10-06T03:56:20.0780871Z ^[[36;1mnode scripts/postgres-weight-trend-concurrency-smoke.mjs^[[0m
Populated Postgres Upgrade	Serialize concurrent weight-trend materialization	2026-10-06T03:56:20.0842779Z shell: /usr/bin/bash -e {0}
Populated Postgres Upgrade	Serialize concurrent weight-trend materialization	2026-10-06T03:56:20.0843079Z env:
Populated Postgres Upgrade	Serialize concurrent weight-trend materialization	2026-10-06T03:56:20.0843661Z   DATABASE_URL: ***localhost:5432/calibrate?schema=public
Populated Postgres Upgrade	Serialize concurrent weight-trend materialization	2026-10-06T03:56:20.0844059Z ##[endgroup]
Populated Postgres Upgrade	Serialize concurrent weight-trend materialization	2026-10-06T03:56:21.0121941Z Loaded Prisma config from prisma.config.ts.
Populated Postgres Upgrade	Serialize concurrent weight-trend materialization	2026-10-06T03:56:21.0122369Z 
Populated Postgres Upgrade	Serialize concurrent weight-trend materialization	2026-10-06T03:56:21.1799971Z Prisma schema loaded from prisma/schema.prisma.
Populated Postgres Upgrade	Serialize concurrent weight-trend materialization	2026-10-06T03:56:21.1879994Z Datasource "db": PostgreSQL database "calibrate", schema "calibrate_upgrade_smoke_weight_trend_3183_3b5c0bc2f7a0" at "localhost:5432"
Populated Postgres Upgrade	Serialize concurrent weight-trend materialization	2026-10-06T03:56:21.2698648Z 
Populated Postgres Upgrade	Serialize concurrent weight-trend materialization	2026-10-06T03:56:21.2699780Z 48 migrations found in prisma/migrations
Populated Postgres Upgrade	Serialize concurrent weight-trend materialization	2026-10-06T03:56:21.2700599Z 
Populated Postgres Upgrade	Serialize concurrent weight-trend materialization	2026-10-06T03:56:21.3581513Z Applying migration `0001_init`
Populated Postgres Upgrade	Serialize concurrent weight-trend materialization	2026-10-06T03:56:21.5211093Z Applying migration `0002_weight_units_grams`
Populated Postgres Upgrade	Serialize concurrent weight-trend materialization	2026-10-06T03:56:21.5336268Z Applying migration `0003_bodymetric_date_only`
Populated Postgres Upgrade	Serialize concurrent weight-trend materialization	2026-10-06T03:56:21.5455682Z Applying migration `0004_add_profile_fields`
Populated Postgres Upgrade	Serialize concurrent weight-trend materialization	2026-10-06T03:56:21.5504135Z Applying migration `0005_add_user_timezone`
Populated Postgres Upgrade	Serialize concurrent weight-trend materialization	2026-10-06T03:56:21.5537504Z Applying migration `0006_foodlog_local_date`
Populated Postgres Upgrade	Serialize concurrent weight-trend materialization	2026-10-06T03:56:21.5621146Z Applying migration `0007_height_unit_preference`
Populated Postgres Upgrade	Serialize concurrent weight-trend materialization	2026-10-06T03:56:21.5681475Z Applying migration `0008_meal_period_enum`
Populated Postgres Upgrade	Serialize concurrent weight-trend materialization	2026-10-06T03:56:21.5796667Z Applying migration `0009_add_user_profile_image`
Populated Postgres Upgrade	Serialize concurrent weight-trend materialization	2026-10-06T03:56:21.5827417Z Applying migration `0010_my_foods`
Populated Postgres Upgrade	Serialize concurrent weight-trend materialization	2026-10-06T03:56:21.6089010Z Applying migration `0011_add_user_language`
Populated Postgres Upgrade	Serialize concurrent weight-trend materialization	2026-10-06T03:56:21.6120620Z Applying migration `0012_session_store`
Populated Postgres Upgrade	Serialize concurrent weight-trend materialization	2026-10-06T03:56:21.6193121Z Applying migration `0013_food_log_day_completion`
Populated Postgres Upgrade	Serialize concurrent weight-trend materialization	2026-10-06T03:56:21.6282643Z Applying migration `0013_push_subscriptions`
Populated Postgres Upgrade	Serialize concurrent weight-trend materialization	2026-10-06T03:56:21.6397146Z Applying migration `0014_push_subscription_reminders`
Populated Postgres Upgrade	Serialize concurrent weight-trend materialization	2026-10-06T03:56:21.6427174Z Applying migration `0014_push_subscription_user_endpoint_uniqueness`
Populated Postgres Upgrade	Serialize concurrent weight-trend materialization	2026-10-06T03:56:21.6477942Z Applying migration `0015_reminder_preference_flags`
Populated Postgres Upgrade	Serialize concurrent weight-trend materialization	2026-10-06T03:56:21.6517755Z Applying migration `0016_bodymetric_trend_precompute`
Populated Postgres Upgrade	Serialize concurrent weight-trend materialization	2026-10-06T03:56:21.6609336Z Applying migration `0016_in_app_notifications`
Populated Postgres Upgrade	Serialize concurrent weight-trend materialization	2026-10-06T03:56:21.6780452Z Applying migration `0017_haptics_preference`
Populated Postgres Upgrade	Serialize concurrent weight-trend materialization	2026-10-06T03:56:21.6813899Z Applying migration `0017_notification_delivery_channels`
Populated Postgres Upgrade	Serialize concurrent weight-trend materialization	2026-10-06T03:56:21.6892402Z Applying migration `0018_food_log_external_snapshots`
Populated Postgres Upgrade	Serialize concurrent weight-trend materialization	2026-10-06T03:56:21.6932172Z Applying migration `0019_backend_server_audit_indexes`
Populated Postgres Upgrade	Serialize concurrent weight-trend materialization	2026-10-06T03:56:21.6973293Z Applying migration `0020_goal_active_lookup_index`
Populated Postgres Upgrade	Serialize concurrent weight-trend materialization	2026-10-06T03:56:21.6999252Z Applying migration `0021_mobile_native_client`
Populated Postgres Upgrade	Serialize concurrent weight-trend materialization	2026-10-06T03:56:21.7283717Z Applying migration `0022_bind_native_push_to_mobile_session`
Populated Postgres Upgrade	Serialize concurrent weight-trend materialization	2026-10-06T03:56:21.7399057Z Applying migration `0023_client_sync_foundation`
Populated Postgres Upgrade	Serialize concurrent weight-trend materialization	2026-10-06T03:56:21.7611667Z Applying migration `0024_account_lifecycle`
Populated Postgres Upgrade	Serialize concurrent weight-trend materialization	2026-10-06T03:56:21.7943108Z Applying migration `0025_my_food_pinning`
Populated Postgres Upgrade	Serialize concurrent weight-trend materialization	2026-10-06T03:56:21.7997658Z Applying migration `0026_health_connect_activity`
Populated Postgres Upgrade	Serialize concurrent weight-trend materialization	2026-10-06T03:56:21.8429443Z Applying migration `0027_wear_os_pairing`
Populated Postgres Upgrade	Serialize concurrent weight-trend materialization	2026-10-06T03:56:21.8629566Z Applying migration `0028_watch_operation_provenance`
Populated Postgres Upgrade	Serialize concurrent weight-trend materialization	2026-10-06T03:56:21.8694369Z Applying migration `0029_push_subscription_endpoint_ownership`
Populated Postgres Upgrade	Serialize concurrent weight-trend materialization	2026-10-06T03:56:21.8781728Z Applying migration `0030_day_resolution_and_tracking_pauses`
Populated Postgres Upgrade	Serialize concurrent weight-trend materialization	2026-10-06T03:56:21.8970412Z Applying migration `0031_calibration_insights`
Populated Postgres Upgrade	Serialize concurrent weight-trend materialization	2026-10-06T03:56:21.9253809Z Applying migration `0032_weight_trend_v2`
Populated Postgres Upgrade	Serialize concurrent weight-trend materialization	2026-10-06T03:56:21.9291646Z Applying migration `0033_weight_trend_source_revision`
Populated Postgres Upgrade	Serialize concurrent weight-trend materialization	2026-10-06T03:56:21.9320925Z Applying migration `0034_calorie_safety_policy`
Populated Postgres Upgrade	Serialize concurrent weight-trend materialization	2026-10-06T03:56:21.9619021Z Applying migration `0035_account_verification_and_legal_consent`
Populated Postgres Upgrade	Serialize concurrent weight-trend materialization	2026-10-06T03:56:21.9861042Z Applying migration `0036_atomic_onboarding`
Populated Postgres Upgrade	Serialize concurrent weight-trend materialization	2026-10-06T03:56:21.9903088Z Applying migration `0037_saved_foods_library`
Populated Postgres Upgrade	Serialize concurrent weight-trend materialization	2026-10-06T03:56:21.9945066Z Applying migration `0038_settings_trust_center`
Populated Postgres Upgrade	Serialize concurrent weight-trend materialization	2026-10-06T03:56:22.0287663Z Applying migration `0039_mcp_oauth`
Populated Postgres Upgrade	Serialize concurrent weight-trend materialization	2026-10-06T03:56:22.0872343Z Applying migration `0040_ios_native_support`
Populated Postgres Upgrade	Serialize concurrent weight-trend materialization	2026-10-06T03:56:22.0903205Z Applying migration `0041_server_settings`
Populated Postgres Upgrade	Serialize concurrent weight-trend materialization	2026-10-06T03:56:22.0959694Z Applying migration `0043_food_day_comparison`
Populated Postgres Upgrade	Serialize concurrent weight-trend materialization	2026-10-06T03:56:22.0991037Z Applying migration `0044_goal_pace_history`
Populated Postgres Upgrade	Serialize concurrent weight-trend materialization	2026-10-06T03:56:22.1016797Z Applying migration `0045_firebase_identity_foundation`
Populated Postgres Upgrade	Serialize concurrent weight-trend materialization	2026-10-06T03:56:22.1185902Z 
Populated Postgres Upgrade	Serialize concurrent weight-trend materialization	2026-10-06T03:56:22.1202218Z The following migration(s) have been applied:
Populated Postgres Upgrade	Serialize concurrent weight-trend materialization	2026-10-06T03:56:22.1202530Z 
Populated Postgres Upgrade	Serialize concurrent weight-trend materialization	2026-10-06T03:56:22.1202634Z migrations/
Populated Postgres Upgrade	Serialize concurrent weight-trend materialization	2026-10-06T03:56:22.1203128Z   └─ 0001_init/
Populated Postgres Upgrade	Serialize concurrent weight-trend materialization	2026-10-06T03:56:22.1203391Z     └─ migration.sql
Populated Postgres Upgrade	Serialize concurrent weight-trend materialization	2026-10-06T03:56:22.1203674Z   └─ 0002_weight_units_grams/
Populated Postgres Upgrade	Serialize concurrent weight-trend materialization	2026-10-06T03:56:22.1203975Z     └─ migration.sql
Populated Postgres Upgrade	Serialize concurrent weight-trend materialization	2026-10-06T03:56:22.1204275Z   └─ 0003_bodymetric_date_only/
Populated Postgres Upgrade	Serialize concurrent weight-trend materialization	2026-10-06T03:56:22.1204576Z     └─ migration.sql
Populated Postgres Upgrade	Serialize concurrent weight-trend materialization	2026-10-06T03:56:22.1204873Z   └─ 0004_add_profile_fields/
Populated Postgres Upgrade	Serialize concurrent weight-trend materialization	2026-10-06T03:56:22.1205180Z     └─ migration.sql
Populated Postgres Upgrade	Serialize concurrent weight-trend materialization	2026-10-06T03:56:22.1205441Z   └─ 0005_add_user_timezone/
Populated Postgres Upgrade	Serialize concurrent weight-trend materialization	2026-10-06T03:56:22.1205718Z     └─ migration.sql
Populated Postgres Upgrade	Serialize concurrent weight-trend materialization	2026-10-06T03:56:22.1205981Z   └─ 0006_foodlog_local_date/
Populated Postgres Upgrade	Serialize concurrent weight-trend materialization	2026-10-06T03:56:22.1206256Z     └─ migration.sql
Populated Postgres Upgrade	Serialize concurrent weight-trend materialization	2026-10-06T03:56:22.1206546Z   └─ 0007_height_unit_preference/
Populated Postgres Upgrade	Serialize concurrent weight-trend materialization	2026-10-06T03:56:22.1206852Z     └─ migration.sql
Populated Postgres Upgrade	Serialize concurrent weight-trend materialization	2026-10-06T03:56:22.1207108Z   └─ 0008_meal_period_enum/
Populated Postgres Upgrade	Serialize concurrent weight-trend materialization	2026-10-06T03:56:22.1207398Z     └─ migration.sql
Populated Postgres Upgrade	Serialize concurrent weight-trend materialization	2026-10-06T03:56:22.1207687Z   └─ 0009_add_user_profile_image/
Populated Postgres Upgrade	Serialize concurrent weight-trend materialization	2026-10-06T03:56:22.1208334Z     └─ migration.sql
Populated Postgres Upgrade	Serialize concurrent weight-trend materialization	2026-10-06T03:56:22.1208598Z   └─ 0010_my_foods/
Populated Postgres Upgrade	Serialize concurrent weight-trend materialization	2026-10-06T03:56:22.1208875Z     └─ migration.sql
Populated Postgres Upgrade	Serialize concurrent weight-trend materialization	2026-10-06T03:56:22.1209459Z   └─ 0011_add_user_language/
Populated Postgres Upgrade	Serialize concurrent weight-trend materialization	2026-10-06T03:56:22.1209856Z     └─ migration.sql
Populated Postgres Upgrade	Serialize concurrent weight-trend materialization	2026-10-06T03:56:22.1210518Z   └─ 0012_session_store/
Populated Postgres Upgrade	Serialize concurrent weight-trend materialization	2026-10-06T03:56:22.1211189Z     └─ migration.sql
Populated Postgres Upgrade	Serialize concurrent weight-trend materialization	2026-10-06T03:56:22.1211921Z   └─ 0013_food_log_day_completion/
Populated Postgres Upgrade	Serialize concurrent weight-trend materialization	2026-10-06T03:56:22.1212941Z     └─ migration.sql
Populated Postgres Upgrade	Serialize concurrent weight-trend materialization	2026-10-06T03:56:22.1213823Z   └─ 0013_push_subscriptions/
Populated Postgres Upgrade	Serialize concurrent weight-trend materialization	2026-10-06T03:56:22.1214476Z     └─ migration.sql
Populated Postgres Upgrade	Serialize concurrent weight-trend materialization	2026-10-06T03:56:22.1215394Z   └─ 0014_push_subscription_reminders/
Populated Postgres Upgrade	Serialize concurrent weight-trend materialization	2026-10-06T03:56:22.1216114Z     └─ migration.sql
Populated Postgres Upgrade	Serialize concurrent weight-trend materialization	2026-10-06T03:56:22.1217028Z   └─ 0014_push_subscription_user_endpoint_uniqueness/
Populated Postgres Upgrade	Serialize concurrent weight-trend materialization	2026-10-06T03:56:22.1218898Z     └─ migration.sql
Populated Postgres Upgrade	Serialize concurrent weight-trend materialization	2026-10-06T03:56:22.1219728Z   └─ 0015_reminder_preference_flags/
Populated Postgres Upgrade	Serialize concurrent weight-trend materialization	2026-10-06T03:56:22.1220220Z     └─ migration.sql
Populated Postgres Upgrade	Serialize concurrent weight-trend materialization	2026-10-06T03:56:22.1220637Z   └─ 0016_bodymetric_trend_precompute/
Populated Postgres Upgrade	Serialize concurrent weight-trend materialization	2026-10-06T03:56:22.1221188Z     └─ migration.sql
Populated Postgres Upgrade	Serialize concurrent weight-trend materialization	2026-10-06T03:56:22.1236322Z   └─ 0016_in_app_notifications/
Populated Postgres Upgrade	Serialize concurrent weight-trend materialization	2026-10-06T03:56:22.1236923Z     └─ migration.sql
Populated Postgres Upgrade	Serialize concurrent weight-trend materialization	2026-10-06T03:56:22.1237492Z   └─ 0017_haptics_preference/
Populated Postgres Upgrade	Serialize concurrent weight-trend materialization	2026-10-06T03:56:22.1238302Z     └─ migration.sql
Populated Postgres Upgrade	Serialize concurrent weight-trend materialization	2026-10-06T03:56:22.1238895Z   └─ 0017_notification_delivery_channels/
Populated Postgres Upgrade	Serialize concurrent weight-trend materialization	2026-10-06T03:56:22.1239490Z     └─ migration.sql
Populated Postgres Upgrade	Serialize concurrent weight-trend materialization	2026-10-06T03:56:22.1240090Z   └─ 0018_food_log_external_snapshots/
Populated Postgres Upgrade	Serialize concurrent weight-trend materialization	2026-10-06T03:56:22.1240692Z     └─ migration.sql
Populated Postgres Upgrade	Serialize concurrent weight-trend materialization	2026-10-06T03:56:22.1241298Z   └─ 0019_backend_server_audit_indexes/
Populated Postgres Upgrade	Serialize concurrent weight-trend materialization	2026-10-06T03:56:22.1241883Z     └─ migration.sql
Populated Postgres Upgrade	Serialize concurrent weight-trend materialization	2026-10-06T03:56:22.1242441Z   └─ 0020_goal_active_lookup_index/
Populated Postgres Upgrade	Serialize concurrent weight-trend materialization	2026-10-06T03:56:22.1242794Z     └─ migration.sql
Populated Postgres Upgrade	Serialize concurrent weight-trend materialization	2026-10-06T03:56:22.1243134Z   └─ 0021_mobile_native_client/
Populated Postgres Upgrade	Serialize concurrent weight-trend materialization	2026-10-06T03:56:22.1243459Z     └─ migration.sql
Populated Postgres Upgrade	Serialize concurrent weight-trend materialization	2026-10-06T03:56:22.1243816Z   └─ 0022_bind_native_push_to_mobile_session/
Populated Postgres Upgrade	Serialize concurrent weight-trend materialization	2026-10-06T03:56:22.1244190Z     └─ migration.sql
Populated Postgres Upgrade	Serialize concurrent weight-trend materialization	2026-10-06T03:56:22.1244514Z   └─ 0023_client_sync_foundation/
Populated Postgres Upgrade	Serialize concurrent weight-trend materialization	2026-10-06T03:56:22.1244807Z     └─ migration.sql
Populated Postgres Upgrade	Serialize concurrent weight-trend materialization	2026-10-06T03:56:22.1245084Z   └─ 0024_account_lifecycle/
Populated Postgres Upgrade	Serialize concurrent weight-trend materialization	2026-10-06T03:56:22.1245384Z     └─ migration.sql
Populated Postgres Upgrade	Serialize concurrent weight-trend materialization	2026-10-06T03:56:22.1245657Z   └─ 0025_my_food_pinning/
Populated Postgres Upgrade	Serialize concurrent weight-trend materialization	2026-10-06T03:56:22.1245941Z     └─ migration.sql
Populated Postgres Upgrade	Serialize concurrent weight-trend materialization	2026-10-06T03:56:22.1246241Z   └─ 0026_health_connect_activity/
Populated Postgres Upgrade	Serialize concurrent weight-trend materialization	2026-10-06T03:56:22.1246564Z     └─ migration.sql
Populated Postgres Upgrade	Serialize concurrent weight-trend materialization	2026-10-06T03:56:22.1246838Z   └─ 0027_wear_os_pairing/
Populated Postgres Upgrade	Serialize concurrent weight-trend materialization	2026-10-06T03:56:22.1247470Z     └─ migration.sql
Populated Postgres Upgrade	Serialize concurrent weight-trend materialization	2026-10-06T03:56:22.1247801Z   └─ 0028_watch_operation_provenance/
Populated Postgres Upgrade	Serialize concurrent weight-trend materialization	2026-10-06T03:56:22.1248852Z     └─ migration.sql
Populated Postgres Upgrade	Serialize concurrent weight-trend materialization	2026-10-06T03:56:22.1249234Z   └─ 0029_push_subscription_endpoint_ownership/
Populated Postgres Upgrade	Serialize concurrent weight-trend materialization	2026-10-06T03:56:22.1249682Z     └─ migration.sql
Populated Postgres Upgrade	Serialize concurrent weight-trend materialization	2026-10-06T03:56:22.1250110Z   └─ 0030_day_resolution_and_tracking_pauses/
Populated Postgres Upgrade	Serialize concurrent weight-trend materialization	2026-10-06T03:56:22.1250472Z     └─ migration.sql
Populated Postgres Upgrade	Serialize concurrent weight-trend materialization	2026-10-06T03:56:22.1250775Z   └─ 0031_calibration_insights/
Populated Postgres Upgrade	Serialize concurrent weight-trend materialization	2026-10-06T03:56:22.1251061Z     └─ migration.sql
Populated Postgres Upgrade	Serialize concurrent weight-trend materialization	2026-10-06T03:56:22.1251346Z   └─ 0032_weight_trend_v2/
Populated Postgres Upgrade	Serialize concurrent weight-trend materialization	2026-10-06T03:56:22.1251615Z     └─ migration.sql
Populated Postgres Upgrade	Serialize concurrent weight-trend materialization	2026-10-06T03:56:22.1251939Z   └─ 0033_weight_trend_source_revision/
Populated Postgres Upgrade	Serialize concurrent weight-trend materialization	2026-10-06T03:56:22.1252263Z     └─ migration.sql
Populated Postgres Upgrade	Serialize concurrent weight-trend materialization	2026-10-06T03:56:22.1252565Z   └─ 0034_calorie_safety_policy/
Populated Postgres Upgrade	Serialize concurrent weight-trend materialization	2026-10-06T03:56:22.1252872Z     └─ migration.sql
Populated Postgres Upgrade	Serialize concurrent weight-trend materialization	2026-10-06T03:56:22.1253219Z   └─ 0035_account_verification_and_legal_consent/
Populated Postgres Upgrade	Serialize concurrent weight-trend materialization	2026-10-06T03:56:22.1253570Z     └─ migration.sql
Populated Postgres Upgrade	Serialize concurrent weight-trend materialization	2026-10-06T03:56:22.1253869Z   └─ 0036_atomic_onboarding/
Populated Postgres Upgrade	Serialize concurrent weight-trend materialization	2026-10-06T03:56:22.1254180Z     └─ migration.sql
Populated Postgres Upgrade	Serialize concurrent weight-trend materialization	2026-10-06T03:56:22.1254486Z   └─ 0037_saved_foods_library/
Populated Postgres Upgrade	Serialize concurrent weight-trend materialization	2026-10-06T03:56:22.1254785Z     └─ migration.sql
Populated Postgres Upgrade	Serialize concurrent weight-trend materialization	2026-10-06T03:56:22.1255094Z   └─ 0038_settings_trust_center/
Populated Postgres Upgrade	Serialize concurrent weight-trend materialization	2026-10-06T03:56:22.1255368Z     └─ migration.sql
Populated Postgres Upgrade	Serialize concurrent weight-trend materialization	2026-10-06T03:56:22.1255605Z   └─ 0039_mcp_oauth/
Populated Postgres Upgrade	Serialize concurrent weight-trend materialization	2026-10-06T03:56:22.1255846Z     └─ migration.sql
Populated Postgres Upgrade	Serialize concurrent weight-trend materialization	2026-10-06T03:56:22.1256099Z   └─ 0040_ios_native_support/
Populated Postgres Upgrade	Serialize concurrent weight-trend materialization	2026-10-06T03:56:22.1256393Z     └─ migration.sql
Populated Postgres Upgrade	Serialize concurrent weight-trend materialization	2026-10-06T03:56:22.1256645Z   └─ 0041_server_settings/
Populated Postgres Upgrade	Serialize concurrent weight-trend materialization	2026-10-06T03:56:22.1256929Z     └─ migration.sql
Populated Postgres Upgrade	Serialize concurrent weight-trend materialization	2026-10-06T03:56:22.1257220Z   └─ 0043_food_day_comparison/
Populated Postgres Upgrade	Serialize concurrent weight-trend materialization	2026-10-06T03:56:22.1257502Z     └─ migration.sql
Populated Postgres Upgrade	Serialize concurrent weight-trend materialization	2026-10-06T03:56:22.1257763Z   └─ 0044_goal_pace_history/
Populated Postgres Upgrade	Serialize concurrent weight-trend materialization	2026-10-06T03:56:22.1258345Z     └─ migration.sql
Populated Postgres Upgrade	Serialize concurrent weight-trend materialization	2026-10-06T03:56:22.1258670Z   └─ 0045_firebase_identity_foundation/
Populated Postgres Upgrade	Serialize concurrent weight-trend materialization	2026-10-06T03:56:22.1259008Z     └─ migration.sql
Populated Postgres Upgrade	Serialize concurrent weight-trend materialization	2026-10-06T03:56:22.1259159Z 
Populated Postgres Upgrade	Serialize concurrent weight-trend materialization	2026-10-06T03:56:22.1259353Z All migrations have been successfully applied.
Populated Postgres Upgrade	Serialize concurrent weight-trend materialization	2026-10-06T03:56:23.1640365Z [weight-trend-concurrency-smoke] PASS: two same-user recomputations queued on the advisory lock and produced one 12-row source revision.
Populated Postgres Upgrade	Verify goal pace continuity and concurrent saves	﻿2026-10-06T03:56:23.4091265Z ##[group]Run node scripts/postgres-goal-pace-smoke.mjs
Populated Postgres Upgrade	Verify goal pace continuity and concurrent saves	2026-10-06T03:56:23.4091749Z ^[[36;1mnode scripts/postgres-goal-pace-smoke.mjs^[[0m
Populated Postgres Upgrade	Verify goal pace continuity and concurrent saves	2026-10-06T03:56:23.4153966Z shell: /usr/bin/bash -e {0}
Populated Postgres Upgrade	Verify goal pace continuity and concurrent saves	2026-10-06T03:56:23.4154245Z env:
Populated Postgres Upgrade	Verify goal pace continuity and concurrent saves	2026-10-06T03:56:23.4154946Z   DATABASE_URL: ***localhost:5432/calibrate?schema=public
Populated Postgres Upgrade	Verify goal pace continuity and concurrent saves	2026-10-06T03:56:23.4155338Z ##[endgroup]
Populated Postgres Upgrade	Verify goal pace continuity and concurrent saves	2026-10-06T03:56:24.3410835Z Loaded Prisma config from prisma.config.ts.
Populated Postgres Upgrade	Verify goal pace continuity and concurrent saves	2026-10-06T03:56:24.3411348Z 
Populated Postgres Upgrade	Verify goal pace continuity and concurrent saves	2026-10-06T03:56:24.5066046Z Prisma schema loaded from prisma/schema.prisma.
Populated Postgres Upgrade	Verify goal pace continuity and concurrent saves	2026-10-06T03:56:24.5169945Z Datasource "db": PostgreSQL database "calibrate", schema "calibrate_upgrade_smoke_goal_pace_523d775cde391ab1" at "localhost:5432"
Populated Postgres Upgrade	Verify goal pace continuity and concurrent saves	2026-10-06T03:56:24.5900900Z 
Populated Postgres Upgrade	Verify goal pace continuity and concurrent saves	2026-10-06T03:56:24.5902147Z 48 migrations found in prisma/migrations
Populated Postgres Upgrade	Verify goal pace continuity and concurrent saves	2026-10-06T03:56:24.5902490Z 
Populated Postgres Upgrade	Verify goal pace continuity and concurrent saves	2026-10-06T03:56:24.6725264Z Applying migration `0001_init`
Populated Postgres Upgrade	Verify goal pace continuity and concurrent saves	2026-10-06T03:56:24.7051020Z Applying migration `0002_weight_units_grams`
Populated Postgres Upgrade	Verify goal pace continuity and concurrent saves	2026-10-06T03:56:24.7170986Z Applying migration `0003_bodymetric_date_only`
Populated Postgres Upgrade	Verify goal pace continuity and concurrent saves	2026-10-06T03:56:24.7285624Z Applying migration `0004_add_profile_fields`
Populated Postgres Upgrade	Verify goal pace continuity and concurrent saves	2026-10-06T03:56:24.7334515Z Applying migration `0005_add_user_timezone`
Populated Postgres Upgrade	Verify goal pace continuity and concurrent saves	2026-10-06T03:56:24.7367573Z Applying migration `0006_foodlog_local_date`
Populated Postgres Upgrade	Verify goal pace continuity and concurrent saves	2026-10-06T03:56:24.7423415Z Applying migration `0007_height_unit_preference`
Populated Postgres Upgrade	Verify goal pace continuity and concurrent saves	2026-10-06T03:56:24.7476877Z Applying migration `0008_meal_period_enum`
Populated Postgres Upgrade	Verify goal pace continuity and concurrent saves	2026-10-06T03:56:24.7591654Z Applying migration `0009_add_user_profile_image`
Populated Postgres Upgrade	Verify goal pace continuity and concurrent saves	2026-10-06T03:56:24.7620815Z Applying migration `0010_my_foods`
Populated Postgres Upgrade	Verify goal pace continuity and concurrent saves	2026-10-06T03:56:24.7887828Z Applying migration `0011_add_user_language`
Populated Postgres Upgrade	Verify goal pace continuity and concurrent saves	2026-10-06T03:56:24.7921737Z Applying migration `0012_session_store`
Populated Postgres Upgrade	Verify goal pace continuity and concurrent saves	2026-10-06T03:56:24.7994123Z Applying migration `0013_food_log_day_completion`
Populated Postgres Upgrade	Verify goal pace continuity and concurrent saves	2026-10-06T03:56:24.8082621Z Applying migration `0013_push_subscriptions`
Populated Postgres Upgrade	Verify goal pace continuity and concurrent saves	2026-10-06T03:56:24.8245903Z Applying migration `0014_push_subscription_reminders`
Populated Postgres Upgrade	Verify goal pace continuity and concurrent saves	2026-10-06T03:56:24.8273619Z Applying migration `0014_push_subscription_user_endpoint_uniqueness`
Populated Postgres Upgrade	Verify goal pace continuity and concurrent saves	2026-10-06T03:56:24.8321039Z Applying migration `0015_reminder_preference_flags`
Populated Postgres Upgrade	Verify goal pace continuity and concurrent saves	2026-10-06T03:56:24.8356831Z Applying migration `0016_bodymetric_trend_precompute`
Populated Postgres Upgrade	Verify goal pace continuity and concurrent saves	2026-10-06T03:56:24.8440869Z Applying migration `0016_in_app_notifications`
Populated Postgres Upgrade	Verify goal pace continuity and concurrent saves	2026-10-06T03:56:24.8601465Z Applying migration `0017_haptics_preference`
Populated Postgres Upgrade	Verify goal pace continuity and concurrent saves	2026-10-06T03:56:24.8667499Z Applying migration `0017_notification_delivery_channels`
Populated Postgres Upgrade	Verify goal pace continuity and concurrent saves	2026-10-06T03:56:24.8798825Z Applying migration `0018_food_log_external_snapshots`
Populated Postgres Upgrade	Verify goal pace continuity and concurrent saves	2026-10-06T03:56:24.8840586Z Applying migration `0019_backend_server_audit_indexes`
Populated Postgres Upgrade	Verify goal pace continuity and concurrent saves	2026-10-06T03:56:24.8880633Z Applying migration `0020_goal_active_lookup_index`
Populated Postgres Upgrade	Verify goal pace continuity and concurrent saves	2026-10-06T03:56:24.8906932Z Applying migration `0021_mobile_native_client`
Populated Postgres Upgrade	Verify goal pace continuity and concurrent saves	2026-10-06T03:56:24.9213435Z Applying migration `0022_bind_native_push_to_mobile_session`
Populated Postgres Upgrade	Verify goal pace continuity and concurrent saves	2026-10-06T03:56:24.9325622Z Applying migration `0023_client_sync_foundation`
Populated Postgres Upgrade	Verify goal pace continuity and concurrent saves	2026-10-06T03:56:24.9543893Z Applying migration `0024_account_lifecycle`
Populated Postgres Upgrade	Verify goal pace continuity and concurrent saves	2026-10-06T03:56:24.9796460Z Applying migration `0025_my_food_pinning`
Populated Postgres Upgrade	Verify goal pace continuity and concurrent saves	2026-10-06T03:56:24.9845780Z Applying migration `0026_health_connect_activity`
Populated Postgres Upgrade	Verify goal pace continuity and concurrent saves	2026-10-06T03:56:25.0385030Z Applying migration `0027_wear_os_pairing`
Populated Postgres Upgrade	Verify goal pace continuity and concurrent saves	2026-10-06T03:56:25.0588518Z Applying migration `0028_watch_operation_provenance`
Populated Postgres Upgrade	Verify goal pace continuity and concurrent saves	2026-10-06T03:56:25.0659605Z Applying migration `0029_push_subscription_endpoint_ownership`
Populated Postgres Upgrade	Verify goal pace continuity and concurrent saves	2026-10-06T03:56:25.0748761Z Applying migration `0030_day_resolution_and_tracking_pauses`
Populated Postgres Upgrade	Verify goal pace continuity and concurrent saves	2026-10-06T03:56:25.0918604Z Applying migration `0031_calibration_insights`
Populated Postgres Upgrade	Verify goal pace continuity and concurrent saves	2026-10-06T03:56:25.1197153Z Applying migration `0032_weight_trend_v2`
Populated Postgres Upgrade	Verify goal pace continuity and concurrent saves	2026-10-06T03:56:25.1236772Z Applying migration `0033_weight_trend_source_revision`
Populated Postgres Upgrade	Verify goal pace continuity and concurrent saves	2026-10-06T03:56:25.1266018Z Applying migration `0034_calorie_safety_policy`
Populated Postgres Upgrade	Verify goal pace continuity and concurrent saves	2026-10-06T03:56:25.1581989Z Applying migration `0035_account_verification_and_legal_consent`
Populated Postgres Upgrade	Verify goal pace continuity and concurrent saves	2026-10-06T03:56:25.1836491Z Applying migration `0036_atomic_onboarding`
Populated Postgres Upgrade	Verify goal pace continuity and concurrent saves	2026-10-06T03:56:25.1880038Z Applying migration `0037_saved_foods_library`
Populated Postgres Upgrade	Verify goal pace continuity and concurrent saves	2026-10-06T03:56:25.1923121Z Applying migration `0038_settings_trust_center`
Populated Postgres Upgrade	Verify goal pace continuity and concurrent saves	2026-10-06T03:56:25.2234908Z Applying migration `0039_mcp_oauth`
Populated Postgres Upgrade	Verify goal pace continuity and concurrent saves	2026-10-06T03:56:25.2809438Z Applying migration `0040_ios_native_support`
Populated Postgres Upgrade	Verify goal pace continuity and concurrent saves	2026-10-06T03:56:25.2841803Z Applying migration `0041_server_settings`
Populated Postgres Upgrade	Verify goal pace continuity and concurrent saves	2026-10-06T03:56:25.2893910Z Applying migration `0043_food_day_comparison`
Populated Postgres Upgrade	Verify goal pace continuity and concurrent saves	2026-10-06T03:56:25.2926743Z Applying migration `0044_goal_pace_history`
Populated Postgres Upgrade	Verify goal pace continuity and concurrent saves	2026-10-06T03:56:25.2953821Z Applying migration `0045_firebase_identity_foundation`
Populated Postgres Upgrade	Verify goal pace continuity and concurrent saves	2026-10-06T03:56:25.3111983Z 
Populated Postgres Upgrade	Verify goal pace continuity and concurrent saves	2026-10-06T03:56:25.3124264Z The following migration(s) have been applied:
Populated Postgres Upgrade	Verify goal pace continuity and concurrent saves	2026-10-06T03:56:25.3125023Z 
Populated Postgres Upgrade	Verify goal pace continuity and concurrent saves	2026-10-06T03:56:25.3125385Z migrations/
Populated Postgres Upgrade	Verify goal pace continuity and concurrent saves	2026-10-06T03:56:25.3126304Z   └─ 0001_init/
Populated Postgres Upgrade	Verify goal pace continuity and concurrent saves	2026-10-06T03:56:25.3126812Z     └─ migration.sql
Populated Postgres Upgrade	Verify goal pace continuity and concurrent saves	2026-10-06T03:56:25.3127441Z   └─ 0002_weight_units_grams/
Populated Postgres Upgrade	Verify goal pace continuity and concurrent saves	2026-10-06T03:56:25.3128314Z     └─ migration.sql
Populated Postgres Upgrade	Verify goal pace continuity and concurrent saves	2026-10-06T03:56:25.3128895Z   └─ 0003_bodymetric_date_only/
Populated Postgres Upgrade	Verify goal pace continuity and concurrent saves	2026-10-06T03:56:25.3129509Z     └─ migration.sql
Populated Postgres Upgrade	Verify goal pace continuity and concurrent saves	2026-10-06T03:56:25.3130093Z   └─ 0004_add_profile_fields/
Populated Postgres Upgrade	Verify goal pace continuity and concurrent saves	2026-10-06T03:56:25.3130698Z     └─ migration.sql
Populated Postgres Upgrade	Verify goal pace continuity and concurrent saves	2026-10-06T03:56:25.3131236Z   └─ 0005_add_user_timezone/
Populated Postgres Upgrade	Verify goal pace continuity and concurrent saves	2026-10-06T03:56:25.3131798Z     └─ migration.sql
Populated Postgres Upgrade	Verify goal pace continuity and concurrent saves	2026-10-06T03:56:25.3132358Z   └─ 0006_foodlog_local_date/
Populated Postgres Upgrade	Verify goal pace continuity and concurrent saves	2026-10-06T03:56:25.3132888Z     └─ migration.sql
Populated Postgres Upgrade	Verify goal pace continuity and concurrent saves	2026-10-06T03:56:25.3133493Z   └─ 0007_height_unit_preference/
Populated Postgres Upgrade	Verify goal pace continuity and concurrent saves	2026-10-06T03:56:25.3134196Z     └─ migration.sql
Populated Postgres Upgrade	Verify goal pace continuity and concurrent saves	2026-10-06T03:56:25.3134799Z   └─ 0008_meal_period_enum/
Populated Postgres Upgrade	Verify goal pace continuity and concurrent saves	2026-10-06T03:56:25.3135353Z     └─ migration.sql
Populated Postgres Upgrade	Verify goal pace continuity and concurrent saves	2026-10-06T03:56:25.3135896Z   └─ 0009_add_user_profile_image/
Populated Postgres Upgrade	Verify goal pace continuity and concurrent saves	2026-10-06T03:56:25.3136458Z     └─ migration.sql
Populated Postgres Upgrade	Verify goal pace continuity and concurrent saves	2026-10-06T03:56:25.3136893Z   └─ 0010_my_foods/
Populated Postgres Upgrade	Verify goal pace continuity and concurrent saves	2026-10-06T03:56:25.3137297Z     └─ migration.sql
Populated Postgres Upgrade	Verify goal pace continuity and concurrent saves	2026-10-06T03:56:25.3137766Z   └─ 0011_add_user_language/
Populated Postgres Upgrade	Verify goal pace continuity and concurrent saves	2026-10-06T03:56:25.3138731Z     └─ migration.sql
Populated Postgres Upgrade	Verify goal pace continuity and concurrent saves	2026-10-06T03:56:25.3139171Z   └─ 0012_session_store/
Populated Postgres Upgrade	Verify goal pace continuity and concurrent saves	2026-10-06T03:56:25.3139605Z     └─ migration.sql
Populated Postgres Upgrade	Verify goal pace continuity and concurrent saves	2026-10-06T03:56:25.3140072Z   └─ 0013_food_log_day_completion/
Populated Postgres Upgrade	Verify goal pace continuity and concurrent saves	2026-10-06T03:56:25.3140532Z     └─ migration.sql
Populated Postgres Upgrade	Verify goal pace continuity and concurrent saves	2026-10-06T03:56:25.3140962Z   └─ 0013_push_subscriptions/
Populated Postgres Upgrade	Verify goal pace continuity and concurrent saves	2026-10-06T03:56:25.3141418Z     └─ migration.sql
Populated Postgres Upgrade	Verify goal pace continuity and concurrent saves	2026-10-06T03:56:25.3141924Z   └─ 0014_push_subscription_reminders/
Populated Postgres Upgrade	Verify goal pace continuity and concurrent saves	2026-10-06T03:56:25.3142412Z     └─ migration.sql
Populated Postgres Upgrade	Verify goal pace continuity and concurrent saves	2026-10-06T03:56:25.3142957Z   └─ 0014_push_subscription_user_endpoint_uniqueness/
Populated Postgres Upgrade	Verify goal pace continuity and concurrent saves	2026-10-06T03:56:25.3143506Z     └─ migration.sql
Populated Postgres Upgrade	Verify goal pace continuity and concurrent saves	2026-10-06T03:56:25.3144023Z   └─ 0015_reminder_preference_flags/
Populated Postgres Upgrade	Verify goal pace continuity and concurrent saves	2026-10-06T03:56:25.3144492Z     └─ migration.sql
Populated Postgres Upgrade	Verify goal pace continuity and concurrent saves	2026-10-06T03:56:25.3144997Z   └─ 0016_bodymetric_trend_precompute/
Populated Postgres Upgrade	Verify goal pace continuity and concurrent saves	2026-10-06T03:56:25.3145486Z     └─ migration.sql
Populated Postgres Upgrade	Verify goal pace continuity and concurrent saves	2026-10-06T03:56:25.3145921Z   └─ 0016_in_app_notifications/
Populated Postgres Upgrade	Verify goal pace continuity and concurrent saves	2026-10-06T03:56:25.3146347Z     └─ migration.sql
Populated Postgres Upgrade	Verify goal pace continuity and concurrent saves	2026-10-06T03:56:25.3146742Z   └─ 0017_haptics_preference/
Populated Postgres Upgrade	Verify goal pace continuity and concurrent saves	2026-10-06T03:56:25.3147156Z     └─ migration.sql
Populated Postgres Upgrade	Verify goal pace continuity and concurrent saves	2026-10-06T03:56:25.3148783Z   └─ 0017_notification_delivery_channels/
Populated Postgres Upgrade	Verify goal pace continuity and concurrent saves	2026-10-06T03:56:25.3149304Z     └─ migration.sql
Populated Postgres Upgrade	Verify goal pace continuity and concurrent saves	2026-10-06T03:56:25.3149797Z   └─ 0018_food_log_external_snapshots/
Populated Postgres Upgrade	Verify goal pace continuity and concurrent saves	2026-10-06T03:56:25.3150334Z     └─ migration.sql
Populated Postgres Upgrade	Verify goal pace continuity and concurrent saves	2026-10-06T03:56:25.3150870Z   └─ 0019_backend_server_audit_indexes/
Populated Postgres Upgrade	Verify goal pace continuity and concurrent saves	2026-10-06T03:56:25.3151361Z     └─ migration.sql
Populated Postgres Upgrade	Verify goal pace continuity and concurrent saves	2026-10-06T03:56:25.3151824Z   └─ 0020_goal_active_lookup_index/
Populated Postgres Upgrade	Verify goal pace continuity and concurrent saves	2026-10-06T03:56:25.3152308Z     └─ migration.sql
Populated Postgres Upgrade	Verify goal pace continuity and concurrent saves	2026-10-06T03:56:25.3152812Z   └─ 0021_mobile_native_client/
Populated Postgres Upgrade	Verify goal pace continuity and concurrent saves	2026-10-06T03:56:25.3153312Z     └─ migration.sql
Populated Postgres Upgrade	Verify goal pace continuity and concurrent saves	2026-10-06T03:56:25.3153811Z   └─ 0022_bind_native_push_to_mobile_session/
Populated Postgres Upgrade	Verify goal pace continuity and concurrent saves	2026-10-06T03:56:25.3154329Z     └─ migration.sql
Populated Postgres Upgrade	Verify goal pace continuity and concurrent saves	2026-10-06T03:56:25.3154790Z   └─ 0023_client_sync_foundation/
Populated Postgres Upgrade	Verify goal pace continuity and concurrent saves	2026-10-06T03:56:25.3155267Z     └─ migration.sql
Populated Postgres Upgrade	Verify goal pace continuity and concurrent saves	2026-10-06T03:56:25.3155684Z   └─ 0024_account_lifecycle/
Populated Postgres Upgrade	Verify goal pace continuity and concurrent saves	2026-10-06T03:56:25.3156102Z     └─ migration.sql
Populated Postgres Upgrade	Verify goal pace continuity and concurrent saves	2026-10-06T03:56:25.3156486Z   └─ 0025_my_food_pinning/
Populated Postgres Upgrade	Verify goal pace continuity and concurrent saves	2026-10-06T03:56:25.3156893Z     └─ migration.sql
Populated Postgres Upgrade	Verify goal pace continuity and concurrent saves	2026-10-06T03:56:25.3157439Z   └─ 0026_health_connect_activity/
Populated Postgres Upgrade	Verify goal pace continuity and concurrent saves	2026-10-06T03:56:25.3158286Z     └─ migration.sql
Populated Postgres Upgrade	Verify goal pace continuity and concurrent saves	2026-10-06T03:56:25.3158783Z   └─ 0027_wear_os_pairing/
Populated Postgres Upgrade	Verify goal pace continuity and concurrent saves	2026-10-06T03:56:25.3159315Z     └─ migration.sql
Populated Postgres Upgrade	Verify goal pace continuity and concurrent saves	2026-10-06T03:56:25.3160226Z   └─ 0028_watch_operation_provenance/
Populated Postgres Upgrade	Verify goal pace continuity and concurrent saves	2026-10-06T03:56:25.3160804Z     └─ migration.sql
Populated Postgres Upgrade	Verify goal pace continuity and concurrent saves	2026-10-06T03:56:25.3161397Z   └─ 0029_push_subscription_endpoint_ownership/
Populated Postgres Upgrade	Verify goal pace continuity and concurrent saves	2026-10-06T03:56:25.3162018Z     └─ migration.sql
Populated Postgres Upgrade	Verify goal pace continuity and concurrent saves	2026-10-06T03:56:25.3162578Z   └─ 0030_day_resolution_and_tracking_pauses/
Populated Postgres Upgrade	Verify goal pace continuity and concurrent saves	2026-10-06T03:56:25.3163192Z     └─ migration.sql
Populated Postgres Upgrade	Verify goal pace continuity and concurrent saves	2026-10-06T03:56:25.3163690Z   └─ 0031_calibration_insights/
Populated Postgres Upgrade	Verify goal pace continuity and concurrent saves	2026-10-06T03:56:25.3164249Z     └─ migration.sql
Populated Postgres Upgrade	Verify goal pace continuity and concurrent saves	2026-10-06T03:56:25.3164728Z   └─ 0032_weight_trend_v2/
Populated Postgres Upgrade	Verify goal pace continuity and concurrent saves	2026-10-06T03:56:25.3165216Z     └─ migration.sql
Populated Postgres Upgrade	Verify goal pace continuity and concurrent saves	2026-10-06T03:56:25.3165784Z   └─ 0033_weight_trend_source_revision/
Populated Postgres Upgrade	Verify goal pace continuity and concurrent saves	2026-10-06T03:56:25.3166329Z     └─ migration.sql
Populated Postgres Upgrade	Verify goal pace continuity and concurrent saves	2026-10-06T03:56:25.3166866Z   └─ 0034_calorie_safety_policy/
Populated Postgres Upgrade	Verify goal pace continuity and concurrent saves	2026-10-06T03:56:25.3167425Z     └─ migration.sql
Populated Postgres Upgrade	Verify goal pace continuity and concurrent saves	2026-10-06T03:56:25.3168246Z   └─ 0035_account_verification_and_legal_consent/
Populated Postgres Upgrade	Verify goal pace continuity and concurrent saves	2026-10-06T03:56:25.3168884Z     └─ migration.sql
Populated Postgres Upgrade	Verify goal pace continuity and concurrent saves	2026-10-06T03:56:25.3169417Z   └─ 0036_atomic_onboarding/
Populated Postgres Upgrade	Verify goal pace continuity and concurrent saves	2026-10-06T03:56:25.3169974Z     └─ migration.sql
Populated Postgres Upgrade	Verify goal pace continuity and concurrent saves	2026-10-06T03:56:25.3170546Z   └─ 0037_saved_foods_library/
Populated Postgres Upgrade	Verify goal pace continuity and concurrent saves	2026-10-06T03:56:25.3171060Z     └─ migration.sql
Populated Postgres Upgrade	Verify goal pace continuity and concurrent saves	2026-10-06T03:56:25.3171569Z   └─ 0038_settings_trust_center/
Populated Postgres Upgrade	Verify goal pace continuity and concurrent saves	2026-10-06T03:56:25.3172074Z     └─ migration.sql
Populated Postgres Upgrade	Verify goal pace continuity and concurrent saves	2026-10-06T03:56:25.3172547Z   └─ 0039_mcp_oauth/
Populated Postgres Upgrade	Verify goal pace continuity and concurrent saves	2026-10-06T03:56:25.3172995Z     └─ migration.sql
Populated Postgres Upgrade	Verify goal pace continuity and concurrent saves	2026-10-06T03:56:25.3173475Z   └─ 0040_ios_native_support/
Populated Postgres Upgrade	Verify goal pace continuity and concurrent saves	2026-10-06T03:56:25.3173971Z     └─ migration.sql
Populated Postgres Upgrade	Verify goal pace continuity and concurrent saves	2026-10-06T03:56:25.3174434Z   └─ 0041_server_settings/
Populated Postgres Upgrade	Verify goal pace continuity and concurrent saves	2026-10-06T03:56:25.3174942Z     └─ migration.sql
Populated Postgres Upgrade	Verify goal pace continuity and concurrent saves	2026-10-06T03:56:25.3175444Z   └─ 0043_food_day_comparison/
Populated Postgres Upgrade	Verify goal pace continuity and concurrent saves	2026-10-06T03:56:25.3175937Z     └─ migration.sql
Populated Postgres Upgrade	Verify goal pace continuity and concurrent saves	2026-10-06T03:56:25.3176402Z   └─ 0044_goal_pace_history/
Populated Postgres Upgrade	Verify goal pace continuity and concurrent saves	2026-10-06T03:56:25.3176883Z     └─ migration.sql
Populated Postgres Upgrade	Verify goal pace continuity and concurrent saves	2026-10-06T03:56:25.3177473Z   └─ 0045_firebase_identity_foundation/
Populated Postgres Upgrade	Verify goal pace continuity and concurrent saves	2026-10-06T03:56:25.3178624Z     └─ migration.sql
Populated Postgres Upgrade	Verify goal pace continuity and concurrent saves	2026-10-06T03:56:25.3178907Z 
Populated Postgres Upgrade	Verify goal pace continuity and concurrent saves	2026-10-06T03:56:25.3179261Z All migrations have been successfully applied.
Populated Postgres Upgrade	Verify goal pace continuity and concurrent saves	2026-10-06T03:56:27.0748907Z [goal-pace-smoke] PASS: overlapping weight route commits; stale pace returns409 with no revision.
Populated Postgres Upgrade	Verify goal pace continuity and concurrent saves	2026-10-06T03:56:27.1427043Z [goal-pace-smoke] PASS: overlapping timezone route commits; stale pace returns409 with no revision.
Populated Postgres Upgrade	Verify goal pace continuity and concurrent saves	2026-10-06T03:56:27.2841601Z [goal-pace-smoke] PASS: pace-first profile conflict returns retryable409, rolls back, and succeeds on fresh retry.
Populated Postgres Upgrade	Verify goal pace continuity and concurrent saves	2026-10-06T03:56:27.4942917Z [goal-pace-smoke] PASS: pace-first overlap makes the later weight safety check review the accepted pace.
Populated Postgres Upgrade	Verify goal pace continuity and concurrent saves	2026-10-06T03:56:27.4945368Z [goal-pace-smoke] PASS: real Postgres continuity, receipt replay, concurrent stale-editor rejection, immutable completed comparison and intentional new identity.
Populated Postgres Upgrade	Post Setup Node	﻿2026-10-06T03:56:27.7938614Z Post job cleanup.
Populated Postgres Upgrade	Post Setup Node	2026-10-06T03:56:27.9209483Z (node:3371) [DEP0040] DeprecationWarning: The `punycode` module is deprecated. Please use a userland alternative instead.
Populated Postgres Upgrade	Post Setup Node	2026-10-06T03:56:27.9211576Z (Use `node --trace-deprecation ...` to show where the warning was created)
Populated Postgres Upgrade	Post Setup Node	2026-10-06T03:56:27.9214288Z Cache hit occurred on the primary key node-cache-Linux-x64-npm-9ad1fc3d02200f097d647c965e5a2c426e45ead6e22fb282009302d8eeb7a3d3, not saving cache.
Populated Postgres Upgrade	Post Checkout	﻿2026-10-06T03:56:27.9345564Z Post job cleanup.
Populated Postgres Upgrade	Post Checkout	2026-10-06T03:56:28.0215081Z [command]/usr/bin/git version
Populated Postgres Upgrade	Post Checkout	2026-10-06T03:56:28.0257938Z git version 2.55.0
Populated Postgres Upgrade	Post Checkout	2026-10-06T03:56:28.0297724Z Temporarily overriding HOME='/home/runner/work/_temp/ae546825-8076-45ca-b099-5f1d703af68b' before making global git config changes
Populated Postgres Upgrade	Post Checkout	2026-10-06T03:56:28.0299855Z Adding repository directory to the temporary git global config as a safe directory
Populated Postgres Upgrade	Post Checkout	2026-10-06T03:56:28.0303459Z [command]/usr/bin/git config --global --add safe.directory /home/runner/work/calibrate-health/calibrate-health
Populated Postgres Upgrade	Post Checkout	2026-10-06T03:56:28.0344989Z [command]/usr/bin/git config --local --name-only --get-regexp core\.sshCommand
Populated Postgres Upgrade	Post Checkout	2026-10-06T03:56:28.0382246Z [command]/usr/bin/git submodule foreach --recursive sh -c "git config --local --name-only --get-regexp 'core\.sshCommand' && git config --local --unset-all 'core.sshCommand' || :"
Populated Postgres Upgrade	Post Checkout	2026-10-06T03:56:28.0655258Z [command]/usr/bin/git config --local --name-only --get-regexp http\.https\:\/\/github\.com\/\.extraheader
Populated Postgres Upgrade	Post Checkout	2026-10-06T03:56:28.0685860Z http.https://github.com/.extraheader
Populated Postgres Upgrade	Post Checkout	2026-10-06T03:56:28.0700111Z [command]/usr/bin/git config --local --unset-all http.https://github.com/.extraheader
Populated Postgres Upgrade	Post Checkout	2026-10-06T03:56:28.0737755Z [command]/usr/bin/git submodule foreach --recursive sh -c "git config --local --name-only --get-regexp 'http\.https\:\/\/github\.com\/\.extraheader' && git config --local --unset-all 'http.https://github.com/.extraheader' || :"
Populated Postgres Upgrade	Post Checkout	2026-10-06T03:56:28.1051113Z [command]/usr/bin/git config --local --name-only --get-regexp ^includeIf\.gitdir:
Populated Postgres Upgrade	Post Checkout	2026-10-06T03:56:28.1110394Z [command]/usr/bin/git submodule foreach --recursive git config --local --show-origin --name-only --get-regexp remote.origin.url
Populated Postgres Upgrade	Stop containers	﻿2026-10-06T03:56:28.1534607Z Print service container logs: b1963aff334446fa8ed2167772816e0f_postgres15alpine_b78b99
Populated Postgres Upgrade	Stop containers	2026-10-06T03:56:28.1539454Z ##[command]/usr/bin/docker logs --details a4f775bc637506c2421167d7dfbd75ee23318dd1e37633c449a71c83d622700a
Populated Postgres Upgrade	Stop containers	2026-10-06T03:56:28.1667207Z  The files belonging to this database system will be owned by user "postgres".
Populated Postgres Upgrade	Stop containers	2026-10-06T03:56:28.1669444Z  sh: locale: not found
Populated Postgres Upgrade	Stop containers	2026-10-06T03:56:28.1669929Z  This user must also own the server process.
Populated Postgres Upgrade	Stop containers	2026-10-06T03:56:28.1670501Z  
Populated Postgres Upgrade	Stop containers	2026-10-06T03:56:28.1671120Z  The database cluster will be initialized with locale "en_US.utf8".
Populated Postgres Upgrade	Stop containers	2026-10-06T03:56:28.1672092Z  2026-10-06 03:55:56.548 UTC [35] WARNING:  no usable system locales were found
Populated Postgres Upgrade	Stop containers	2026-10-06T03:56:28.1672940Z  initdb: warning: enabling "trust" authentication for local connections
Populated Postgres Upgrade	Stop containers	2026-10-06T03:56:28.1673754Z  The default database encoding has accordingly been set to "UTF8".
Populated Postgres Upgrade	Stop containers	2026-10-06T03:56:28.1674586Z  initdb: hint: You can change this by editing pg_hba.conf or using the option -A, or --auth-local and --auth-host, the next time you run initdb.
Populated Postgres Upgrade	Stop containers	2026-10-06T03:56:28.1675525Z  2026-10-06 03:55:57.396 UTC [1] LOG:  starting PostgreSQL 15.19 on x86_64-pc-linux-musl, compiled by gcc (Alpine 15.2.0) 15.2.0, 64-bit
Populated Postgres Upgrade	Stop containers	2026-10-06T03:56:28.1676187Z  2026-10-06 03:55:57.397 UTC [1] LOG:  listening on IPv4 address "0.0.0.0", port 5432
Populated Postgres Upgrade	Stop containers	2026-10-06T03:56:28.1676675Z  2026-10-06 03:55:57.397 UTC [1] LOG:  listening on IPv6 address "::", port 5432
Populated Postgres Upgrade	Stop containers	2026-10-06T03:56:28.1677205Z  2026-10-06 03:55:57.398 UTC [1] LOG:  listening on Unix socket "/var/run/postgresql/.s.PGSQL.5432"
Populated Postgres Upgrade	Stop containers	2026-10-06T03:56:28.1677785Z  2026-10-06 03:55:57.401 UTC [57] LOG:  database system was shut down at 2026-10-06 03:55:57 UTC
Populated Postgres Upgrade	Stop containers	2026-10-06T03:56:28.1678808Z  2026-10-06 03:55:57.405 UTC [1] LOG:  database system is ready to accept connections
Populated Postgres Upgrade	Stop containers	2026-10-06T03:56:28.1679325Z  2026-10-06 03:56:19.844 UTC [131] ERROR:  Firebase identity mapping is immutable
Populated Postgres Upgrade	Stop containers	2026-10-06T03:56:28.1680414Z  2026-10-06 03:56:19.844 UTC [131] CONTEXT:  PL/pgSQL function calibrate_upgrade_smoke_3071_41dea7e4ece1.calibrate_immutable_firebase_identity() line 15 at RAISE
Populated Postgres Upgrade	Stop containers	2026-10-06T03:56:28.1681478Z  2026-10-06 03:56:19.844 UTC [131] STATEMENT:  UPDATE "calibrate_upgrade_smoke_3071_41dea7e4ece1"."FirebaseIdentity" SET "uid" = 'changed-uid' WHERE "user_id" = $1
Populated Postgres Upgrade	Stop containers	2026-10-06T03:56:28.1682345Z  2026-10-06 03:56:19.845 UTC [131] ERROR:  Firebase identity mapping cannot be removed from a live account
Populated Postgres Upgrade	Stop containers	2026-10-06T03:56:28.1683189Z  2026-10-06 03:56:19.845 UTC [131] CONTEXT:  PL/pgSQL function calibrate_upgrade_smoke_3071_41dea7e4ece1.calibrate_immutable_firebase_identity() line 8 at RAISE
Populated Postgres Upgrade	Stop containers	2026-10-06T03:56:28.1684188Z  2026-10-06 03:56:19.845 UTC [131] STATEMENT:  DELETE FROM "calibrate_upgrade_smoke_3071_41dea7e4ece1"."FirebaseIdentity" WHERE "user_id" = $1
Populated Postgres Upgrade	Stop containers	2026-10-06T03:56:28.1685040Z  2026-10-06 03:56:19.847 UTC [131] ERROR:  duplicate key value violates unique constraint "FirebaseIdentity_project_id_uid_key"
Populated Postgres Upgrade	Stop containers	2026-10-06T03:56:28.1685827Z  2026-10-06 03:56:19.847 UTC [131] DETAIL:  Key (project_id, uid)=(synthetic-project, synthetic-uid) already exists.
Populated Postgres Upgrade	Stop containers	2026-10-06T03:56:28.1686776Z  2026-10-06 03:56:19.847 UTC [131] STATEMENT:  INSERT INTO "calibrate_upgrade_smoke_3071_41dea7e4ece1"."FirebaseIdentity" ("user_id", "installation_id", "source_id", "project_id", "uid")
Populated Postgres Upgrade	Stop containers	2026-10-06T03:56:28.1688018Z  	      VALUES ($1, 'synthetic-install', 'synthetic-source', 'synthetic-project', 'synthetic-uid')
Populated Postgres Upgrade	Stop containers	2026-10-06T03:56:28.1689117Z  2026-10-06 03:56:19.871 UTC [131] ERROR:  Credential security version cannot decrease
Populated Postgres Upgrade	Stop containers	2026-10-06T03:56:28.1690520Z  2026-10-06 03:56:19.871 UTC [131] CONTEXT:  PL/pgSQL function calibrate_upgrade_smoke_3071_41dea7e4ece1.calibrate_credential_security_version() line 4 at RAISE
Populated Postgres Upgrade	Stop containers	2026-10-06T03:56:28.1691755Z  2026-10-06 03:56:19.871 UTC [131] STATEMENT:  UPDATE "calibrate_upgrade_smoke_3071_41dea7e4ece1"."User" SET "credential_security_version" = 0 WHERE "id" = $1
Populated Postgres Upgrade	Stop containers	2026-10-06T03:56:28.1692594Z  2026-10-06 03:56:23.089 UTC [161] ERROR:  duplicate key value violates unique constraint "BodyMetricTrend_pkey"
Populated Postgres Upgrade	Stop containers	2026-10-06T03:56:28.1693468Z  2026-10-06 03:56:23.089 UTC [161] DETAIL:  Key (metric_id)=(1700000000) already exists.
Populated Postgres Upgrade	Stop containers	2026-10-06T03:56:28.1696030Z  2026-10-06 03:56:23.089 UTC [161] STATEMENT:  INSERT INTO "calibrate_upgrade_smoke_weight_trend_3183_3b5c0bc2f7a0"."BodyMetricTrend" ("metric_id","user_id","date","trend_weight_grams","trend_ci_lower_grams","trend_ci_upper_grams","trend_std_grams","trend_rate_grams_per_day","trend_rate_std_grams_per_day","model_version","source_revision","computed_at") VALUES ($1,$2,$3,$4,$5,$6,$7,$8,$9,$10,$11,$12), ($13,$14,$15,$16,$17,$18,$19,$20,$21,$22,$23,$24), ($25,$26,$27,$28,$29,$30,$31,$32,$33,$34,$35,$36), ($37,$38,$39,$40,$41,$42,$43,$44,$45,$46,$47,$48), ($49,$50,$51,$52,$53,$54,$55,$56,$57,$58,$59,$60), ($61,$62,$63,$64,$65,$66,$67,$68,$69,$70,$71,$72), ($73,$74,$75,$76,$77,$78,$79,$80,$81,$82,$83,$84), ($85,$86,$87,$88,$89,$90,$91,$92,$93,$94,$95,$96), ($97,$98,$99,$100,$101,$102,$103,$104,$105,$106,$107,$108), ($109,$110,$111,$112,$113,$114,$115,$116,$117,$118,$119,$120), ($121,$122,$123,$124,$125,$126,$127,$128,$129,$130,$131,$132), ($133,$134,$135,$136,$137,$138,$139,$140,$141,$142,$143,$144)
Populated Postgres Upgrade	Stop containers	2026-10-06T03:56:28.1699106Z  2026-10-06 03:56:26.849 UTC [180] ERROR:  duplicate key value violates unique constraint "ClientOperation_user_id_operation_id_key"
Populated Postgres Upgrade	Stop containers	2026-10-06T03:56:28.1699928Z  2026-10-06 03:56:26.849 UTC [180] DETAIL:  Key (user_id, operation_id)=(1, 2a1b5ebf-bbf7-4b3f-bd5b-b5f514a76c1d) already exists.
Populated Postgres Upgrade	Stop containers	2026-10-06T03:56:28.1703971Z  2026-10-06 03:56:26.849 UTC [180] STATEMENT:  INSERT INTO "calibrate_upgrade_smoke_goal_pace_523d775cde391ab1"."ClientOperation" ("user_id","operation_id","operation_kind","request_hash","created_at") VALUES ($1,$2,$3,$4,$5) RETURNING "calibrate_upgrade_smoke_goal_pace_523d775cde391ab1"."ClientOperation"."id", "calibrate_upgrade_smoke_goal_pace_523d775cde391ab1"."ClientOperation"."user_id", "calibrate_upgrade_smoke_goal_pace_523d775cde391ab1"."ClientOperation"."mobile_auth_session_id", "calibrate_upgrade_smoke_goal_pace_523d775cde391ab1"."ClientOperation"."operation_id", "calibrate_upgrade_smoke_goal_pace_523d775cde391ab1"."ClientOperation"."operation_kind", "calibrate_upgrade_smoke_goal_pace_523d775cde391ab1"."ClientOperation"."request_hash", "calibrate_upgrade_smoke_goal_pace_523d775cde391ab1"."ClientOperation"."response_status", "calibrate_upgrade_smoke_goal_pace_523d775cde391ab1"."ClientOperation"."response_body", "calibrate_upgrade_smoke_goal_pace_523d775cde391ab1"."ClientOperation"."created_at", "calibrate_upgrade_smoke_goal_pace_523d775cde391ab1"."ClientOperation"."completed_at"
Populated Postgres Upgrade	Stop containers	2026-10-06T03:56:28.1708459Z  2026-10-06 03:56:26.995 UTC [181] ERROR:  could not serialize access due to concurrent update
Populated Postgres Upgrade	Stop containers	2026-10-06T03:56:28.1709068Z  2026-10-06 03:56:26.995 UTC [181] STATEMENT:  UPDATE "User" SET "timezone" = "timezone" WHERE "id" = $1
Populated Postgres Upgrade	Stop containers	2026-10-06T03:56:28.1709660Z  2026-10-06 03:56:27.053 UTC [180] ERROR:  could not serialize access due to concurrent update
Populated Postgres Upgrade	Stop containers	2026-10-06T03:56:28.1710242Z  2026-10-06 03:56:27.053 UTC [180] STATEMENT:  UPDATE "User" SET "timezone" = "timezone" WHERE "id" = $1
Populated Postgres Upgrade	Stop containers	2026-10-06T03:56:28.1710821Z  2026-10-06 03:56:27.137 UTC [180] ERROR:  could not serialize access due to concurrent update
Populated Postgres Upgrade	Stop containers	2026-10-06T03:56:28.1711403Z  2026-10-06 03:56:27.137 UTC [180] STATEMENT:  UPDATE "User" SET "timezone" = "timezone" WHERE "id" = $1
Populated Postgres Upgrade	Stop containers	2026-10-06T03:56:28.1711987Z  2026-10-06 03:56:27.233 UTC [181] ERROR:  could not serialize access due to concurrent update
Populated Postgres Upgrade	Stop containers	2026-10-06T03:56:28.1718937Z  2026-10-06 03:56:27.233 UTC [181] STATEMENT:  UPDATE "calibrate_upgrade_smoke_goal_pace_523d775cde391ab1"."User" SET "timezone" = $1 WHERE ("calibrate_upgrade_smoke_goal_pace_523d775cde391ab1"."User"."id" = $2 AND 1=1) RETURNING "calibrate_upgrade_smoke_goal_pace_523d775cde391ab1"."User"."id", "calibrate_upgrade_smoke_goal_pace_523d775cde391ab1"."User"."email", "calibrate_upgrade_smoke_goal_pace_523d775cde391ab1"."User"."created_at", "calibrate_upgrade_smoke_goal_pace_523d775cde391ab1"."User"."onboarding_completed_at", "calibrate_upgrade_smoke_goal_pace_523d775cde391ab1"."User"."weight_unit"::text, "calibrate_upgrade_smoke_goal_pace_523d775cde391ab1"."User"."height_unit"::text, "calibrate_upgrade_smoke_goal_pace_523d775cde391ab1"."User"."timezone", "calibrate_upgrade_smoke_goal_pace_523d775cde391ab1"."User"."language", "calibrate_upgrade_smoke_goal_pace_523d775cde391ab1"."User"."reminder_log_weight_enabled", "calibrate_upgrade_smoke_goal_pace_523d775cde391ab1"."User"."reminder_log_food_enabled", "calibrate_upgrade_smoke_goal_pace_523d775cde391ab1"."User"."reminder_log_weight_minute", "calibrate_upgrade_smoke_goal_pace_523d775cde391ab1"."User"."reminder_log_food_minute", "calibrate_upgrade_smoke_goal_pace_523d775cde391ab1"."User"."reminder_quiet_hours_start_minute", "calibrate_upgrade_smoke_goal_pace_523d775cde391ab1"."User"."reminder_quiet_hours_end_minute", "calibrate_upgrade_smoke_goal_pace_523d775cde391ab1"."User"."haptics_enabled", "calibrate_upgrade_smoke_goal_pace_523d775cde391ab1"."User"."date_of_birth", "calibrate_upgrade_smoke_goal_pace_523d775cde391ab1"."User"."sex"::text, "calibrate_upgrade_smoke_goal_pace_523d775cde391ab1"."User"."height_mm", "calibrate_upgrade_smoke_goal_pace_523d775cde391ab1"."User"."activity_level"::text, "calibrate_upgrade_smoke_goal_pace_523d775cde391ab1"."User"."profile_image", "calibrate_upgrade_smoke_goal_pace_523d775cde391ab1"."User"."profile_image_mime_type", "calibrate_upgrade_smoke_goal_pace_523d775cde391ab1"."User"."email_verified_at"
Populated Postgres Upgrade	Stop containers	2026-10-06T03:56:28.1726028Z  2026-10-06 03:56:27.737 UTC [182] LOG:  skipping analyze of "_prisma_migrations" --- lock not available
Populated Postgres Upgrade	Stop containers	2026-10-06T03:56:28.1726621Z  The default text search configuration will be set to "english".
Populated Postgres Upgrade	Stop containers	2026-10-06T03:56:28.1726962Z  
Populated Postgres Upgrade	Stop containers	2026-10-06T03:56:28.1727159Z  Data page checksums are disabled.
Populated Postgres Upgrade	Stop containers	2026-10-06T03:56:28.1727443Z  
Populated Postgres Upgrade	Stop containers	2026-10-06T03:56:28.1727743Z  fixing permissions on existing directory /var/lib/postgresql/data ... ok
Populated Postgres Upgrade	Stop containers	2026-10-06T03:56:28.1728534Z  creating subdirectories ... ok
Populated Postgres Upgrade	Stop containers	2026-10-06T03:56:28.1728872Z  selecting dynamic shared memory implementation ... posix
Populated Postgres Upgrade	Stop containers	2026-10-06T03:56:28.1729243Z  selecting default max_connections ... 100
Populated Postgres Upgrade	Stop containers	2026-10-06T03:56:28.1729548Z  selecting default shared_buffers ... 128MB
Populated Postgres Upgrade	Stop containers	2026-10-06T03:56:28.1729844Z  selecting default time zone ... UTC
Populated Postgres Upgrade	Stop containers	2026-10-06T03:56:28.1730129Z  creating configuration files ... ok
Populated Postgres Upgrade	Stop containers	2026-10-06T03:56:28.1730402Z  running bootstrap script ... ok
Populated Postgres Upgrade	Stop containers	2026-10-06T03:56:28.1730706Z  performing post-bootstrap initialization ... ok
Populated Postgres Upgrade	Stop containers	2026-10-06T03:56:28.1731027Z  syncing data to disk ... ok
Populated Postgres Upgrade	Stop containers	2026-10-06T03:56:28.1731257Z  
Populated Postgres Upgrade	Stop containers	2026-10-06T03:56:28.1731429Z  
Populated Postgres Upgrade	Stop containers	2026-10-06T03:56:28.1731666Z  Success. You can now start the database server using:
Populated Postgres Upgrade	Stop containers	2026-10-06T03:56:28.1731975Z  
Populated Postgres Upgrade	Stop containers	2026-10-06T03:56:28.1732214Z      pg_ctl -D /var/lib/postgresql/data -l logfile start
Populated Postgres Upgrade	Stop containers	2026-10-06T03:56:28.1732530Z  
Populated Postgres Upgrade	Stop containers	2026-10-06T03:56:28.1733104Z  waiting for server to start....2026-10-06 03:55:57.129 UTC [41] LOG:  starting PostgreSQL 15.19 on x86_64-pc-linux-musl, compiled by gcc (Alpine 15.2.0) 15.2.0, 64-bit
Populated Postgres Upgrade	Stop containers	2026-10-06T03:56:28.1733938Z  2026-10-06 03:55:57.130 UTC [41] LOG:  listening on Unix socket "/var/run/postgresql/.s.PGSQL.5432"
Populated Postgres Upgrade	Stop containers	2026-10-06T03:56:28.1734521Z  2026-10-06 03:55:57.132 UTC [44] LOG:  database system was shut down at 2026-10-06 03:55:57 UTC
Populated Postgres Upgrade	Stop containers	2026-10-06T03:56:28.1735055Z  2026-10-06 03:55:57.136 UTC [41] LOG:  database system is ready to accept connections
Populated Postgres Upgrade	Stop containers	2026-10-06T03:56:28.1735439Z   done
Populated Postgres Upgrade	Stop containers	2026-10-06T03:56:28.1735625Z  server started
Populated Postgres Upgrade	Stop containers	2026-10-06T03:56:28.1735835Z  CREATE DATABASE
Populated Postgres Upgrade	Stop containers	2026-10-06T03:56:28.1736026Z  
Populated Postgres Upgrade	Stop containers	2026-10-06T03:56:28.1736193Z  
Populated Postgres Upgrade	Stop containers	2026-10-06T03:56:28.1736508Z  /usr/local/bin/docker-entrypoint.sh: ignoring /docker-entrypoint-initdb.d/*
Populated Postgres Upgrade	Stop containers	2026-10-06T03:56:28.1736914Z  
Populated Postgres Upgrade	Stop containers	2026-10-06T03:56:28.1737277Z  waiting for server to shut down...2026-10-06 03:55:57.274 UTC [41] LOG:  received fast shutdown request
Populated Postgres Upgrade	Stop containers	2026-10-06T03:56:28.1738024Z  .2026-10-06 03:55:57.275 UTC [41] LOG:  aborting any active transactions
Populated Postgres Upgrade	Stop containers	2026-10-06T03:56:28.1738701Z  2026-10-06 03:55:57.278 UTC [41] LOG:  background worker "logical replication launcher" (PID 47) exited with exit code 1
Populated Postgres Upgrade	Stop containers	2026-10-06T03:56:28.1739405Z  2026-10-06 03:55:57.278 UTC [42] LOG:  shutting down
Populated Postgres Upgrade	Stop containers	2026-10-06T03:56:28.1739817Z  2026-10-06 03:55:57.279 UTC [42] LOG:  checkpoint starting: shutdown immediate
Populated Postgres Upgrade	Stop containers	2026-10-06T03:56:28.1740828Z  2026-10-06 03:55:57.296 UTC [42] LOG:  checkpoint complete: wrote 922 buffers (5.6%); 0 WAL file(s) added, 0 removed, 0 recycled; write=0.013 s, sync=0.004 s, total=0.018 s; sync files=301, longest=0.002 s, average=0.001 s; distance=4249 kB, estimate=4249 kB
Populated Postgres Upgrade	Stop containers	2026-10-06T03:56:28.1741799Z  2026-10-06 03:55:57.303 UTC [41] LOG:  database system is shut down
Populated Postgres Upgrade	Stop containers	2026-10-06T03:56:28.1742129Z   done
Populated Postgres Upgrade	Stop containers	2026-10-06T03:56:28.1742320Z  server stopped
Populated Postgres Upgrade	Stop containers	2026-10-06T03:56:28.1742516Z  
Populated Postgres Upgrade	Stop containers	2026-10-06T03:56:28.1742757Z  PostgreSQL init process complete; ready for start up.
Populated Postgres Upgrade	Stop containers	2026-10-06T03:56:28.1743077Z  
Populated Postgres Upgrade	Stop containers	2026-10-06T03:56:28.1749312Z Stop and remove container: b1963aff334446fa8ed2167772816e0f_postgres15alpine_b78b99
Populated Postgres Upgrade	Stop containers	2026-10-06T03:56:28.1754800Z ##[command]/usr/bin/docker rm --force a4f775bc637506c2421167d7dfbd75ee23318dd1e37633c449a71c83d622700a
Populated Postgres Upgrade	Stop containers	2026-10-06T03:56:28.3120625Z a4f775bc637506c2421167d7dfbd75ee23318dd1e37633c449a71c83d622700a
Populated Postgres Upgrade	Stop containers	2026-10-06T03:56:28.3149179Z Remove container network: github_network_2c3dde49d7d4456caa5a17778736abb0
Populated Postgres Upgrade	Stop containers	2026-10-06T03:56:28.3153663Z ##[command]/usr/bin/docker network rm github_network_2c3dde49d7d4456caa5a17778736abb0
Populated Postgres Upgrade	Stop containers	2026-10-06T03:56:28.4311004Z github_network_2c3dde49d7d4456caa5a17778736abb0
Populated Postgres Upgrade	Complete job	﻿2026-10-06T03:56:28.4392590Z Cleaning up orphan processes
Populated Postgres Upgrade	Complete job	2026-10-06T03:56:28.4742238Z ##[warning]Node.js 20 is deprecated. The following actions target Node.js 20 but are being forced to run on Node.js 24: actions/checkout@v4, actions/setup-node@v4. For more information see: https://github.blog/changelog/2025-09-19-deprecation-of-node-20-on-github-actions-runners/
v0.14.0 Upgrade and Encrypted Rollback	Set up job	﻿2026-10-06T03:55:49.1846716Z Current runner version: '2.337.0'
v0.14.0 Upgrade and Encrypted Rollback	Set up job	2026-10-06T03:55:49.1920224Z ##[group]Runner Image Provisioner
v0.14.0 Upgrade and Encrypted Rollback	Set up job	2026-10-06T03:55:49.1921973Z Hosted Compute Agent
v0.14.0 Upgrade and Encrypted Rollback	Set up job	2026-10-06T03:55:49.1923039Z Version: 20260901.588
v0.14.0 Upgrade and Encrypted Rollback	Set up job	2026-10-06T03:55:49.1924455Z Commit: f88ec8081b781fac6c440065ac7ff9e710ce3d0b
v0.14.0 Upgrade and Encrypted Rollback	Set up job	2026-10-06T03:55:49.1925784Z Build Date: 2026-09-01T19:56:44Z
v0.14.0 Upgrade and Encrypted Rollback	Set up job	2026-10-06T03:55:49.1927108Z Worker ID: {605dfe58-c7e2-4bcf-a2ba-c47b87b4e0f2}
v0.14.0 Upgrade and Encrypted Rollback	Set up job	2026-10-06T03:55:49.1928607Z Azure Region: eastus2
v0.14.0 Upgrade and Encrypted Rollback	Set up job	2026-10-06T03:55:49.1929621Z ##[endgroup]
v0.14.0 Upgrade and Encrypted Rollback	Set up job	2026-10-06T03:55:49.1932319Z ##[group]Operating System
v0.14.0 Upgrade and Encrypted Rollback	Set up job	2026-10-06T03:55:49.1933408Z Ubuntu
v0.14.0 Upgrade and Encrypted Rollback	Set up job	2026-10-06T03:55:49.1934429Z 24.04.5
v0.14.0 Upgrade and Encrypted Rollback	Set up job	2026-10-06T03:55:49.1935359Z LTS
v0.14.0 Upgrade and Encrypted Rollback	Set up job	2026-10-06T03:55:49.1936214Z ##[endgroup]
v0.14.0 Upgrade and Encrypted Rollback	Set up job	2026-10-06T03:55:49.1937328Z ##[group]Runner Image
v0.14.0 Upgrade and Encrypted Rollback	Set up job	2026-10-06T03:55:49.1938434Z Image: ubuntu-24.04
v0.14.0 Upgrade and Encrypted Rollback	Set up job	2026-10-06T03:55:49.1939604Z Version: 20260927.320.1
v0.14.0 Upgrade and Encrypted Rollback	Set up job	2026-10-06T03:55:49.1941970Z Included Software: https://github.com/actions/runner-images/blob/ubuntu24/20260927.320/images/ubuntu/Ubuntu2404-Readme.md
v0.14.0 Upgrade and Encrypted Rollback	Set up job	2026-10-06T03:55:49.1945149Z Image Release: https://github.com/actions/runner-images/releases/tag/ubuntu24%2F20260927.320
v0.14.0 Upgrade and Encrypted Rollback	Set up job	2026-10-06T03:55:49.1946852Z ##[endgroup]
v0.14.0 Upgrade and Encrypted Rollback	Set up job	2026-10-06T03:55:49.1948728Z ##[group]GITHUB_TOKEN Permissions
v0.14.0 Upgrade and Encrypted Rollback	Set up job	2026-10-06T03:55:49.1951948Z Contents: read
v0.14.0 Upgrade and Encrypted Rollback	Set up job	2026-10-06T03:55:49.1953073Z Metadata: read
v0.14.0 Upgrade and Encrypted Rollback	Set up job	2026-10-06T03:55:49.1953943Z ##[endgroup]
v0.14.0 Upgrade and Encrypted Rollback	Set up job	2026-10-06T03:55:49.1956935Z Secret source: Actions
v0.14.0 Upgrade and Encrypted Rollback	Set up job	2026-10-06T03:55:49.1958510Z Cache mode: write
v0.14.0 Upgrade and Encrypted Rollback	Set up job	2026-10-06T03:55:49.1959751Z Prepare workflow directory
v0.14.0 Upgrade and Encrypted Rollback	Set up job	2026-10-06T03:55:49.2732382Z Prepare all required actions
v0.14.0 Upgrade and Encrypted Rollback	Set up job	2026-10-06T03:55:49.2808034Z Getting action download info
v0.14.0 Upgrade and Encrypted Rollback	Set up job	2026-10-06T03:55:49.5519919Z Download action repository 'actions/checkout@v4' (SHA:11d5960a326750d5838078e36cf38b85af677262)
v0.14.0 Upgrade and Encrypted Rollback	Set up job	2026-10-06T03:55:49.6564268Z Download action repository 'actions/setup-node@v4' (SHA:49933ea5288caeca8642d1e84afbd3f7d6820020)
v0.14.0 Upgrade and Encrypted Rollback	Set up job	2026-10-06T03:55:49.8765983Z Complete job name: v0.14.0 Upgrade and Encrypted Rollback
v0.14.0 Upgrade and Encrypted Rollback	Checkout candidate C with immutable base tag	﻿2026-10-06T03:55:49.9536034Z ##[group]Run actions/checkout@v4
v0.14.0 Upgrade and Encrypted Rollback	Checkout candidate C with immutable base tag	2026-10-06T03:55:49.9536953Z with:
v0.14.0 Upgrade and Encrypted Rollback	Checkout candidate C with immutable base tag	2026-10-06T03:55:49.9537396Z   fetch-depth: 0
v0.14.0 Upgrade and Encrypted Rollback	Checkout candidate C with immutable base tag	2026-10-06T03:55:49.9537906Z   ref: 75578e5ac57a05ba0f06146598b314a01eafb2ae
v0.14.0 Upgrade and Encrypted Rollback	Checkout candidate C with immutable base tag	2026-10-06T03:55:49.9538544Z   repository: MChartier/calibrate-health
v0.14.0 Upgrade and Encrypted Rollback	Checkout candidate C with immutable base tag	2026-10-06T03:55:49.9542436Z   token: ***
v0.14.0 Upgrade and Encrypted Rollback	Checkout candidate C with immutable base tag	2026-10-06T03:55:49.9542891Z   ssh-strict: true
v0.14.0 Upgrade and Encrypted Rollback	Checkout candidate C with immutable base tag	2026-10-06T03:55:49.9543329Z   ssh-user: git
v0.14.0 Upgrade and Encrypted Rollback	Checkout candidate C with immutable base tag	2026-10-06T03:55:49.9543779Z   persist-credentials: true
v0.14.0 Upgrade and Encrypted Rollback	Checkout candidate C with immutable base tag	2026-10-06T03:55:49.9544266Z   clean: true
v0.14.0 Upgrade and Encrypted Rollback	Checkout candidate C with immutable base tag	2026-10-06T03:55:49.9544714Z   sparse-checkout-cone-mode: true
v0.14.0 Upgrade and Encrypted Rollback	Checkout candidate C with immutable base tag	2026-10-06T03:55:49.9545245Z   fetch-tags: false
v0.14.0 Upgrade and Encrypted Rollback	Checkout candidate C with immutable base tag	2026-10-06T03:55:49.9545689Z   show-progress: true
v0.14.0 Upgrade and Encrypted Rollback	Checkout candidate C with immutable base tag	2026-10-06T03:55:49.9546144Z   lfs: false
v0.14.0 Upgrade and Encrypted Rollback	Checkout candidate C with immutable base tag	2026-10-06T03:55:49.9546561Z   submodules: false
v0.14.0 Upgrade and Encrypted Rollback	Checkout candidate C with immutable base tag	2026-10-06T03:55:49.9547017Z   set-safe-directory: true
v0.14.0 Upgrade and Encrypted Rollback	Checkout candidate C with immutable base tag	2026-10-06T03:55:49.9547550Z   allow-unsafe-pr-checkout: false
v0.14.0 Upgrade and Encrypted Rollback	Checkout candidate C with immutable base tag	2026-10-06T03:55:49.9548316Z env:
v0.14.0 Upgrade and Encrypted Rollback	Checkout candidate C with immutable base tag	2026-10-06T03:55:49.9548897Z   CALIBRATE_SOURCE_COMMIT: 75578e5ac57a05ba0f06146598b314a01eafb2ae
v0.14.0 Upgrade and Encrypted Rollback	Checkout candidate C with immutable base tag	2026-10-06T03:55:49.9549638Z ##[endgroup]
v0.14.0 Upgrade and Encrypted Rollback	Checkout candidate C with immutable base tag	2026-10-06T03:55:50.0585196Z Syncing repository: MChartier/calibrate-health
v0.14.0 Upgrade and Encrypted Rollback	Checkout candidate C with immutable base tag	2026-10-06T03:55:50.0587485Z ##[group]Getting Git version info
v0.14.0 Upgrade and Encrypted Rollback	Checkout candidate C with immutable base tag	2026-10-06T03:55:50.0588803Z Working directory is '/home/runner/work/calibrate-health/calibrate-health'
v0.14.0 Upgrade and Encrypted Rollback	Checkout candidate C with immutable base tag	2026-10-06T03:55:50.0590601Z [command]/usr/bin/git version
v0.14.0 Upgrade and Encrypted Rollback	Checkout candidate C with immutable base tag	2026-10-06T03:55:50.0699918Z git version 2.55.0
v0.14.0 Upgrade and Encrypted Rollback	Checkout candidate C with immutable base tag	2026-10-06T03:55:50.0729730Z ##[endgroup]
v0.14.0 Upgrade and Encrypted Rollback	Checkout candidate C with immutable base tag	2026-10-06T03:55:50.0746717Z Temporarily overriding HOME='/home/runner/work/_temp/bce3d2c1-b056-4e50-a6e4-a7fe584dd9d2' before making global git config changes
v0.14.0 Upgrade and Encrypted Rollback	Checkout candidate C with immutable base tag	2026-10-06T03:55:50.0749064Z Adding repository directory to the temporary git global config as a safe directory
v0.14.0 Upgrade and Encrypted Rollback	Checkout candidate C with immutable base tag	2026-10-06T03:55:50.0754256Z [command]/usr/bin/git config --global --add safe.directory /home/runner/work/calibrate-health/calibrate-health
v0.14.0 Upgrade and Encrypted Rollback	Checkout candidate C with immutable base tag	2026-10-06T03:55:50.0811828Z Deleting the contents of '/home/runner/work/calibrate-health/calibrate-health'
v0.14.0 Upgrade and Encrypted Rollback	Checkout candidate C with immutable base tag	2026-10-06T03:55:50.0815433Z ##[group]Initializing the repository
v0.14.0 Upgrade and Encrypted Rollback	Checkout candidate C with immutable base tag	2026-10-06T03:55:50.0821898Z [command]/usr/bin/git init /home/runner/work/calibrate-health/calibrate-health
v0.14.0 Upgrade and Encrypted Rollback	Checkout candidate C with immutable base tag	2026-10-06T03:55:50.0951457Z hint: Using 'master' as the name for the initial branch. This default branch name
v0.14.0 Upgrade and Encrypted Rollback	Checkout candidate C with immutable base tag	2026-10-06T03:55:50.0953407Z hint: will change to "main" in Git 3.0. To configure the initial branch name
v0.14.0 Upgrade and Encrypted Rollback	Checkout candidate C with immutable base tag	2026-10-06T03:55:50.0954431Z hint: to use in all of your new repositories, which will suppress this warning,
v0.14.0 Upgrade and Encrypted Rollback	Checkout candidate C with immutable base tag	2026-10-06T03:55:50.0955205Z hint: call:
v0.14.0 Upgrade and Encrypted Rollback	Checkout candidate C with immutable base tag	2026-10-06T03:55:50.0955688Z hint:
v0.14.0 Upgrade and Encrypted Rollback	Checkout candidate C with immutable base tag	2026-10-06T03:55:50.0956241Z hint: 	git config --global init.defaultBranch <name>
v0.14.0 Upgrade and Encrypted Rollback	Checkout candidate C with immutable base tag	2026-10-06T03:55:50.0956877Z hint:
v0.14.0 Upgrade and Encrypted Rollback	Checkout candidate C with immutable base tag	2026-10-06T03:55:50.0957489Z hint: Names commonly chosen instead of 'master' are 'main', 'trunk' and
v0.14.0 Upgrade and Encrypted Rollback	Checkout candidate C with immutable base tag	2026-10-06T03:55:50.0958467Z hint: 'development'. The just-created branch can be renamed via this command:
v0.14.0 Upgrade and Encrypted Rollback	Checkout candidate C with immutable base tag	2026-10-06T03:55:50.0959235Z hint:
v0.14.0 Upgrade and Encrypted Rollback	Checkout candidate C with immutable base tag	2026-10-06T03:55:50.0959669Z hint: 	git branch -m <name>
v0.14.0 Upgrade and Encrypted Rollback	Checkout candidate C with immutable base tag	2026-10-06T03:55:50.0960154Z hint:
v0.14.0 Upgrade and Encrypted Rollback	Checkout candidate C with immutable base tag	2026-10-06T03:55:50.0961103Z hint: Disable this message with "git config set advice.defaultBranchName false"
v0.14.0 Upgrade and Encrypted Rollback	Checkout candidate C with immutable base tag	2026-10-06T03:55:50.0967430Z Initialized empty Git repository in /home/runner/work/calibrate-health/calibrate-health/.git/
v0.14.0 Upgrade and Encrypted Rollback	Checkout candidate C with immutable base tag	2026-10-06T03:55:50.0979749Z [command]/usr/bin/git remote add origin https://github.com/MChartier/calibrate-health
v0.14.0 Upgrade and Encrypted Rollback	Checkout candidate C with immutable base tag	2026-10-06T03:55:50.1055621Z ##[endgroup]
v0.14.0 Upgrade and Encrypted Rollback	Checkout candidate C with immutable base tag	2026-10-06T03:55:50.1056852Z ##[group]Disabling automatic garbage collection
v0.14.0 Upgrade and Encrypted Rollback	Checkout candidate C with immutable base tag	2026-10-06T03:55:50.1059765Z [command]/usr/bin/git config --local gc.auto 0
v0.14.0 Upgrade and Encrypted Rollback	Checkout candidate C with immutable base tag	2026-10-06T03:55:50.1095735Z ##[endgroup]
v0.14.0 Upgrade and Encrypted Rollback	Checkout candidate C with immutable base tag	2026-10-06T03:55:50.1097172Z ##[group]Setting up auth
v0.14.0 Upgrade and Encrypted Rollback	Checkout candidate C with immutable base tag	2026-10-06T03:55:50.1103864Z [command]/usr/bin/git config --local --name-only --get-regexp core\.sshCommand
v0.14.0 Upgrade and Encrypted Rollback	Checkout candidate C with immutable base tag	2026-10-06T03:55:50.1141517Z [command]/usr/bin/git submodule foreach --recursive sh -c "git config --local --name-only --get-regexp 'core\.sshCommand' && git config --local --unset-all 'core.sshCommand' || :"
v0.14.0 Upgrade and Encrypted Rollback	Checkout candidate C with immutable base tag	2026-10-06T03:55:50.1548696Z [command]/usr/bin/git config --local --name-only --get-regexp http\.https\:\/\/github\.com\/\.extraheader
v0.14.0 Upgrade and Encrypted Rollback	Checkout candidate C with immutable base tag	2026-10-06T03:55:50.1591304Z [command]/usr/bin/git submodule foreach --recursive sh -c "git config --local --name-only --get-regexp 'http\.https\:\/\/github\.com\/\.extraheader' && git config --local --unset-all 'http.https://github.com/.extraheader' || :"
v0.14.0 Upgrade and Encrypted Rollback	Checkout candidate C with immutable base tag	2026-10-06T03:55:50.1829618Z [command]/usr/bin/git config --local --name-only --get-regexp ^includeIf\.gitdir:
v0.14.0 Upgrade and Encrypted Rollback	Checkout candidate C with immutable base tag	2026-10-06T03:55:50.1871120Z [command]/usr/bin/git submodule foreach --recursive git config --local --show-origin --name-only --get-regexp remote.origin.url
v0.14.0 Upgrade and Encrypted Rollback	Checkout candidate C with immutable base tag	2026-10-06T03:55:50.2131593Z [command]/usr/bin/git config --local http.https://github.com/.extraheader AUTHORIZATION: basic ***
v0.14.0 Upgrade and Encrypted Rollback	Checkout candidate C with immutable base tag	2026-10-06T03:55:50.2180345Z ##[endgroup]
v0.14.0 Upgrade and Encrypted Rollback	Checkout candidate C with immutable base tag	2026-10-06T03:55:50.2181479Z ##[group]Fetching the repository
v0.14.0 Upgrade and Encrypted Rollback	Checkout candidate C with immutable base tag	2026-10-06T03:55:50.2196666Z [command]/usr/bin/git -c protocol.version=2 fetch --prune --no-recurse-submodules origin +refs/heads/*:refs/remotes/origin/* +refs/tags/*:refs/tags/*
v0.14.0 Upgrade and Encrypted Rollback	Checkout candidate C with immutable base tag	2026-10-06T03:55:53.4336437Z From https://github.com/MChartier/calibrate-health
v0.14.0 Upgrade and Encrypted Rollback	Checkout candidate C with immutable base tag	2026-10-06T03:55:53.4338904Z  * [new branch]        MChartier-patch-1       -> origin/MChartier-patch-1
v0.14.0 Upgrade and Encrypted Rollback	Checkout candidate C with immutable base tag	2026-10-06T03:55:53.4341500Z  * [new branch]        add-test-coverage       -> origin/add-test-coverage
v0.14.0 Upgrade and Encrypted Rollback	Checkout candidate C with immutable base tag	2026-10-06T03:55:53.4343783Z  * [new branch]        agents-md-update        -> origin/agents-md-update
v0.14.0 Upgrade and Encrypted Rollback	Checkout candidate C with immutable base tag	2026-10-06T03:55:53.4345877Z  * [new branch]        alpha                   -> origin/alpha
v0.14.0 Upgrade and Encrypted Rollback	Checkout candidate C with immutable base tag	2026-10-06T03:55:53.4348161Z  * [new branch]        archive/pr415-pre-scope-cleanup-ed4a2a7 -> origin/archive/pr415-pre-scope-cleanup-ed4a2a7
v0.14.0 Upgrade and Encrypted Rollback	Checkout candidate C with immutable base tag	2026-10-06T03:55:53.4350240Z  * [new branch]        athletic-data-theme     -> origin/athletic-data-theme
v0.14.0 Upgrade and Encrypted Rollback	Checkout candidate C with immutable base tag	2026-10-06T03:55:53.4352273Z  * [new branch]        auto-start-dev-server   -> origin/auto-start-dev-server
v0.14.0 Upgrade and Encrypted Rollback	Checkout candidate C with immutable base tag	2026-10-06T03:55:53.4354058Z  * [new branch]        aws-deploy-ec2-rds      -> origin/aws-deploy-ec2-rds
v0.14.0 Upgrade and Encrypted Rollback	Checkout candidate C with immutable base tag	2026-10-06T03:55:53.4355666Z  * [new branch]        barcode-scanner         -> origin/barcode-scanner
v0.14.0 Upgrade and Encrypted Rollback	Checkout candidate C with immutable base tag	2026-10-06T03:55:53.4358165Z  * [new branch]        barcode-scanner-fix     -> origin/barcode-scanner-fix
v0.14.0 Upgrade and Encrypted Rollback	Checkout candidate C with immutable base tag	2026-10-06T03:55:53.4361054Z  * [new branch]        beta                    -> origin/beta
v0.14.0 Upgrade and Encrypted Rollback	Checkout candidate C with immutable base tag	2026-10-06T03:55:53.4362533Z  * [new branch]        build-image-fix         -> origin/build-image-fix
v0.14.0 Upgrade and Encrypted Rollback	Checkout candidate C with immutable base tag	2026-10-06T03:55:53.4364817Z  * [new branch]        calorie-target-card-profile-autosave -> origin/calorie-target-card-profile-autosave
v0.14.0 Upgrade and Encrypted Rollback	Checkout candidate C with immutable base tag	2026-10-06T03:55:53.4367260Z  * [new branch]        ci-actions              -> origin/ci-actions
v0.14.0 Upgrade and Encrypted Rollback	Checkout candidate C with immutable base tag	2026-10-06T03:55:53.4369254Z  * [new branch]        ci-fix-prod-deploy-on-master -> origin/ci-fix-prod-deploy-on-master
v0.14.0 Upgrade and Encrypted Rollback	Checkout candidate C with immutable base tag	2026-10-06T03:55:53.4372077Z  * [new branch]        ci/build-deploy-release-trigger -> origin/ci/build-deploy-release-trigger
v0.14.0 Upgrade and Encrypted Rollback	Checkout candidate C with immutable base tag	2026-10-06T03:55:53.4374558Z  * [new branch]        ci/cut-release-tag-workflow -> origin/ci/cut-release-tag-workflow
v0.14.0 Upgrade and Encrypted Rollback	Checkout candidate C with immutable base tag	2026-10-06T03:55:53.4376955Z  * [new branch]        ci/ecs-wait-stable-longer -> origin/ci/ecs-wait-stable-longer
v0.14.0 Upgrade and Encrypted Rollback	Checkout candidate C with immutable base tag	2026-10-06T03:55:53.4379794Z  * [new branch]        ci/pr-only-lint-tests   -> origin/ci/pr-only-lint-tests
v0.14.0 Upgrade and Encrypted Rollback	Checkout candidate C with immutable base tag	2026-10-06T03:55:53.4383269Z  * [new branch]        ci/prod-smoke-tests     -> origin/ci/prod-smoke-tests
v0.14.0 Upgrade and Encrypted Rollback	Checkout candidate C with immutable base tag	2026-10-06T03:55:53.4387637Z  * [new branch]        ci/staging-oidc-branch-deploy -> origin/ci/staging-oidc-branch-deploy
v0.14.0 Upgrade and Encrypted Rollback	Checkout candidate C with immutable base tag	2026-10-06T03:55:53.4391977Z  * [new branch]        ci/staging-smoke-tests  -> origin/ci/staging-smoke-tests
v0.14.0 Upgrade and Encrypted Rollback	Checkout candidate C with immutable base tag	2026-10-06T03:55:53.4395897Z  * [new branch]        codex-devcontainer-auth -> origin/codex-devcontainer-auth
v0.14.0 Upgrade and Encrypted Rollback	Checkout candidate C with immutable base tag	2026-10-06T03:55:53.4398989Z  * [new branch]        codex-init              -> origin/codex-init
v0.14.0 Upgrade and Encrypted Rollback	Checkout candidate C with immutable base tag	2026-10-06T03:55:53.4403549Z  * [new branch]        codex/add-persisted-unit-preference-functionality -> origin/codex/add-persisted-unit-preference-functionality
v0.14.0 Upgrade and Encrypted Rollback	Checkout candidate C with immutable base tag	2026-10-06T03:55:53.4408270Z  * [new branch]        codex/dismiss-keyboard-after-food-input -> origin/codex/dismiss-keyboard-after-food-input
v0.14.0 Upgrade and Encrypted Rollback	Checkout candidate C with immutable base tag	2026-10-06T03:55:53.4412679Z  * [new branch]        codex/enforce-server-side-goal-deficit-validation -> origin/codex/enforce-server-side-goal-deficit-validation
v0.14.0 Upgrade and Encrypted Rollback	Checkout candidate C with immutable base tag	2026-10-06T03:55:53.4417334Z  * [new branch]        codex/enhance-log-page-with-daily-summary -> origin/codex/enhance-log-page-with-daily-summary
v0.14.0 Upgrade and Encrypted Rollback	Checkout candidate C with immutable base tag	2026-10-06T03:55:53.4421178Z  * [new branch]        codex/fix-frontend-audit-187 -> origin/codex/fix-frontend-audit-187
v0.14.0 Upgrade and Encrypted Rollback	Checkout candidate C with immutable base tag	2026-10-06T03:55:53.4424037Z  * [new branch]        codex/fix-open-github-issues -> origin/codex/fix-open-github-issues
v0.14.0 Upgrade and Encrypted Rollback	Checkout candidate C with immutable base tag	2026-10-06T03:55:53.4426773Z  * [new branch]        codex/fix-vite-build-warnings -> origin/codex/fix-vite-build-warnings
v0.14.0 Upgrade and Encrypted Rollback	Checkout candidate C with immutable base tag	2026-10-06T03:55:53.4430211Z  * [new branch]        codex/harden-authentication-and-session-storage -> origin/codex/harden-authentication-and-session-storage
v0.14.0 Upgrade and Encrypted Rollback	Checkout candidate C with immutable base tag	2026-10-06T03:55:53.4434018Z  * [new branch]        codex/notification-sse-stream -> origin/codex/notification-sse-stream
v0.14.0 Upgrade and Encrypted Rollback	Checkout candidate C with immutable base tag	2026-10-06T03:55:53.4437278Z  * [new branch]        codex/pr-assets-weight-trend-preview-axes -> origin/codex/pr-assets-weight-trend-preview-axes
v0.14.0 Upgrade and Encrypted Rollback	Checkout candidate C with immutable base tag	2026-10-06T03:55:53.4440348Z  * [new branch]        codex/ui-ux-improvements -> origin/codex/ui-ux-improvements
v0.14.0 Upgrade and Encrypted Rollback	Checkout candidate C with immutable base tag	2026-10-06T03:55:53.4443127Z  * [new branch]        coverage/add-c8-tooling -> origin/coverage/add-c8-tooling
v0.14.0 Upgrade and Encrypted Rollback	Checkout candidate C with immutable base tag	2026-10-06T03:55:53.4445383Z  * [new branch]        dark-mode               -> origin/dark-mode
v0.14.0 Upgrade and Encrypted Rollback	Checkout candidate C with immutable base tag	2026-10-06T03:55:53.4447723Z  * [new branch]        date-picker-padding-fixes -> origin/date-picker-padding-fixes
v0.14.0 Upgrade and Encrypted Rollback	Checkout candidate C with immutable base tag	2026-10-06T03:55:53.4450160Z  * [new branch]        db-push-reset           -> origin/db-push-reset
v0.14.0 Upgrade and Encrypted Rollback	Checkout candidate C with immutable base tag	2026-10-06T03:55:53.4452576Z  * [new branch]        default-meal-period     -> origin/default-meal-period
v0.14.0 Upgrade and Encrypted Rollback	Checkout candidate C with immutable base tag	2026-10-06T03:55:53.4454683Z  * [new branch]        delta                   -> origin/delta
v0.14.0 Upgrade and Encrypted Rollback	Checkout candidate C with immutable base tag	2026-10-06T03:55:53.4456691Z  * [new branch]        deploy-logging          -> origin/deploy-logging
v0.14.0 Upgrade and Encrypted Rollback	Checkout candidate C with immutable base tag	2026-10-06T03:55:53.4458988Z  * [new branch]        deploy-script-loading-fix -> origin/deploy-script-loading-fix
v0.14.0 Upgrade and Encrypted Rollback	Checkout candidate C with immutable base tag	2026-10-06T03:55:53.4462913Z  * [new branch]        dev-seed-varied-food-logs -> origin/dev-seed-varied-food-logs
v0.14.0 Upgrade and Encrypted Rollback	Checkout candidate C with immutable base tag	2026-10-06T03:55:53.4466694Z  * [new branch]        devcontainer-cli-scripts -> origin/devcontainer-cli-scripts
v0.14.0 Upgrade and Encrypted Rollback	Checkout candidate C with immutable base tag	2026-10-06T03:55:53.4469965Z  * [new branch]        devcontainer-import-skills -> origin/devcontainer-import-skills
v0.14.0 Upgrade and Encrypted Rollback	Checkout candidate C with immutable base tag	2026-10-06T03:55:53.4473653Z  * [new branch]        devcontainer-test-users-avatar-onboarding -> origin/devcontainer-test-users-avatar-onboarding
v0.14.0 Upgrade and Encrypted Rollback	Checkout candidate C with immutable base tag	2026-10-06T03:55:53.4476951Z  * [new branch]        ec2-deploy-fix          -> origin/ec2-deploy-fix
v0.14.0 Upgrade and Encrypted Rollback	Checkout candidate C with immutable base tag	2026-10-06T03:55:53.4479444Z  * [new branch]        edit-logged-entries     -> origin/edit-logged-entries
v0.14.0 Upgrade and Encrypted Rollback	Checkout candidate C with immutable base tag	2026-10-06T03:55:53.4482891Z  * [new branch]        evidence/issue412-communication-archive-20261006 -> origin/evidence/issue412-communication-archive-20261006
v0.14.0 Upgrade and Encrypted Rollback	Checkout candidate C with immutable base tag	2026-10-06T03:55:53.4486354Z  * [new branch]        evidence/issue412-master-c5f149a -> origin/evidence/issue412-master-c5f149a
v0.14.0 Upgrade and Encrypted Rollback	Checkout candidate C with immutable base tag	2026-10-06T03:55:53.4489159Z  * [new branch]        evidence/issue413-clean-1af6ca9 -> origin/evidence/issue413-clean-1af6ca9
v0.14.0 Upgrade and Encrypted Rollback	Checkout candidate C with immutable base tag	2026-10-06T03:55:53.4492200Z  * [new branch]        evidence/issue414-master-25e90e19 -> origin/evidence/issue414-master-25e90e19
v0.14.0 Upgrade and Encrypted Rollback	Checkout candidate C with immutable base tag	2026-10-06T03:55:53.4495807Z  * [new branch]        evidence/issue421-preparation-d8a2ac14 -> origin/evidence/issue421-preparation-d8a2ac14
v0.14.0 Upgrade and Encrypted Rollback	Checkout candidate C with immutable base tag	2026-10-06T03:55:53.4499837Z  * [new branch]        evidence/pr410-base-to-final-4728d4f -> origin/evidence/pr410-base-to-final-4728d4f
v0.14.0 Upgrade and Encrypted Rollback	Checkout candidate C with immutable base tag	2026-10-06T03:55:53.4504505Z  * [new branch]        evidence/pr410-integrated-4728d4f -> origin/evidence/pr410-integrated-4728d4f
v0.14.0 Upgrade and Encrypted Rollback	Checkout candidate C with immutable base tag	2026-10-06T03:55:53.4508012Z  * [new branch]        evidence/pr410-reviewed-d8e55c -> origin/evidence/pr410-reviewed-d8e55c
v0.14.0 Upgrade and Encrypted Rollback	Checkout candidate C with immutable base tag	2026-10-06T03:55:53.4511407Z  * [new branch]        evidence/pr415-rail-integration-oct05 -> origin/evidence/pr415-rail-integration-oct05
v0.14.0 Upgrade and Encrypted Rollback	Checkout candidate C with immutable base tag	2026-10-06T03:55:53.4514482Z  * [new branch]        evidence/pr415-reviewed-a1df146 -> origin/evidence/pr415-reviewed-a1df146
v0.14.0 Upgrade and Encrypted Rollback	Checkout candidate C with immutable base tag	2026-10-06T03:55:53.4517257Z  * [new branch]        evidence/pr416-reviewed-0406e96 -> origin/evidence/pr416-reviewed-0406e96
v0.14.0 Upgrade and Encrypted Rollback	Checkout candidate C with immutable base tag	2026-10-06T03:55:53.4521514Z  * [new branch]        evidence/pr417-guard-recovery-4dcad2c -> origin/evidence/pr417-guard-recovery-4dcad2c
v0.14.0 Upgrade and Encrypted Rollback	Checkout candidate C with immutable base tag	2026-10-06T03:55:53.4525158Z  * [new branch]        evidence/pr417-offline-recovery-3c743b4 -> origin/evidence/pr417-offline-recovery-3c743b4
v0.14.0 Upgrade and Encrypted Rollback	Checkout candidate C with immutable base tag	2026-10-06T03:55:53.4528527Z  * [new branch]        evidence/pr417-refresh-recovery-123bab9 -> origin/evidence/pr417-refresh-recovery-123bab9
v0.14.0 Upgrade and Encrypted Rollback	Checkout candidate C with immutable base tag	2026-10-06T03:55:53.4531747Z  * [new branch]        evidence/pr417-reviewed-736a86c -> origin/evidence/pr417-reviewed-736a86c
v0.14.0 Upgrade and Encrypted Rollback	Checkout candidate C with immutable base tag	2026-10-06T03:55:53.4534537Z  * [new branch]        evidence/pr418-reviewed-fbb74a9 -> origin/evidence/pr418-reviewed-fbb74a9
v0.14.0 Upgrade and Encrypted Rollback	Checkout candidate C with immutable base tag	2026-10-06T03:55:53.4537318Z  * [new branch]        evidence/pr419-reviewed-fba1baf -> origin/evidence/pr419-reviewed-fba1baf
v0.14.0 Upgrade and Encrypted Rollback	Checkout candidate C with immutable base tag	2026-10-06T03:55:53.4540180Z  * [new branch]        evidence/pr424-scope-cleanup-oct05 -> origin/evidence/pr424-scope-cleanup-oct05
v0.14.0 Upgrade and Encrypted Rollback	Checkout candidate C with immutable base tag	2026-10-06T03:55:53.4542825Z  * [new branch]        fab-space-on-log        -> origin/fab-space-on-log
v0.14.0 Upgrade and Encrypted Rollback	Checkout candidate C with immutable base tag	2026-10-06T03:55:53.4545012Z  * [new branch]        fatsecret-barcode-oauth -> origin/fatsecret-barcode-oauth
v0.14.0 Upgrade and Encrypted Rollback	Checkout candidate C with immutable base tag	2026-10-06T03:55:53.4547236Z  * [new branch]        fatsecret-provider      -> origin/fatsecret-provider
v0.14.0 Upgrade and Encrypted Rollback	Checkout candidate C with immutable base tag	2026-10-06T03:55:53.4549830Z  * [new branch]        feat/barcode-scanner-zxing-fallback -> origin/feat/barcode-scanner-zxing-fallback
v0.14.0 Upgrade and Encrypted Rollback	Checkout candidate C with immutable base tag	2026-10-06T03:55:53.4552900Z  * [new branch]        feat/birthday-emoji-log-summary -> origin/feat/birthday-emoji-log-summary
v0.14.0 Upgrade and Encrypted Rollback	Checkout candidate C with immutable base tag	2026-10-06T03:55:53.4555620Z  * [new branch]        feat/i18n-language-preference -> origin/feat/i18n-language-preference
v0.14.0 Upgrade and Encrypted Rollback	Checkout candidate C with immutable base tag	2026-10-06T03:55:53.4558023Z  * [new branch]        feat/my-foods-recipes   -> origin/feat/my-foods-recipes
v0.14.0 Upgrade and Encrypted Rollback	Checkout candidate C with immutable base tag	2026-10-06T03:55:53.4560282Z  * [new branch]        feat/profile-photo-avatar -> origin/feat/profile-photo-avatar
v0.14.0 Upgrade and Encrypted Rollback	Checkout candidate C with immutable base tag	2026-10-06T03:55:53.4562923Z  * [new branch]        feat/public-landing-page -> origin/feat/public-landing-page
v0.14.0 Upgrade and Encrypted Rollback	Checkout candidate C with immutable base tag	2026-10-06T03:55:53.4565326Z  * [new branch]        fix-broken-frontend-build -> origin/fix-broken-frontend-build
v0.14.0 Upgrade and Encrypted Rollback	Checkout candidate C with immutable base tag	2026-10-06T03:55:53.4567965Z  * [new branch]        fix/issue-84-pwa-backstack-login -> origin/fix/issue-84-pwa-backstack-login
v0.14.0 Upgrade and Encrypted Rollback	Checkout candidate C with immutable base tag	2026-10-06T03:55:53.4571046Z  * [new branch]        fix/mifflin-st-jeor-age-clamp -> origin/fix/mifflin-st-jeor-age-clamp
v0.14.0 Upgrade and Encrypted Rollback	Checkout candidate C with immutable base tag	2026-10-06T03:55:53.4573714Z  * [new branch]        fix/prisma-db-url-from-db-env -> origin/fix/prisma-db-url-from-db-env
v0.14.0 Upgrade and Encrypted Rollback	Checkout candidate C with immutable base tag	2026-10-06T03:55:53.4576316Z  * [new branch]        fix/pwa-session-persistence -> origin/fix/pwa-session-persistence
v0.14.0 Upgrade and Encrypted Rollback	Checkout candidate C with immutable base tag	2026-10-06T03:55:53.4578755Z  * [new branch]        fix/rds-sslmode-require -> origin/fix/rds-sslmode-require
v0.14.0 Upgrade and Encrypted Rollback	Checkout candidate C with immutable base tag	2026-10-06T03:55:53.4581253Z  * [new branch]        fix/rds-sslmode-require-2 -> origin/fix/rds-sslmode-require-2
v0.14.0 Upgrade and Encrypted Rollback	Checkout candidate C with immutable base tag	2026-10-06T03:55:53.4583595Z  * [new branch]        fixed-meal-categories   -> origin/fixed-meal-categories
v0.14.0 Upgrade and Encrypted Rollback	Checkout candidate C with immutable base tag	2026-10-06T03:55:53.4585701Z  * [new branch]        friendly-log-date       -> origin/friendly-log-date
v0.14.0 Upgrade and Encrypted Rollback	Checkout candidate C with immutable base tag	2026-10-06T03:55:53.4587592Z  * [new branch]        gh-auth                 -> origin/gh-auth
v0.14.0 Upgrade and Encrypted Rollback	Checkout candidate C with immutable base tag	2026-10-06T03:55:53.4589608Z  * [new branch]        goal-and-log-improvements -> origin/goal-and-log-improvements
v0.14.0 Upgrade and Encrypted Rollback	Checkout candidate C with immutable base tag	2026-10-06T03:55:53.4592060Z  * [new branch]        goal-tracker            -> origin/goal-tracker
v0.14.0 Upgrade and Encrypted Rollback	Checkout candidate C with immutable base tag	2026-10-06T03:55:53.4594206Z  * [new branch]        goals-compact-goal-tracker -> origin/goals-compact-goal-tracker
v0.14.0 Upgrade and Encrypted Rollback	Checkout candidate C with immutable base tag	2026-10-06T03:55:53.4596713Z  * [new branch]        goals-weight-history-legend -> origin/goals-weight-history-legend
v0.14.0 Upgrade and Encrypted Rollback	Checkout candidate C with immutable base tag	2026-10-06T03:55:53.4599047Z  * [new branch]        infra-ecs-fargate-alb   -> origin/infra-ecs-fargate-alb
v0.14.0 Upgrade and Encrypted Rollback	Checkout candidate C with immutable base tag	2026-10-06T03:55:53.4601447Z  * [new branch]        issue/162               -> origin/issue/162
v0.14.0 Upgrade and Encrypted Rollback	Checkout candidate C with immutable base tag	2026-10-06T03:55:53.4603413Z  * [new branch]        local-service-worker    -> origin/local-service-worker
v0.14.0 Upgrade and Encrypted Rollback	Checkout candidate C with immutable base tag	2026-10-06T03:55:53.4605538Z  * [new branch]        log-date-navigation-ux  -> origin/log-date-navigation-ux
v0.14.0 Upgrade and Encrypted Rollback	Checkout candidate C with immutable base tag	2026-10-06T03:55:53.4607961Z  * [new branch]        log-date-picker-overlay-button -> origin/log-date-picker-overlay-button
v0.14.0 Upgrade and Encrypted Rollback	Checkout candidate C with immutable base tag	2026-10-06T03:55:53.4610337Z  * [new branch]        log-summary-header      -> origin/log-summary-header
v0.14.0 Upgrade and Encrypted Rollback	Checkout candidate C with immutable base tag	2026-10-06T03:55:53.4612748Z  * [new branch]        log-weight-entry-ux     -> origin/log-weight-entry-ux
v0.14.0 Upgrade and Encrypted Rollback	Checkout candidate C with immutable base tag	2026-10-06T03:55:53.4614712Z  * [new branch]        lose-it-import          -> origin/lose-it-import
v0.14.0 Upgrade and Encrypted Rollback	Checkout candidate C with immutable base tag	2026-10-06T03:55:53.4616707Z  * [new branch]        lowercase-ghcr-image    -> origin/lowercase-ghcr-image
v0.14.0 Upgrade and Encrypted Rollback	Checkout candidate C with immutable base tag	2026-10-06T03:55:53.4618563Z  * [new branch]        master                  -> origin/master
v0.14.0 Upgrade and Encrypted Rollback	Checkout candidate C with immutable base tag	2026-10-06T03:55:53.4620298Z  * [new branch]        mchartier/dev           -> origin/mchartier/dev
v0.14.0 Upgrade and Encrypted Rollback	Checkout candidate C with immutable base tag	2026-10-06T03:55:53.4622284Z  * [new branch]        mchartier/dev2          -> origin/mchartier/dev2
v0.14.0 Upgrade and Encrypted Rollback	Checkout candidate C with immutable base tag	2026-10-06T03:55:53.4624562Z  * [new branch]        mchartier/devcontainer-key-setup -> origin/mchartier/devcontainer-key-setup
v0.14.0 Upgrade and Encrypted Rollback	Checkout candidate C with immutable base tag	2026-10-06T03:55:53.4627605Z  * [new branch]        mchartier/firebase-migration-preparation -> origin/mchartier/firebase-migration-preparation
v0.14.0 Upgrade and Encrypted Rollback	Checkout candidate C with immutable base tag	2026-10-06T03:55:53.4630565Z  * [new branch]        mchartier/goal-pace-continuity -> origin/mchartier/goal-pace-continuity
v0.14.0 Upgrade and Encrypted Rollback	Checkout candidate C with immutable base tag	2026-10-06T03:55:53.4633347Z  * [new branch]        mchartier/local-release-scripts -> origin/mchartier/local-release-scripts
v0.14.0 Upgrade and Encrypted Rollback	Checkout candidate C with immutable base tag	2026-10-06T03:55:53.4635973Z  * [new branch]        mchartier/managed-self-hosting -> origin/mchartier/managed-self-hosting
v0.14.0 Upgrade and Encrypted Rollback	Checkout candidate C with immutable base tag	2026-10-06T03:55:53.4638692Z  * [new branch]        mchartier/paused-weigh-in-divider -> origin/mchartier/paused-weigh-in-divider
v0.14.0 Upgrade and Encrypted Rollback	Checkout candidate C with immutable base tag	2026-10-06T03:55:53.4641704Z  * [new branch]        mchartier/pilot-query-diagnostics -> origin/mchartier/pilot-query-diagnostics
v0.14.0 Upgrade and Encrypted Rollback	Checkout candidate C with immutable base tag	2026-10-06T03:55:53.4644885Z  * [new branch]        mchartier/planned-pause-on-offline-contract -> origin/mchartier/planned-pause-on-offline-contract
v0.14.0 Upgrade and Encrypted Rollback	Checkout candidate C with immutable base tag	2026-10-06T03:55:53.4648059Z  * [new branch]        mchartier/planned-pause-visibility -> origin/mchartier/planned-pause-visibility
v0.14.0 Upgrade and Encrypted Rollback	Checkout candidate C with immutable base tag	2026-10-06T03:55:53.4651288Z  * [new branch]        mchartier/planned-pause-visibility-clean -> origin/mchartier/planned-pause-visibility-clean
v0.14.0 Upgrade and Encrypted Rollback	Checkout candidate C with immutable base tag	2026-10-06T03:55:53.4654514Z  * [new branch]        mchartier/preserve-android-wip-20260711 -> origin/mchartier/preserve-android-wip-20260711
v0.14.0 Upgrade and Encrypted Rollback	Checkout candidate C with immutable base tag	2026-10-06T03:55:53.4657916Z  * [new branch]        mchartier/remove-instance-release-actions -> origin/mchartier/remove-instance-release-actions
v0.14.0 Upgrade and Encrypted Rollback	Checkout candidate C with immutable base tag	2026-10-06T03:55:53.4661232Z  * [new branch]        mchartier/remove-notification-history -> origin/mchartier/remove-notification-history
v0.14.0 Upgrade and Encrypted Rollback	Checkout candidate C with immutable base tag	2026-10-06T03:55:53.4664460Z  * [new branch]        mchartier/remove-notification-history-clean -> origin/mchartier/remove-notification-history-clean
v0.14.0 Upgrade and Encrypted Rollback	Checkout candidate C with immutable base tag	2026-10-06T03:55:53.4667403Z  * [new branch]        mchartier/simplify-repository -> origin/mchartier/simplify-repository
v0.14.0 Upgrade and Encrypted Rollback	Checkout candidate C with immutable base tag	2026-10-06T03:55:53.4669960Z  * [new branch]        mchartier/streamline-deployment -> origin/mchartier/streamline-deployment
v0.14.0 Upgrade and Encrypted Rollback	Checkout candidate C with immutable base tag	2026-10-06T03:55:53.4672462Z  * [new branch]        mobile-logout           -> origin/mobile-logout
v0.14.0 Upgrade and Encrypted Rollback	Checkout candidate C with immutable base tag	2026-10-06T03:55:53.4674342Z  * [new branch]        mobile-ui-compact       -> origin/mobile-ui-compact
v0.14.0 Upgrade and Encrypted Rollback	Checkout candidate C with immutable base tag	2026-10-06T03:55:53.4676153Z  * [new branch]        new-logo                -> origin/new-logo
v0.14.0 Upgrade and Encrypted Rollback	Checkout candidate C with immutable base tag	2026-10-06T03:55:53.4677836Z  * [new branch]        notif/126               -> origin/notif/126
v0.14.0 Upgrade and Encrypted Rollback	Checkout candidate C with immutable base tag	2026-10-06T03:55:53.4679527Z  * [new branch]        notif/127               -> origin/notif/127
v0.14.0 Upgrade and Encrypted Rollback	Checkout candidate C with immutable base tag	2026-10-06T03:55:53.4747273Z  * [new branch]        notif/128               -> origin/notif/128
v0.14.0 Upgrade and Encrypted Rollback	Checkout candidate C with immutable base tag	2026-10-06T03:55:53.4749429Z  * [new branch]        notif/131-dedupe-fixes  -> origin/notif/131-dedupe-fixes
v0.14.0 Upgrade and Encrypted Rollback	Checkout candidate C with immutable base tag	2026-10-06T03:55:53.4752174Z  * [new branch]        notif/132-endpoint-ownership-guard -> origin/notif/132-endpoint-ownership-guard
v0.14.0 Upgrade and Encrypted Rollback	Checkout candidate C with immutable base tag	2026-10-06T03:55:53.4754580Z  * [new branch]        notifications           -> origin/notifications
v0.14.0 Upgrade and Encrypted Rollback	Checkout candidate C with immutable base tag	2026-10-06T03:55:53.4756606Z  * [new branch]        onboarding-guided-wizard -> origin/onboarding-guided-wizard
v0.14.0 Upgrade and Encrypted Rollback	Checkout candidate C with immutable base tag	2026-10-06T03:55:53.4758681Z  * [new branch]        peacock-rainbow         -> origin/peacock-rainbow
v0.14.0 Upgrade and Encrypted Rollback	Checkout candidate C with immutable base tag	2026-10-06T03:55:53.4761012Z  * [new branch]        perf/landing-mobile-scroll -> origin/perf/landing-mobile-scroll
v0.14.0 Upgrade and Encrypted Rollback	Checkout candidate C with immutable base tag	2026-10-06T03:55:53.4763180Z  * [new branch]        persistent-fab          -> origin/persistent-fab
v0.14.0 Upgrade and Encrypted Rollback	Checkout candidate C with immutable base tag	2026-10-06T03:55:53.4765378Z  * [new branch]        privacy-policy          -> origin/privacy-policy
v0.14.0 Upgrade and Encrypted Rollback	Checkout candidate C with immutable base tag	2026-10-06T03:55:53.4767535Z  * [new branch]        profile-account-management -> origin/profile-account-management
v0.14.0 Upgrade and Encrypted Rollback	Checkout candidate C with immutable base tag	2026-10-06T03:55:53.4769625Z  * [new branch]        profile-icon            -> origin/profile-icon
v0.14.0 Upgrade and Encrypted Rollback	Checkout candidate C with immutable base tag	2026-10-06T03:55:53.4771909Z  * [new branch]        profile-settings-separation -> origin/profile-settings-separation
v0.14.0 Upgrade and Encrypted Rollback	Checkout candidate C with immutable base tag	2026-10-06T03:55:53.4774065Z  * [new branch]        public-readme           -> origin/public-readme
v0.14.0 Upgrade and Encrypted Rollback	Checkout candidate C with immutable base tag	2026-10-06T03:55:53.4776194Z  * [new branch]        pwa-action-navigate-existing -> origin/pwa-action-navigate-existing
v0.14.0 Upgrade and Encrypted Rollback	Checkout candidate C with immutable base tag	2026-10-06T03:55:53.4778353Z  * [new branch]        pwa-icon-fix            -> origin/pwa-icon-fix
v0.14.0 Upgrade and Encrypted Rollback	Checkout candidate C with immutable base tag	2026-10-06T03:55:53.4780197Z  * [new branch]        pwa-launch-actions      -> origin/pwa-launch-actions
v0.14.0 Upgrade and Encrypted Rollback	Checkout candidate C with immutable base tag	2026-10-06T03:55:53.4782307Z  * [new branch]        pwa-manifest-polish     -> origin/pwa-manifest-polish
v0.14.0 Upgrade and Encrypted Rollback	Checkout candidate C with immutable base tag	2026-10-06T03:55:53.4784179Z  * [new branch]        pwa-setup               -> origin/pwa-setup
v0.14.0 Upgrade and Encrypted Rollback	Checkout candidate C with immutable base tag	2026-10-06T03:55:53.4785976Z  * [new branch]        rebrand-calibrate       -> origin/rebrand-calibrate
v0.14.0 Upgrade and Encrypted Rollback	Checkout candidate C with immutable base tag	2026-10-06T03:55:53.4787814Z  * [new branch]        release/v0.34.0         -> origin/release/v0.34.0
v0.14.0 Upgrade and Encrypted Rollback	Checkout candidate C with immutable base tag	2026-10-06T03:55:53.4789611Z  * [new branch]        release/v0.34.1         -> origin/release/v0.34.1
v0.14.0 Upgrade and Encrypted Rollback	Checkout candidate C with immutable base tag	2026-10-06T03:55:53.4791528Z  * [new branch]        release/v0.35.0         -> origin/release/v0.35.0
v0.14.0 Upgrade and Encrypted Rollback	Checkout candidate C with immutable base tag	2026-10-06T03:55:53.4793326Z  * [new branch]        release/v0.36.0         -> origin/release/v0.36.0
v0.14.0 Upgrade and Encrypted Rollback	Checkout candidate C with immutable base tag	2026-10-06T03:55:53.4795110Z  * [new branch]        release/v0.37.0         -> origin/release/v0.37.0
v0.14.0 Upgrade and Encrypted Rollback	Checkout candidate C with immutable base tag	2026-10-06T03:55:53.4797187Z  * [new branch]        rolling-average-weight-log -> origin/rolling-average-weight-log
v0.14.0 Upgrade and Encrypted Rollback	Checkout candidate C with immutable base tag	2026-10-06T03:55:53.4799206Z  * [new branch]        safe-areas              -> origin/safe-areas
v0.14.0 Upgrade and Encrypted Rollback	Checkout candidate C with immutable base tag	2026-10-06T03:55:53.4801211Z  * [new branch]        search-results          -> origin/search-results
v0.14.0 Upgrade and Encrypted Rollback	Checkout candidate C with immutable base tag	2026-10-06T03:55:53.4803141Z  * [new branch]        session-store-model     -> origin/session-store-model
v0.14.0 Upgrade and Encrypted Rollback	Checkout candidate C with immutable base tag	2026-10-06T03:55:53.4805244Z  * [new branch]        sidebar-item-style      -> origin/sidebar-item-style
v0.14.0 Upgrade and Encrypted Rollback	Checkout candidate C with immutable base tag	2026-10-06T03:55:53.4807108Z  * [new branch]        store-timezone          -> origin/store-timezone
v0.14.0 Upgrade and Encrypted Rollback	Checkout candidate C with immutable base tag	2026-10-06T03:55:53.4808920Z  * [new branch]        terraform-fix           -> origin/terraform-fix
v0.14.0 Upgrade and Encrypted Rollback	Checkout candidate C with immutable base tag	2026-10-06T03:55:53.4810715Z  * [new branch]        terraform-fixes         -> origin/terraform-fixes
v0.14.0 Upgrade and Encrypted Rollback	Checkout candidate C with immutable base tag	2026-10-06T03:55:53.4812663Z  * [new branch]        test-user               -> origin/test-user
v0.14.0 Upgrade and Encrypted Rollback	Checkout candidate C with immutable base tag	2026-10-06T03:55:53.4814609Z  * [new branch]        test/backend-unit-coverage -> origin/test/backend-unit-coverage
v0.14.0 Upgrade and Encrypted Rollback	Checkout candidate C with immutable base tag	2026-10-06T03:55:53.4816634Z  * [new branch]        tf-rds-rotation         -> origin/tf-rds-rotation
v0.14.0 Upgrade and Encrypted Rollback	Checkout candidate C with immutable base tag	2026-10-06T03:55:53.4818483Z  * [new branch]        tf-repo-rename-fix      -> origin/tf-repo-rename-fix
v0.14.0 Upgrade and Encrypted Rollback	Checkout candidate C with immutable base tag	2026-10-06T03:55:53.4820903Z  * [new branch]        timezone-picker-mui-autocomplete -> origin/timezone-picker-mui-autocomplete
v0.14.0 Upgrade and Encrypted Rollback	Checkout candidate C with immutable base tag	2026-10-06T03:55:53.4823771Z  * [new branch]        units-separate-controls-inline-status -> origin/units-separate-controls-inline-status
v0.14.0 Upgrade and Encrypted Rollback	Checkout candidate C with immutable base tag	2026-10-06T03:55:53.4826191Z  * [new branch]        update-comments         -> origin/update-comments
v0.14.0 Upgrade and Encrypted Rollback	Checkout candidate C with immutable base tag	2026-10-06T03:55:53.4828194Z  * [new branch]        update-docs             -> origin/update-docs
v0.14.0 Upgrade and Encrypted Rollback	Checkout candidate C with immutable base tag	2026-10-06T03:55:53.4830606Z  * [new branch]        vertical-spacing-fixes  -> origin/vertical-spacing-fixes
v0.14.0 Upgrade and Encrypted Rollback	Checkout candidate C with immutable base tag	2026-10-06T03:55:53.4832975Z  * [new branch]        weight-history-scale    -> origin/weight-history-scale
v0.14.0 Upgrade and Encrypted Rollback	Checkout candidate C with immutable base tag	2026-10-06T03:55:53.4834880Z  * [new branch]        worktree-colors         -> origin/worktree-colors
v0.14.0 Upgrade and Encrypted Rollback	Checkout candidate C with immutable base tag	2026-10-06T03:55:53.4836691Z  * [new branch]        worktree-reset          -> origin/worktree-reset
v0.14.0 Upgrade and Encrypted Rollback	Checkout candidate C with immutable base tag	2026-10-06T03:55:53.4838509Z  * [new branch]        worktree-script         -> origin/worktree-script
v0.14.0 Upgrade and Encrypted Rollback	Checkout candidate C with immutable base tag	2026-10-06T03:55:53.4840140Z  * [new tag]           v0.1.0                  -> v0.1.0
v0.14.0 Upgrade and Encrypted Rollback	Checkout candidate C with immutable base tag	2026-10-06T03:55:53.4841819Z  * [new tag]           v0.10.0                 -> v0.10.0
v0.14.0 Upgrade and Encrypted Rollback	Checkout candidate C with immutable base tag	2026-10-06T03:55:53.4843491Z  * [new tag]           v0.11.0                 -> v0.11.0
v0.14.0 Upgrade and Encrypted Rollback	Checkout candidate C with immutable base tag	2026-10-06T03:55:53.4844906Z  * [new tag]           v0.12.0                 -> v0.12.0
v0.14.0 Upgrade and Encrypted Rollback	Checkout candidate C with immutable base tag	2026-10-06T03:55:53.4846320Z  * [new tag]           v0.12.1                 -> v0.12.1
v0.14.0 Upgrade and Encrypted Rollback	Checkout candidate C with immutable base tag	2026-10-06T03:55:53.4847741Z  * [new tag]           v0.12.10                -> v0.12.10
v0.14.0 Upgrade and Encrypted Rollback	Checkout candidate C with immutable base tag	2026-10-06T03:55:53.4849170Z  * [new tag]           v0.12.11                -> v0.12.11
v0.14.0 Upgrade and Encrypted Rollback	Checkout candidate C with immutable base tag	2026-10-06T03:55:53.4850585Z  * [new tag]           v0.12.12                -> v0.12.12
v0.14.0 Upgrade and Encrypted Rollback	Checkout candidate C with immutable base tag	2026-10-06T03:55:53.4852147Z  * [new tag]           v0.12.13                -> v0.12.13
v0.14.0 Upgrade and Encrypted Rollback	Checkout candidate C with immutable base tag	2026-10-06T03:55:53.4853548Z  * [new tag]           v0.12.14                -> v0.12.14
v0.14.0 Upgrade and Encrypted Rollback	Checkout candidate C with immutable base tag	2026-10-06T03:55:53.4854953Z  * [new tag]           v0.12.15                -> v0.12.15
v0.14.0 Upgrade and Encrypted Rollback	Checkout candidate C with immutable base tag	2026-10-06T03:55:53.4856358Z  * [new tag]           v0.12.16                -> v0.12.16
v0.14.0 Upgrade and Encrypted Rollback	Checkout candidate C with immutable base tag	2026-10-06T03:55:53.4857762Z  * [new tag]           v0.12.17                -> v0.12.17
v0.14.0 Upgrade and Encrypted Rollback	Checkout candidate C with immutable base tag	2026-10-06T03:55:53.4859159Z  * [new tag]           v0.12.18                -> v0.12.18
v0.14.0 Upgrade and Encrypted Rollback	Checkout candidate C with immutable base tag	2026-10-06T03:55:53.4860563Z  * [new tag]           v0.12.19                -> v0.12.19
v0.14.0 Upgrade and Encrypted Rollback	Checkout candidate C with immutable base tag	2026-10-06T03:55:53.4862275Z  * [new tag]           v0.12.2                 -> v0.12.2
v0.14.0 Upgrade and Encrypted Rollback	Checkout candidate C with immutable base tag	2026-10-06T03:55:53.4863676Z  * [new tag]           v0.12.3                 -> v0.12.3
v0.14.0 Upgrade and Encrypted Rollback	Checkout candidate C with immutable base tag	2026-10-06T03:55:53.4865077Z  * [new tag]           v0.12.4                 -> v0.12.4
v0.14.0 Upgrade and Encrypted Rollback	Checkout candidate C with immutable base tag	2026-10-06T03:55:53.4866468Z  * [new tag]           v0.12.5                 -> v0.12.5
v0.14.0 Upgrade and Encrypted Rollback	Checkout candidate C with immutable base tag	2026-10-06T03:55:53.4867864Z  * [new tag]           v0.12.6                 -> v0.12.6
v0.14.0 Upgrade and Encrypted Rollback	Checkout candidate C with immutable base tag	2026-10-06T03:55:53.4869258Z  * [new tag]           v0.12.7                 -> v0.12.7
v0.14.0 Upgrade and Encrypted Rollback	Checkout candidate C with immutable base tag	2026-10-06T03:55:53.4870653Z  * [new tag]           v0.12.8                 -> v0.12.8
v0.14.0 Upgrade and Encrypted Rollback	Checkout candidate C with immutable base tag	2026-10-06T03:55:53.4872205Z  * [new tag]           v0.12.9                 -> v0.12.9
v0.14.0 Upgrade and Encrypted Rollback	Checkout candidate C with immutable base tag	2026-10-06T03:55:53.4873606Z  * [new tag]           v0.13.0                 -> v0.13.0
v0.14.0 Upgrade and Encrypted Rollback	Checkout candidate C with immutable base tag	2026-10-06T03:55:53.4875038Z  * [new tag]           v0.13.1                 -> v0.13.1
v0.14.0 Upgrade and Encrypted Rollback	Checkout candidate C with immutable base tag	2026-10-06T03:55:53.4876610Z  * [new tag]           v0.13.2                 -> v0.13.2
v0.14.0 Upgrade and Encrypted Rollback	Checkout candidate C with immutable base tag	2026-10-06T03:55:53.4878031Z  * [new tag]           v0.13.3                 -> v0.13.3
v0.14.0 Upgrade and Encrypted Rollback	Checkout candidate C with immutable base tag	2026-10-06T03:55:53.4879429Z  * [new tag]           v0.14.0                 -> v0.14.0
v0.14.0 Upgrade and Encrypted Rollback	Checkout candidate C with immutable base tag	2026-10-06T03:55:53.4881019Z  * [new tag]           v0.2.0                  -> v0.2.0
v0.14.0 Upgrade and Encrypted Rollback	Checkout candidate C with immutable base tag	2026-10-06T03:55:53.4882421Z  * [new tag]           v0.2.1                  -> v0.2.1
v0.14.0 Upgrade and Encrypted Rollback	Checkout candidate C with immutable base tag	2026-10-06T03:55:53.4883804Z  * [new tag]           v0.2.2                  -> v0.2.2
v0.14.0 Upgrade and Encrypted Rollback	Checkout candidate C with immutable base tag	2026-10-06T03:55:53.4885161Z  * [new tag]           v0.2.3                  -> v0.2.3
v0.14.0 Upgrade and Encrypted Rollback	Checkout candidate C with immutable base tag	2026-10-06T03:55:53.4886544Z  * [new tag]           v0.2.4                  -> v0.2.4
v0.14.0 Upgrade and Encrypted Rollback	Checkout candidate C with immutable base tag	2026-10-06T03:55:53.4887903Z  * [new tag]           v0.3.0                  -> v0.3.0
v0.14.0 Upgrade and Encrypted Rollback	Checkout candidate C with immutable base tag	2026-10-06T03:55:53.4889270Z  * [new tag]           v0.3.1                  -> v0.3.1
v0.14.0 Upgrade and Encrypted Rollback	Checkout candidate C with immutable base tag	2026-10-06T03:55:53.4890643Z  * [new tag]           v0.33.10                -> v0.33.10
v0.14.0 Upgrade and Encrypted Rollback	Checkout candidate C with immutable base tag	2026-10-06T03:55:53.4892213Z  * [new tag]           v0.33.11                -> v0.33.11
v0.14.0 Upgrade and Encrypted Rollback	Checkout candidate C with immutable base tag	2026-10-06T03:55:53.4893637Z  * [new tag]           v0.33.5                 -> v0.33.5
v0.14.0 Upgrade and Encrypted Rollback	Checkout candidate C with immutable base tag	2026-10-06T03:55:53.4895024Z  * [new tag]           v0.33.6                 -> v0.33.6
v0.14.0 Upgrade and Encrypted Rollback	Checkout candidate C with immutable base tag	2026-10-06T03:55:53.4896441Z  * [new tag]           v0.33.9                 -> v0.33.9
v0.14.0 Upgrade and Encrypted Rollback	Checkout candidate C with immutable base tag	2026-10-06T03:55:53.4897847Z  * [new tag]           v0.34.0                 -> v0.34.0
v0.14.0 Upgrade and Encrypted Rollback	Checkout candidate C with immutable base tag	2026-10-06T03:55:53.4899239Z  * [new tag]           v0.34.1                 -> v0.34.1
v0.14.0 Upgrade and Encrypted Rollback	Checkout candidate C with immutable base tag	2026-10-06T03:55:53.4900621Z  * [new tag]           v0.35.0                 -> v0.35.0
v0.14.0 Upgrade and Encrypted Rollback	Checkout candidate C with immutable base tag	2026-10-06T03:55:53.4902134Z  * [new tag]           v0.36.0                 -> v0.36.0
v0.14.0 Upgrade and Encrypted Rollback	Checkout candidate C with immutable base tag	2026-10-06T03:55:53.4903521Z  * [new tag]           v0.37.0                 -> v0.37.0
v0.14.0 Upgrade and Encrypted Rollback	Checkout candidate C with immutable base tag	2026-10-06T03:55:53.4904887Z  * [new tag]           v0.4.0                  -> v0.4.0
v0.14.0 Upgrade and Encrypted Rollback	Checkout candidate C with immutable base tag	2026-10-06T03:55:53.4906235Z  * [new tag]           v0.4.1                  -> v0.4.1
v0.14.0 Upgrade and Encrypted Rollback	Checkout candidate C with immutable base tag	2026-10-06T03:55:53.4907585Z  * [new tag]           v0.4.2                  -> v0.4.2
v0.14.0 Upgrade and Encrypted Rollback	Checkout candidate C with immutable base tag	2026-10-06T03:55:53.4908950Z  * [new tag]           v0.5.0                  -> v0.5.0
v0.14.0 Upgrade and Encrypted Rollback	Checkout candidate C with immutable base tag	2026-10-06T03:55:53.4910516Z  * [new tag]           v0.6.0                  -> v0.6.0
v0.14.0 Upgrade and Encrypted Rollback	Checkout candidate C with immutable base tag	2026-10-06T03:55:53.4912057Z  * [new tag]           v0.7.0                  -> v0.7.0
v0.14.0 Upgrade and Encrypted Rollback	Checkout candidate C with immutable base tag	2026-10-06T03:55:53.4913418Z  * [new tag]           v0.7.1                  -> v0.7.1
v0.14.0 Upgrade and Encrypted Rollback	Checkout candidate C with immutable base tag	2026-10-06T03:55:53.4914776Z  * [new tag]           v0.7.2                  -> v0.7.2
v0.14.0 Upgrade and Encrypted Rollback	Checkout candidate C with immutable base tag	2026-10-06T03:55:53.4916136Z  * [new tag]           v0.7.3                  -> v0.7.3
v0.14.0 Upgrade and Encrypted Rollback	Checkout candidate C with immutable base tag	2026-10-06T03:55:53.4917499Z  * [new tag]           v0.8.0                  -> v0.8.0
v0.14.0 Upgrade and Encrypted Rollback	Checkout candidate C with immutable base tag	2026-10-06T03:55:53.4918862Z  * [new tag]           v0.9.0                  -> v0.9.0
v0.14.0 Upgrade and Encrypted Rollback	Checkout candidate C with immutable base tag	2026-10-06T03:55:53.4920229Z  * [new tag]           v0.9.1                  -> v0.9.1
v0.14.0 Upgrade and Encrypted Rollback	Checkout candidate C with immutable base tag	2026-10-06T03:55:53.4923769Z [command]/usr/bin/git rev-parse --verify --quiet 75578e5ac57a05ba0f06146598b314a01eafb2ae^{object}
v0.14.0 Upgrade and Encrypted Rollback	Checkout candidate C with immutable base tag	2026-10-06T03:55:53.4925707Z 75578e5ac57a05ba0f06146598b314a01eafb2ae
v0.14.0 Upgrade and Encrypted Rollback	Checkout candidate C with immutable base tag	2026-10-06T03:55:53.4928863Z ##[endgroup]
v0.14.0 Upgrade and Encrypted Rollback	Checkout candidate C with immutable base tag	2026-10-06T03:55:53.4930389Z ##[group]Determining the checkout info
v0.14.0 Upgrade and Encrypted Rollback	Checkout candidate C with immutable base tag	2026-10-06T03:55:53.4932329Z ##[endgroup]
v0.14.0 Upgrade and Encrypted Rollback	Checkout candidate C with immutable base tag	2026-10-06T03:55:53.4933317Z [command]/usr/bin/git sparse-checkout disable
v0.14.0 Upgrade and Encrypted Rollback	Checkout candidate C with immutable base tag	2026-10-06T03:55:53.4936215Z [command]/usr/bin/git config --local --unset-all extensions.worktreeConfig
v0.14.0 Upgrade and Encrypted Rollback	Checkout candidate C with immutable base tag	2026-10-06T03:55:53.4940164Z ##[group]Checking out the ref
v0.14.0 Upgrade and Encrypted Rollback	Checkout candidate C with immutable base tag	2026-10-06T03:55:53.4942027Z [command]/usr/bin/git checkout --progress --force 75578e5ac57a05ba0f06146598b314a01eafb2ae
v0.14.0 Upgrade and Encrypted Rollback	Checkout candidate C with immutable base tag	2026-10-06T03:55:53.6661184Z Note: switching to '75578e5ac57a05ba0f06146598b314a01eafb2ae'.
v0.14.0 Upgrade and Encrypted Rollback	Checkout candidate C with immutable base tag	2026-10-06T03:55:53.6661929Z 
v0.14.0 Upgrade and Encrypted Rollback	Checkout candidate C with immutable base tag	2026-10-06T03:55:53.6662385Z You are in 'detached HEAD' state. You can look around, make experimental
v0.14.0 Upgrade and Encrypted Rollback	Checkout candidate C with immutable base tag	2026-10-06T03:55:53.6663395Z changes and commit them, and you can discard any commits you make in this
v0.14.0 Upgrade and Encrypted Rollback	Checkout candidate C with immutable base tag	2026-10-06T03:55:53.6664399Z state without impacting any branches by switching back to a branch.
v0.14.0 Upgrade and Encrypted Rollback	Checkout candidate C with immutable base tag	2026-10-06T03:55:53.6665001Z 
v0.14.0 Upgrade and Encrypted Rollback	Checkout candidate C with immutable base tag	2026-10-06T03:55:53.6665402Z If you want to create a new branch to retain commits you create, you may
v0.14.0 Upgrade and Encrypted Rollback	Checkout candidate C with immutable base tag	2026-10-06T03:55:53.6666457Z do so (now or later) by using -c with the switch command. Example:
v0.14.0 Upgrade and Encrypted Rollback	Checkout candidate C with immutable base tag	2026-10-06T03:55:53.6667591Z 
v0.14.0 Upgrade and Encrypted Rollback	Checkout candidate C with immutable base tag	2026-10-06T03:55:53.6667867Z   git switch -c <new-branch-name>
v0.14.0 Upgrade and Encrypted Rollback	Checkout candidate C with immutable base tag	2026-10-06T03:55:53.6668275Z 
v0.14.0 Upgrade and Encrypted Rollback	Checkout candidate C with immutable base tag	2026-10-06T03:55:53.6668513Z Or undo this operation with:
v0.14.0 Upgrade and Encrypted Rollback	Checkout candidate C with immutable base tag	2026-10-06T03:55:53.6668880Z 
v0.14.0 Upgrade and Encrypted Rollback	Checkout candidate C with immutable base tag	2026-10-06T03:55:53.6669078Z   git switch -
v0.14.0 Upgrade and Encrypted Rollback	Checkout candidate C with immutable base tag	2026-10-06T03:55:53.6669374Z 
v0.14.0 Upgrade and Encrypted Rollback	Checkout candidate C with immutable base tag	2026-10-06T03:55:53.6669814Z Turn off this advice by setting config variable advice.detachedHead to false
v0.14.0 Upgrade and Encrypted Rollback	Checkout candidate C with immutable base tag	2026-10-06T03:55:53.6670457Z 
v0.14.0 Upgrade and Encrypted Rollback	Checkout candidate C with immutable base tag	2026-10-06T03:55:53.6671230Z HEAD is now at 75578e5a Verify reconnection before retrying goal pace changes
v0.14.0 Upgrade and Encrypted Rollback	Checkout candidate C with immutable base tag	2026-10-06T03:55:53.6685982Z ##[endgroup]
v0.14.0 Upgrade and Encrypted Rollback	Checkout candidate C with immutable base tag	2026-10-06T03:55:53.6748469Z [command]/usr/bin/git log -1 --format=%H
v0.14.0 Upgrade and Encrypted Rollback	Checkout candidate C with immutable base tag	2026-10-06T03:55:53.6780505Z 75578e5ac57a05ba0f06146598b314a01eafb2ae
v0.14.0 Upgrade and Encrypted Rollback	Setup Node	﻿2026-10-06T03:55:53.7035024Z ##[group]Run actions/setup-node@v4
v0.14.0 Upgrade and Encrypted Rollback	Setup Node	2026-10-06T03:55:53.7035420Z with:
v0.14.0 Upgrade and Encrypted Rollback	Setup Node	2026-10-06T03:55:53.7035673Z   node-version: 20
v0.14.0 Upgrade and Encrypted Rollback	Setup Node	2026-10-06T03:55:53.7035930Z   cache: npm
v0.14.0 Upgrade and Encrypted Rollback	Setup Node	2026-10-06T03:55:53.7036236Z   cache-dependency-path: backend/package-lock.json
v0.14.0 Upgrade and Encrypted Rollback	Setup Node	2026-10-06T03:55:53.7036613Z   always-auth: false
v0.14.0 Upgrade and Encrypted Rollback	Setup Node	2026-10-06T03:55:53.7036904Z   check-latest: false
v0.14.0 Upgrade and Encrypted Rollback	Setup Node	2026-10-06T03:55:53.7039474Z   token: ***
v0.14.0 Upgrade and Encrypted Rollback	Setup Node	2026-10-06T03:55:53.7039720Z env:
v0.14.0 Upgrade and Encrypted Rollback	Setup Node	2026-10-06T03:55:53.7040050Z   CALIBRATE_SOURCE_COMMIT: 75578e5ac57a05ba0f06146598b314a01eafb2ae
v0.14.0 Upgrade and Encrypted Rollback	Setup Node	2026-10-06T03:55:53.7040457Z ##[endgroup]
v0.14.0 Upgrade and Encrypted Rollback	Setup Node	2026-10-06T03:55:53.8450191Z Attempting to download 20...
v0.14.0 Upgrade and Encrypted Rollback	Setup Node	2026-10-06T03:55:53.8556942Z (node:2327) [DEP0040] DeprecationWarning: The `punycode` module is deprecated. Please use a userland alternative instead.
v0.14.0 Upgrade and Encrypted Rollback	Setup Node	2026-10-06T03:55:53.8558291Z (Use `node --trace-deprecation ...` to show where the warning was created)
v0.14.0 Upgrade and Encrypted Rollback	Setup Node	2026-10-06T03:55:54.3393726Z Acquiring 20.20.2 - x64 from https://github.com/actions/node-versions/releases/download/20.20.2-23521894959/node-20.20.2-linux-x64.tar.gz
v0.14.0 Upgrade and Encrypted Rollback	Setup Node	2026-10-06T03:55:54.7231391Z Extracting ...
v0.14.0 Upgrade and Encrypted Rollback	Setup Node	2026-10-06T03:55:54.7387931Z [command]/usr/bin/tar xz --strip 1 --warning=no-unknown-keyword --overwrite -C /home/runner/work/_temp/37d94590-7f8c-48e3-b2c8-289f587b432a -f /home/runner/work/_temp/4cb76330-d978-4a59-9e41-6bfa4e6c4ea0
v0.14.0 Upgrade and Encrypted Rollback	Setup Node	2026-10-06T03:55:55.7502786Z Adding to the cache ...
v0.14.0 Upgrade and Encrypted Rollback	Setup Node	2026-10-06T03:55:57.6296748Z ##[group]Environment details
v0.14.0 Upgrade and Encrypted Rollback	Setup Node	2026-10-06T03:55:57.8647518Z node: v20.20.2
v0.14.0 Upgrade and Encrypted Rollback	Setup Node	2026-10-06T03:55:57.8648411Z npm: 10.8.2
v0.14.0 Upgrade and Encrypted Rollback	Setup Node	2026-10-06T03:55:57.8648784Z yarn: 1.22.22
v0.14.0 Upgrade and Encrypted Rollback	Setup Node	2026-10-06T03:55:57.8649548Z ##[endgroup]
v0.14.0 Upgrade and Encrypted Rollback	Setup Node	2026-10-06T03:55:57.8669854Z [command]/opt/hostedtoolcache/node/20.20.2/x64/bin/npm config get cache
v0.14.0 Upgrade and Encrypted Rollback	Setup Node	2026-10-06T03:55:57.9757749Z /home/runner/.npm
v0.14.0 Upgrade and Encrypted Rollback	Setup Node	2026-10-06T03:55:58.0500634Z Cache hit for: node-cache-Linux-x64-npm-9ad1fc3d02200f097d647c965e5a2c426e45ead6e22fb282009302d8eeb7a3d3
v0.14.0 Upgrade and Encrypted Rollback	Setup Node	2026-10-06T03:55:58.0697032Z (node:2327) [DEP0169] DeprecationWarning: `url.parse()` behavior is not standardized and prone to errors that have security implications. Use the WHATWG URL API instead. CVEs are not issued for `url.parse()` vulnerabilities.
v0.14.0 Upgrade and Encrypted Rollback	Setup Node	2026-10-06T03:55:58.7704568Z Received 142506313 of 142506313 (100.0%), 199.9 MBs/sec
v0.14.0 Upgrade and Encrypted Rollback	Setup Node	2026-10-06T03:55:58.7706057Z Cache Size: ~136 MB (142506313 B)
v0.14.0 Upgrade and Encrypted Rollback	Setup Node	2026-10-06T03:55:58.7819733Z [command]/usr/bin/tar -xf /home/runner/work/_temp/a9b172ac-a8bf-463f-92d4-a577859fc72f/cache.tzst -P -C /home/runner/work/calibrate-health/calibrate-health --use-compress-program unzstd
v0.14.0 Upgrade and Encrypted Rollback	Setup Node	2026-10-06T03:55:59.0606375Z Cache restored successfully
v0.14.0 Upgrade and Encrypted Rollback	Setup Node	2026-10-06T03:55:59.0675404Z Cache restored from key: node-cache-Linux-x64-npm-9ad1fc3d02200f097d647c965e5a2c426e45ead6e22fb282009302d8eeb7a3d3
v0.14.0 Upgrade and Encrypted Rollback	Install backend dependencies	﻿2026-10-06T03:55:59.0883354Z ##[group]Run npm --prefix backend ci --no-audit --fund=false
v0.14.0 Upgrade and Encrypted Rollback	Install backend dependencies	2026-10-06T03:55:59.0883910Z ^[[36;1mnpm --prefix backend ci --no-audit --fund=false^[[0m
v0.14.0 Upgrade and Encrypted Rollback	Install backend dependencies	2026-10-06T03:55:59.1177007Z shell: /usr/bin/bash -e {0}
v0.14.0 Upgrade and Encrypted Rollback	Install backend dependencies	2026-10-06T03:55:59.1177363Z env:
v0.14.0 Upgrade and Encrypted Rollback	Install backend dependencies	2026-10-06T03:55:59.1177738Z   CALIBRATE_SOURCE_COMMIT: 75578e5ac57a05ba0f06146598b314a01eafb2ae
v0.14.0 Upgrade and Encrypted Rollback	Install backend dependencies	2026-10-06T03:55:59.1178216Z ##[endgroup]
v0.14.0 Upgrade and Encrypted Rollback	Install backend dependencies	2026-10-06T03:55:59.5795879Z npm warn EBADENGINE Unsupported engine {
v0.14.0 Upgrade and Encrypted Rollback	Install backend dependencies	2026-10-06T03:55:59.5796955Z npm warn EBADENGINE   package: '@prisma/streams-local@0.1.11',
v0.14.0 Upgrade and Encrypted Rollback	Install backend dependencies	2026-10-06T03:55:59.5798048Z npm warn EBADENGINE   required: { bun: '>=1.2.0', node: '>=22.0.0' },
v0.14.0 Upgrade and Encrypted Rollback	Install backend dependencies	2026-10-06T03:55:59.5799716Z npm warn EBADENGINE   current: { node: 'v20.20.2', npm: '10.8.2' }
v0.14.0 Upgrade and Encrypted Rollback	Install backend dependencies	2026-10-06T03:55:59.5800462Z npm warn EBADENGINE }
v0.14.0 Upgrade and Encrypted Rollback	Install backend dependencies	2026-10-06T03:56:05.5341005Z 
v0.14.0 Upgrade and Encrypted Rollback	Install backend dependencies	2026-10-06T03:56:05.5342033Z added 430 packages in 6s
v0.14.0 Upgrade and Encrypted Rollback	Validate rollback rehearsal helpers	﻿2026-10-06T03:56:05.5851763Z ##[group]Run npm run test:db:rollback:unit
v0.14.0 Upgrade and Encrypted Rollback	Validate rollback rehearsal helpers	2026-10-06T03:56:05.5852151Z ^[[36;1mnpm run test:db:rollback:unit^[[0m
v0.14.0 Upgrade and Encrypted Rollback	Validate rollback rehearsal helpers	2026-10-06T03:56:05.5916992Z shell: /usr/bin/bash -e {0}
v0.14.0 Upgrade and Encrypted Rollback	Validate rollback rehearsal helpers	2026-10-06T03:56:05.5917249Z env:
v0.14.0 Upgrade and Encrypted Rollback	Validate rollback rehearsal helpers	2026-10-06T03:56:05.5917547Z   CALIBRATE_SOURCE_COMMIT: 75578e5ac57a05ba0f06146598b314a01eafb2ae
v0.14.0 Upgrade and Encrypted Rollback	Validate rollback rehearsal helpers	2026-10-06T03:56:05.5917920Z ##[endgroup]
v0.14.0 Upgrade and Encrypted Rollback	Validate rollback rehearsal helpers	2026-10-06T03:56:05.7125570Z 
v0.14.0 Upgrade and Encrypted Rollback	Validate rollback rehearsal helpers	2026-10-06T03:56:05.7126383Z > cal-io@0.37.0 test:db:rollback:unit
v0.14.0 Upgrade and Encrypted Rollback	Validate rollback rehearsal helpers	2026-10-06T03:56:05.7127175Z > node --test scripts/postgres-rollback-smoke.test.mjs
v0.14.0 Upgrade and Encrypted Rollback	Validate rollback rehearsal helpers	2026-10-06T03:56:05.7127625Z 
v0.14.0 Upgrade and Encrypted Rollback	Validate rollback rehearsal helpers	2026-10-06T03:56:05.7583450Z TAP version 13
v0.14.0 Upgrade and Encrypted Rollback	Validate rollback rehearsal helpers	2026-10-06T03:56:05.8268042Z # Subtest: resource plan owns only generated Docker and database names
v0.14.0 Upgrade and Encrypted Rollback	Validate rollback rehearsal helpers	2026-10-06T03:56:05.8281732Z ok 1 - resource plan owns only generated Docker and database names
v0.14.0 Upgrade and Encrypted Rollback	Validate rollback rehearsal helpers	2026-10-06T03:56:05.8282860Z   ---
v0.14.0 Upgrade and Encrypted Rollback	Validate rollback rehearsal helpers	2026-10-06T03:56:05.8283611Z   duration_ms: 5.47523
v0.14.0 Upgrade and Encrypted Rollback	Validate rollback rehearsal helpers	2026-10-06T03:56:05.8284227Z   ...
v0.14.0 Upgrade and Encrypted Rollback	Validate rollback rehearsal helpers	2026-10-06T03:56:05.8291090Z # Subtest: published database ports must be loopback-only and singular
v0.14.0 Upgrade and Encrypted Rollback	Validate rollback rehearsal helpers	2026-10-06T03:56:05.8292624Z ok 2 - published database ports must be loopback-only and singular
v0.14.0 Upgrade and Encrypted Rollback	Validate rollback rehearsal helpers	2026-10-06T03:56:05.8293553Z   ---
v0.14.0 Upgrade and Encrypted Rollback	Validate rollback rehearsal helpers	2026-10-06T03:56:05.8293885Z   duration_ms: 0.345817
v0.14.0 Upgrade and Encrypted Rollback	Validate rollback rehearsal helpers	2026-10-06T03:56:05.8294279Z   ...
v0.14.0 Upgrade and Encrypted Rollback	Validate rollback rehearsal helpers	2026-10-06T03:56:05.8322193Z # Subtest: database URLs cannot escape the generated loopback target
v0.14.0 Upgrade and Encrypted Rollback	Validate rollback rehearsal helpers	2026-10-06T03:56:05.8330136Z ok 3 - database URLs cannot escape the generated loopback target
v0.14.0 Upgrade and Encrypted Rollback	Validate rollback rehearsal helpers	2026-10-06T03:56:05.8371178Z   ---
v0.14.0 Upgrade and Encrypted Rollback	Validate rollback rehearsal helpers	2026-10-06T03:56:05.8371800Z   duration_ms: 1.498075
v0.14.0 Upgrade and Encrypted Rollback	Validate rollback rehearsal helpers	2026-10-06T03:56:05.8372212Z   ...
v0.14.0 Upgrade and Encrypted Rollback	Validate rollback rehearsal helpers	2026-10-06T03:56:05.8373006Z # Subtest: Postgres launch is private, disposable, labeled, and loopback-published
v0.14.0 Upgrade and Encrypted Rollback	Validate rollback rehearsal helpers	2026-10-06T03:56:05.8374269Z ok 4 - Postgres launch is private, disposable, labeled, and loopback-published
v0.14.0 Upgrade and Encrypted Rollback	Validate rollback rehearsal helpers	2026-10-06T03:56:05.8375121Z   ---
v0.14.0 Upgrade and Encrypted Rollback	Validate rollback rehearsal helpers	2026-10-06T03:56:05.8375484Z   duration_ms: 0.332773
v0.14.0 Upgrade and Encrypted Rollback	Validate rollback rehearsal helpers	2026-10-06T03:56:05.8375921Z   ...
v0.14.0 Upgrade and Encrypted Rollback	Validate rollback rehearsal helpers	2026-10-06T03:56:05.8376600Z # Subtest: migration contract pins exact v0.14.0 and candidate ledgers
v0.14.0 Upgrade and Encrypted Rollback	Validate rollback rehearsal helpers	2026-10-06T03:56:05.8377627Z ok 5 - migration contract pins exact v0.14.0 and candidate ledgers
v0.14.0 Upgrade and Encrypted Rollback	Validate rollback rehearsal helpers	2026-10-06T03:56:05.8378322Z   ---
v0.14.0 Upgrade and Encrypted Rollback	Validate rollback rehearsal helpers	2026-10-06T03:56:05.8378673Z   duration_ms: 8.673027
v0.14.0 Upgrade and Encrypted Rollback	Validate rollback rehearsal helpers	2026-10-06T03:56:05.8379046Z   ...
v0.14.0 Upgrade and Encrypted Rollback	Validate rollback rehearsal helpers	2026-10-06T03:56:05.8379927Z # Subtest: hosted source binding accepts only the checked-out lowercase full SHA
v0.14.0 Upgrade and Encrypted Rollback	Validate rollback rehearsal helpers	2026-10-06T03:56:05.8381274Z ok 6 - hosted source binding accepts only the checked-out lowercase full SHA
v0.14.0 Upgrade and Encrypted Rollback	Validate rollback rehearsal helpers	2026-10-06T03:56:05.8382041Z   ---
v0.14.0 Upgrade and Encrypted Rollback	Validate rollback rehearsal helpers	2026-10-06T03:56:05.8382388Z   duration_ms: 0.301955
v0.14.0 Upgrade and Encrypted Rollback	Validate rollback rehearsal helpers	2026-10-06T03:56:05.8382825Z   ...
v0.14.0 Upgrade and Encrypted Rollback	Validate rollback rehearsal helpers	2026-10-06T03:56:05.8383548Z # Subtest: source resolver binds the actual checkout to the workflow candidate
v0.14.0 Upgrade and Encrypted Rollback	Validate rollback rehearsal helpers	2026-10-06T03:56:05.8384842Z ok 7 - source resolver binds the actual checkout to the workflow candidate
v0.14.0 Upgrade and Encrypted Rollback	Validate rollback rehearsal helpers	2026-10-06T03:56:05.8385498Z   ---
v0.14.0 Upgrade and Encrypted Rollback	Validate rollback rehearsal helpers	2026-10-06T03:56:05.8385897Z   duration_ms: 0.285615
v0.14.0 Upgrade and Encrypted Rollback	Validate rollback rehearsal helpers	2026-10-06T03:56:05.8386289Z   ...
v0.14.0 Upgrade and Encrypted Rollback	Validate rollback rehearsal helpers	2026-10-06T03:56:05.8387193Z # Subtest: representative snapshots distinguish base from the intentional candidate transform
v0.14.0 Upgrade and Encrypted Rollback	Validate rollback rehearsal helpers	2026-10-06T03:56:05.8388585Z ok 8 - representative snapshots distinguish base from the intentional candidate transform
v0.14.0 Upgrade and Encrypted Rollback	Validate rollback rehearsal helpers	2026-10-06T03:56:05.8389435Z   ---
v0.14.0 Upgrade and Encrypted Rollback	Validate rollback rehearsal helpers	2026-10-06T03:56:05.8389775Z   duration_ms: 0.316843
v0.14.0 Upgrade and Encrypted Rollback	Validate rollback rehearsal helpers	2026-10-06T03:56:05.8390204Z   ...
v0.14.0 Upgrade and Encrypted Rollback	Validate rollback rehearsal helpers	2026-10-06T03:56:05.8395772Z # Subtest: diagnostics redact credentials and absolute host paths
v0.14.0 Upgrade and Encrypted Rollback	Validate rollback rehearsal helpers	2026-10-06T03:56:05.8397038Z ok 9 - diagnostics redact credentials and absolute host paths
v0.14.0 Upgrade and Encrypted Rollback	Validate rollback rehearsal helpers	2026-10-06T03:56:05.8397648Z   ---
v0.14.0 Upgrade and Encrypted Rollback	Validate rollback rehearsal helpers	2026-10-06T03:56:05.8397984Z   duration_ms: 0.627455
v0.14.0 Upgrade and Encrypted Rollback	Validate rollback rehearsal helpers	2026-10-06T03:56:05.8398353Z   ...
v0.14.0 Upgrade and Encrypted Rollback	Validate rollback rehearsal helpers	2026-10-06T03:56:05.8399095Z # Subtest: success evidence is sanitized, exact, and contains no resource target
v0.14.0 Upgrade and Encrypted Rollback	Validate rollback rehearsal helpers	2026-10-06T03:56:05.8400179Z ok 10 - success evidence is sanitized, exact, and contains no resource target
v0.14.0 Upgrade and Encrypted Rollback	Validate rollback rehearsal helpers	2026-10-06T03:56:05.8401079Z   ---
v0.14.0 Upgrade and Encrypted Rollback	Validate rollback rehearsal helpers	2026-10-06T03:56:05.8401763Z   duration_ms: 0.492282
v0.14.0 Upgrade and Encrypted Rollback	Validate rollback rehearsal helpers	2026-10-06T03:56:05.8402153Z   ...
v0.14.0 Upgrade and Encrypted Rollback	Validate rollback rehearsal helpers	2026-10-06T03:56:05.8402803Z # Subtest: failed evidence remains bound to the checked-out candidate
v0.14.0 Upgrade and Encrypted Rollback	Validate rollback rehearsal helpers	2026-10-06T03:56:05.8429691Z ok 11 - failed evidence remains bound to the checked-out candidate
v0.14.0 Upgrade and Encrypted Rollback	Validate rollback rehearsal helpers	2026-10-06T03:56:05.8430994Z   ---
v0.14.0 Upgrade and Encrypted Rollback	Validate rollback rehearsal helpers	2026-10-06T03:56:05.8431355Z   duration_ms: 0.30492
v0.14.0 Upgrade and Encrypted Rollback	Validate rollback rehearsal helpers	2026-10-06T03:56:05.8431726Z   ...
v0.14.0 Upgrade and Encrypted Rollback	Validate rollback rehearsal helpers	2026-10-06T03:56:05.8432438Z # Subtest: schema names, arguments, and evidence path are fixed and guarded
v0.14.0 Upgrade and Encrypted Rollback	Validate rollback rehearsal helpers	2026-10-06T03:56:05.8433461Z ok 12 - schema names, arguments, and evidence path are fixed and guarded
v0.14.0 Upgrade and Encrypted Rollback	Validate rollback rehearsal helpers	2026-10-06T03:56:05.8434165Z   ---
v0.14.0 Upgrade and Encrypted Rollback	Validate rollback rehearsal helpers	2026-10-06T03:56:05.8434498Z   duration_ms: 0.263123
v0.14.0 Upgrade and Encrypted Rollback	Validate rollback rehearsal helpers	2026-10-06T03:56:05.8434909Z   ...
v0.14.0 Upgrade and Encrypted Rollback	Validate rollback rehearsal helpers	2026-10-06T03:56:05.8435750Z # Subtest: command encoding defaults to text while preserving explicit spawn encodings
v0.14.0 Upgrade and Encrypted Rollback	Validate rollback rehearsal helpers	2026-10-06T03:56:05.8437053Z ok 13 - command encoding defaults to text while preserving explicit spawn encodings
v0.14.0 Upgrade and Encrypted Rollback	Validate rollback rehearsal helpers	2026-10-06T03:56:05.8437844Z   ---
v0.14.0 Upgrade and Encrypted Rollback	Validate rollback rehearsal helpers	2026-10-06T03:56:05.8438226Z   duration_ms: 0.155081
v0.14.0 Upgrade and Encrypted Rollback	Validate rollback rehearsal helpers	2026-10-06T03:56:05.8438647Z   ...
v0.14.0 Upgrade and Encrypted Rollback	Validate rollback rehearsal helpers	2026-10-06T03:56:05.8439629Z # Subtest: script contract uses production backup/restore and cleanup without external DATABASE_URL
v0.14.0 Upgrade and Encrypted Rollback	Validate rollback rehearsal helpers	2026-10-06T03:56:05.8441530Z ok 14 - script contract uses production backup/restore and cleanup without external DATABASE_URL
v0.14.0 Upgrade and Encrypted Rollback	Validate rollback rehearsal helpers	2026-10-06T03:56:05.8442586Z   ---
v0.14.0 Upgrade and Encrypted Rollback	Validate rollback rehearsal helpers	2026-10-06T03:56:05.8442987Z   duration_ms: 0.776153
v0.14.0 Upgrade and Encrypted Rollback	Validate rollback rehearsal helpers	2026-10-06T03:56:05.8443441Z   ...
v0.14.0 Upgrade and Encrypted Rollback	Validate rollback rehearsal helpers	2026-10-06T03:56:05.8496178Z 1..14
v0.14.0 Upgrade and Encrypted Rollback	Validate rollback rehearsal helpers	2026-10-06T03:56:05.8496712Z # tests 14
v0.14.0 Upgrade and Encrypted Rollback	Validate rollback rehearsal helpers	2026-10-06T03:56:05.8497047Z # suites 0
v0.14.0 Upgrade and Encrypted Rollback	Validate rollback rehearsal helpers	2026-10-06T03:56:05.8497535Z # pass 14
v0.14.0 Upgrade and Encrypted Rollback	Validate rollback rehearsal helpers	2026-10-06T03:56:05.8498037Z # fail 0
v0.14.0 Upgrade and Encrypted Rollback	Validate rollback rehearsal helpers	2026-10-06T03:56:05.8511872Z # cancelled 0
v0.14.0 Upgrade and Encrypted Rollback	Validate rollback rehearsal helpers	2026-10-06T03:56:05.8512316Z # skipped 0
v0.14.0 Upgrade and Encrypted Rollback	Validate rollback rehearsal helpers	2026-10-06T03:56:05.8512753Z # todo 0
v0.14.0 Upgrade and Encrypted Rollback	Validate rollback rehearsal helpers	2026-10-06T03:56:05.8513215Z # duration_ms 101.27013
v0.14.0 Upgrade and Encrypted Rollback	Upgrade from v0.14.0, restore, and re-upgrade	﻿2026-10-06T03:56:05.8654689Z ##[group]Run npm run test:db:rollback
v0.14.0 Upgrade and Encrypted Rollback	Upgrade from v0.14.0, restore, and re-upgrade	2026-10-06T03:56:05.8655219Z ^[[36;1mnpm run test:db:rollback^[[0m
v0.14.0 Upgrade and Encrypted Rollback	Upgrade from v0.14.0, restore, and re-upgrade	2026-10-06T03:56:05.8736949Z shell: /usr/bin/bash -e {0}
v0.14.0 Upgrade and Encrypted Rollback	Upgrade from v0.14.0, restore, and re-upgrade	2026-10-06T03:56:05.8737211Z env:
v0.14.0 Upgrade and Encrypted Rollback	Upgrade from v0.14.0, restore, and re-upgrade	2026-10-06T03:56:05.8737511Z   CALIBRATE_SOURCE_COMMIT: 75578e5ac57a05ba0f06146598b314a01eafb2ae
v0.14.0 Upgrade and Encrypted Rollback	Upgrade from v0.14.0, restore, and re-upgrade	2026-10-06T03:56:05.8737876Z ##[endgroup]
v0.14.0 Upgrade and Encrypted Rollback	Upgrade from v0.14.0, restore, and re-upgrade	2026-10-06T03:56:05.9968404Z 
v0.14.0 Upgrade and Encrypted Rollback	Upgrade from v0.14.0, restore, and re-upgrade	2026-10-06T03:56:05.9969325Z > cal-io@0.37.0 test:db:rollback
v0.14.0 Upgrade and Encrypted Rollback	Upgrade from v0.14.0, restore, and re-upgrade	2026-10-06T03:56:05.9970460Z > node scripts/postgres-rollback-smoke.mjs
v0.14.0 Upgrade and Encrypted Rollback	Upgrade from v0.14.0, restore, and re-upgrade	2026-10-06T03:56:05.9971478Z 
v0.14.0 Upgrade and Encrypted Rollback	Upgrade from v0.14.0, restore, and re-upgrade	2026-10-06T03:56:16.7157727Z [postgres-rollback-smoke] Applying immutable v0.14.0 migration ledger.
v0.14.0 Upgrade and Encrypted Rollback	Upgrade from v0.14.0, restore, and re-upgrade	2026-10-06T03:56:20.0670210Z [postgres-rollback-smoke] Applying candidate migrations through 0045_firebase_identity_foundation.
v0.14.0 Upgrade and Encrypted Rollback	Upgrade from v0.14.0, restore, and re-upgrade	2026-10-06T03:56:21.9272349Z [postgres-rollback-smoke] Restoring the encrypted predecessor backup into the owned empty target.
v0.14.0 Upgrade and Encrypted Rollback	Upgrade from v0.14.0, restore, and re-upgrade	2026-10-06T03:56:22.4247713Z [postgres-rollback-smoke] Re-applying the candidate ledger to the restored predecessor data.
v0.14.0 Upgrade and Encrypted Rollback	Upgrade from v0.14.0, restore, and re-upgrade	2026-10-06T03:56:24.4156559Z [postgres-rollback-smoke] PASS: restored v0.14.0, verified its exact data/ledger, and re-upgraded through 0045_firebase_identity_foundation.
v0.14.0 Upgrade and Encrypted Rollback	Post Setup Node	﻿2026-10-06T03:56:24.4344210Z Post job cleanup.
v0.14.0 Upgrade and Encrypted Rollback	Post Setup Node	2026-10-06T03:56:24.5594883Z (node:4526) [DEP0040] DeprecationWarning: The `punycode` module is deprecated. Please use a userland alternative instead.
v0.14.0 Upgrade and Encrypted Rollback	Post Setup Node	2026-10-06T03:56:24.5595891Z (Use `node --trace-deprecation ...` to show where the warning was created)
v0.14.0 Upgrade and Encrypted Rollback	Post Setup Node	2026-10-06T03:56:24.5599589Z Cache hit occurred on the primary key node-cache-Linux-x64-npm-9ad1fc3d02200f097d647c965e5a2c426e45ead6e22fb282009302d8eeb7a3d3, not saving cache.
v0.14.0 Upgrade and Encrypted Rollback	Post Checkout candidate C with immutable base tag	﻿2026-10-06T03:56:24.5751688Z Post job cleanup.
v0.14.0 Upgrade and Encrypted Rollback	Post Checkout candidate C with immutable base tag	2026-10-06T03:56:24.6605028Z [command]/usr/bin/git version
v0.14.0 Upgrade and Encrypted Rollback	Post Checkout candidate C with immutable base tag	2026-10-06T03:56:24.6650170Z git version 2.55.0
v0.14.0 Upgrade and Encrypted Rollback	Post Checkout candidate C with immutable base tag	2026-10-06T03:56:24.6689145Z Temporarily overriding HOME='/home/runner/work/_temp/d5b3c896-ab71-4fce-98e2-ef1d4ea9dffa' before making global git config changes
v0.14.0 Upgrade and Encrypted Rollback	Post Checkout candidate C with immutable base tag	2026-10-06T03:56:24.6691007Z Adding repository directory to the temporary git global config as a safe directory
v0.14.0 Upgrade and Encrypted Rollback	Post Checkout candidate C with immutable base tag	2026-10-06T03:56:24.6694585Z [command]/usr/bin/git config --global --add safe.directory /home/runner/work/calibrate-health/calibrate-health
v0.14.0 Upgrade and Encrypted Rollback	Post Checkout candidate C with immutable base tag	2026-10-06T03:56:24.6734940Z [command]/usr/bin/git config --local --name-only --get-regexp core\.sshCommand
v0.14.0 Upgrade and Encrypted Rollback	Post Checkout candidate C with immutable base tag	2026-10-06T03:56:24.6770282Z [command]/usr/bin/git submodule foreach --recursive sh -c "git config --local --name-only --get-regexp 'core\.sshCommand' && git config --local --unset-all 'core.sshCommand' || :"
v0.14.0 Upgrade and Encrypted Rollback	Post Checkout candidate C with immutable base tag	2026-10-06T03:56:24.7030396Z [command]/usr/bin/git config --local --name-only --get-regexp http\.https\:\/\/github\.com\/\.extraheader
v0.14.0 Upgrade and Encrypted Rollback	Post Checkout candidate C with immutable base tag	2026-10-06T03:56:24.7057843Z http.https://github.com/.extraheader
v0.14.0 Upgrade and Encrypted Rollback	Post Checkout candidate C with immutable base tag	2026-10-06T03:56:24.7071801Z [command]/usr/bin/git config --local --unset-all http.https://github.com/.extraheader
v0.14.0 Upgrade and Encrypted Rollback	Post Checkout candidate C with immutable base tag	2026-10-06T03:56:24.7109325Z [command]/usr/bin/git submodule foreach --recursive sh -c "git config --local --name-only --get-regexp 'http\.https\:\/\/github\.com\/\.extraheader' && git config --local --unset-all 'http.https://github.com/.extraheader' || :"
v0.14.0 Upgrade and Encrypted Rollback	Post Checkout candidate C with immutable base tag	2026-10-06T03:56:24.7414854Z [command]/usr/bin/git config --local --name-only --get-regexp ^includeIf\.gitdir:
v0.14.0 Upgrade and Encrypted Rollback	Post Checkout candidate C with immutable base tag	2026-10-06T03:56:24.7463796Z [command]/usr/bin/git submodule foreach --recursive git config --local --show-origin --name-only --get-regexp remote.origin.url
v0.14.0 Upgrade and Encrypted Rollback	Complete job	﻿2026-10-06T03:56:24.7939795Z Cleaning up orphan processes
v0.14.0 Upgrade and Encrypted Rollback	Complete job	2026-10-06T03:56:24.8396022Z ##[warning]Node.js 20 is deprecated. The following actions target Node.js 20 but are being forced to run on Node.js 24: actions/checkout@v4, actions/setup-node@v4. For more information see: https://github.blog/changelog/2025-09-19-deprecation-of-node-20-on-github-actions-runners/
