Backend Tests	Set up job	﻿2026-10-07T05:41:09.2101587Z Current runner version: '2.337.0'
Backend Tests	Set up job	2026-10-07T05:41:09.2122417Z ##[group]Runner Image Provisioner
Backend Tests	Set up job	2026-10-07T05:41:09.2123120Z Hosted Compute Agent
Backend Tests	Set up job	2026-10-07T05:41:09.2123669Z Version: 20261002.596
Backend Tests	Set up job	2026-10-07T05:41:09.2124255Z Commit: c3d12f3313a95f25162a1503be624f3b0617f8c0
Backend Tests	Set up job	2026-10-07T05:41:09.2124823Z Build Date: 2026-10-02T22:28:27Z
Backend Tests	Set up job	2026-10-07T05:41:09.2125424Z Worker ID: {b9947546-d454-401b-b2dc-71c5857a1c31}
Backend Tests	Set up job	2026-10-07T05:41:09.2125987Z Region: westus3
Backend Tests	Set up job	2026-10-07T05:41:09.2126464Z Cloud: Azure
Backend Tests	Set up job	2026-10-07T05:41:09.2127123Z ##[endgroup]
Backend Tests	Set up job	2026-10-07T05:41:09.2128154Z ##[group]Operating System
Backend Tests	Set up job	2026-10-07T05:41:09.2128725Z Ubuntu
Backend Tests	Set up job	2026-10-07T05:41:09.2129162Z 24.04.5
Backend Tests	Set up job	2026-10-07T05:41:09.2129572Z LTS
Backend Tests	Set up job	2026-10-07T05:41:09.2130167Z ##[endgroup]
Backend Tests	Set up job	2026-10-07T05:41:09.2130630Z ##[group]Runner Image
Backend Tests	Set up job	2026-10-07T05:41:09.2131177Z Image: ubuntu-24.04
Backend Tests	Set up job	2026-10-07T05:41:09.2131708Z Version: 20261004.327.1
Backend Tests	Set up job	2026-10-07T05:41:09.2132583Z Included Software: https://github.com/actions/runner-images/blob/ubuntu24/20261004.327/images/ubuntu/Ubuntu2404-Readme.md
Backend Tests	Set up job	2026-10-07T05:41:09.2134087Z Image Release: https://github.com/actions/runner-images/releases/tag/ubuntu24%2F20261004.327
Backend Tests	Set up job	2026-10-07T05:41:09.2134912Z ##[endgroup]
Backend Tests	Set up job	2026-10-07T05:41:09.2135789Z ##[group]GITHUB_TOKEN Permissions
Backend Tests	Set up job	2026-10-07T05:41:09.2137606Z Contents: read
Backend Tests	Set up job	2026-10-07T05:41:09.2138137Z Metadata: read
Backend Tests	Set up job	2026-10-07T05:41:09.2138581Z ##[endgroup]
Backend Tests	Set up job	2026-10-07T05:41:09.2140590Z Secret source: Actions
Backend Tests	Set up job	2026-10-07T05:41:09.2141369Z Cache mode: write
Backend Tests	Set up job	2026-10-07T05:41:09.2142042Z Prepare workflow directory
Backend Tests	Set up job	2026-10-07T05:41:09.2492916Z Prepare all required actions
Backend Tests	Set up job	2026-10-07T05:41:09.2531337Z Getting action download info
Backend Tests	Set up job	2026-10-07T05:41:09.5315849Z Download action repository 'actions/checkout@v4' (SHA:11d5960a326750d5838078e36cf38b85af677262)
Backend Tests	Set up job	2026-10-07T05:41:09.6238457Z Download action repository 'actions/setup-node@v4' (SHA:49933ea5288caeca8642d1e84afbd3f7d6820020)
Backend Tests	Set up job	2026-10-07T05:41:09.8181270Z Complete job name: Backend Tests
Backend Tests	Initialize containers	﻿2026-10-07T05:41:09.8637929Z ##[group]Checking docker version
Backend Tests	Initialize containers	2026-10-07T05:41:09.8649489Z ##[command]/usr/bin/docker version --format '{{.Server.APIVersion}}'
Backend Tests	Initialize containers	2026-10-07T05:41:10.0725429Z '1.48'
Backend Tests	Initialize containers	2026-10-07T05:41:10.0733172Z Docker daemon API version: '1.48'
Backend Tests	Initialize containers	2026-10-07T05:41:10.0733804Z ##[command]/usr/bin/docker version --format '{{.Client.APIVersion}}'
Backend Tests	Initialize containers	2026-10-07T05:41:10.0872235Z '1.48'
Backend Tests	Initialize containers	2026-10-07T05:41:10.0883219Z Docker client API version: '1.48'
Backend Tests	Initialize containers	2026-10-07T05:41:10.0889116Z ##[endgroup]
Backend Tests	Initialize containers	2026-10-07T05:41:10.0891108Z ##[group]Clean up resources from previous jobs
Backend Tests	Initialize containers	2026-10-07T05:41:10.0894923Z ##[command]/usr/bin/docker ps --all --quiet --no-trunc --filter "label=b8e496"
Backend Tests	Initialize containers	2026-10-07T05:41:10.1014837Z ##[command]/usr/bin/docker network prune --force --filter "label=b8e496"
Backend Tests	Initialize containers	2026-10-07T05:41:10.1120452Z ##[endgroup]
Backend Tests	Initialize containers	2026-10-07T05:41:10.1120906Z ##[group]Create local container network
Backend Tests	Initialize containers	2026-10-07T05:41:10.1128987Z ##[command]/usr/bin/docker network create --label b8e496 github_network_06cd415778834cd5b3b8646f94702dfb
Backend Tests	Initialize containers	2026-10-07T05:41:10.1568648Z 3bd9707f01a4c81d5ceb34ec18fb0a36f2023d7da0c3eb8881bfe00c4908f3f3
Backend Tests	Initialize containers	2026-10-07T05:41:10.1584133Z ##[endgroup]
Backend Tests	Initialize containers	2026-10-07T05:41:10.1605302Z ##[group]Starting postgres service container
Backend Tests	Initialize containers	2026-10-07T05:41:10.1622729Z ##[command]/usr/bin/docker pull postgres:16-alpine
Backend Tests	Initialize containers	2026-10-07T05:41:11.1838463Z 16-alpine: Pulling from library/postgres
Backend Tests	Initialize containers	2026-10-07T05:41:11.4643580Z e2de96513ba9: Already exists
Backend Tests	Initialize containers	2026-10-07T05:41:11.4675866Z 1b7f9cd581ee: Pulling fs layer
Backend Tests	Initialize containers	2026-10-07T05:41:11.4676656Z 210b280f9556: Pulling fs layer
Backend Tests	Initialize containers	2026-10-07T05:41:11.4677335Z 81717818649a: Pulling fs layer
Backend Tests	Initialize containers	2026-10-07T05:41:11.4677741Z 3ae6141cfd99: Pulling fs layer
Backend Tests	Initialize containers	2026-10-07T05:41:11.4678146Z 25b77f59fd95: Pulling fs layer
Backend Tests	Initialize containers	2026-10-07T05:41:11.4678534Z 6c25da34e03f: Pulling fs layer
Backend Tests	Initialize containers	2026-10-07T05:41:11.4678907Z a88782f92806: Pulling fs layer
Backend Tests	Initialize containers	2026-10-07T05:41:11.4679271Z d8d21be4bf02: Pulling fs layer
Backend Tests	Initialize containers	2026-10-07T05:41:11.4679636Z 6117bd39f23f: Pulling fs layer
Backend Tests	Initialize containers	2026-10-07T05:41:11.4679989Z 509688edf37b: Pulling fs layer
Backend Tests	Initialize containers	2026-10-07T05:41:11.4680336Z 6c25da34e03f: Waiting
Backend Tests	Initialize containers	2026-10-07T05:41:11.4681064Z a88782f92806: Waiting
Backend Tests	Initialize containers	2026-10-07T05:41:11.4681482Z d8d21be4bf02: Waiting
Backend Tests	Initialize containers	2026-10-07T05:41:11.4681856Z 3ae6141cfd99: Waiting
Backend Tests	Initialize containers	2026-10-07T05:41:11.4682198Z 25b77f59fd95: Waiting
Backend Tests	Initialize containers	2026-10-07T05:41:11.4682511Z 509688edf37b: Waiting
Backend Tests	Initialize containers	2026-10-07T05:41:11.6912328Z 81717818649a: Download complete
Backend Tests	Initialize containers	2026-10-07T05:41:11.6913615Z 1b7f9cd581ee: Download complete
Backend Tests	Initialize containers	2026-10-07T05:41:11.6977093Z 210b280f9556: Verifying Checksum
Backend Tests	Initialize containers	2026-10-07T05:41:11.6977595Z 210b280f9556: Download complete
Backend Tests	Initialize containers	2026-10-07T05:41:11.7524446Z 1b7f9cd581ee: Pull complete
Backend Tests	Initialize containers	2026-10-07T05:41:11.7820778Z 210b280f9556: Pull complete
Backend Tests	Initialize containers	2026-10-07T05:41:11.7917721Z 81717818649a: Pull complete
Backend Tests	Initialize containers	2026-10-07T05:41:11.8585945Z 3ae6141cfd99: Verifying Checksum
Backend Tests	Initialize containers	2026-10-07T05:41:11.8649913Z 6c25da34e03f: Verifying Checksum
Backend Tests	Initialize containers	2026-10-07T05:41:11.8651692Z 6c25da34e03f: Download complete
Backend Tests	Initialize containers	2026-10-07T05:41:11.8678945Z 3ae6141cfd99: Pull complete
Backend Tests	Initialize containers	2026-10-07T05:41:12.0231657Z a88782f92806: Verifying Checksum
Backend Tests	Initialize containers	2026-10-07T05:41:12.0232604Z a88782f92806: Download complete
Backend Tests	Initialize containers	2026-10-07T05:41:12.0462427Z d8d21be4bf02: Verifying Checksum
Backend Tests	Initialize containers	2026-10-07T05:41:12.0463407Z d8d21be4bf02: Download complete
Backend Tests	Initialize containers	2026-10-07T05:41:12.1748118Z 25b77f59fd95: Verifying Checksum
Backend Tests	Initialize containers	2026-10-07T05:41:12.1749004Z 25b77f59fd95: Download complete
Backend Tests	Initialize containers	2026-10-07T05:41:12.2026049Z 6117bd39f23f: Verifying Checksum
Backend Tests	Initialize containers	2026-10-07T05:41:12.2026565Z 6117bd39f23f: Download complete
Backend Tests	Initialize containers	2026-10-07T05:41:12.2241451Z 509688edf37b: Download complete
Backend Tests	Initialize containers	2026-10-07T05:41:15.4462101Z 25b77f59fd95: Pull complete
Backend Tests	Initialize containers	2026-10-07T05:41:15.4594132Z 6c25da34e03f: Pull complete
Backend Tests	Initialize containers	2026-10-07T05:41:15.4660418Z a88782f92806: Pull complete
Backend Tests	Initialize containers	2026-10-07T05:41:15.4748803Z d8d21be4bf02: Pull complete
Backend Tests	Initialize containers	2026-10-07T05:41:15.4830346Z 6117bd39f23f: Pull complete
Backend Tests	Initialize containers	2026-10-07T05:41:15.4911002Z 509688edf37b: Pull complete
Backend Tests	Initialize containers	2026-10-07T05:41:15.4947780Z Digest: sha256:721873c34ceb9f8d8fc265984940dc982404c105f19ad51be9fdc5970a6080ea
Backend Tests	Initialize containers	2026-10-07T05:41:15.4962120Z Status: Downloaded newer image for postgres:16-alpine
Backend Tests	Initialize containers	2026-10-07T05:41:15.4968309Z docker.io/library/postgres:16-alpine
Backend Tests	Initialize containers	2026-10-07T05:41:15.5034528Z ##[command]/usr/bin/docker create --name 30eeeb32a01c4152a85d10f61e245873_postgres16alpine_13fab3 --label b8e496 --network github_network_06cd415778834cd5b3b8646f94702dfb --network-alias postgres -p 5432:5432 --health-cmd "pg_isready -U calibrate_ci -d calibrate_ci" --health-interval 5s --health-timeout 5s --health-retries 10 -e "POSTGRES_USER=calibrate_ci" -e "POSTGRES_PASSWORD=calibrate_ci" -e "POSTGRES_DB=calibrate_ci" -e GITHUB_ACTIONS=true -e CI=true postgres:16-alpine
Backend Tests	Initialize containers	2026-10-07T05:41:15.5270703Z 01621a06ffdc24a1909743287b006e636287af847af694f8ba8ffaefe3d884da
Backend Tests	Initialize containers	2026-10-07T05:41:15.5287602Z ##[command]/usr/bin/docker start 01621a06ffdc24a1909743287b006e636287af847af694f8ba8ffaefe3d884da
Backend Tests	Initialize containers	2026-10-07T05:41:15.7283440Z 01621a06ffdc24a1909743287b006e636287af847af694f8ba8ffaefe3d884da
Backend Tests	Initialize containers	2026-10-07T05:41:15.7301036Z ##[command]/usr/bin/docker ps --all --filter id=01621a06ffdc24a1909743287b006e636287af847af694f8ba8ffaefe3d884da --filter status=running --no-trunc --format "{{.ID}} {{.Status}}"
Backend Tests	Initialize containers	2026-10-07T05:41:15.7410464Z 01621a06ffdc24a1909743287b006e636287af847af694f8ba8ffaefe3d884da Up Less than a second (health: starting)
Backend Tests	Initialize containers	2026-10-07T05:41:15.7431738Z ##[command]/usr/bin/docker port 01621a06ffdc24a1909743287b006e636287af847af694f8ba8ffaefe3d884da
Backend Tests	Initialize containers	2026-10-07T05:41:15.7536008Z 5432/tcp -> 0.0.0.0:5432
Backend Tests	Initialize containers	2026-10-07T05:41:15.7536365Z 5432/tcp -> [::]:5432
Backend Tests	Initialize containers	2026-10-07T05:41:15.7579818Z ##[endgroup]
Backend Tests	Initialize containers	2026-10-07T05:41:15.7588433Z ##[group]Waiting for all services to be ready
Backend Tests	Initialize containers	2026-10-07T05:41:15.7601750Z ##[command]/usr/bin/docker inspect --format="{{if .Config.Healthcheck}}{{print .State.Health.Status}}{{end}}" 01621a06ffdc24a1909743287b006e636287af847af694f8ba8ffaefe3d884da
Backend Tests	Initialize containers	2026-10-07T05:41:15.7708194Z starting
Backend Tests	Initialize containers	2026-10-07T05:41:15.7733187Z postgres service is starting, waiting 2 seconds before checking again.
Backend Tests	Initialize containers	2026-10-07T05:41:17.7733805Z ##[command]/usr/bin/docker inspect --format="{{if .Config.Healthcheck}}{{print .State.Health.Status}}{{end}}" 01621a06ffdc24a1909743287b006e636287af847af694f8ba8ffaefe3d884da
Backend Tests	Initialize containers	2026-10-07T05:41:17.7842400Z starting
Backend Tests	Initialize containers	2026-10-07T05:41:17.7852438Z postgres service is starting, waiting 3 seconds before checking again.
Backend Tests	Initialize containers	2026-10-07T05:41:21.5495884Z ##[command]/usr/bin/docker inspect --format="{{if .Config.Healthcheck}}{{print .State.Health.Status}}{{end}}" 01621a06ffdc24a1909743287b006e636287af847af694f8ba8ffaefe3d884da
Backend Tests	Initialize containers	2026-10-07T05:41:21.5605296Z healthy
Backend Tests	Initialize containers	2026-10-07T05:41:21.5619094Z postgres service is healthy.
Backend Tests	Initialize containers	2026-10-07T05:41:21.5619598Z ##[endgroup]
Backend Tests	Checkout	﻿2026-10-07T05:41:21.5937120Z ##[group]Run actions/checkout@v4
Backend Tests	Checkout	2026-10-07T05:41:21.5937624Z with:
Backend Tests	Checkout	2026-10-07T05:41:21.5937825Z   ref: 4751d8d89301c18fb0fed7244c3354477e804c2b
Backend Tests	Checkout	2026-10-07T05:41:21.5938085Z   repository: MChartier/calibrate-health
Backend Tests	Checkout	2026-10-07T05:41:21.5940250Z   token: ***
Backend Tests	Checkout	2026-10-07T05:41:21.5940423Z   ssh-strict: true
Backend Tests	Checkout	2026-10-07T05:41:21.5940595Z   ssh-user: git
Backend Tests	Checkout	2026-10-07T05:41:21.5940769Z   persist-credentials: true
Backend Tests	Checkout	2026-10-07T05:41:21.5940969Z   clean: true
Backend Tests	Checkout	2026-10-07T05:41:21.5941151Z   sparse-checkout-cone-mode: true
Backend Tests	Checkout	2026-10-07T05:41:21.5941376Z   fetch-depth: 1
Backend Tests	Checkout	2026-10-07T05:41:21.5941538Z   fetch-tags: false
Backend Tests	Checkout	2026-10-07T05:41:21.5941707Z   show-progress: true
Backend Tests	Checkout	2026-10-07T05:41:21.5941883Z   lfs: false
Backend Tests	Checkout	2026-10-07T05:41:21.5942036Z   submodules: false
Backend Tests	Checkout	2026-10-07T05:41:21.5942205Z   set-safe-directory: true
Backend Tests	Checkout	2026-10-07T05:41:21.5942405Z   allow-unsafe-pr-checkout: false
Backend Tests	Checkout	2026-10-07T05:41:21.5942789Z ##[endgroup]
Backend Tests	Checkout	2026-10-07T05:41:21.6775227Z Syncing repository: MChartier/calibrate-health
Backend Tests	Checkout	2026-10-07T05:41:21.6776709Z ##[group]Getting Git version info
Backend Tests	Checkout	2026-10-07T05:41:21.6777509Z Working directory is '/home/runner/work/calibrate-health/calibrate-health'
Backend Tests	Checkout	2026-10-07T05:41:21.6778318Z [command]/usr/bin/git version
Backend Tests	Checkout	2026-10-07T05:41:21.6848833Z git version 2.55.0
Backend Tests	Checkout	2026-10-07T05:41:21.6865341Z ##[endgroup]
Backend Tests	Checkout	2026-10-07T05:41:21.6879387Z Temporarily overriding HOME='/home/runner/work/_temp/2ef43ede-5643-469e-8583-113788ae8f21' before making global git config changes
Backend Tests	Checkout	2026-10-07T05:41:21.6880680Z Adding repository directory to the temporary git global config as a safe directory
Backend Tests	Checkout	2026-10-07T05:41:21.6884481Z [command]/usr/bin/git config --global --add safe.directory /home/runner/work/calibrate-health/calibrate-health
Backend Tests	Checkout	2026-10-07T05:41:21.6934515Z Deleting the contents of '/home/runner/work/calibrate-health/calibrate-health'
Backend Tests	Checkout	2026-10-07T05:41:21.6939527Z ##[group]Initializing the repository
Backend Tests	Checkout	2026-10-07T05:41:21.6942629Z [command]/usr/bin/git init /home/runner/work/calibrate-health/calibrate-health
Backend Tests	Checkout	2026-10-07T05:41:21.7046063Z hint: Using 'master' as the name for the initial branch. This default branch name
Backend Tests	Checkout	2026-10-07T05:41:21.7047287Z hint: will change to "main" in Git 3.0. To configure the initial branch name
Backend Tests	Checkout	2026-10-07T05:41:21.7048128Z hint: to use in all of your new repositories, which will suppress this warning,
Backend Tests	Checkout	2026-10-07T05:41:21.7048647Z hint: call:
Backend Tests	Checkout	2026-10-07T05:41:21.7048892Z hint:
Backend Tests	Checkout	2026-10-07T05:41:21.7049284Z hint: 	git config --global init.defaultBranch <name>
Backend Tests	Checkout	2026-10-07T05:41:21.7049676Z hint:
Backend Tests	Checkout	2026-10-07T05:41:21.7050053Z hint: Names commonly chosen instead of 'master' are 'main', 'trunk' and
Backend Tests	Checkout	2026-10-07T05:41:21.7050667Z hint: 'development'. The just-created branch can be renamed via this command:
Backend Tests	Checkout	2026-10-07T05:41:21.7051133Z hint:
Backend Tests	Checkout	2026-10-07T05:41:21.7051385Z hint: 	git branch -m <name>
Backend Tests	Checkout	2026-10-07T05:41:21.7051667Z hint:
Backend Tests	Checkout	2026-10-07T05:41:21.7052058Z hint: Disable this message with "git config set advice.defaultBranchName false"
Backend Tests	Checkout	2026-10-07T05:41:21.7052788Z Initialized empty Git repository in /home/runner/work/calibrate-health/calibrate-health/.git/
Backend Tests	Checkout	2026-10-07T05:41:21.7062044Z [command]/usr/bin/git remote add origin https://github.com/MChartier/calibrate-health
Backend Tests	Checkout	2026-10-07T05:41:21.7105489Z ##[endgroup]
Backend Tests	Checkout	2026-10-07T05:41:21.7106027Z ##[group]Disabling automatic garbage collection
Backend Tests	Checkout	2026-10-07T05:41:21.7109635Z [command]/usr/bin/git config --local gc.auto 0
Backend Tests	Checkout	2026-10-07T05:41:21.7136675Z ##[endgroup]
Backend Tests	Checkout	2026-10-07T05:41:21.7137250Z ##[group]Setting up auth
Backend Tests	Checkout	2026-10-07T05:41:21.7144098Z [command]/usr/bin/git config --local --name-only --get-regexp core\.sshCommand
Backend Tests	Checkout	2026-10-07T05:41:21.7173395Z [command]/usr/bin/git submodule foreach --recursive sh -c "git config --local --name-only --get-regexp 'core\.sshCommand' && git config --local --unset-all 'core.sshCommand' || :"
Backend Tests	Checkout	2026-10-07T05:41:21.9024192Z [command]/usr/bin/git config --local --name-only --get-regexp http\.https\:\/\/github\.com\/\.extraheader
Backend Tests	Checkout	2026-10-07T05:41:21.9055630Z [command]/usr/bin/git submodule foreach --recursive sh -c "git config --local --name-only --get-regexp 'http\.https\:\/\/github\.com\/\.extraheader' && git config --local --unset-all 'http.https://github.com/.extraheader' || :"
Backend Tests	Checkout	2026-10-07T05:41:21.9250133Z [command]/usr/bin/git config --local --name-only --get-regexp ^includeIf\.gitdir:
Backend Tests	Checkout	2026-10-07T05:41:21.9281209Z [command]/usr/bin/git submodule foreach --recursive git config --local --show-origin --name-only --get-regexp remote.origin.url
Backend Tests	Checkout	2026-10-07T05:41:21.9476257Z [command]/usr/bin/git config --local http.https://github.com/.extraheader AUTHORIZATION: basic ***
Backend Tests	Checkout	2026-10-07T05:41:21.9513864Z ##[endgroup]
Backend Tests	Checkout	2026-10-07T05:41:21.9514427Z ##[group]Fetching the repository
Backend Tests	Checkout	2026-10-07T05:41:21.9522319Z [command]/usr/bin/git -c protocol.version=2 fetch --no-tags --prune --no-recurse-submodules --depth=1 origin 4751d8d89301c18fb0fed7244c3354477e804c2b
Backend Tests	Checkout	2026-10-07T05:41:24.2645264Z From https://github.com/MChartier/calibrate-health
Backend Tests	Checkout	2026-10-07T05:41:24.2645947Z  * branch            4751d8d89301c18fb0fed7244c3354477e804c2b -> FETCH_HEAD
Backend Tests	Checkout	2026-10-07T05:41:24.2656321Z ##[endgroup]
Backend Tests	Checkout	2026-10-07T05:41:24.2656700Z ##[group]Determining the checkout info
Backend Tests	Checkout	2026-10-07T05:41:24.2657412Z ##[endgroup]
Backend Tests	Checkout	2026-10-07T05:41:24.2659072Z [command]/usr/bin/git sparse-checkout disable
Backend Tests	Checkout	2026-10-07T05:41:24.2717117Z [command]/usr/bin/git config --local --unset-all extensions.worktreeConfig
Backend Tests	Checkout	2026-10-07T05:41:24.2745680Z ##[group]Checking out the ref
Backend Tests	Checkout	2026-10-07T05:41:24.2757683Z [command]/usr/bin/git checkout --progress --force 4751d8d89301c18fb0fed7244c3354477e804c2b
Backend Tests	Checkout	2026-10-07T05:41:24.4360954Z Note: switching to '4751d8d89301c18fb0fed7244c3354477e804c2b'.
Backend Tests	Checkout	2026-10-07T05:41:24.4361476Z 
Backend Tests	Checkout	2026-10-07T05:41:24.4361732Z You are in 'detached HEAD' state. You can look around, make experimental
Backend Tests	Checkout	2026-10-07T05:41:24.4362332Z changes and commit them, and you can discard any commits you make in this
Backend Tests	Checkout	2026-10-07T05:41:24.4362928Z state without impacting any branches by switching back to a branch.
Backend Tests	Checkout	2026-10-07T05:41:24.4363246Z 
Backend Tests	Checkout	2026-10-07T05:41:24.4363479Z If you want to create a new branch to retain commits you create, you may
Backend Tests	Checkout	2026-10-07T05:41:24.4364037Z do so (now or later) by using -c with the switch command. Example:
Backend Tests	Checkout	2026-10-07T05:41:24.4364338Z 
Backend Tests	Checkout	2026-10-07T05:41:24.4364469Z   git switch -c <new-branch-name>
Backend Tests	Checkout	2026-10-07T05:41:24.4364675Z 
Backend Tests	Checkout	2026-10-07T05:41:24.4364798Z Or undo this operation with:
Backend Tests	Checkout	2026-10-07T05:41:24.4365002Z 
Backend Tests	Checkout	2026-10-07T05:41:24.4365103Z   git switch -
Backend Tests	Checkout	2026-10-07T05:41:24.4365265Z 
Backend Tests	Checkout	2026-10-07T05:41:24.4365503Z Turn off this advice by setting config variable advice.detachedHead to false
Backend Tests	Checkout	2026-10-07T05:41:24.4365883Z 
Backend Tests	Checkout	2026-10-07T05:41:24.4366130Z HEAD is now at 4751d8d fix(auth): persist browser password logins atomically
Backend Tests	Checkout	2026-10-07T05:41:24.4375400Z ##[endgroup]
Backend Tests	Checkout	2026-10-07T05:41:24.4417899Z [command]/usr/bin/git log -1 --format=%H
Backend Tests	Checkout	2026-10-07T05:41:24.4440569Z 4751d8d89301c18fb0fed7244c3354477e804c2b
Backend Tests	Setup Node	﻿2026-10-07T05:41:24.4653235Z ##[group]Run actions/setup-node@v4
Backend Tests	Setup Node	2026-10-07T05:41:24.4653485Z with:
Backend Tests	Setup Node	2026-10-07T05:41:24.4653665Z   node-version: 20
Backend Tests	Setup Node	2026-10-07T05:41:24.4653833Z   cache: npm
Backend Tests	Setup Node	2026-10-07T05:41:24.4654024Z   cache-dependency-path: backend/package-lock.json
Backend Tests	Setup Node	2026-10-07T05:41:24.4654272Z   always-auth: false
Backend Tests	Setup Node	2026-10-07T05:41:24.4654447Z   check-latest: false
Backend Tests	Setup Node	2026-10-07T05:41:24.4656450Z   token: ***
Backend Tests	Setup Node	2026-10-07T05:41:24.4656622Z ##[endgroup]
Backend Tests	Setup Node	2026-10-07T05:41:24.5771160Z Attempting to download 20...
Backend Tests	Setup Node	2026-10-07T05:41:24.5856600Z (node:2477) [DEP0040] DeprecationWarning: The `punycode` module is deprecated. Please use a userland alternative instead.
Backend Tests	Setup Node	2026-10-07T05:41:24.5857491Z (Use `node --trace-deprecation ...` to show where the warning was created)
Backend Tests	Setup Node	2026-10-07T05:41:25.5493640Z Acquiring 20.20.2 - x64 from https://github.com/actions/node-versions/releases/download/20.20.2-23521894959/node-20.20.2-linux-x64.tar.gz
Backend Tests	Setup Node	2026-10-07T05:41:26.0494337Z Extracting ...
Backend Tests	Setup Node	2026-10-07T05:41:26.0586063Z [command]/usr/bin/tar xz --strip 1 --warning=no-unknown-keyword --overwrite -C /home/runner/work/_temp/3a9d2373-cc91-456d-83c3-83f839fd93db -f /home/runner/work/_temp/2237b1cf-e47e-4b0d-bef0-0266d2bfdd88
Backend Tests	Setup Node	2026-10-07T05:41:26.9023657Z Adding to the cache ...
Backend Tests	Setup Node	2026-10-07T05:41:28.5763275Z ##[group]Environment details
Backend Tests	Setup Node	2026-10-07T05:41:28.7642206Z node: v20.20.2
Backend Tests	Setup Node	2026-10-07T05:41:28.7642625Z npm: 10.8.2
Backend Tests	Setup Node	2026-10-07T05:41:28.7642865Z yarn: 1.22.22
Backend Tests	Setup Node	2026-10-07T05:41:28.7643444Z ##[endgroup]
Backend Tests	Setup Node	2026-10-07T05:41:28.7658539Z [command]/opt/hostedtoolcache/node/20.20.2/x64/bin/npm config get cache
Backend Tests	Setup Node	2026-10-07T05:41:28.8452063Z /home/runner/.npm
Backend Tests	Setup Node	2026-10-07T05:41:29.0561208Z npm cache is not found
Backend Tests	Install deps	﻿2026-10-07T05:41:29.0711228Z ##[group]Run npm ci --no-audit --fund=false
Backend Tests	Install deps	2026-10-07T05:41:29.0711573Z ^[[36;1mnpm ci --no-audit --fund=false^[[0m
Backend Tests	Install deps	2026-10-07T05:41:29.0968979Z shell: /usr/bin/bash -e {0}
Backend Tests	Install deps	2026-10-07T05:41:29.0969232Z ##[endgroup]
Backend Tests	Install deps	2026-10-07T05:41:29.4311973Z npm warn EBADENGINE Unsupported engine {
Backend Tests	Install deps	2026-10-07T05:41:29.4312783Z npm warn EBADENGINE   package: '@prisma/streams-local@0.1.11',
Backend Tests	Install deps	2026-10-07T05:41:29.4313476Z npm warn EBADENGINE   required: { bun: '>=1.2.0', node: '>=22.0.0' },
Backend Tests	Install deps	2026-10-07T05:41:29.4314164Z npm warn EBADENGINE   current: { node: 'v20.20.2', npm: '10.8.2' }
Backend Tests	Install deps	2026-10-07T05:41:29.4314635Z npm warn EBADENGINE }
Backend Tests	Install deps	2026-10-07T05:41:36.2260497Z 
Backend Tests	Install deps	2026-10-07T05:41:36.2261224Z added 430 packages in 7s
Backend Tests	Verify fresh database migrations	﻿2026-10-07T05:41:36.2596320Z ##[group]Run npm run db:migrate
Backend Tests	Verify fresh database migrations	2026-10-07T05:41:36.2596583Z ^[[36;1mnpm run db:migrate^[[0m
Backend Tests	Verify fresh database migrations	2026-10-07T05:41:36.2654480Z shell: /usr/bin/bash -e {0}
Backend Tests	Verify fresh database migrations	2026-10-07T05:41:36.2654696Z env:
Backend Tests	Verify fresh database migrations	2026-10-07T05:41:36.2655176Z   DATABASE_URL: ***localhost:5432/calibrate_ci?schema=public
Backend Tests	Verify fresh database migrations	2026-10-07T05:41:36.2655453Z ##[endgroup]
Backend Tests	Verify fresh database migrations	2026-10-07T05:41:36.3705476Z 
Backend Tests	Verify fresh database migrations	2026-10-07T05:41:36.3706262Z > backend@0.37.0 db:migrate
Backend Tests	Verify fresh database migrations	2026-10-07T05:41:36.3706579Z > prisma migrate deploy
Backend Tests	Verify fresh database migrations	2026-10-07T05:41:36.3706717Z 
Backend Tests	Verify fresh database migrations	2026-10-07T05:41:37.1494956Z Loaded Prisma config from prisma.config.ts.
Backend Tests	Verify fresh database migrations	2026-10-07T05:41:37.1495241Z 
Backend Tests	Verify fresh database migrations	2026-10-07T05:41:37.2512593Z Prisma schema loaded from prisma/schema.prisma.
Backend Tests	Verify fresh database migrations	2026-10-07T05:41:37.2598791Z Datasource "db": PostgreSQL database "calibrate_ci", schema "public" at "localhost:5432"
Backend Tests	Verify fresh database migrations	2026-10-07T05:41:37.3246672Z 
Backend Tests	Verify fresh database migrations	2026-10-07T05:41:37.3247471Z 48 migrations found in prisma/migrations
Backend Tests	Verify fresh database migrations	2026-10-07T05:41:37.3247693Z 
Backend Tests	Verify fresh database migrations	2026-10-07T05:41:37.4386151Z Applying migration `0001_init`
Backend Tests	Verify fresh database migrations	2026-10-07T05:41:37.4633914Z Applying migration `0002_weight_units_grams`
Backend Tests	Verify fresh database migrations	2026-10-07T05:41:37.4759469Z Applying migration `0003_bodymetric_date_only`
Backend Tests	Verify fresh database migrations	2026-10-07T05:41:37.4852592Z Applying migration `0004_add_profile_fields`
Backend Tests	Verify fresh database migrations	2026-10-07T05:41:37.4890400Z Applying migration `0005_add_user_timezone`
Backend Tests	Verify fresh database migrations	2026-10-07T05:41:37.4913751Z Applying migration `0006_foodlog_local_date`
Backend Tests	Verify fresh database migrations	2026-10-07T05:41:37.4959663Z Applying migration `0007_height_unit_preference`
Backend Tests	Verify fresh database migrations	2026-10-07T05:41:37.5001201Z Applying migration `0008_meal_period_enum`
Backend Tests	Verify fresh database migrations	2026-10-07T05:41:37.5090722Z Applying migration `0009_add_user_profile_image`
Backend Tests	Verify fresh database migrations	2026-10-07T05:41:37.5111729Z Applying migration `0010_my_foods`
Backend Tests	Verify fresh database migrations	2026-10-07T05:41:37.5300753Z Applying migration `0011_add_user_language`
Backend Tests	Verify fresh database migrations	2026-10-07T05:41:37.5322597Z Applying migration `0012_session_store`
Backend Tests	Verify fresh database migrations	2026-10-07T05:41:37.5375819Z Applying migration `0013_food_log_day_completion`
Backend Tests	Verify fresh database migrations	2026-10-07T05:41:37.5443685Z Applying migration `0013_push_subscriptions`
Backend Tests	Verify fresh database migrations	2026-10-07T05:41:37.5530526Z Applying migration `0014_push_subscription_reminders`
Backend Tests	Verify fresh database migrations	2026-10-07T05:41:37.5551560Z Applying migration `0014_push_subscription_user_endpoint_uniqueness`
Backend Tests	Verify fresh database migrations	2026-10-07T05:41:37.5587956Z Applying migration `0015_reminder_preference_flags`
Backend Tests	Verify fresh database migrations	2026-10-07T05:41:37.5615447Z Applying migration `0016_bodymetric_trend_precompute`
Backend Tests	Verify fresh database migrations	2026-10-07T05:41:37.5678231Z Applying migration `0016_in_app_notifications`
Backend Tests	Verify fresh database migrations	2026-10-07T05:41:37.5779525Z Applying migration `0017_haptics_preference`
Backend Tests	Verify fresh database migrations	2026-10-07T05:41:37.5802935Z Applying migration `0017_notification_delivery_channels`
Backend Tests	Verify fresh database migrations	2026-10-07T05:41:37.5860970Z Applying migration `0018_food_log_external_snapshots`
Backend Tests	Verify fresh database migrations	2026-10-07T05:41:37.5889474Z Applying migration `0019_backend_server_audit_indexes`
Backend Tests	Verify fresh database migrations	2026-10-07T05:41:37.5919115Z Applying migration `0020_goal_active_lookup_index`
Backend Tests	Verify fresh database migrations	2026-10-07T05:41:37.5937494Z Applying migration `0021_mobile_native_client`
Backend Tests	Verify fresh database migrations	2026-10-07T05:41:37.6322059Z Applying migration `0022_bind_native_push_to_mobile_session`
Backend Tests	Verify fresh database migrations	2026-10-07T05:41:37.6397990Z Applying migration `0023_client_sync_foundation`
Backend Tests	Verify fresh database migrations	2026-10-07T05:41:37.6639485Z Applying migration `0024_account_lifecycle`
Backend Tests	Verify fresh database migrations	2026-10-07T05:41:37.6825764Z Applying migration `0025_my_food_pinning`
Backend Tests	Verify fresh database migrations	2026-10-07T05:41:37.6863102Z Applying migration `0026_health_connect_activity`
Backend Tests	Verify fresh database migrations	2026-10-07T05:41:37.7182925Z Applying migration `0027_wear_os_pairing`
Backend Tests	Verify fresh database migrations	2026-10-07T05:41:37.7447072Z Applying migration `0028_watch_operation_provenance`
Backend Tests	Verify fresh database migrations	2026-10-07T05:41:37.7497756Z Applying migration `0029_push_subscription_endpoint_ownership`
Backend Tests	Verify fresh database migrations	2026-10-07T05:41:37.7558338Z Applying migration `0030_day_resolution_and_tracking_pauses`
Backend Tests	Verify fresh database migrations	2026-10-07T05:41:37.7689541Z Applying migration `0031_calibration_insights`
Backend Tests	Verify fresh database migrations	2026-10-07T05:41:37.7967169Z Applying migration `0032_weight_trend_v2`
Backend Tests	Verify fresh database migrations	2026-10-07T05:41:37.7994673Z Applying migration `0033_weight_trend_source_revision`
Backend Tests	Verify fresh database migrations	2026-10-07T05:41:37.8015801Z Applying migration `0034_calorie_safety_policy`
Backend Tests	Verify fresh database migrations	2026-10-07T05:41:37.8252283Z Applying migration `0035_account_verification_and_legal_consent`
Backend Tests	Verify fresh database migrations	2026-10-07T05:41:37.8438391Z Applying migration `0036_atomic_onboarding`
Backend Tests	Verify fresh database migrations	2026-10-07T05:41:37.8469912Z Applying migration `0037_saved_foods_library`
Backend Tests	Verify fresh database migrations	2026-10-07T05:41:37.8509225Z Applying migration `0038_settings_trust_center`
Backend Tests	Verify fresh database migrations	2026-10-07T05:41:37.8754984Z Applying migration `0039_mcp_oauth`
Backend Tests	Verify fresh database migrations	2026-10-07T05:41:37.9213649Z Applying migration `0040_ios_native_support`
Backend Tests	Verify fresh database migrations	2026-10-07T05:41:37.9236189Z Applying migration `0041_server_settings`
Backend Tests	Verify fresh database migrations	2026-10-07T05:41:37.9272815Z Applying migration `0043_food_day_comparison`
Backend Tests	Verify fresh database migrations	2026-10-07T05:41:37.9296273Z Applying migration `0044_goal_pace_history`
Backend Tests	Verify fresh database migrations	2026-10-07T05:41:37.9325142Z Applying migration `0045_firebase_identity_foundation`
Backend Tests	Verify fresh database migrations	2026-10-07T05:41:37.9458928Z 
Backend Tests	Verify fresh database migrations	2026-10-07T05:41:37.9468963Z The following migration(s) have been applied:
Backend Tests	Verify fresh database migrations	2026-10-07T05:41:37.9469515Z 
Backend Tests	Verify fresh database migrations	2026-10-07T05:41:37.9469768Z migrations/
Backend Tests	Verify fresh database migrations	2026-10-07T05:41:37.9470357Z   └─ 0001_init/
Backend Tests	Verify fresh database migrations	2026-10-07T05:41:37.9470668Z     └─ migration.sql
Backend Tests	Verify fresh database migrations	2026-10-07T05:41:37.9471204Z   └─ 0002_weight_units_grams/
Backend Tests	Verify fresh database migrations	2026-10-07T05:41:37.9471558Z     └─ migration.sql
Backend Tests	Verify fresh database migrations	2026-10-07T05:41:37.9471945Z   └─ 0003_bodymetric_date_only/
Backend Tests	Verify fresh database migrations	2026-10-07T05:41:37.9472269Z     └─ migration.sql
Backend Tests	Verify fresh database migrations	2026-10-07T05:41:37.9472644Z   └─ 0004_add_profile_fields/
Backend Tests	Verify fresh database migrations	2026-10-07T05:41:37.9472992Z     └─ migration.sql
Backend Tests	Verify fresh database migrations	2026-10-07T05:41:37.9473289Z   └─ 0005_add_user_timezone/
Backend Tests	Verify fresh database migrations	2026-10-07T05:41:37.9473605Z     └─ migration.sql
Backend Tests	Verify fresh database migrations	2026-10-07T05:41:37.9473898Z   └─ 0006_foodlog_local_date/
Backend Tests	Verify fresh database migrations	2026-10-07T05:41:37.9474226Z     └─ migration.sql
Backend Tests	Verify fresh database migrations	2026-10-07T05:41:37.9474593Z   └─ 0007_height_unit_preference/
Backend Tests	Verify fresh database migrations	2026-10-07T05:41:37.9474969Z     └─ migration.sql
Backend Tests	Verify fresh database migrations	2026-10-07T05:41:37.9475327Z   └─ 0008_meal_period_enum/
Backend Tests	Verify fresh database migrations	2026-10-07T05:41:37.9475679Z     └─ migration.sql
Backend Tests	Verify fresh database migrations	2026-10-07T05:41:37.9476063Z   └─ 0009_add_user_profile_image/
Backend Tests	Verify fresh database migrations	2026-10-07T05:41:37.9476441Z     └─ migration.sql
Backend Tests	Verify fresh database migrations	2026-10-07T05:41:37.9476914Z   └─ 0010_my_foods/
Backend Tests	Verify fresh database migrations	2026-10-07T05:41:37.9477276Z     └─ migration.sql
Backend Tests	Verify fresh database migrations	2026-10-07T05:41:37.9477610Z   └─ 0011_add_user_language/
Backend Tests	Verify fresh database migrations	2026-10-07T05:41:37.9477944Z     └─ migration.sql
Backend Tests	Verify fresh database migrations	2026-10-07T05:41:37.9478254Z   └─ 0012_session_store/
Backend Tests	Verify fresh database migrations	2026-10-07T05:41:37.9478552Z     └─ migration.sql
Backend Tests	Verify fresh database migrations	2026-10-07T05:41:37.9478895Z   └─ 0013_food_log_day_completion/
Backend Tests	Verify fresh database migrations	2026-10-07T05:41:37.9479274Z     └─ migration.sql
Backend Tests	Verify fresh database migrations	2026-10-07T05:41:37.9479606Z   └─ 0013_push_subscriptions/
Backend Tests	Verify fresh database migrations	2026-10-07T05:41:37.9479940Z     └─ migration.sql
Backend Tests	Verify fresh database migrations	2026-10-07T05:41:37.9480311Z   └─ 0014_push_subscription_reminders/
Backend Tests	Verify fresh database migrations	2026-10-07T05:41:37.9480681Z     └─ migration.sql
Backend Tests	Verify fresh database migrations	2026-10-07T05:41:37.9481069Z   └─ 0014_push_subscription_user_endpoint_uniqueness/
Backend Tests	Verify fresh database migrations	2026-10-07T05:41:37.9481821Z     └─ migration.sql
Backend Tests	Verify fresh database migrations	2026-10-07T05:41:37.9482197Z   └─ 0015_reminder_preference_flags/
Backend Tests	Verify fresh database migrations	2026-10-07T05:41:37.9482577Z     └─ migration.sql
Backend Tests	Verify fresh database migrations	2026-10-07T05:41:37.9482950Z   └─ 0016_bodymetric_trend_precompute/
Backend Tests	Verify fresh database migrations	2026-10-07T05:41:37.9483321Z     └─ migration.sql
Backend Tests	Verify fresh database migrations	2026-10-07T05:41:37.9483671Z   └─ 0016_in_app_notifications/
Backend Tests	Verify fresh database migrations	2026-10-07T05:41:37.9484027Z     └─ migration.sql
Backend Tests	Verify fresh database migrations	2026-10-07T05:41:37.9484363Z   └─ 0017_haptics_preference/
Backend Tests	Verify fresh database migrations	2026-10-07T05:41:37.9484745Z     └─ migration.sql
Backend Tests	Verify fresh database migrations	2026-10-07T05:41:37.9485133Z   └─ 0017_notification_delivery_channels/
Backend Tests	Verify fresh database migrations	2026-10-07T05:41:37.9485534Z     └─ migration.sql
Backend Tests	Verify fresh database migrations	2026-10-07T05:41:37.9485899Z   └─ 0018_food_log_external_snapshots/
Backend Tests	Verify fresh database migrations	2026-10-07T05:41:37.9486269Z     └─ migration.sql
Backend Tests	Verify fresh database migrations	2026-10-07T05:41:37.9486651Z   └─ 0019_backend_server_audit_indexes/
Backend Tests	Verify fresh database migrations	2026-10-07T05:41:37.9487181Z     └─ migration.sql
Backend Tests	Verify fresh database migrations	2026-10-07T05:41:37.9487519Z   └─ 0020_goal_active_lookup_index/
Backend Tests	Verify fresh database migrations	2026-10-07T05:41:37.9487869Z     └─ migration.sql
Backend Tests	Verify fresh database migrations	2026-10-07T05:41:37.9488184Z   └─ 0021_mobile_native_client/
Backend Tests	Verify fresh database migrations	2026-10-07T05:41:37.9488576Z     └─ migration.sql
Backend Tests	Verify fresh database migrations	2026-10-07T05:41:37.9488989Z   └─ 0022_bind_native_push_to_mobile_session/
Backend Tests	Verify fresh database migrations	2026-10-07T05:41:37.9489416Z     └─ migration.sql
Backend Tests	Verify fresh database migrations	2026-10-07T05:41:37.9489779Z   └─ 0023_client_sync_foundation/
Backend Tests	Verify fresh database migrations	2026-10-07T05:41:37.9490150Z     └─ migration.sql
Backend Tests	Verify fresh database migrations	2026-10-07T05:41:37.9490499Z   └─ 0024_account_lifecycle/
Backend Tests	Verify fresh database migrations	2026-10-07T05:41:37.9490874Z     └─ migration.sql
Backend Tests	Verify fresh database migrations	2026-10-07T05:41:37.9491186Z   └─ 0025_my_food_pinning/
Backend Tests	Verify fresh database migrations	2026-10-07T05:41:37.9491547Z     └─ migration.sql
Backend Tests	Verify fresh database migrations	2026-10-07T05:41:37.9491940Z   └─ 0026_health_connect_activity/
Backend Tests	Verify fresh database migrations	2026-10-07T05:41:37.9492343Z     └─ migration.sql
Backend Tests	Verify fresh database migrations	2026-10-07T05:41:37.9492943Z   └─ 0027_wear_os_pairing/
Backend Tests	Verify fresh database migrations	2026-10-07T05:41:37.9493317Z     └─ migration.sql
Backend Tests	Verify fresh database migrations	2026-10-07T05:41:37.9493707Z   └─ 0028_watch_operation_provenance/
Backend Tests	Verify fresh database migrations	2026-10-07T05:41:37.9493994Z     └─ migration.sql
Backend Tests	Verify fresh database migrations	2026-10-07T05:41:37.9494276Z   └─ 0029_push_subscription_endpoint_ownership/
Backend Tests	Verify fresh database migrations	2026-10-07T05:41:37.9494576Z     └─ migration.sql
Backend Tests	Verify fresh database migrations	2026-10-07T05:41:37.9494856Z   └─ 0030_day_resolution_and_tracking_pauses/
Backend Tests	Verify fresh database migrations	2026-10-07T05:41:37.9495135Z     └─ migration.sql
Backend Tests	Verify fresh database migrations	2026-10-07T05:41:37.9495373Z   └─ 0031_calibration_insights/
Backend Tests	Verify fresh database migrations	2026-10-07T05:41:37.9495622Z     └─ migration.sql
Backend Tests	Verify fresh database migrations	2026-10-07T05:41:37.9495837Z   └─ 0032_weight_trend_v2/
Backend Tests	Verify fresh database migrations	2026-10-07T05:41:37.9496069Z     └─ migration.sql
Backend Tests	Verify fresh database migrations	2026-10-07T05:41:37.9496313Z   └─ 0033_weight_trend_source_revision/
Backend Tests	Verify fresh database migrations	2026-10-07T05:41:37.9496577Z     └─ migration.sql
Backend Tests	Verify fresh database migrations	2026-10-07T05:41:37.9498436Z   └─ 0034_calorie_safety_policy/
Backend Tests	Verify fresh database migrations	2026-10-07T05:41:37.9498773Z     └─ migration.sql
Backend Tests	Verify fresh database migrations	2026-10-07T05:41:37.9499073Z   └─ 0035_account_verification_and_legal_consent/
Backend Tests	Verify fresh database migrations	2026-10-07T05:41:37.9499364Z     └─ migration.sql
Backend Tests	Verify fresh database migrations	2026-10-07T05:41:37.9499608Z   └─ 0036_atomic_onboarding/
Backend Tests	Verify fresh database migrations	2026-10-07T05:41:37.9499840Z     └─ migration.sql
Backend Tests	Verify fresh database migrations	2026-10-07T05:41:37.9500078Z   └─ 0037_saved_foods_library/
Backend Tests	Verify fresh database migrations	2026-10-07T05:41:37.9500324Z     └─ migration.sql
Backend Tests	Verify fresh database migrations	2026-10-07T05:41:37.9500559Z   └─ 0038_settings_trust_center/
Backend Tests	Verify fresh database migrations	2026-10-07T05:41:37.9500793Z     └─ migration.sql
Backend Tests	Verify fresh database migrations	2026-10-07T05:41:37.9501011Z   └─ 0039_mcp_oauth/
Backend Tests	Verify fresh database migrations	2026-10-07T05:41:37.9501231Z     └─ migration.sql
Backend Tests	Verify fresh database migrations	2026-10-07T05:41:37.9501445Z   └─ 0040_ios_native_support/
Backend Tests	Verify fresh database migrations	2026-10-07T05:41:37.9501680Z     └─ migration.sql
Backend Tests	Verify fresh database migrations	2026-10-07T05:41:37.9501895Z   └─ 0041_server_settings/
Backend Tests	Verify fresh database migrations	2026-10-07T05:41:37.9502121Z     └─ migration.sql
Backend Tests	Verify fresh database migrations	2026-10-07T05:41:37.9502351Z   └─ 0043_food_day_comparison/
Backend Tests	Verify fresh database migrations	2026-10-07T05:41:37.9502594Z     └─ migration.sql
Backend Tests	Verify fresh database migrations	2026-10-07T05:41:37.9502809Z   └─ 0044_goal_pace_history/
Backend Tests	Verify fresh database migrations	2026-10-07T05:41:37.9503038Z     └─ migration.sql
Backend Tests	Verify fresh database migrations	2026-10-07T05:41:37.9503284Z   └─ 0045_firebase_identity_foundation/
Backend Tests	Verify fresh database migrations	2026-10-07T05:41:37.9503537Z     └─ migration.sql
Backend Tests	Verify fresh database migrations	2026-10-07T05:41:37.9503645Z 
Backend Tests	Verify fresh database migrations	2026-10-07T05:41:37.9503816Z All migrations have been successfully applied.
Backend Tests	Run tests	﻿2026-10-07T05:41:37.9687592Z ##[group]Run npm test
Backend Tests	Run tests	2026-10-07T05:41:37.9687838Z ^[[36;1mnpm test^[[0m
Backend Tests	Run tests	2026-10-07T05:41:37.9744153Z shell: /usr/bin/bash -e {0}
Backend Tests	Run tests	2026-10-07T05:41:37.9744360Z env:
Backend Tests	Run tests	2026-10-07T05:41:37.9744850Z   CALIBRATE_AUTH_TEST_DATABASE_URL: ***localhost:5432/calibrate_ci
Backend Tests	Run tests	2026-10-07T05:41:37.9745297Z ##[endgroup]
Backend Tests	Run tests	2026-10-07T05:41:38.0823548Z 
Backend Tests	Run tests	2026-10-07T05:41:38.0824135Z > backend@0.37.0 pretest
Backend Tests	Run tests	2026-10-07T05:41:38.0824591Z > npm run prisma:generate
Backend Tests	Run tests	2026-10-07T05:41:38.0824801Z 
Backend Tests	Run tests	2026-10-07T05:41:38.1910044Z 
Backend Tests	Run tests	2026-10-07T05:41:38.1910353Z > backend@0.37.0 prisma:generate
Backend Tests	Run tests	2026-10-07T05:41:38.1910640Z > prisma generate
Backend Tests	Run tests	2026-10-07T05:41:38.1910762Z 
Backend Tests	Run tests	2026-10-07T05:41:38.8061914Z Loaded Prisma config from prisma.config.ts.
Backend Tests	Run tests	2026-10-07T05:41:38.8062275Z 
Backend Tests	Run tests	2026-10-07T05:41:38.8963350Z Prisma schema loaded from prisma/schema.prisma.
Backend Tests	Run tests	2026-10-07T05:41:39.5360994Z ┌─────────────────────────────────────────────────────────┐
Backend Tests	Run tests	2026-10-07T05:41:39.5361988Z │  Update available 7.9.0 -> 8.0.0-rc.20                  │
Backend Tests	Run tests	2026-10-07T05:41:39.5363986Z │                                                         │
Backend Tests	Run tests	2026-10-07T05:41:39.5364793Z │  This is a major update - please follow the guide at    │
Backend Tests	Run tests	2026-10-07T05:41:39.5365633Z │  https://pris.ly/d/major-version-upgrade                │
Backend Tests	Run tests	2026-10-07T05:41:39.5366398Z │                                                         │
Backend Tests	Run tests	2026-10-07T05:41:39.5367248Z │  Run the following to update                            │
Backend Tests	Run tests	2026-10-07T05:41:39.5367565Z 
Backend Tests	Run tests	2026-10-07T05:41:39.5368048Z │    npm i --save-dev prisma@latest                       │
Backend Tests	Run tests	2026-10-07T05:41:39.5368829Z │    npm i @prisma/client@latest                          │
Backend Tests	Run tests	2026-10-07T05:41:39.5369587Z └─────────────────────────────────────────────────────────┘
Backend Tests	Run tests	2026-10-07T05:41:39.5375825Z ✔ Generated Prisma Client (v7.9.0) to ./node_modules/@prisma/client in 401ms
Backend Tests	Run tests	2026-10-07T05:41:39.5376258Z 
Backend Tests	Run tests	2026-10-07T05:41:39.5376607Z Start by importing your Prisma Client (See: https://pris.ly/d/importing-client)
Backend Tests	Run tests	2026-10-07T05:41:39.5377184Z 
Backend Tests	Run tests	2026-10-07T05:41:39.5377193Z 
Backend Tests	Run tests	2026-10-07T05:41:39.5611281Z 
Backend Tests	Run tests	2026-10-07T05:41:39.5611730Z > backend@0.37.0 test
Backend Tests	Run tests	2026-10-07T05:41:39.5612155Z > node -r ts-node/register --test
Backend Tests	Run tests	2026-10-07T05:41:39.5612323Z 
Backend Tests	Run tests	2026-10-07T05:41:39.7908140Z TAP version 13
Backend Tests	Run tests	2026-10-07T05:41:43.1478397Z # Subtest: restricted sessions receive stable verification and legal error codes
Backend Tests	Run tests	2026-10-07T05:41:43.1488158Z ok 1 - restricted sessions receive stable verification and legal error codes
Backend Tests	Run tests	2026-10-07T05:41:43.1489381Z   ---
Backend Tests	Run tests	2026-10-07T05:41:43.1489767Z   duration_ms: 3158.364016
Backend Tests	Run tests	2026-10-07T05:41:43.1490148Z   ...
Backend Tests	Run tests	2026-10-07T05:41:43.1490847Z # Subtest: restricted sessions retain only trust, export, deletion, config, and logout access
Backend Tests	Run tests	2026-10-07T05:41:43.1491825Z ok 2 - restricted sessions retain only trust, export, deletion, config, and logout access
Backend Tests	Run tests	2026-10-07T05:41:43.1492453Z   ---
Backend Tests	Run tests	2026-10-07T05:41:43.1492807Z   duration_ms: 7.014135
Backend Tests	Run tests	2026-10-07T05:41:43.1493188Z   ...
Backend Tests	Run tests	2026-10-07T05:41:43.1493794Z # Subtest: full accounts continue to ordinary authenticated routes
Backend Tests	Run tests	2026-10-07T05:41:43.1547530Z ok 3 - full accounts continue to ordinary authenticated routes
Backend Tests	Run tests	2026-10-07T05:41:43.1548284Z   ---
Backend Tests	Run tests	2026-10-07T05:41:43.1548785Z   duration_ms: 6.918514
Backend Tests	Run tests	2026-10-07T05:41:43.1549263Z   ...
Backend Tests	Run tests	2026-10-07T05:41:43.2138007Z # Subtest: account access prioritizes email verification before legal acceptance
Backend Tests	Run tests	2026-10-07T05:41:43.2167795Z ok 4 - account access prioritizes email verification before legal acceptance
Backend Tests	Run tests	2026-10-07T05:41:43.2168650Z   ---
Backend Tests	Run tests	2026-10-07T05:41:43.2197362Z   duration_ms: 2.086377
Backend Tests	Run tests	2026-10-07T05:41:43.2219772Z   ...
Backend Tests	Run tests	2026-10-07T05:41:43.2258340Z # Subtest: hosted account access requires current legal versions after verification
Backend Tests	Run tests	2026-10-07T05:41:43.2277715Z ok 5 - hosted account access requires current legal versions after verification
Backend Tests	Run tests	2026-10-07T05:41:43.2278436Z   ---
Backend Tests	Run tests	2026-10-07T05:41:43.2278852Z   duration_ms: 0.322142
Backend Tests	Run tests	2026-10-07T05:41:43.2279275Z   ...
Backend Tests	Run tests	2026-10-07T05:41:43.2280056Z # Subtest: self-hosted account access does not require Calibrate hosted-service consent
Backend Tests	Run tests	2026-10-07T05:41:43.2281668Z ok 6 - self-hosted account access does not require Calibrate hosted-service consent
Backend Tests	Run tests	2026-10-07T05:41:43.2282347Z   ---
Backend Tests	Run tests	2026-10-07T05:41:43.2282747Z   duration_ms: 0.203348
Backend Tests	Run tests	2026-10-07T05:41:43.2283157Z   ...
Backend Tests	Run tests	2026-10-07T05:41:43.2283824Z # Subtest: account access is full only when verification and current consent are present
Backend Tests	Run tests	2026-10-07T05:41:43.2284436Z ok 7 - account access is full only when verification and current consent are present
Backend Tests	Run tests	2026-10-07T05:41:43.2284894Z   ---
Backend Tests	Run tests	2026-10-07T05:41:43.2285183Z   duration_ms: 0.193223
Backend Tests	Run tests	2026-10-07T05:41:43.2285466Z   ...
Backend Tests	Run tests	2026-10-07T05:41:43.2285927Z # Subtest: self-hosted background jobs require verification without hosted legal consent
Backend Tests	Run tests	2026-10-07T05:41:43.2286564Z ok 8 - self-hosted background jobs require verification without hosted legal consent
Backend Tests	Run tests	2026-10-07T05:41:43.2287311Z   ---
Backend Tests	Run tests	2026-10-07T05:41:43.2287567Z   duration_ms: 0.188836
Backend Tests	Run tests	2026-10-07T05:41:43.2287834Z   ...
Backend Tests	Run tests	2026-10-07T05:41:43.2288302Z # Subtest: hosted deployed registration requires configured account email
Backend Tests	Run tests	2026-10-07T05:41:43.2288761Z ok 9 - hosted deployed registration requires configured account email
Backend Tests	Run tests	2026-10-07T05:41:43.2289049Z   ---
Backend Tests	Run tests	2026-10-07T05:41:43.2289217Z   duration_ms: 1.48822
Backend Tests	Run tests	2026-10-07T05:41:43.2289405Z   ...
Backend Tests	Run tests	2026-10-07T05:41:43.2289724Z # Subtest: self-hosted deployments may preserve registration without SMTP
Backend Tests	Run tests	2026-10-07T05:41:43.2290176Z ok 10 - self-hosted deployments may preserve registration without SMTP
Backend Tests	Run tests	2026-10-07T05:41:43.2290472Z   ---
Backend Tests	Run tests	2026-10-07T05:41:43.2290634Z   duration_ms: 0.159885
Backend Tests	Run tests	2026-10-07T05:41:43.2290809Z   ...
Backend Tests	Run tests	2026-10-07T05:41:43.2291119Z # Subtest: SMTP configuration requires a complete provider-neutral transport
Backend Tests	Run tests	2026-10-07T05:41:43.2291569Z ok 11 - SMTP configuration requires a complete provider-neutral transport
Backend Tests	Run tests	2026-10-07T05:41:43.2291863Z   ---
Backend Tests	Run tests	2026-10-07T05:41:43.2292031Z   duration_ms: 0.326838
Backend Tests	Run tests	2026-10-07T05:41:43.2292205Z   ...
Backend Tests	Run tests	2026-10-07T05:41:43.2292478Z # Subtest: hosted account links reject a plaintext public origin
Backend Tests	Run tests	2026-10-07T05:41:43.2292849Z ok 12 - hosted account links reject a plaintext public origin
Backend Tests	Run tests	2026-10-07T05:41:43.2293104Z   ---
Backend Tests	Run tests	2026-10-07T05:41:43.2293274Z   duration_ms: 0.176659
Backend Tests	Run tests	2026-10-07T05:41:43.2293446Z   ...
Backend Tests	Run tests	2026-10-07T05:41:43.2293743Z # Subtest: account links keep credentials out of query strings and referrers
Backend Tests	Run tests	2026-10-07T05:41:43.2294180Z ok 13 - account links keep credentials out of query strings and referrers
Backend Tests	Run tests	2026-10-07T05:41:43.2294452Z   ---
Backend Tests	Run tests	2026-10-07T05:41:43.2294615Z   duration_ms: 0.315612
Backend Tests	Run tests	2026-10-07T05:41:43.2294787Z   ...
Backend Tests	Run tests	2026-10-07T05:41:43.2295056Z # Subtest: equivalent resolved SMTP settings reuse one transport
Backend Tests	Run tests	2026-10-07T05:41:43.2295419Z ok 14 - equivalent resolved SMTP settings reuse one transport
Backend Tests	Run tests	2026-10-07T05:41:43.2295665Z   ---
Backend Tests	Run tests	2026-10-07T05:41:43.2295819Z   duration_ms: 0.584847
Backend Tests	Run tests	2026-10-07T05:41:43.2295984Z   ...
Backend Tests	Run tests	2026-10-07T05:41:43.2296359Z # Subtest: installed Nodemailer composes verification and recovery messages without sending email
Backend Tests	Run tests	2026-10-07T05:41:43.2297142Z ok 15 - installed Nodemailer composes verification and recovery messages without sending email
Backend Tests	Run tests	2026-10-07T05:41:43.2297490Z   ---
Backend Tests	Run tests	2026-10-07T05:41:43.2297651Z   duration_ms: 16.525167
Backend Tests	Run tests	2026-10-07T05:41:43.2297825Z   ...
Backend Tests	Run tests	2026-10-07T05:41:45.8938456Z # Subtest: account export returns canonical versioned tracking data without credentials
Backend Tests	Run tests	2026-10-07T05:41:45.8987947Z ok 16 - account export returns canonical versioned tracking data without credentials
Backend Tests	Run tests	2026-10-07T05:41:45.9057506Z   ---
Backend Tests	Run tests	2026-10-07T05:41:45.9117671Z   duration_ms: 3076.966044
Backend Tests	Run tests	2026-10-07T05:41:45.9157459Z   ...
Backend Tests	Run tests	2026-10-07T05:41:45.9207697Z # Subtest: account export returns null for a missing account
Backend Tests	Run tests	2026-10-07T05:41:45.9208380Z ok 17 - account export returns null for a missing account
Backend Tests	Run tests	2026-10-07T05:41:45.9208792Z   ---
Backend Tests	Run tests	2026-10-07T05:41:45.9209053Z   duration_ms: 53.789755
Backend Tests	Run tests	2026-10-07T05:41:45.9209347Z   ...
Backend Tests	Run tests	2026-10-07T05:41:45.9209813Z # Subtest: account deletion removes only the selected account root
Backend Tests	Run tests	2026-10-07T05:41:45.9210481Z ok 18 - account deletion removes only the selected account root
Backend Tests	Run tests	2026-10-07T05:41:45.9211409Z   ---
Backend Tests	Run tests	2026-10-07T05:41:45.9211662Z   duration_ms: 25.249399
Backend Tests	Run tests	2026-10-07T05:41:45.9211930Z   ...
Backend Tests	Run tests	2026-10-07T05:41:45.9212572Z # Subtest: portable export preserves captured and unavailable day plans through JSON serialization
Backend Tests	Run tests	2026-10-07T05:41:45.9213784Z ok 19 - portable export preserves captured and unavailable day plans through JSON serialization
Backend Tests	Run tests	2026-10-07T05:41:45.9214373Z   ---
Backend Tests	Run tests	2026-10-07T05:41:45.9214624Z   duration_ms: 58.693829
Backend Tests	Run tests	2026-10-07T05:41:45.9214903Z   ...
Backend Tests	Run tests	2026-10-07T05:41:45.9215460Z # Subtest: export v10 retains both manual pace and nullable legacy revision provenance
Backend Tests	Run tests	2026-10-07T05:41:45.9216405Z ok 20 - export v10 retains both manual pace and nullable legacy revision provenance
Backend Tests	Run tests	2026-10-07T05:41:45.9228173Z   ---
Backend Tests	Run tests	2026-10-07T05:41:45.9228637Z   duration_ms: 18.795362
Backend Tests	Run tests	2026-10-07T05:41:45.9229045Z   ...
Backend Tests	Run tests	2026-10-07T05:41:46.7268553Z # Subtest: account session listing is owner-scoped, privacy-safe, and places current first
Backend Tests	Run tests	2026-10-07T05:41:46.7269912Z ok 21 - account session listing is owner-scoped, privacy-safe, and places current first
Backend Tests	Run tests	2026-10-07T05:41:46.7286935Z   ---
Backend Tests	Run tests	2026-10-07T05:41:46.7287387Z   duration_ms: 3454.35735
Backend Tests	Run tests	2026-10-07T05:41:46.7290335Z   ...
Backend Tests	Run tests	2026-10-07T05:41:46.7291044Z # Subtest: account session listing labels iOS phone and tablet sessions distinctly
Backend Tests	Run tests	2026-10-07T05:41:46.7294979Z ok 22 - account session listing labels iOS phone and tablet sessions distinctly
Backend Tests	Run tests	2026-10-07T05:41:46.7295593Z   ---
Backend Tests	Run tests	2026-10-07T05:41:46.7295944Z   duration_ms: 17.859742
Backend Tests	Run tests	2026-10-07T05:41:46.7296334Z   ...
Backend Tests	Run tests	2026-10-07T05:41:46.7297196Z # Subtest: single-session revocation hides ownership and preserves the current session
Backend Tests	Run tests	2026-10-07T05:41:46.7298166Z ok 23 - single-session revocation hides ownership and preserves the current session
Backend Tests	Run tests	2026-10-07T05:41:46.7298815Z   ---
Backend Tests	Run tests	2026-10-07T05:41:46.7299175Z   duration_ms: 23.17325
Backend Tests	Run tests	2026-10-07T05:41:46.7299586Z   ...
Backend Tests	Run tests	2026-10-07T05:41:46.7300352Z # Subtest: revoke others retries one serialization conflict and preserves both current-session predicates
Backend Tests	Run tests	2026-10-07T05:41:46.7301503Z ok 24 - revoke others retries one serialization conflict and preserves both current-session predicates
Backend Tests	Run tests	2026-10-07T05:41:46.7302201Z   ---
Backend Tests	Run tests	2026-10-07T05:41:46.7302544Z   duration_ms: 37.665974
Backend Tests	Run tests	2026-10-07T05:41:46.7302944Z   ...
Backend Tests	Run tests	2026-10-07T05:41:47.5810818Z # Subtest: account token hashes are purpose-bound and never equal raw credentials
Backend Tests	Run tests	2026-10-07T05:41:47.5857821Z ok 25 - account token hashes are purpose-bound and never equal raw credentials
Backend Tests	Run tests	2026-10-07T05:41:47.5887172Z   ---
Backend Tests	Run tests	2026-10-07T05:41:47.5936539Z   duration_ms: 3928.003418
Backend Tests	Run tests	2026-10-07T05:41:47.6007310Z   ...
Backend Tests	Run tests	2026-10-07T05:41:47.6097545Z # Subtest: issued recovery token stores only its hash with a 30 minute expiry
Backend Tests	Run tests	2026-10-07T05:41:47.6107477Z ok 26 - issued recovery token stores only its hash with a 30 minute expiry
Backend Tests	Run tests	2026-10-07T05:41:47.6167203Z   ---
Backend Tests	Run tests	2026-10-07T05:41:47.6167533Z   duration_ms: 43.973822
Backend Tests	Run tests	2026-10-07T05:41:47.6167825Z   ...
Backend Tests	Run tests	2026-10-07T05:41:47.6168654Z # Subtest: password reset atomically revokes browser, phone, Wear, push, pairing, and connected-assistant credentials
Backend Tests	Run tests	2026-10-07T05:41:47.6170018Z ok 27 - password reset atomically revokes browser, phone, Wear, push, pairing, and connected-assistant credentials
Backend Tests	Run tests	2026-10-07T05:41:47.6170783Z   ---
Backend Tests	Run tests	2026-10-07T05:41:47.6171090Z   duration_ms: 29.126174
Backend Tests	Run tests	2026-10-07T05:41:47.6171442Z   ...
Backend Tests	Run tests	2026-10-07T05:41:47.6172029Z # Subtest: expired or already-consumed reset tokens cannot change credentials
Backend Tests	Run tests	2026-10-07T05:41:47.6172898Z ok 28 - expired or already-consumed reset tokens cannot change credentials
Backend Tests	Run tests	2026-10-07T05:41:47.6173452Z   ---
Backend Tests	Run tests	2026-10-07T05:41:47.6173760Z   duration_ms: 24.299779
Backend Tests	Run tests	2026-10-07T05:41:47.6174093Z   ...
Backend Tests	Run tests	2026-10-07T05:41:47.6448297Z # Subtest: account trust migration verifies existing users without inventing legal acceptance
Backend Tests	Run tests	2026-10-07T05:41:47.6457326Z ok 29 - account trust migration verifies existing users without inventing legal acceptance
Backend Tests	Run tests	2026-10-07T05:41:47.6498042Z   ---
Backend Tests	Run tests	2026-10-07T05:41:47.6498605Z   duration_ms: 4.616718
Backend Tests	Run tests	2026-10-07T05:41:47.6499227Z   ...
Backend Tests	Run tests	2026-10-07T05:41:47.6500531Z # Subtest: account trust migration stores only purpose-bound token hashes
Backend Tests	Run tests	2026-10-07T05:41:47.6501470Z ok 30 - account trust migration stores only purpose-bound token hashes
Backend Tests	Run tests	2026-10-07T05:41:47.6502329Z   ---
Backend Tests	Run tests	2026-10-07T05:41:47.6502765Z   duration_ms: 0.224239
Backend Tests	Run tests	2026-10-07T05:41:47.6503198Z   ...
Backend Tests	Run tests	2026-10-07T05:41:47.6503998Z # Subtest: settings trust migration preserves legacy reminder receipts during the per-type split
Backend Tests	Run tests	2026-10-07T05:41:47.6505170Z ok 31 - settings trust migration preserves legacy reminder receipts during the per-type split
Backend Tests	Run tests	2026-10-07T05:41:47.6505912Z   ---
Backend Tests	Run tests	2026-10-07T05:41:47.6506313Z   duration_ms: 0.339196
Backend Tests	Run tests	2026-10-07T05:41:47.6506894Z   ...
Backend Tests	Run tests	2026-10-07T05:41:49.1281695Z # Subtest: activity utils parse source identity and derive local day in the account timezone
Backend Tests	Run tests	2026-10-07T05:41:49.1328065Z ok 32 - activity utils parse source identity and derive local day in the account timezone
Backend Tests	Run tests	2026-10-07T05:41:49.1357474Z   ---
Backend Tests	Run tests	2026-10-07T05:41:49.1387267Z   duration_ms: 17.256309
Backend Tests	Run tests	2026-10-07T05:41:49.1400108Z   ...
Backend Tests	Run tests	2026-10-07T05:41:49.1427664Z # Subtest: activity utils enforce record-type-specific values and interval ordering
Backend Tests	Run tests	2026-10-07T05:41:49.1457620Z ok 33 - activity utils enforce record-type-specific values and interval ordering
Backend Tests	Run tests	2026-10-07T05:41:49.1477154Z   ---
Backend Tests	Run tests	2026-10-07T05:41:49.1477707Z   duration_ms: 0.591045
Backend Tests	Run tests	2026-10-07T05:41:49.1478176Z   ...
Backend Tests	Run tests	2026-10-07T05:41:49.1478886Z # Subtest: activity utils enforce exact Health Connect weight policy bounds
Backend Tests	Run tests	2026-10-07T05:41:49.1479835Z ok 34 - activity utils enforce exact Health Connect weight policy bounds
Backend Tests	Run tests	2026-10-07T05:41:49.1480507Z   ---
Backend Tests	Run tests	2026-10-07T05:41:49.1480911Z   duration_ms: 0.704131
Backend Tests	Run tests	2026-10-07T05:41:49.1481411Z   ...
Backend Tests	Run tests	2026-10-07T05:41:49.1482232Z # Subtest: activity utils accept BigInt-safe client versions and nullable aggregate totals
Backend Tests	Run tests	2026-10-07T05:41:49.1483307Z ok 35 - activity utils accept BigInt-safe client versions and nullable aggregate totals
Backend Tests	Run tests	2026-10-07T05:41:49.1484004Z   ---
Backend Tests	Run tests	2026-10-07T05:41:49.1484435Z   duration_ms: 0.594901
Backend Tests	Run tests	2026-10-07T05:41:49.1484929Z   ...
Backend Tests	Run tests	2026-10-07T05:41:49.1485636Z # Subtest: activity utils reject ambiguous pages and stale-token reset shapes
Backend Tests	Run tests	2026-10-07T05:41:49.1486597Z ok 36 - activity utils reject ambiguous pages and stale-token reset shapes
Backend Tests	Run tests	2026-10-07T05:41:49.1487415Z   ---
Backend Tests	Run tests	2026-10-07T05:41:49.1487842Z   duration_ms: 0.604845
Backend Tests	Run tests	2026-10-07T05:41:49.1499596Z   ...
Backend Tests	Run tests	2026-10-07T05:41:49.1500434Z # Subtest: activity utils require explicit sync mode and validate reset replacement windows
Backend Tests	Run tests	2026-10-07T05:41:49.1501557Z ok 37 - activity utils require explicit sync mode and validate reset replacement windows
Backend Tests	Run tests	2026-10-07T05:41:49.1502284Z   ---
Backend Tests	Run tests	2026-10-07T05:41:49.1502710Z   duration_ms: 0.467244
Backend Tests	Run tests	2026-10-07T05:41:49.1503155Z   ...
Backend Tests	Run tests	2026-10-07T05:41:49.1503864Z # Subtest: activity range uses inclusive date-only math across DST boundaries
Backend Tests	Run tests	2026-10-07T05:41:49.1504800Z ok 38 - activity range uses inclusive date-only math across DST boundaries
Backend Tests	Run tests	2026-10-07T05:41:49.1505455Z   ---
Backend Tests	Run tests	2026-10-07T05:41:49.1505875Z   duration_ms: 0.970461
Backend Tests	Run tests	2026-10-07T05:41:49.1506330Z   ...
Backend Tests	Run tests	2026-10-07T05:41:50.0241412Z # Subtest: JSON errors receive the additive standard envelope while successful responses remain unchanged
Backend Tests	Run tests	2026-10-07T05:41:50.0298153Z ok 39 - JSON errors receive the additive standard envelope while successful responses remain unchanged
Backend Tests	Run tests	2026-10-07T05:41:50.0364232Z   ---
Backend Tests	Run tests	2026-10-07T05:41:50.0374704Z   duration_ms: 69.37011
Backend Tests	Run tests	2026-10-07T05:41:50.0375768Z   ...
Backend Tests	Run tests	2026-10-07T05:41:50.0511322Z # Subtest: explicit error fields and domain extensions are preserved without mutating replay bodies
Backend Tests	Run tests	2026-10-07T05:41:50.0512591Z ok 40 - explicit error fields and domain extensions are preserved without mutating replay bodies
Backend Tests	Run tests	2026-10-07T05:41:50.0537565Z   ---
Backend Tests	Run tests	2026-10-07T05:41:50.0577301Z   duration_ms: 25.177253
Backend Tests	Run tests	2026-10-07T05:41:50.0640310Z   ...
Backend Tests	Run tests	2026-10-07T05:41:50.0858151Z # Subtest: malformed, primitive, and thrown error bodies fall back to safe contract values
Backend Tests	Run tests	2026-10-07T05:41:50.0882917Z ok 41 - malformed, primitive, and thrown error bodies fall back to safe contract values
Backend Tests	Run tests	2026-10-07T05:41:50.0942124Z   ---
Backend Tests	Run tests	2026-10-07T05:41:50.0997773Z   duration_ms: 29.090121
Backend Tests	Run tests	2026-10-07T05:41:50.1019477Z   ...
Backend Tests	Run tests	2026-10-07T05:41:50.1135950Z # Subtest: unknown API and auth routes return standard JSON before frontend fallback
Backend Tests	Run tests	2026-10-07T05:41:50.1163694Z ok 42 - unknown API and auth routes return standard JSON before frontend fallback
Backend Tests	Run tests	2026-10-07T05:41:50.1193056Z   ---
Backend Tests	Run tests	2026-10-07T05:41:50.1198646Z   duration_ms: 31.115591
Backend Tests	Run tests	2026-10-07T05:41:50.1257302Z   ...
Backend Tests	Run tests	2026-10-07T05:41:50.1440026Z # Subtest: body-parser syntax errors never expose parser or request text
Backend Tests	Run tests	2026-10-07T05:41:50.1440903Z ok 43 - body-parser syntax errors never expose parser or request text
Backend Tests	Run tests	2026-10-07T05:41:50.1441387Z   ---
Backend Tests	Run tests	2026-10-07T05:41:50.1441645Z   duration_ms: 18.263764
Backend Tests	Run tests	2026-10-07T05:41:50.1441925Z   ...
Backend Tests	Run tests	2026-10-07T05:41:50.1442533Z # Subtest: body-parser failures use the same request ID in the response header and error body
Backend Tests	Run tests	2026-10-07T05:41:50.1443477Z ok 44 - body-parser failures use the same request ID in the response header and error body
Backend Tests	Run tests	2026-10-07T05:41:50.1444077Z   ---
Backend Tests	Run tests	2026-10-07T05:41:50.1444333Z   duration_ms: 15.598682
Backend Tests	Run tests	2026-10-07T05:41:50.1444613Z   ...
Backend Tests	Run tests	2026-10-07T05:41:50.2588230Z # Subtest: password credentials reject bcrypt-truncated UTF-8 values
Backend Tests	Run tests	2026-10-07T05:41:50.2597515Z ok 45 - password credentials reject bcrypt-truncated UTF-8 values
Backend Tests	Run tests	2026-10-07T05:41:50.2624912Z   ---
Backend Tests	Run tests	2026-10-07T05:41:50.2625886Z   duration_ms: 1.671227
Backend Tests	Run tests	2026-10-07T05:41:50.2657272Z   ...
Backend Tests	Run tests	2026-10-07T05:41:52.2350922Z # Subtest: authenticated user middleware accepts a hydrated principal
Backend Tests	Run tests	2026-10-07T05:41:52.2355975Z ok 46 - authenticated user middleware accepts a hydrated principal
Backend Tests	Run tests	2026-10-07T05:41:52.2356637Z   ---
Backend Tests	Run tests	2026-10-07T05:41:52.2357348Z   duration_ms: 1.493657
Backend Tests	Run tests	2026-10-07T05:41:52.2358009Z   ...
Backend Tests	Run tests	2026-10-07T05:41:52.2358835Z # Subtest: authenticated user middleware rejects missing or malformed principals
Backend Tests	Run tests	2026-10-07T05:41:52.2359905Z ok 47 - authenticated user middleware rejects missing or malformed principals
Backend Tests	Run tests	2026-10-07T05:41:52.2360681Z   ---
Backend Tests	Run tests	2026-10-07T05:41:52.2361131Z   duration_ms: 0.796686
Backend Tests	Run tests	2026-10-07T05:41:52.2361589Z   ...
Backend Tests	Run tests	2026-10-07T05:41:52.2362274Z # Subtest: getAuthenticatedUser fails closed when a route omits its guard
Backend Tests	Run tests	2026-10-07T05:41:52.2363274Z ok 48 - getAuthenticatedUser fails closed when a route omits its guard
Backend Tests	Run tests	2026-10-07T05:41:52.2363956Z   ---
Backend Tests	Run tests	2026-10-07T05:41:52.2364398Z   duration_ms: 0.429459
Backend Tests	Run tests	2026-10-07T05:41:52.2364848Z   ...
Backend Tests	Run tests	2026-10-07T05:42:01.8128594Z # Subtest: real Passport browser login persists atomically and cannot resurrect a rejected session
Backend Tests	Run tests	2026-10-07T05:42:01.8184310Z     # Subtest: reset first rejects the already-verified browser login and later saves
Backend Tests	Run tests	2026-10-07T05:42:01.8207949Z     ok 1 - reset first rejects the already-verified browser login and later saves
Backend Tests	Run tests	2026-10-07T05:42:01.8275066Z       ---
Backend Tests	Run tests	2026-10-07T05:42:01.8275766Z       duration_ms: 840.898089
Backend Tests	Run tests	2026-10-07T05:42:01.8300897Z       ...
Backend Tests	Run tests	2026-10-07T05:42:02.1258376Z     # Subtest: browser issuance first is removed by later reset and cannot be saved again
Backend Tests	Run tests	2026-10-07T05:42:02.1287866Z     ok 2 - browser issuance first is removed by later reset and cannot be saved again
Backend Tests	Run tests	2026-10-07T05:42:02.1297433Z       ---
Backend Tests	Run tests	2026-10-07T05:42:02.1317548Z       duration_ms: 319.490385
Backend Tests	Run tests	2026-10-07T05:42:02.1350053Z       ...
Backend Tests	Run tests	2026-10-07T05:42:02.2908225Z     # Subtest: delete first rejects the already-verified browser login and later saves
Backend Tests	Run tests	2026-10-07T05:42:02.2957526Z     ok 3 - delete first rejects the already-verified browser login and later saves
Backend Tests	Run tests	2026-10-07T05:42:02.2967387Z       ---
Backend Tests	Run tests	2026-10-07T05:42:02.2970926Z       duration_ms: 165.710342
Backend Tests	Run tests	2026-10-07T05:42:02.2971402Z       ...
Backend Tests	Run tests	2026-10-07T05:42:02.4497237Z # Error: Cannot set headers after they are sent to the client
Backend Tests	Run tests	2026-10-07T05:42:02.4552573Z #     at ServerResponse.setHeader (node:_http_outgoing:655:11)
Backend Tests	Run tests	2026-10-07T05:42:02.4562848Z #     at ServerResponse.header (/home/runner/work/calibrate-health/calibrate-health/backend/node_modules/express/lib/response.js:686:10)
Backend Tests	Run tests	2026-10-07T05:42:02.4564853Z #     at ServerResponse.send (/home/runner/work/calibrate-health/calibrate-health/backend/node_modules/express/lib/response.js:163:12)
Backend Tests	Run tests	2026-10-07T05:42:02.4568593Z #     at ServerResponse.json (/home/runner/work/calibrate-health/calibrate-health/backend/node_modules/express/lib/response.js:252:15)
Backend Tests	Run tests	2026-10-07T05:42:02.4570298Z #     at /home/runner/work/calibrate-health/calibrate-health/backend/test/browser-login-postgres.test.js:76:58
Backend Tests	Run tests	2026-10-07T05:42:02.4571616Z #     at Layer.handleError (/home/runner/work/calibrate-health/calibrate-health/backend/node_modules/router/lib/layer.js:116:17)
Backend Tests	Run tests	2026-10-07T05:42:02.4573009Z #     at trimPrefix (/home/runner/work/calibrate-health/calibrate-health/backend/node_modules/router/index.js:340:13)
Backend Tests	Run tests	2026-10-07T05:42:02.4574252Z #     at /home/runner/work/calibrate-health/calibrate-health/backend/node_modules/router/index.js:297:9
Backend Tests	Run tests	2026-10-07T05:42:02.4575419Z #     at processParams (/home/runner/work/calibrate-health/calibrate-health/backend/node_modules/router/index.js:582:12)
Backend Tests	Run tests	2026-10-07T05:42:02.4576601Z #     at Immediate.next (/home/runner/work/calibrate-health/calibrate-health/backend/node_modules/router/index.js:291:5)
Backend Tests	Run tests	2026-10-07T05:42:02.4577686Z     # Subtest: browser issuance first is removed by later delete and cannot be saved again
Backend Tests	Run tests	2026-10-07T05:42:02.4578477Z     ok 4 - browser issuance first is removed by later delete and cannot be saved again
Backend Tests	Run tests	2026-10-07T05:42:02.4578999Z       ---
Backend Tests	Run tests	2026-10-07T05:42:02.4579256Z       duration_ms: 159.496522
Backend Tests	Run tests	2026-10-07T05:42:02.4579558Z       ...
Backend Tests	Run tests	2026-10-07T05:42:02.5783586Z     # Subtest: rollback after insertion returns no usable cookie and blocks a later save
Backend Tests	Run tests	2026-10-07T05:42:02.5797821Z     ok 5 - rollback after insertion returns no usable cookie and blocks a later save
Backend Tests	Run tests	2026-10-07T05:42:02.5807412Z       ---
Backend Tests	Run tests	2026-10-07T05:42:02.5807727Z       duration_ms: 124.210299
Backend Tests	Run tests	2026-10-07T05:42:02.5808059Z       ...
Backend Tests	Run tests	2026-10-07T05:42:02.7298525Z     # Subtest: restricted login preserves integer identity and current-session password-change behavior
Backend Tests	Run tests	2026-10-07T05:42:02.7337956Z     ok 6 - restricted login preserves integer identity and current-session password-change behavior
Backend Tests	Run tests	2026-10-07T05:42:02.7347942Z       ---
Backend Tests	Run tests	2026-10-07T05:42:02.7377426Z       duration_ms: 152.299126
Backend Tests	Run tests	2026-10-07T05:42:02.7378112Z       ...
Backend Tests	Run tests	2026-10-07T05:42:02.8758647Z     # Subtest: local registration still creates an unguarded integer-principal session
Backend Tests	Run tests	2026-10-07T05:42:02.8788189Z     ok 7 - local registration still creates an unguarded integer-principal session
Backend Tests	Run tests	2026-10-07T05:42:02.8789447Z       ---
Backend Tests	Run tests	2026-10-07T05:42:02.8817537Z       duration_ms: 143.896596
Backend Tests	Run tests	2026-10-07T05:42:02.8830520Z       ...
Backend Tests	Run tests	2026-10-07T05:42:03.0887986Z     1..7
Backend Tests	Run tests	2026-10-07T05:42:03.0889048Z ok 49 - real Passport browser login persists atomically and cannot resurrect a rejected session
Backend Tests	Run tests	2026-10-07T05:42:03.0889881Z   ---
Backend Tests	Run tests	2026-10-07T05:42:03.0890419Z   duration_ms: 12533.65484
Backend Tests	Run tests	2026-10-07T05:42:03.0890919Z   ...
Backend Tests	Run tests	2026-10-07T05:42:03.1728077Z # Subtest: reports progress before the seven-day insight threshold
Backend Tests	Run tests	2026-10-07T05:42:03.1751410Z ok 50 - reports progress before the seven-day insight threshold
Backend Tests	Run tests	2026-10-07T05:42:03.1755975Z   ---
Backend Tests	Run tests	2026-10-07T05:42:03.1756551Z   duration_ms: 13.784061
Backend Tests	Run tests	2026-10-07T05:42:03.1757495Z   ...
Backend Tests	Run tests	2026-10-07T05:42:03.1758291Z # Subtest: provides a descriptive insight after seven days without recommending a change
Backend Tests	Run tests	2026-10-07T05:42:03.1759347Z ok 51 - provides a descriptive insight after seven days without recommending a change
Backend Tests	Run tests	2026-10-07T05:42:03.1760033Z   ---
Backend Tests	Run tests	2026-10-07T05:42:03.1760424Z   duration_ms: 13.919629
Backend Tests	Run tests	2026-10-07T05:42:03.1760844Z   ...
Backend Tests	Run tests	2026-10-07T05:42:03.1761570Z # Subtest: explains when food history is strong but weight history cannot establish a pace
Backend Tests	Run tests	2026-10-07T05:42:03.1762600Z ok 52 - explains when food history is strong but weight history cannot establish a pace
Backend Tests	Run tests	2026-10-07T05:42:03.1763235Z   ---
Backend Tests	Run tests	2026-10-07T05:42:03.1763615Z   duration_ms: 1.436694
Backend Tests	Run tests	2026-10-07T05:42:03.1764033Z   ...
Backend Tests	Run tests	2026-10-07T05:42:03.1764636Z # Subtest: uses natural learning copy before any weights are recorded
Backend Tests	Run tests	2026-10-07T05:42:03.1765875Z ok 53 - uses natural learning copy before any weights are recorded
Backend Tests	Run tests	2026-10-07T05:42:03.1766461Z   ---
Backend Tests	Run tests	2026-10-07T05:42:03.1767018Z   duration_ms: 0.692925
Backend Tests	Run tests	2026-10-07T05:42:03.1767695Z   ...
Backend Tests	Run tests	2026-10-07T05:42:03.1768537Z # Subtest: does not adjust a target when intake and observed pace agree with the profile estimate
Backend Tests	Run tests	2026-10-07T05:42:03.1769634Z ok 54 - does not adjust a target when intake and observed pace agree with the profile estimate
Backend Tests	Run tests	2026-10-07T05:42:03.1770320Z   ---
Backend Tests	Run tests	2026-10-07T05:42:03.1770709Z   duration_ms: 17.084636
Backend Tests	Run tests	2026-10-07T05:42:03.1771125Z   ...
Backend Tests	Run tests	2026-10-07T05:42:03.1771668Z # Subtest: caps an actionable target correction at 150 kcal
Backend Tests	Run tests	2026-10-07T05:42:03.1772508Z ok 55 - caps an actionable target correction at 150 kcal
Backend Tests	Run tests	2026-10-07T05:42:03.1773151Z   ---
Backend Tests	Run tests	2026-10-07T05:42:03.1773652Z   duration_ms: 34.538106
Backend Tests	Run tests	2026-10-07T05:42:03.1774323Z   ...
Backend Tests	Run tests	2026-10-07T05:42:03.1775016Z # Subtest: caps an upward target correction at 150 kcal
Backend Tests	Run tests	2026-10-07T05:42:03.1775941Z ok 56 - caps an upward target correction at 150 kcal
Backend Tests	Run tests	2026-10-07T05:42:03.1776663Z   ---
Backend Tests	Run tests	2026-10-07T05:42:03.1777324Z   duration_ms: 6.907748
Backend Tests	Run tests	2026-10-07T05:42:03.1777938Z   ...
Backend Tests	Run tests	2026-10-07T05:42:03.1778723Z # Subtest: a post-gap pair cannot establish pace or recommend a change
Backend Tests	Run tests	2026-10-07T05:42:03.1779796Z ok 57 - a post-gap pair cannot establish pace or recommend a change
Backend Tests	Run tests	2026-10-07T05:42:03.1780477Z   ---
Backend Tests	Run tests	2026-10-07T05:42:03.1780952Z   duration_ms: 1.16041
Backend Tests	Run tests	2026-10-07T05:42:03.1782908Z   ...
Backend Tests	Run tests	2026-10-07T05:42:03.1783903Z # Subtest: calibration v4 isolates selected-window pace from a strong earlier reversal
Backend Tests	Run tests	2026-10-07T05:42:03.1785107Z ok 58 - calibration v4 isolates selected-window pace from a strong earlier reversal
Backend Tests	Run tests	2026-10-07T05:42:03.1785923Z   ---
Backend Tests	Run tests	2026-10-07T05:42:03.1803997Z   duration_ms: 28.159444
Backend Tests	Run tests	2026-10-07T05:42:03.1808733Z   ...
Backend Tests	Run tests	2026-10-07T05:42:03.1809767Z # Subtest: calibration v4 does not fall back to current velocity after a reset inside the selected window
Backend Tests	Run tests	2026-10-07T05:42:03.1811026Z ok 59 - calibration v4 does not fall back to current velocity after a reset inside the selected window
Backend Tests	Run tests	2026-10-07T05:42:03.1811860Z   ---
Backend Tests	Run tests	2026-10-07T05:42:03.1812314Z   duration_ms: 5.062986
Backend Tests	Run tests	2026-10-07T05:42:03.1812776Z   ...
Backend Tests	Run tests	2026-10-07T05:42:03.1813563Z # Subtest: explains the 14-day action threshold when directional evidence appears earlier
Backend Tests	Run tests	2026-10-07T05:42:03.1814597Z ok 60 - explains the 14-day action threshold when directional evidence appears earlier
Backend Tests	Run tests	2026-10-07T05:42:03.1815315Z   ---
Backend Tests	Run tests	2026-10-07T05:42:03.1815810Z   duration_ms: 2.559409
Backend Tests	Run tests	2026-10-07T05:42:03.1816257Z   ...
Backend Tests	Run tests	2026-10-07T05:42:03.1817254Z # Subtest: attributes slow progress to logged intake rather than changing a sound target estimate
Backend Tests	Run tests	2026-10-07T05:42:03.1818356Z ok 61 - attributes slow progress to logged intake rather than changing a sound target estimate
Backend Tests	Run tests	2026-10-07T05:42:03.1819087Z   ---
Backend Tests	Run tests	2026-10-07T05:42:03.1819527Z   duration_ms: 7.735071
Backend Tests	Run tests	2026-10-07T05:42:03.1819981Z   ...
Backend Tests	Run tests	2026-10-07T05:42:03.1820648Z # Subtest: keeps skipped and suspicious days in the uncertainty calculation
Backend Tests	Run tests	2026-10-07T05:42:03.1821558Z ok 62 - keeps skipped and suspicious days in the uncertainty calculation
Backend Tests	Run tests	2026-10-07T05:42:03.1822196Z   ---
Backend Tests	Run tests	2026-10-07T05:42:03.1822637Z   duration_ms: 5.066231
Backend Tests	Run tests	2026-10-07T05:42:03.1823099Z   ...
Backend Tests	Run tests	2026-10-07T05:42:03.1823834Z # Subtest: preserves unusually high logged totals inside non-confident intake ranges
Backend Tests	Run tests	2026-10-07T05:42:03.1824878Z ok 63 - preserves unusually high logged totals inside non-confident intake ranges
Backend Tests	Run tests	2026-10-07T05:42:03.1825528Z   ---
Backend Tests	Run tests	2026-10-07T05:42:03.1825927Z   duration_ms: 4.114167
Backend Tests	Run tests	2026-10-07T05:42:03.1826337Z   ...
Backend Tests	Run tests	2026-10-07T05:42:03.1827293Z # Subtest: uses the configured display unit in user-facing pace copy while retaining kg estimates
Backend Tests	Run tests	2026-10-07T05:42:03.1828431Z ok 64 - uses the configured display unit in user-facing pace copy while retaining kg estimates
Backend Tests	Run tests	2026-10-07T05:42:03.1829152Z   ---
Backend Tests	Run tests	2026-10-07T05:42:03.1829559Z   duration_ms: 4.244397
Backend Tests	Run tests	2026-10-07T05:42:03.1829995Z   ...
Backend Tests	Run tests	2026-10-07T05:42:03.1830683Z # Subtest: explains when weight uncertainty prevents a safe budget assessment
Backend Tests	Run tests	2026-10-07T05:42:03.1831877Z ok 65 - explains when weight uncertainty prevents a safe budget assessment
Backend Tests	Run tests	2026-10-07T05:42:03.1832529Z   ---
Backend Tests	Run tests	2026-10-07T05:42:03.1832928Z   duration_ms: 2.575052
Backend Tests	Run tests	2026-10-07T05:42:03.1833527Z   ...
Backend Tests	Run tests	2026-10-07T05:42:03.1834172Z # Subtest: describes a broad pace range that includes both loss and gain
Backend Tests	Run tests	2026-10-07T05:42:03.1835056Z ok 66 - describes a broad pace range that includes both loss and gain
Backend Tests	Run tests	2026-10-07T05:42:03.1835674Z   ---
Backend Tests	Run tests	2026-10-07T05:42:03.1836076Z   duration_ms: 2.508194
Backend Tests	Run tests	2026-10-07T05:42:03.1836502Z   ...
Backend Tests	Run tests	2026-10-07T05:42:03.1837388Z # Subtest: an isolated three-kilogram spike cannot create an unsafe recommendation
Backend Tests	Run tests	2026-10-07T05:42:03.1838402Z ok 67 - an isolated three-kilogram spike cannot create an unsafe recommendation
Backend Tests	Run tests	2026-10-07T05:42:03.1839115Z   ---
Backend Tests	Run tests	2026-10-07T05:42:03.1839547Z   duration_ms: 5.738516
Backend Tests	Run tests	2026-10-07T05:42:03.1840668Z   ...
Backend Tests	Run tests	2026-10-07T05:42:03.1841466Z # Subtest: stale and outdated weigh-ins cannot trigger a calorie-budget recommendation
Backend Tests	Run tests	2026-10-07T05:42:03.1842580Z ok 68 - stale and outdated weigh-ins cannot trigger a calorie-budget recommendation
Backend Tests	Run tests	2026-10-07T05:42:03.1843321Z   ---
Backend Tests	Run tests	2026-10-07T05:42:03.1843750Z   duration_ms: 3.675684
Backend Tests	Run tests	2026-10-07T05:42:03.1844208Z   ...
Backend Tests	Run tests	2026-10-07T05:42:03.1844950Z # Subtest: truncates a supported decrease when the normal step would cross the BMR floor
Backend Tests	Run tests	2026-10-07T05:42:03.1845998Z ok 69 - truncates a supported decrease when the normal step would cross the BMR floor
Backend Tests	Run tests	2026-10-07T05:42:03.1846889Z   ---
Backend Tests	Run tests	2026-10-07T05:42:03.1847320Z   duration_ms: 3.922195
Backend Tests	Run tests	2026-10-07T05:42:03.1847758Z   ...
Backend Tests	Run tests	2026-10-07T05:42:03.1848538Z # Subtest: a fractional BMR cannot generate a recommendation below the canonical ceiling floor
Backend Tests	Run tests	2026-10-07T05:42:03.1849652Z ok 70 - a fractional BMR cannot generate a recommendation below the canonical ceiling floor
Backend Tests	Run tests	2026-10-07T05:42:03.1850414Z   ---
Backend Tests	Run tests	2026-10-07T05:42:03.1850845Z   duration_ms: 11.463882
Backend Tests	Run tests	2026-10-07T05:42:03.1851309Z   ...
Backend Tests	Run tests	2026-10-07T05:42:03.1852143Z # Subtest: does not reverse recommendation direction when the current target is below the BMR floor
Backend Tests	Run tests	2026-10-07T05:42:03.1853340Z ok 71 - does not reverse recommendation direction when the current target is below the BMR floor
Backend Tests	Run tests	2026-10-07T05:42:03.1854130Z   ---
Backend Tests	Run tests	2026-10-07T05:42:03.1854532Z   duration_ms: 6.891986
Backend Tests	Run tests	2026-10-07T05:42:03.1855106Z   ...
Backend Tests	Run tests	2026-10-07T05:42:03.1855707Z # Subtest: uses singular grammar for one uncertain day
Backend Tests	Run tests	2026-10-07T05:42:03.1856529Z ok 72 - uses singular grammar for one uncertain day
Backend Tests	Run tests	2026-10-07T05:42:03.1857233Z   ---
Backend Tests	Run tests	2026-10-07T05:42:03.1857631Z   duration_ms: 14.132271
Backend Tests	Run tests	2026-10-07T05:42:03.1858055Z   ...
Backend Tests	Run tests	2026-10-07T05:42:03.1858770Z # Subtest: covers pounds while keeping automatic target changes limited to loss goals
Backend Tests	Run tests	2026-10-07T05:42:03.1859799Z ok 73 - covers pounds while keeping automatic target changes limited to loss goals
Backend Tests	Run tests	2026-10-07T05:42:03.1860466Z   ---
Backend Tests	Run tests	2026-10-07T05:42:03.1860869Z   duration_ms: 28.312964
Backend Tests	Run tests	2026-10-07T05:42:03.1861302Z   ...
Backend Tests	Run tests	2026-10-07T05:42:03.1862028Z # Subtest: does not surface unused activity data and caps the selected window at 42 days
Backend Tests	Run tests	2026-10-07T05:42:03.1863093Z ok 74 - does not surface unused activity data and caps the selected window at 42 days
Backend Tests	Run tests	2026-10-07T05:42:03.1863783Z   ---
Backend Tests	Run tests	2026-10-07T05:42:03.1864188Z   duration_ms: 34.853544
Backend Tests	Run tests	2026-10-07T05:42:03.1864626Z   ...
Backend Tests	Run tests	2026-10-07T05:42:03.1865413Z # Subtest: restarts evidence after the latest tracking pause instead of averaging across the break
Backend Tests	Run tests	2026-10-07T05:42:03.1866568Z ok 75 - restarts evidence after the latest tracking pause instead of averaging across the break
Backend Tests	Run tests	2026-10-07T05:42:03.1867478Z   ---
Backend Tests	Run tests	2026-10-07T05:42:03.1867880Z   duration_ms: 6.650892
Backend Tests	Run tests	2026-10-07T05:42:03.1868356Z   ...
Backend Tests	Run tests	2026-10-07T05:42:03.1869119Z # Subtest: acknowledges an active pause that starts after the latest completed evidence day
Backend Tests	Run tests	2026-10-07T05:42:03.1870254Z ok 76 - acknowledges an active pause that starts after the latest completed evidence day
Backend Tests	Run tests	2026-10-07T05:42:03.1870959Z   ---
Backend Tests	Run tests	2026-10-07T05:42:03.1871355Z   duration_ms: 0.42351
Backend Tests	Run tests	2026-10-07T05:42:03.1872005Z   ...
Backend Tests	Run tests	2026-10-07T05:42:03.1872753Z # Subtest: preserves calibration safety invariants across a broad deterministic matrix
Backend Tests	Run tests	2026-10-07T05:42:03.1873804Z ok 77 - preserves calibration safety invariants across a broad deterministic matrix
Backend Tests	Run tests	2026-10-07T05:42:03.1874646Z   ---
Backend Tests	Run tests	2026-10-07T05:42:03.1875051Z   duration_ms: 907.608327
Backend Tests	Run tests	2026-10-07T05:42:03.1875489Z   ...
Backend Tests	Run tests	2026-10-07T05:42:03.1875994Z # Subtest: is deterministic for the same history
Backend Tests	Run tests	2026-10-07T05:42:03.1876660Z ok 78 - is deterministic for the same history
Backend Tests	Run tests	2026-10-07T05:42:03.1877368Z   ---
Backend Tests	Run tests	2026-10-07T05:42:03.1877786Z   duration_ms: 7.186126
Backend Tests	Run tests	2026-10-07T05:42:03.1878228Z   ...
Backend Tests	Run tests	2026-10-07T05:42:03.1878792Z # Subtest: is invariant to food and weight input ordering
Backend Tests	Run tests	2026-10-07T05:42:03.1879555Z ok 79 - is invariant to food and weight input ordering
Backend Tests	Run tests	2026-10-07T05:42:03.1880116Z   ---
Backend Tests	Run tests	2026-10-07T05:42:03.1880529Z   duration_ms: 19.790905
Backend Tests	Run tests	2026-10-07T05:42:03.1880989Z   ...
Backend Tests	Run tests	2026-10-07T05:42:03.1881707Z # Subtest: keeps Plan check waiting until a decision-grade weight trend is available
Backend Tests	Run tests	2026-10-07T05:42:03.1882768Z ok 80 - keeps Plan check waiting until a decision-grade weight trend is available
Backend Tests	Run tests	2026-10-07T05:42:03.1883486Z   ---
Backend Tests	Run tests	2026-10-07T05:42:03.1883933Z   duration_ms: 13.062154
Backend Tests	Run tests	2026-10-07T05:42:03.1884402Z   ...
Backend Tests	Run tests	2026-10-07T05:42:03.1885103Z # Subtest: describes a retrospective on-track trend without making a forecast
Backend Tests	Run tests	2026-10-07T05:42:03.1886091Z ok 81 - describes a retrospective on-track trend without making a forecast
Backend Tests	Run tests	2026-10-07T05:42:03.1886919Z   ---
Backend Tests	Run tests	2026-10-07T05:42:03.1890814Z   duration_ms: 6.19878
Backend Tests	Run tests	2026-10-07T05:42:03.1891349Z   ...
Backend Tests	Run tests	2026-10-07T05:42:03.1892088Z # Subtest: separates an off-track assessment from the calorie-target decision
Backend Tests	Run tests	2026-10-07T05:42:03.1893070Z ok 82 - separates an off-track assessment from the calorie-target decision
Backend Tests	Run tests	2026-10-07T05:42:03.1893758Z   ---
Backend Tests	Run tests	2026-10-07T05:42:03.1894187Z   duration_ms: 13.13425
Backend Tests	Run tests	2026-10-07T05:42:03.1894655Z   ...
Backend Tests	Run tests	2026-10-07T05:42:03.1895419Z # Subtest: supports maintenance and gain assessments without generating target changes
Backend Tests	Run tests	2026-10-07T05:42:03.1896533Z ok 83 - supports maintenance and gain assessments without generating target changes
Backend Tests	Run tests	2026-10-07T05:42:03.1897451Z   ---
Backend Tests	Run tests	2026-10-07T05:42:03.1897899Z   duration_ms: 19.219674
Backend Tests	Run tests	2026-10-07T05:42:03.1922704Z   ...
Backend Tests	Run tests	2026-10-07T05:42:03.1923392Z # Subtest: restarts Plan check after an active tracking pause
Backend Tests	Run tests	2026-10-07T05:42:03.1924208Z ok 84 - restarts Plan check after an active tracking pause
Backend Tests	Run tests	2026-10-07T05:42:03.1924802Z   ---
Backend Tests	Run tests	2026-10-07T05:42:03.1925235Z   duration_ms: 1.167921
Backend Tests	Run tests	2026-10-07T05:42:03.1925853Z   ...
Backend Tests	Run tests	2026-10-07T05:42:03.1926892Z # Subtest: food and profile changes do not resample the displayed weight trend in the same window
Backend Tests	Run tests	2026-10-07T05:42:03.1928218Z ok 85 - food and profile changes do not resample the displayed weight trend in the same window
Backend Tests	Run tests	2026-10-07T05:42:03.1928988Z   ---
Backend Tests	Run tests	2026-10-07T05:42:03.1929413Z   duration_ms: 37.531893
Backend Tests	Run tests	2026-10-07T05:42:03.1929846Z   ...
Backend Tests	Run tests	2026-10-07T05:42:03.1930633Z # Subtest: a wide interval cannot produce a confident off-track assessment in any goal direction
Backend Tests	Run tests	2026-10-07T05:42:03.1931766Z ok 86 - a wide interval cannot produce a confident off-track assessment in any goal direction
Backend Tests	Run tests	2026-10-07T05:42:03.1932526Z   ---
Backend Tests	Run tests	2026-10-07T05:42:03.1932988Z   duration_ms: 18.665502
Backend Tests	Run tests	2026-10-07T05:42:03.1933452Z   ...
Backend Tests	Run tests	2026-10-07T05:42:03.1934204Z # Subtest: a mature current weight segment is not held back by an older gap in the longest window
Backend Tests	Run tests	2026-10-07T05:42:03.1935300Z ok 87 - a mature current weight segment is not held back by an older gap in the longest window
Backend Tests	Run tests	2026-10-07T05:42:03.1936036Z   ---
Backend Tests	Run tests	2026-10-07T05:42:03.1936443Z   duration_ms: 4.987105
Backend Tests	Run tests	2026-10-07T05:42:03.1937060Z   ...
Backend Tests	Run tests	2026-10-07T05:42:03.1937823Z # Subtest: calibration status materializes a deterministic model-scoped recommendation
Backend Tests	Run tests	2026-10-07T05:42:03.1938903Z ok 88 - calibration status materializes a deterministic model-scoped recommendation
Backend Tests	Run tests	2026-10-07T05:42:03.1939592Z   ---
Backend Tests	Run tests	2026-10-07T05:42:03.1939997Z   duration_ms: 2219.254388
Backend Tests	Run tests	2026-10-07T05:42:03.1940732Z   ...
Backend Tests	Run tests	2026-10-07T05:42:03.1941437Z # Subtest: calibration status maps paused food days into a post-break evidence restart
Backend Tests	Run tests	2026-10-07T05:42:03.1942504Z ok 89 - calibration status maps paused food days into a post-break evidence restart
Backend Tests	Run tests	2026-10-07T05:42:03.1943546Z   ---
Backend Tests	Run tests	2026-10-07T05:42:03.1943984Z   duration_ms: 21.795141
Backend Tests	Run tests	2026-10-07T05:42:03.1944443Z   ...
Backend Tests	Run tests	2026-10-07T05:42:03.1945204Z # Subtest: calibration status acknowledges a pause started on the current incomplete day
Backend Tests	Run tests	2026-10-07T05:42:03.1946352Z ok 90 - calibration status acknowledges a pause started on the current incomplete day
Backend Tests	Run tests	2026-10-07T05:42:03.1947272Z   ---
Backend Tests	Run tests	2026-10-07T05:42:03.1947708Z   duration_ms: 49.457481
Backend Tests	Run tests	2026-10-07T05:42:03.1948172Z   ...
Backend Tests	Run tests	2026-10-07T05:42:03.1948972Z # Subtest: scheduled revisions suppress new materialization and report the resulting budget
Backend Tests	Run tests	2026-10-07T05:42:03.1950117Z ok 91 - scheduled revisions suppress new materialization and report the resulting budget
Backend Tests	Run tests	2026-10-07T05:42:03.1950864Z   ---
Backend Tests	Run tests	2026-10-07T05:42:03.1951315Z   duration_ms: 55.360508
Backend Tests	Run tests	2026-10-07T05:42:03.1951772Z   ...
Backend Tests	Run tests	2026-10-07T05:42:03.1952623Z # Subtest: v1 trend rollback suppresses v2 calibration recommendations without changing accepted revisions
Backend Tests	Run tests	2026-10-07T05:42:03.1953926Z ok 92 - v1 trend rollback suppresses v2 calibration recommendations without changing accepted revisions
Backend Tests	Run tests	2026-10-07T05:42:03.1954685Z   ---
Backend Tests	Run tests	2026-10-07T05:42:03.1955110Z   duration_ms: 28.870981
Backend Tests	Run tests	2026-10-07T05:42:03.1955556Z   ...
Backend Tests	Run tests	2026-10-07T05:42:03.1956324Z # Subtest: applying a recommendation revalidates, schedules one revision, and replays safely
Backend Tests	Run tests	2026-10-07T05:42:03.1957648Z ok 93 - applying a recommendation revalidates, schedules one revision, and replays safely
Backend Tests	Run tests	2026-10-07T05:42:03.1958381Z   ---
Backend Tests	Run tests	2026-10-07T05:42:03.1958785Z   duration_ms: 52.036139
Backend Tests	Run tests	2026-10-07T05:42:03.1959226Z   ...
Backend Tests	Run tests	2026-10-07T05:42:03.1960049Z # Subtest: recommendation apply retries the complete serializable mutation after a P2034 conflict
Backend Tests	Run tests	2026-10-07T05:42:03.1961235Z ok 94 - recommendation apply retries the complete serializable mutation after a P2034 conflict
Backend Tests	Run tests	2026-10-07T05:42:03.1962018Z   ---
Backend Tests	Run tests	2026-10-07T05:42:03.1962403Z   duration_ms: 47.137047
Backend Tests	Run tests	2026-10-07T05:42:03.1962842Z   ...
Backend Tests	Run tests	2026-10-07T05:42:03.1963530Z # Subtest: recommendation apply stops after three persistent P2034 conflicts
Backend Tests	Run tests	2026-10-07T05:42:03.1964459Z ok 95 - recommendation apply stops after three persistent P2034 conflicts
Backend Tests	Run tests	2026-10-07T05:42:03.1965140Z   ---
Backend Tests	Run tests	2026-10-07T05:42:03.1965536Z   duration_ms: 27.131553
Backend Tests	Run tests	2026-10-07T05:42:03.1965969Z   ...
Backend Tests	Run tests	2026-10-07T05:42:03.1966648Z # Subtest: canceling a future revision restores the recommendation for review
Backend Tests	Run tests	2026-10-07T05:42:03.1967786Z ok 96 - canceling a future revision restores the recommendation for review
Backend Tests	Run tests	2026-10-07T05:42:03.1968461Z   ---
Backend Tests	Run tests	2026-10-07T05:42:03.1968961Z   duration_ms: 44.384385
Backend Tests	Run tests	2026-10-07T05:42:03.1969422Z   ...
Backend Tests	Run tests	2026-10-07T05:42:03.1970128Z # Subtest: a scheduled revision cannot be canceled after its effective local date
Backend Tests	Run tests	2026-10-07T05:42:03.1971128Z ok 97 - a scheduled revision cannot be canceled after its effective local date
Backend Tests	Run tests	2026-10-07T05:42:03.1971838Z   ---
Backend Tests	Run tests	2026-10-07T05:42:03.1972257Z   duration_ms: 38.460978
Backend Tests	Run tests	2026-10-07T05:42:03.1972786Z   ...
Backend Tests	Run tests	2026-10-07T05:42:03.1973510Z # Subtest: an APPLIED recommendation from an old goal cannot replay onto the current plan
Backend Tests	Run tests	2026-10-07T05:42:03.1974575Z ok 98 - an APPLIED recommendation from an old goal cannot replay onto the current plan
Backend Tests	Run tests	2026-10-07T05:42:03.1975279Z   ---
Backend Tests	Run tests	2026-10-07T05:42:03.1975676Z   duration_ms: 37.546538
Backend Tests	Run tests	2026-10-07T05:42:03.1976105Z   ...
Backend Tests	Run tests	2026-10-07T05:42:03.1977159Z # Subtest: recommendation apply rejects a profile or weight race that changes the exact target inside the transaction
Backend Tests	Run tests	2026-10-07T05:42:03.1978540Z ok 99 - recommendation apply rejects a profile or weight race that changes the exact target inside the transaction
Backend Tests	Run tests	2026-10-07T05:42:03.1979428Z   ---
Backend Tests	Run tests	2026-10-07T05:42:03.1979837Z   duration_ms: 49.629929
Backend Tests	Run tests	2026-10-07T05:42:03.1980262Z   ...
Backend Tests	Run tests	2026-10-07T05:42:03.1981073Z # Subtest: calibration status returns Plan check assessments for maintenance and gain without actions
Backend Tests	Run tests	2026-10-07T05:42:03.1982532Z ok 100 - calibration status returns Plan check assessments for maintenance and gain without actions
Backend Tests	Run tests	2026-10-07T05:42:03.1983318Z   ---
Backend Tests	Run tests	2026-10-07T05:42:03.1983973Z   duration_ms: 69.666108
Backend Tests	Run tests	2026-10-07T05:42:03.1984396Z   ...
Backend Tests	Run tests	2026-10-07T05:42:03.1985217Z # Subtest: manual pace changes exclude the mixed adjustment day and invalidate earlier calibration evidence
Backend Tests	Run tests	2026-10-07T05:42:03.1986444Z ok 101 - manual pace changes exclude the mixed adjustment day and invalidate earlier calibration evidence
Backend Tests	Run tests	2026-10-07T05:42:03.1987369Z   ---
Backend Tests	Run tests	2026-10-07T05:42:03.1987745Z   duration_ms: 22.892052
Backend Tests	Run tests	2026-10-07T05:42:03.1988127Z   ...
Backend Tests	Run tests	2026-10-07T05:42:03.1988898Z # Subtest: stored planning marks a current-safe but scheduled-unsafe revision and fails all reads closed
Backend Tests	Run tests	2026-10-07T05:42:03.2025742Z ok 102 - stored planning marks a current-safe but scheduled-unsafe revision and fails all reads closed
Backend Tests	Run tests	2026-10-07T05:42:03.2057567Z   ---
Backend Tests	Run tests	2026-10-07T05:42:03.2057973Z   duration_ms: 17.57739
Backend Tests	Run tests	2026-10-07T05:42:03.2058408Z   ...
Backend Tests	Run tests	2026-10-07T05:42:03.2059175Z # Subtest: a resolved stored prerequisite marker becomes historical review instead of looping to the old repair action
Backend Tests	Run tests	2026-10-07T05:42:03.2060404Z ok 103 - a resolved stored prerequisite marker becomes historical review instead of looping to the old repair action
Backend Tests	Run tests	2026-10-07T05:42:03.2061087Z   ---
Backend Tests	Run tests	2026-10-07T05:42:03.2061339Z   duration_ms: 1.136825
Backend Tests	Run tests	2026-10-07T05:42:03.2061620Z   ...
Backend Tests	Run tests	2026-10-07T05:42:03.2062142Z # Subtest: calorie policy uses exact date-only ages and rejects invalid inputs
Backend Tests	Run tests	2026-10-07T05:42:03.2062941Z ok 104 - calorie policy uses exact date-only ages and rejects invalid inputs
Backend Tests	Run tests	2026-10-07T05:42:03.2063440Z   ---
Backend Tests	Run tests	2026-10-07T05:42:03.2063693Z   duration_ms: 14.310949
Backend Tests	Run tests	2026-10-07T05:42:03.2104930Z   ...
Backend Tests	Run tests	2026-10-07T05:42:03.2105592Z # Subtest: calorie policy evaluates the birthday against the account-local calendar day
Backend Tests	Run tests	2026-10-07T05:42:03.2106521Z ok 105 - calorie policy evaluates the birthday against the account-local calendar day
Backend Tests	Run tests	2026-10-07T05:42:03.2107262Z   ---
Backend Tests	Run tests	2026-10-07T05:42:03.2107522Z   duration_ms: 0.353417
Backend Tests	Run tests	2026-10-07T05:42:03.2107799Z   ...
Backend Tests	Run tests	2026-10-07T05:42:03.2108345Z # Subtest: calorie policy advances Feb 29 birthdays on March 1 in non-leap years
Backend Tests	Run tests	2026-10-07T05:42:03.2109175Z ok 106 - calorie policy advances Feb 29 birthdays on March 1 in non-leap years
Backend Tests	Run tests	2026-10-07T05:42:03.2109673Z   ---
Backend Tests	Run tests	2026-10-07T05:42:03.2109919Z   duration_ms: 0.308842
Backend Tests	Run tests	2026-10-07T05:42:03.2110207Z   ...
Backend Tests	Run tests	2026-10-07T05:42:03.2110858Z # Subtest: calorie policy uses actual validated ages and emits all signed options without clamping
Backend Tests	Run tests	2026-10-07T05:42:03.2111844Z ok 107 - calorie policy uses actual validated ages and emits all signed options without clamping
Backend Tests	Run tests	2026-10-07T05:42:03.2112421Z   ---
Backend Tests	Run tests	2026-10-07T05:42:03.2112671Z   duration_ms: 0.579869
Backend Tests	Run tests	2026-10-07T05:42:03.2112947Z   ...
Backend Tests	Run tests	2026-10-07T05:42:03.2113607Z # Subtest: calorie policy requires both baseline and adjusted targets to remain above the BMR floor
Backend Tests	Run tests	2026-10-07T05:42:03.2114599Z ok 108 - calorie policy requires both baseline and adjusted targets to remain above the BMR floor
Backend Tests	Run tests	2026-10-07T05:42:03.2115193Z   ---
Backend Tests	Run tests	2026-10-07T05:42:03.2115439Z   duration_ms: 0.493292
Backend Tests	Run tests	2026-10-07T05:42:03.2115713Z   ...
Backend Tests	Run tests	2026-10-07T05:42:03.2116391Z # Subtest: projection gives maintenance precedence and applies account-unit energy constants exactly
Backend Tests	Run tests	2026-10-07T05:42:03.2117551Z ok 109 - projection gives maintenance precedence and applies account-unit energy constants exactly
Backend Tests	Run tests	2026-10-07T05:42:03.2118117Z   ---
Backend Tests	Run tests	2026-10-07T05:42:03.2118343Z   duration_ms: 0.27322
Backend Tests	Run tests	2026-10-07T05:42:03.2118601Z   ...
Backend Tests	Run tests	2026-10-07T05:42:03.2119161Z # Subtest: calorie safety migration preserves values and adds date-only sticky review fields
Backend Tests	Run tests	2026-10-07T05:42:03.2120047Z ok 110 - calorie safety migration preserves values and adds date-only sticky review fields
Backend Tests	Run tests	2026-10-07T05:42:03.2120568Z   ---
Backend Tests	Run tests	2026-10-07T05:42:03.2120798Z   duration_ms: 1.185225
Backend Tests	Run tests	2026-10-07T05:42:03.2121055Z   ...
Backend Tests	Run tests	2026-10-07T05:42:03.2121643Z # Subtest: calorie safety migration handles every signed integer deficit and lowercase IANA timezone
Backend Tests	Run tests	2026-10-07T05:42:03.2122860Z ok 111 - calorie safety migration handles every signed integer deficit and lowercase IANA timezone
Backend Tests	Run tests	2026-10-07T05:42:03.2123685Z   ---
Backend Tests	Run tests	2026-10-07T05:42:03.2123928Z   duration_ms: 0.180815
Backend Tests	Run tests	2026-10-07T05:42:03.2124198Z   ...
Backend Tests	Run tests	2026-10-07T05:42:03.2124835Z # Subtest: calorie safety migration marks every revision of a reviewed goal even for invalid timezones
Backend Tests	Run tests	2026-10-07T05:42:03.2125818Z ok 112 - calorie safety migration marks every revision of a reviewed goal even for invalid timezones
Backend Tests	Run tests	2026-10-07T05:42:03.2126402Z   ---
Backend Tests	Run tests	2026-10-07T05:42:03.2126640Z   duration_ms: 0.283885
Backend Tests	Run tests	2026-10-07T05:42:03.2130120Z   ...
Backend Tests	Run tests	2026-10-07T05:42:03.2435798Z # Subtest: browser requests without native identity remain compatible
Backend Tests	Run tests	2026-10-07T05:42:03.2440808Z ok 113 - browser requests without native identity remain compatible
Backend Tests	Run tests	2026-10-07T05:42:03.2443687Z   ---
Backend Tests	Run tests	2026-10-07T05:42:03.2445009Z   duration_ms: 1.159177
Backend Tests	Run tests	2026-10-07T05:42:03.2446617Z   ...
Backend Tests	Run tests	2026-10-07T05:42:03.2447647Z # Subtest: authenticated phone sessions require a current bounded version on every request
Backend Tests	Run tests	2026-10-07T05:42:03.2452097Z ok 114 - authenticated phone sessions require a current bounded version on every request
Backend Tests	Run tests	2026-10-07T05:42:03.2463263Z   ---
Backend Tests	Run tests	2026-10-07T05:42:03.2463705Z   duration_ms: 0.386856
Backend Tests	Run tests	2026-10-07T05:42:03.2464136Z   ...
Backend Tests	Run tests	2026-10-07T05:42:03.2464895Z # Subtest: authenticated iOS sessions use the mobile release floor and iOS upgrade copy
Backend Tests	Run tests	2026-10-07T05:42:03.2465976Z ok 115 - authenticated iOS sessions use the mobile release floor and iOS upgrade copy
Backend Tests	Run tests	2026-10-07T05:42:03.2466678Z   ---
Backend Tests	Run tests	2026-10-07T05:42:03.2467272Z   duration_ms: 0.264217
Backend Tests	Run tests	2026-10-07T05:42:03.2467688Z   ...
Backend Tests	Run tests	2026-10-07T05:42:03.2468409Z # Subtest: authenticated session platform cannot be changed by client headers
Backend Tests	Run tests	2026-10-07T05:42:03.2469462Z ok 116 - authenticated session platform cannot be changed by client headers
Backend Tests	Run tests	2026-10-07T05:42:03.2470906Z   ---
Backend Tests	Run tests	2026-10-07T05:42:03.2473415Z   duration_ms: 0.143079
Backend Tests	Run tests	2026-10-07T05:42:03.2475432Z   ...
Backend Tests	Run tests	2026-10-07T05:42:03.2476218Z # Subtest: Wear pairing exchange requires Wear version identity before issuing a session
Backend Tests	Run tests	2026-10-07T05:42:03.2477440Z ok 117 - Wear pairing exchange requires Wear version identity before issuing a session
Backend Tests	Run tests	2026-10-07T05:42:03.2478184Z   ---
Backend Tests	Run tests	2026-10-07T05:42:03.2478569Z   duration_ms: 0.197239
Backend Tests	Run tests	2026-10-07T05:42:03.2478982Z   ...
Backend Tests	Run tests	2026-10-07T05:42:03.2479623Z # Subtest: older and malformed versions receive a bounded upgrade contract
Backend Tests	Run tests	2026-10-07T05:42:03.2480553Z ok 118 - older and malformed versions receive a bounded upgrade contract
Backend Tests	Run tests	2026-10-07T05:42:03.2481192Z   ---
Backend Tests	Run tests	2026-10-07T05:42:03.2481593Z   duration_ms: 0.291277
Backend Tests	Run tests	2026-10-07T05:42:03.2482013Z   ...
Backend Tests	Run tests	2026-10-07T05:42:03.4974185Z # Subtest: client config advertises the stable v1 API, release floors, and privacy-safe push default
Backend Tests	Run tests	2026-10-07T05:42:03.4984374Z ok 119 - client config advertises the stable v1 API, release floors, and privacy-safe push default
Backend Tests	Run tests	2026-10-07T05:42:03.4985211Z   ---
Backend Tests	Run tests	2026-10-07T05:42:03.4985652Z   duration_ms: 2.49379
Backend Tests	Run tests	2026-10-07T05:42:03.4986070Z   ...
Backend Tests	Run tests	2026-10-07T05:42:03.4986980Z # Subtest: client config advertises browser push only with complete VAPID configuration
Backend Tests	Run tests	2026-10-07T05:42:03.4988054Z ok 120 - client config advertises browser push only with complete VAPID configuration
Backend Tests	Run tests	2026-10-07T05:42:03.4988781Z   ---
Backend Tests	Run tests	2026-10-07T05:42:03.4989185Z   duration_ms: 0.276214
Backend Tests	Run tests	2026-10-07T05:42:03.4989614Z   ...
Backend Tests	Run tests	2026-10-07T05:42:03.5001636Z # Subtest: client config advertises native push only after the operator enables Expo mode
Backend Tests	Run tests	2026-10-07T05:42:03.5027598Z ok 121 - client config advertises native push only after the operator enables Expo mode
Backend Tests	Run tests	2026-10-07T05:42:03.5037591Z   ---
Backend Tests	Run tests	2026-10-07T05:42:03.5038016Z   duration_ms: 0.248974
Backend Tests	Run tests	2026-10-07T05:42:03.5038443Z   ...
Backend Tests	Run tests	2026-10-07T05:42:03.5039210Z # Subtest: client config ignores an injected package version in favor of the canonical manifest
Backend Tests	Run tests	2026-10-07T05:42:03.5041155Z ok 122 - client config ignores an injected package version in favor of the canonical manifest
Backend Tests	Run tests	2026-10-07T05:42:03.5042357Z   ---
Backend Tests	Run tests	2026-10-07T05:42:03.5042752Z   duration_ms: 0.228375
Backend Tests	Run tests	2026-10-07T05:42:03.5043162Z   ...
Backend Tests	Run tests	2026-10-07T05:42:07.5084904Z # Subtest: strict parser accepts only canonical coherent registry tuples
Backend Tests	Run tests	2026-10-07T05:42:07.5087296Z ok 123 - strict parser accepts only canonical coherent registry tuples
Backend Tests	Run tests	2026-10-07T05:42:07.5088077Z   ---
Backend Tests	Run tests	2026-10-07T05:42:07.5088515Z   duration_ms: 2.239708
Backend Tests	Run tests	2026-10-07T05:42:07.5088950Z   ...
Backend Tests	Run tests	2026-10-07T05:42:07.5174741Z # Subtest: handler correlates opaque IDs and records only fixed joint dimensions
Backend Tests	Run tests	2026-10-07T05:42:07.5192963Z ok 124 - handler correlates opaque IDs and records only fixed joint dimensions
Backend Tests	Run tests	2026-10-07T05:42:07.5193705Z   ---
Backend Tests	Run tests	2026-10-07T05:42:07.5194078Z   duration_ms: 1.770362
Backend Tests	Run tests	2026-10-07T05:42:07.5194529Z   ...
Backend Tests	Run tests	2026-10-07T05:42:07.5195390Z # Subtest: unknown and private fields are rejected before logging or aggregation
Backend Tests	Run tests	2026-10-07T05:42:07.5196352Z ok 125 - unknown and private fields are rejected before logging or aggregation
Backend Tests	Run tests	2026-10-07T05:42:07.5197210Z   ---
Backend Tests	Run tests	2026-10-07T05:42:07.5197601Z   duration_ms: 0.611415
Backend Tests	Run tests	2026-10-07T05:42:07.5198013Z   ...
Backend Tests	Run tests	2026-10-07T05:42:07.5668557Z # Subtest: cookie sessions cannot forge native diagnostics while bearer-established native identity is accepted
Backend Tests	Run tests	2026-10-07T05:42:07.5683481Z ok 126 - cookie sessions cannot forge native diagnostics while bearer-established native identity is accepted
Backend Tests	Run tests	2026-10-07T05:42:07.5697354Z   ---
Backend Tests	Run tests	2026-10-07T05:42:07.5730221Z   duration_ms: 90.098456
Backend Tests	Run tests	2026-10-07T05:42:07.5758477Z   ...
Backend Tests	Run tests	2026-10-07T05:42:07.5759465Z # Subtest: generic diagnostic sanitizer keeps only closed safe fields and drops alias strings
Backend Tests	Run tests	2026-10-07T05:42:07.5760850Z ok 127 - generic diagnostic sanitizer keeps only closed safe fields and drops alias strings
Backend Tests	Run tests	2026-10-07T05:42:07.5761647Z   ---
Backend Tests	Run tests	2026-10-07T05:42:07.5762083Z   duration_ms: 0.789656
Backend Tests	Run tests	2026-10-07T05:42:07.5762540Z   ...
Backend Tests	Run tests	2026-10-07T05:42:07.6064321Z # Subtest: diagnostics aliases share a narrow IP limit even when unauthenticated tuples are rejected
Backend Tests	Run tests	2026-10-07T05:42:07.6108052Z ok 128 - diagnostics aliases share a narrow IP limit even when unauthenticated tuples are rejected
Backend Tests	Run tests	2026-10-07T05:42:07.6109122Z   ---
Backend Tests	Run tests	2026-10-07T05:42:07.6137336Z   duration_ms: 32.207165
Backend Tests	Run tests	2026-10-07T05:42:07.6137730Z   ...
Backend Tests	Run tests	2026-10-07T05:42:07.6138424Z # Subtest: requires authentication outside anonymous root support while preserving opaque root correlation
Backend Tests	Run tests	2026-10-07T05:42:07.6139534Z ok 129 - requires authentication outside anonymous root support while preserving opaque root correlation
Backend Tests	Run tests	2026-10-07T05:42:07.6140161Z   ---
Backend Tests	Run tests	2026-10-07T05:42:07.6140384Z   duration_ms: 9.07231
Backend Tests	Run tests	2026-10-07T05:42:07.6140723Z   ...
Backend Tests	Run tests	2026-10-07T05:42:07.6141307Z # Subtest: rejects generated sensitive aliases and values before logging or metrics export
Backend Tests	Run tests	2026-10-07T05:42:07.6142215Z ok 130 - rejects generated sensitive aliases and values before logging or metrics export
Backend Tests	Run tests	2026-10-07T05:42:07.6142742Z   ---
Backend Tests	Run tests	2026-10-07T05:42:07.6142991Z   duration_ms: 2.082729
Backend Tests	Run tests	2026-10-07T05:42:07.6143248Z   ...
Backend Tests	Run tests	2026-10-07T05:42:07.7863520Z # Subtest: executeIdempotentMutation replays the committed response without repeating the mutation
Backend Tests	Run tests	2026-10-07T05:42:07.7873366Z ok 131 - executeIdempotentMutation replays the committed response without repeating the mutation
Backend Tests	Run tests	2026-10-07T05:42:07.7877393Z   ---
Backend Tests	Run tests	2026-10-07T05:42:07.7877859Z   duration_ms: 3925.330072
Backend Tests	Run tests	2026-10-07T05:42:07.7878374Z   ...
Backend Tests	Run tests	2026-10-07T05:42:07.7879296Z # Subtest: executeIdempotentMutation replays a completed 204 with a null body without repeating the mutation
Backend Tests	Run tests	2026-10-07T05:42:07.7880550Z ok 132 - executeIdempotentMutation replays a completed 204 with a null body without repeating the mutation
Backend Tests	Run tests	2026-10-07T05:42:07.7881321Z   ---
Backend Tests	Run tests	2026-10-07T05:42:07.7881744Z   duration_ms: 20.681013
Backend Tests	Run tests	2026-10-07T05:42:07.7882050Z   ...
Backend Tests	Run tests	2026-10-07T05:42:07.7882806Z # Subtest: executeIdempotentMutation reports a matching incomplete receipt as in progress
Backend Tests	Run tests	2026-10-07T05:42:07.7883802Z ok 133 - executeIdempotentMutation reports a matching incomplete receipt as in progress
Backend Tests	Run tests	2026-10-07T05:42:07.7884406Z   ---
Backend Tests	Run tests	2026-10-07T05:42:07.7884991Z   duration_ms: 30.874745
Backend Tests	Run tests	2026-10-07T05:42:07.7885254Z   ...
Backend Tests	Run tests	2026-10-07T05:42:07.7885851Z # Subtest: executeIdempotentMutation rejects reuse of an operation id for a different request
Backend Tests	Run tests	2026-10-07T05:42:07.7887476Z ok 134 - executeIdempotentMutation rejects reuse of an operation id for a different request
Backend Tests	Run tests	2026-10-07T05:42:07.7888106Z   ---
Backend Tests	Run tests	2026-10-07T05:42:07.7888351Z   duration_ms: 44.952748
Backend Tests	Run tests	2026-10-07T05:42:07.7888642Z   ...
Backend Tests	Run tests	2026-10-07T05:42:07.7889112Z # Subtest: the same client operation id remains isolated between users
Backend Tests	Run tests	2026-10-07T05:42:07.7889791Z ok 135 - the same client operation id remains isolated between users
Backend Tests	Run tests	2026-10-07T05:42:07.7890241Z   ---
Backend Tests	Run tests	2026-10-07T05:42:07.7890495Z   duration_ms: 16.745041
Backend Tests	Run tests	2026-10-07T05:42:07.7890767Z   ...
Backend Tests	Run tests	2026-10-07T05:42:07.7891313Z # Subtest: session-bound operations replay only for the originating mobile session
Backend Tests	Run tests	2026-10-07T05:42:07.7892120Z ok 136 - session-bound operations replay only for the originating mobile session
Backend Tests	Run tests	2026-10-07T05:42:07.7892609Z   ---
Backend Tests	Run tests	2026-10-07T05:42:07.7892857Z   duration_ms: 12.708102
Backend Tests	Run tests	2026-10-07T05:42:07.7893136Z   ...
Backend Tests	Run tests	2026-10-07T05:42:07.7893744Z # Subtest: recordSyncChange stores entity identifiers as strings and JSON-safe payload values
Backend Tests	Run tests	2026-10-07T05:42:07.7894680Z ok 137 - recordSyncChange stores entity identifiers as strings and JSON-safe payload values
Backend Tests	Run tests	2026-10-07T05:42:07.7895213Z   ---
Backend Tests	Run tests	2026-10-07T05:42:07.7895447Z   duration_ms: 8.591927
Backend Tests	Run tests	2026-10-07T05:42:07.7895712Z   ...
Backend Tests	Run tests	2026-10-07T05:42:07.7896326Z # Subtest: food-copy operation IDs prevent duplicate writes across in-flight retries and exact replays
Backend Tests	Run tests	2026-10-07T05:42:07.7897526Z ok 138 - food-copy operation IDs prevent duplicate writes across in-flight retries and exact replays
Backend Tests	Run tests	2026-10-07T05:42:07.7898135Z   ---
Backend Tests	Run tests	2026-10-07T05:42:07.7898389Z   duration_ms: 21.747274
Backend Tests	Run tests	2026-10-07T05:42:07.7898677Z   ...
Backend Tests	Run tests	2026-10-07T05:42:07.7899347Z # Subtest: existing local installations remain local even when unrelated Firebase environment values exist
Backend Tests	Run tests	2026-10-07T05:42:07.7900426Z ok 139 - existing local installations remain local even when unrelated Firebase environment values exist
Backend Tests	Run tests	2026-10-07T05:42:07.7901052Z   ---
Backend Tests	Run tests	2026-10-07T05:42:07.7901295Z   duration_ms: 1.704365
Backend Tests	Run tests	2026-10-07T05:42:07.7901568Z   ...
Backend Tests	Run tests	2026-10-07T05:42:07.7902217Z # Subtest: incomplete provider activation fails closed instead of silently using local credentials
Backend Tests	Run tests	2026-10-07T05:42:07.7903204Z ok 140 - incomplete provider activation fails closed instead of silently using local credentials
Backend Tests	Run tests	2026-10-07T05:42:07.7903772Z   ---
Backend Tests	Run tests	2026-10-07T05:42:07.7904025Z   duration_ms: 0.522525
Backend Tests	Run tests	2026-10-07T05:42:07.7904292Z   ...
Backend Tests	Run tests	2026-10-07T05:42:08.2938384Z # Subtest: official hosted deployments expose the canonical HTTPS MCP resource
Backend Tests	Run tests	2026-10-07T05:42:08.2942957Z ok 141 - official hosted deployments expose the canonical HTTPS MCP resource
Backend Tests	Run tests	2026-10-07T05:42:08.2943736Z   ---
Backend Tests	Run tests	2026-10-07T05:42:08.2944226Z   duration_ms: 5.662248
Backend Tests	Run tests	2026-10-07T05:42:08.2944518Z   ...
Backend Tests	Run tests	2026-10-07T05:42:08.2944977Z # Subtest: advanced self-hosts opt in and inherit PUBLIC_APP_ORIGIN
Backend Tests	Run tests	2026-10-07T05:42:08.2945656Z ok 142 - advanced self-hosts opt in and inherit PUBLIC_APP_ORIGIN
Backend Tests	Run tests	2026-10-07T05:42:08.2946079Z   ---
Backend Tests	Run tests	2026-10-07T05:42:08.2946306Z   duration_ms: 0.891265
Backend Tests	Run tests	2026-10-07T05:42:08.2946536Z   ...
Backend Tests	Run tests	2026-10-07T05:42:08.2947158Z # Subtest: MCP is disabled by default for non-hosted installations
Backend Tests	Run tests	2026-10-07T05:42:08.2947707Z ok 143 - MCP is disabled by default for non-hosted installations
Backend Tests	Run tests	2026-10-07T05:42:08.2948069Z   ---
Backend Tests	Run tests	2026-10-07T05:42:08.2948277Z   duration_ms: 0.194375
Backend Tests	Run tests	2026-10-07T05:42:08.2948513Z   ...
Backend Tests	Run tests	2026-10-07T05:42:08.2948960Z # Subtest: deployed MCP rejects an insecure non-loopback resource URL
Backend Tests	Run tests	2026-10-07T05:42:08.2949647Z ok 144 - deployed MCP rejects an insecure non-loopback resource URL
Backend Tests	Run tests	2026-10-07T05:42:08.2950111Z   ---
Backend Tests	Run tests	2026-10-07T05:42:08.2950375Z   duration_ms: 0.582773
Backend Tests	Run tests	2026-10-07T05:42:08.2950656Z   ...
Backend Tests	Run tests	2026-10-07T05:42:08.2951218Z # Subtest: explicit URLs cannot retain credentials, query strings, or fragments
Backend Tests	Run tests	2026-10-07T05:42:08.2952030Z ok 145 - explicit URLs cannot retain credentials, query strings, or fragments
Backend Tests	Run tests	2026-10-07T05:42:08.2953014Z   ---
Backend Tests	Run tests	2026-10-07T05:42:08.2953272Z   duration_ms: 0.240212
Backend Tests	Run tests	2026-10-07T05:42:08.2953564Z   ...
Backend Tests	Run tests	2026-10-07T05:42:10.2347662Z # Subtest: development permits loopback web dev servers on arbitrary ports despite an explicit configured origin
Backend Tests	Run tests	2026-10-07T05:42:10.2351250Z ok 146 - development permits loopback web dev servers on arbitrary ports despite an explicit configured origin
Backend Tests	Run tests	2026-10-07T05:42:10.2352157Z   ---
Backend Tests	Run tests	2026-10-07T05:42:10.2352717Z   duration_ms: 1.651788
Backend Tests	Run tests	2026-10-07T05:42:10.2353184Z   ...
Backend Tests	Run tests	2026-10-07T05:42:10.2377577Z # Subtest: development loopback matching rejects non-local and lookalike origins
Backend Tests	Run tests	2026-10-07T05:42:10.2378721Z ok 147 - development loopback matching rejects non-local and lookalike origins
Backend Tests	Run tests	2026-10-07T05:42:10.2400795Z   ---
Backend Tests	Run tests	2026-10-07T05:42:10.2427356Z   duration_ms: 0.223257
Backend Tests	Run tests	2026-10-07T05:42:10.2452647Z   ...
Backend Tests	Run tests	2026-10-07T05:42:10.2459283Z # Subtest: production and staging keep strict exact-origin allowlisting
Backend Tests	Run tests	2026-10-07T05:42:10.2460274Z ok 148 - production and staging keep strict exact-origin allowlisting
Backend Tests	Run tests	2026-10-07T05:42:10.2461062Z   ---
Backend Tests	Run tests	2026-10-07T05:42:10.2461579Z   duration_ms: 0.318216
Backend Tests	Run tests	2026-10-07T05:42:10.2462080Z   ...
Backend Tests	Run tests	2026-10-07T05:42:10.2808230Z # Subtest: CORS middleware emits headers for Expo origins while rejecting non-local origins
Backend Tests	Run tests	2026-10-07T05:42:10.2858511Z ok 149 - CORS middleware emits headers for Expo origins while rejecting non-local origins
Backend Tests	Run tests	2026-10-07T05:42:10.2877536Z   ---
Backend Tests	Run tests	2026-10-07T05:42:10.2915589Z   duration_ms: 80.215744
Backend Tests	Run tests	2026-10-07T05:42:10.2967050Z   ...
Backend Tests	Run tests	2026-10-07T05:42:10.3018066Z # Subtest: CORS middleware does not broaden an exact production origin to other local ports
Backend Tests	Run tests	2026-10-07T05:42:10.3040402Z ok 150 - CORS middleware does not broaden an exact production origin to other local ports
Backend Tests	Run tests	2026-10-07T05:42:10.3068822Z   ---
Backend Tests	Run tests	2026-10-07T05:42:10.3107267Z   duration_ms: 22.175321
Backend Tests	Run tests	2026-10-07T05:42:10.3117160Z   ...
Backend Tests	Run tests	2026-10-07T05:42:10.7448121Z # Subtest: local compatibility works without Firebase configuration
Backend Tests	Run tests	2026-10-07T05:42:10.7477730Z ok 151 - local compatibility works without Firebase configuration
Backend Tests	Run tests	2026-10-07T05:42:10.7507230Z   ---
Backend Tests	Run tests	2026-10-07T05:42:10.7537250Z   duration_ms: 270.950349
Backend Tests	Run tests	2026-10-07T05:42:10.7544887Z   ...
Backend Tests	Run tests	2026-10-07T05:42:10.7545502Z # Subtest: Firebase authority receives passwords beyond the local bcrypt byte limit
Backend Tests	Run tests	2026-10-07T05:42:10.7546269Z ok 152 - Firebase authority receives passwords beyond the local bcrypt byte limit
Backend Tests	Run tests	2026-10-07T05:42:10.7546921Z   ---
Backend Tests	Run tests	2026-10-07T05:42:10.7547165Z   duration_ms: 1.189611
Backend Tests	Run tests	2026-10-07T05:42:10.7547429Z   ...
Backend Tests	Run tests	2026-10-07T05:42:10.7548073Z # Subtest: Firebase password authentication returns only a boolean and binds verified project and UID
Backend Tests	Run tests	2026-10-07T05:42:10.7549066Z ok 153 - Firebase password authentication returns only a boolean and binds verified project and UID
Backend Tests	Run tests	2026-10-07T05:42:10.7549650Z   ---
Backend Tests	Run tests	2026-10-07T05:42:10.7549885Z   duration_ms: 0.606969
Backend Tests	Run tests	2026-10-07T05:42:10.7550124Z   ...
Backend Tests	Run tests	2026-10-07T05:42:10.7550554Z # Subtest: wrong configured project and missing configuration never call the network or local bcrypt fallback
Backend Tests	Run tests	2026-10-07T05:42:10.7551211Z ok 154 - wrong configured project and missing configuration never call the network or local bcrypt fallback
Backend Tests	Run tests	2026-10-07T05:42:10.7551598Z   ---
Backend Tests	Run tests	2026-10-07T05:42:10.7551764Z   duration_ms: 0.81304
Backend Tests	Run tests	2026-10-07T05:42:10.7551942Z   ...
Backend Tests	Run tests	2026-10-07T05:42:10.7552334Z # Subtest: enumeration-safe credential failures differ from retryable network/configuration failures
Backend Tests	Run tests	2026-10-07T05:42:10.7552921Z ok 155 - enumeration-safe credential failures differ from retryable network/configuration failures
Backend Tests	Run tests	2026-10-07T05:42:10.7553274Z   ---
Backend Tests	Run tests	2026-10-07T05:42:10.7553444Z   duration_ms: 1.762721
Backend Tests	Run tests	2026-10-07T05:42:10.7553616Z   ...
Backend Tests	Run tests	2026-10-07T05:42:10.8580055Z # Subtest: timeout covers hanging transport and token verification
Backend Tests	Run tests	2026-10-07T05:42:10.8598217Z ok 156 - timeout covers hanging transport and token verification
Backend Tests	Run tests	2026-10-07T05:42:10.8598946Z   ---
Backend Tests	Run tests	2026-10-07T05:42:10.8599363Z   duration_ms: 22.423645
Backend Tests	Run tests	2026-10-07T05:42:10.8599831Z   ...
Backend Tests	Run tests	2026-10-07T05:42:10.8601000Z # Subtest: forged response and verifier rejection cannot create an authenticated result
Backend Tests	Run tests	2026-10-07T05:42:10.8602041Z ok 157 - forged response and verifier rejection cannot create an authenticated result
Backend Tests	Run tests	2026-10-07T05:42:10.8602903Z   ---
Backend Tests	Run tests	2026-10-07T05:42:10.8603319Z   duration_ms: 0.699043
Backend Tests	Run tests	2026-10-07T05:42:10.8603752Z   ...
Backend Tests	Run tests	2026-10-07T05:42:11.2832920Z # Subtest: runtime local verification keeps unknown accounts invalid without issuing an authenticated result
Backend Tests	Run tests	2026-10-07T05:42:11.2838203Z ok 158 - runtime local verification keeps unknown accounts invalid without issuing an authenticated result
Backend Tests	Run tests	2026-10-07T05:42:11.2839409Z   ---
Backend Tests	Run tests	2026-10-07T05:42:11.2839838Z   duration_ms: 455.155995
Backend Tests	Run tests	2026-10-07T05:42:11.2840279Z   ...
Backend Tests	Run tests	2026-10-07T05:42:11.2841077Z # Subtest: preparation compatibility export shares the runtime implementation and error identity
Backend Tests	Run tests	2026-10-07T05:42:11.2842287Z ok 159 - preparation compatibility export shares the runtime implementation and error identity
Backend Tests	Run tests	2026-10-07T05:42:11.2843114Z   ---
Backend Tests	Run tests	2026-10-07T05:42:11.2843502Z   duration_ms: 67.467923
Backend Tests	Run tests	2026-10-07T05:42:11.2843923Z   ...
Backend Tests	Run tests	2026-10-07T05:42:11.2844658Z # Subtest: incomplete trusted Firebase mappings are held before any provider request
Backend Tests	Run tests	2026-10-07T05:42:11.2845703Z ok 160 - incomplete trusted Firebase mappings are held before any provider request
Backend Tests	Run tests	2026-10-07T05:42:11.2846387Z   ---
Backend Tests	Run tests	2026-10-07T05:42:11.2847006Z   duration_ms: 0.555062
Backend Tests	Run tests	2026-10-07T05:42:11.2847467Z   ...
Backend Tests	Run tests	2026-10-07T05:42:11.2848207Z # Subtest: unknown local credentials perform a dummy comparison but cannot authenticate
Backend Tests	Run tests	2026-10-07T05:42:11.2849268Z ok 161 - unknown local credentials perform a dummy comparison but cannot authenticate
Backend Tests	Run tests	2026-10-07T05:42:11.2849968Z   ---
Backend Tests	Run tests	2026-10-07T05:42:11.2850371Z   duration_ms: 0.49212
Backend Tests	Run tests	2026-10-07T05:42:11.2850794Z   ...
Backend Tests	Run tests	2026-10-07T05:42:12.7028348Z # Subtest: real pg pool bounds waiting, recovers after release, and removes idle clients
Backend Tests	Run tests	2026-10-07T05:42:12.7057693Z ok 162 - real pg pool bounds waiting, recovers after release, and removes idle clients
Backend Tests	Run tests	2026-10-07T05:42:12.7058269Z   ---
Backend Tests	Run tests	2026-10-07T05:42:12.7058499Z   duration_ms: 2009.61767
Backend Tests	Run tests	2026-10-07T05:42:12.7058752Z   ...
Backend Tests	Run tests	2026-10-07T05:42:13.5859497Z # Subtest: failed acquisitions and idle errors release capacity for replacement
Backend Tests	Run tests	2026-10-07T05:42:13.5873117Z ok 163 - failed acquisitions and idle errors release capacity for replacement
Backend Tests	Run tests	2026-10-07T05:42:13.5873847Z   ---
Backend Tests	Run tests	2026-10-07T05:42:13.5874253Z   duration_ms: 4.658655
Backend Tests	Run tests	2026-10-07T05:42:13.5874701Z   ...
Backend Tests	Run tests	2026-10-07T05:42:13.5875496Z # Subtest: runtime owns one pool, passes schema to adapter, and ends pool even if Prisma disconnect fails
Backend Tests	Run tests	2026-10-07T05:42:13.5876616Z ok 164 - runtime owns one pool, passes schema to adapter, and ends pool even if Prisma disconnect fails
Backend Tests	Run tests	2026-10-07T05:42:13.5877483Z   ---
Backend Tests	Run tests	2026-10-07T05:42:13.5877887Z   duration_ms: 882.036189
Backend Tests	Run tests	2026-10-07T05:42:13.5878292Z   ...
Backend Tests	Run tests	2026-10-07T05:42:45.1256245Z # DATABASE_URL schema (private) does not match DB_SCHEMA (app-data); using DATABASE_URL value.
Backend Tests	Run tests	2026-10-07T05:42:45.1318189Z # Subtest: resolveDatabaseUrl prefers DATABASE_URL when present
Backend Tests	Run tests	2026-10-07T05:42:45.1319174Z ok 165 - resolveDatabaseUrl prefers DATABASE_URL when present
Backend Tests	Run tests	2026-10-07T05:42:45.1357570Z   ---
Backend Tests	Run tests	2026-10-07T05:42:45.1379312Z   duration_ms: 2.108782
Backend Tests	Run tests	2026-10-07T05:42:45.1426006Z   ...
Backend Tests	Run tests	2026-10-07T05:42:45.1427139Z # Subtest: resolveDatabaseUrl composes from DB_* variables and encodes values
Backend Tests	Run tests	2026-10-07T05:42:45.1428207Z ok 166 - resolveDatabaseUrl composes from DB_* variables and encodes values
Backend Tests	Run tests	2026-10-07T05:42:45.1428817Z   ---
Backend Tests	Run tests	2026-10-07T05:42:45.1429154Z   duration_ms: 0.121728
Backend Tests	Run tests	2026-10-07T05:42:45.1431429Z   ...
Backend Tests	Run tests	2026-10-07T05:42:45.1477603Z # Subtest: resolveDatabaseUrl throws when required DB_* values are missing
Backend Tests	Run tests	2026-10-07T05:42:45.1478362Z ok 167 - resolveDatabaseUrl throws when required DB_* values are missing
Backend Tests	Run tests	2026-10-07T05:42:45.1527395Z   ---
Backend Tests	Run tests	2026-10-07T05:42:45.1533096Z   duration_ms: 0.314941
Backend Tests	Run tests	2026-10-07T05:42:45.1535190Z   ...
Backend Tests	Run tests	2026-10-07T05:42:45.1536041Z # Subtest: resolvePrismaSchema prefers the URL schema and warns on mismatch
Backend Tests	Run tests	2026-10-07T05:42:45.1537832Z ok 168 - resolvePrismaSchema prefers the URL schema and warns on mismatch
Backend Tests	Run tests	2026-10-07T05:42:45.1538534Z   ---
Backend Tests	Run tests	2026-10-07T05:42:45.1538944Z   duration_ms: 0.510387
Backend Tests	Run tests	2026-10-07T05:42:45.1539648Z   ...
Backend Tests	Run tests	2026-10-07T05:42:45.1540341Z # Subtest: resolvePrismaSchema falls back to DB_SCHEMA when URL is invalid
Backend Tests	Run tests	2026-10-07T05:42:45.1541282Z ok 169 - resolvePrismaSchema falls back to DB_SCHEMA when URL is invalid
Backend Tests	Run tests	2026-10-07T05:42:45.1541940Z   ---
Backend Tests	Run tests	2026-10-07T05:42:45.1542344Z   duration_ms: 5.125418
Backend Tests	Run tests	2026-10-07T05:42:45.1542785Z   ...
Backend Tests	Run tests	2026-10-07T05:42:45.1543508Z # Subtest: buildPgOptionsForSchema returns search_path config with quoting
Backend Tests	Run tests	2026-10-07T05:42:45.1544491Z ok 170 - buildPgOptionsForSchema returns search_path config with quoting
Backend Tests	Run tests	2026-10-07T05:42:45.1545164Z   ---
Backend Tests	Run tests	2026-10-07T05:42:45.1545576Z   duration_ms: 0.905746
Backend Tests	Run tests	2026-10-07T05:42:45.1546010Z   ...
Backend Tests	Run tests	2026-10-07T05:42:45.1546653Z # Subtest: parseDatabaseUrlToPgConfig decodes URL components
Backend Tests	Run tests	2026-10-07T05:42:45.1547662Z ok 171 - parseDatabaseUrlToPgConfig decodes URL components
Backend Tests	Run tests	2026-10-07T05:42:45.1548227Z   ---
Backend Tests	Run tests	2026-10-07T05:42:45.1548601Z   duration_ms: 0.387077
Backend Tests	Run tests	2026-10-07T05:42:45.1548997Z   ...
Backend Tests	Run tests	2026-10-07T05:42:45.1549679Z # Subtest: parseDatabaseUrlToPgConfig rejects invalid URLs or protocols
Backend Tests	Run tests	2026-10-07T05:42:45.1550639Z ok 172 - parseDatabaseUrlToPgConfig rejects invalid URLs or protocols
Backend Tests	Run tests	2026-10-07T05:42:45.1551316Z   ---
Backend Tests	Run tests	2026-10-07T05:42:45.1551729Z   duration_ms: 0.342631
Backend Tests	Run tests	2026-10-07T05:42:45.1552178Z   ...
Backend Tests	Run tests	2026-10-07T05:42:45.1552798Z # Subtest: resolvePgSslConfig maps sslmode values
Backend Tests	Run tests	2026-10-07T05:42:45.1553505Z ok 173 - resolvePgSslConfig maps sslmode values
Backend Tests	Run tests	2026-10-07T05:42:45.1554032Z   ---
Backend Tests	Run tests	2026-10-07T05:42:45.1554447Z   duration_ms: 0.521062
Backend Tests	Run tests	2026-10-07T05:42:45.1554875Z   ...
Backend Tests	Run tests	2026-10-07T05:42:45.1555573Z # Subtest: blank SSL values cannot silently weaken URL TLS in runtime or CLI
Backend Tests	Run tests	2026-10-07T05:42:45.1556536Z ok 174 - blank SSL values cannot silently weaken URL TLS in runtime or CLI
Backend Tests	Run tests	2026-10-07T05:42:45.1557387Z   ---
Backend Tests	Run tests	2026-10-07T05:42:45.1557825Z   duration_ms: 1.366851
Backend Tests	Run tests	2026-10-07T05:42:45.1558267Z   ...
Backend Tests	Run tests	2026-10-07T05:42:45.1559051Z # Subtest: explicit SSL modes keep precedence and normalize identically for runtime and CLI
Backend Tests	Run tests	2026-10-07T05:42:45.1560191Z ok 175 - explicit SSL modes keep precedence and normalize identically for runtime and CLI
Backend Tests	Run tests	2026-10-07T05:42:45.1560919Z   ---
Backend Tests	Run tests	2026-10-07T05:42:45.1561358Z   duration_ms: 3.856155
Backend Tests	Run tests	2026-10-07T05:42:45.1561807Z   ...
Backend Tests	Run tests	2026-10-07T05:42:45.1562514Z # Subtest: shared configuration preserves TCP, schema, SSL and unset pg defaults
Backend Tests	Run tests	2026-10-07T05:42:45.1563531Z ok 176 - shared configuration preserves TCP, schema, SSL and unset pg defaults
Backend Tests	Run tests	2026-10-07T05:42:45.1564222Z   ---
Backend Tests	Run tests	2026-10-07T05:42:45.1564629Z   duration_ms: 0.379416
Backend Tests	Run tests	2026-10-07T05:42:45.1565074Z   ...
Backend Tests	Run tests	2026-10-07T05:42:45.1565846Z # Subtest: bounded opt-in settings have equivalent runtime milliseconds and CLI seconds
Backend Tests	Run tests	2026-10-07T05:42:45.1567069Z ok 177 - bounded opt-in settings have equivalent runtime milliseconds and CLI seconds
Backend Tests	Run tests	2026-10-07T05:42:45.1567809Z   ---
Backend Tests	Run tests	2026-10-07T05:42:45.1568215Z   duration_ms: 0.627679
Backend Tests	Run tests	2026-10-07T05:42:45.1568662Z   ...
Backend Tests	Run tests	2026-10-07T05:42:45.1569490Z # Subtest: pool settings reject invalid numbers and contradictory sources without echoing secrets
Backend Tests	Run tests	2026-10-07T05:42:45.1570693Z ok 178 - pool settings reject invalid numbers and contradictory sources without echoing secrets
Backend Tests	Run tests	2026-10-07T05:42:45.1571474Z   ---
Backend Tests	Run tests	2026-10-07T05:42:45.1571890Z   duration_ms: 3.465984
Backend Tests	Run tests	2026-10-07T05:42:45.1572345Z   ...
Backend Tests	Run tests	2026-10-07T05:42:45.1573234Z # Subtest: socket opt-in shares escaped credentials, schema and socket path with CLI
Backend Tests	Run tests	2026-10-07T05:42:45.1591241Z ok 179 - socket opt-in shares escaped credentials, schema and socket path with CLI
Backend Tests	Run tests	2026-10-07T05:42:45.1591956Z   ---
Backend Tests	Run tests	2026-10-07T05:42:45.1592354Z   duration_ms: 1.540265
Backend Tests	Run tests	2026-10-07T05:42:45.1592764Z   ...
Backend Tests	Run tests	2026-10-07T05:42:45.1593515Z # Subtest: CLI honors existing direct URL precedence, schema fallback and explicit SSL override
Backend Tests	Run tests	2026-10-07T05:42:45.1594639Z ok 180 - CLI honors existing direct URL precedence, schema fallback and explicit SSL override
Backend Tests	Run tests	2026-10-07T05:42:45.1595829Z   ---
Backend Tests	Run tests	2026-10-07T05:42:45.1596251Z   duration_ms: 0.318276
Backend Tests	Run tests	2026-10-07T05:42:45.1596710Z   ...
Backend Tests	Run tests	2026-10-07T05:42:45.1598026Z # Subtest: actual Prisma config entrypoint matches runtime settings and supports credential-free generation
Backend Tests	Run tests	2026-10-07T05:42:45.1599374Z ok 181 - actual Prisma config entrypoint matches runtime settings and supports credential-free generation
Backend Tests	Run tests	2026-10-07T05:42:45.1600194Z   ---
Backend Tests	Run tests	2026-10-07T05:42:45.1600587Z   duration_ms: 33062.284414
Backend Tests	Run tests	2026-10-07T05:42:45.1601066Z   ...
Backend Tests	Run tests	2026-10-07T05:42:45.2048320Z # Subtest: day resolution migration preserves legacy completion and enforces one active pause
Backend Tests	Run tests	2026-10-07T05:42:45.2098107Z ok 182 - day resolution migration preserves legacy completion and enforces one active pause
Backend Tests	Run tests	2026-10-07T05:42:45.2114096Z   ---
Backend Tests	Run tests	2026-10-07T05:42:45.2129585Z   duration_ms: 1.123876
Backend Tests	Run tests	2026-10-07T05:42:45.2130125Z   ...
Backend Tests	Run tests	2026-10-07T05:42:45.2130987Z # Subtest: devAutoLoginPolicy: shouldAutoLoginTestUser returns false when not explicitly enabled
Backend Tests	Run tests	2026-10-07T05:42:45.2132184Z ok 183 - devAutoLoginPolicy: shouldAutoLoginTestUser returns false when not explicitly enabled
Backend Tests	Run tests	2026-10-07T05:42:45.2132937Z   ---
Backend Tests	Run tests	2026-10-07T05:42:45.2133343Z   duration_ms: 1.264141
Backend Tests	Run tests	2026-10-07T05:42:45.2133755Z   ...
Backend Tests	Run tests	2026-10-07T05:42:45.2134521Z # Subtest: devAutoLoginPolicy: shouldAutoLoginTestUser blocks auto-login in production/staging envs
Backend Tests	Run tests	2026-10-07T05:42:45.2135705Z ok 184 - devAutoLoginPolicy: shouldAutoLoginTestUser blocks auto-login in production/staging envs
Backend Tests	Run tests	2026-10-07T05:42:45.2138637Z   ---
Backend Tests	Run tests	2026-10-07T05:42:45.2139023Z   duration_ms: 0.154576
Backend Tests	Run tests	2026-10-07T05:42:45.2139406Z   ...
Backend Tests	Run tests	2026-10-07T05:42:45.2140183Z # Subtest: devAutoLoginPolicy: shouldAutoLoginTestUser blocks auto-login when already authenticated
Backend Tests	Run tests	2026-10-07T05:42:45.2141320Z ok 185 - devAutoLoginPolicy: shouldAutoLoginTestUser blocks auto-login when already authenticated
Backend Tests	Run tests	2026-10-07T05:42:45.2142094Z   ---
Backend Tests	Run tests	2026-10-07T05:42:45.2142498Z   duration_ms: 0.146074
Backend Tests	Run tests	2026-10-07T05:42:45.2143012Z   ...
Backend Tests	Run tests	2026-10-07T05:42:45.2143842Z # Subtest: devAutoLoginPolicy: shouldAutoLoginTestUser blocks auto-login on logout requests
Backend Tests	Run tests	2026-10-07T05:42:45.2144952Z ok 186 - devAutoLoginPolicy: shouldAutoLoginTestUser blocks auto-login on logout requests
Backend Tests	Run tests	2026-10-07T05:42:45.2145688Z   ---
Backend Tests	Run tests	2026-10-07T05:42:45.2146083Z   duration_ms: 0.127636
Backend Tests	Run tests	2026-10-07T05:42:45.2146505Z   ...
Backend Tests	Run tests	2026-10-07T05:42:45.2147627Z # Subtest: devAutoLoginPolicy: shouldAutoLoginTestUser enables auto-login only for unauthenticated non-logout dev requests
Backend Tests	Run tests	2026-10-07T05:42:45.2149120Z ok 187 - devAutoLoginPolicy: shouldAutoLoginTestUser enables auto-login only for unauthenticated non-logout dev requests
Backend Tests	Run tests	2026-10-07T05:42:45.2150110Z   ---
Backend Tests	Run tests	2026-10-07T05:42:45.2150513Z   duration_ms: 0.159904
Backend Tests	Run tests	2026-10-07T05:42:45.2150941Z   ...
Backend Tests	Run tests	2026-10-07T05:42:45.2151704Z # Subtest: devTestDataUtils: seed history is long enough for calibration recommendations
Backend Tests	Run tests	2026-10-07T05:42:45.2152758Z ok 188 - devTestDataUtils: seed history is long enough for calibration recommendations
Backend Tests	Run tests	2026-10-07T05:42:45.2153471Z   ---
Backend Tests	Run tests	2026-10-07T05:42:45.2153849Z   duration_ms: 4.383087
Backend Tests	Run tests	2026-10-07T05:42:45.2154254Z   ...
Backend Tests	Run tests	2026-10-07T05:42:45.2154980Z # Subtest: devTestDataUtils: seeded history produces a meaningful calibration result
Backend Tests	Run tests	2026-10-07T05:42:45.2156016Z ok 189 - devTestDataUtils: seeded history produces a meaningful calibration result
Backend Tests	Run tests	2026-10-07T05:42:45.2156691Z   ---
Backend Tests	Run tests	2026-10-07T05:42:45.2157233Z   duration_ms: 35.775598
Backend Tests	Run tests	2026-10-07T05:42:45.2157675Z   ...
Backend Tests	Run tests	2026-10-07T05:42:45.2158432Z # Subtest: devTestDataUtils: addUtcDays adds days using UTC math without mutating the input
Backend Tests	Run tests	2026-10-07T05:42:45.2159535Z ok 190 - devTestDataUtils: addUtcDays adds days using UTC math without mutating the input
Backend Tests	Run tests	2026-10-07T05:42:45.2160257Z   ---
Backend Tests	Run tests	2026-10-07T05:42:45.2160648Z   duration_ms: 0.187104
Backend Tests	Run tests	2026-10-07T05:42:45.2161080Z   ...
Backend Tests	Run tests	2026-10-07T05:42:45.2161908Z # Subtest: devTestDataUtils: getPastWeekDates returns 7 UTC date-only values ending on the local day
Backend Tests	Run tests	2026-10-07T05:42:45.2163540Z ok 191 - devTestDataUtils: getPastWeekDates returns 7 UTC date-only values ending on the local day
Backend Tests	Run tests	2026-10-07T05:42:45.2164311Z   ---
Backend Tests	Run tests	2026-10-07T05:42:45.2164711Z   duration_ms: 0.534833
Backend Tests	Run tests	2026-10-07T05:42:45.2165329Z   ...
Backend Tests	Run tests	2026-10-07T05:42:45.2166196Z # Subtest: devTestDataUtils: getPastDateRangeDates returns a date-only range with requested length
Backend Tests	Run tests	2026-10-07T05:42:45.2167520Z ok 192 - devTestDataUtils: getPastDateRangeDates returns a date-only range with requested length
Backend Tests	Run tests	2026-10-07T05:42:45.2168320Z   ---
Backend Tests	Run tests	2026-10-07T05:42:45.2168739Z   duration_ms: 0.311597
Backend Tests	Run tests	2026-10-07T05:42:45.2169181Z   ...
Backend Tests	Run tests	2026-10-07T05:42:45.2213192Z # Subtest: devTestDataUtils: getSeedUserCreatedAt picks a UTC hour that preserves the earliest seed local day
Backend Tests	Run tests	2026-10-07T05:42:45.2214644Z ok 193 - devTestDataUtils: getSeedUserCreatedAt picks a UTC hour that preserves the earliest seed local day
Backend Tests	Run tests	2026-10-07T05:42:45.2215462Z   ---
Backend Tests	Run tests	2026-10-07T05:42:45.2215882Z   duration_ms: 0.606548
Backend Tests	Run tests	2026-10-07T05:42:45.2216315Z   ...
Backend Tests	Run tests	2026-10-07T05:42:45.2217236Z # Subtest: devTestDataUtils: getSeedUserCreatedAt falls back when the timezone is invalid
Backend Tests	Run tests	2026-10-07T05:42:45.2218368Z ok 194 - devTestDataUtils: getSeedUserCreatedAt falls back when the timezone is invalid
Backend Tests	Run tests	2026-10-07T05:42:45.2219126Z   ---
Backend Tests	Run tests	2026-10-07T05:42:45.2219551Z   duration_ms: 0.376311
Backend Tests	Run tests	2026-10-07T05:42:45.2219986Z   ...
Backend Tests	Run tests	2026-10-07T05:42:45.2220795Z # Subtest: devTestDataUtils: getMealTemplatesForSeedDayIndex returns deterministic week plans
Backend Tests	Run tests	2026-10-07T05:42:45.2221942Z ok 195 - devTestDataUtils: getMealTemplatesForSeedDayIndex returns deterministic week plans
Backend Tests	Run tests	2026-10-07T05:42:45.2307184Z   ---
Backend Tests	Run tests	2026-10-07T05:42:45.2320953Z   duration_ms: 0.842974
Backend Tests	Run tests	2026-10-07T05:42:45.2347477Z   ...
Backend Tests	Run tests	2026-10-07T05:42:45.2377776Z # Subtest: devTestDataUtils: buildMealLogsForDay stamps log timestamps using the template time-of-day
Backend Tests	Run tests	2026-10-07T05:42:45.2379216Z ok 196 - devTestDataUtils: buildMealLogsForDay stamps log timestamps using the template time-of-day
Backend Tests	Run tests	2026-10-07T05:42:45.2475600Z   ---
Backend Tests	Run tests	2026-10-07T05:42:45.2497446Z   duration_ms: 0.278728
Backend Tests	Run tests	2026-10-07T05:42:45.2512740Z   ...
Backend Tests	Run tests	2026-10-07T05:42:45.2513829Z # Subtest: devTestDataUtils: buildCompletedFoodLogDays marks every seeded day as representative import data
Backend Tests	Run tests	2026-10-07T05:42:45.2515217Z ok 197 - devTestDataUtils: buildCompletedFoodLogDays marks every seeded day as representative import data
Backend Tests	Run tests	2026-10-07T05:42:45.2516023Z   ---
Backend Tests	Run tests	2026-10-07T05:42:45.2516406Z   duration_ms: 0.354388
Backend Tests	Run tests	2026-10-07T05:42:45.2517052Z   ...
Backend Tests	Run tests	2026-10-07T05:42:45.2517918Z # Subtest: devTestDataUtils: getSeedWeightGramsForDayIndex yields a long-term downtrend with daily volatility
Backend Tests	Run tests	2026-10-07T05:42:45.2519260Z ok 198 - devTestDataUtils: getSeedWeightGramsForDayIndex yields a long-term downtrend with daily volatility
Backend Tests	Run tests	2026-10-07T05:42:45.2520072Z   ---
Backend Tests	Run tests	2026-10-07T05:42:45.2520444Z   duration_ms: 0.344054
Backend Tests	Run tests	2026-10-07T05:42:45.2520838Z   ...
Backend Tests	Run tests	2026-10-07T05:42:45.2521520Z # Subtest: dev seed marks onboarding complete only after baseline goal and metric writes
Backend Tests	Run tests	2026-10-07T05:42:45.2522527Z ok 199 - dev seed marks onboarding complete only after baseline goal and metric writes
Backend Tests	Run tests	2026-10-07T05:42:45.2523166Z   ---
Backend Tests	Run tests	2026-10-07T05:42:45.2523507Z   duration_ms: 3296.353749
Backend Tests	Run tests	2026-10-07T05:42:45.2523881Z   ...
Backend Tests	Run tests	2026-10-07T05:42:45.2524415Z # Subtest: pre-onboarding reset clears the completion marker
Backend Tests	Run tests	2026-10-07T05:42:45.2525130Z ok 200 - pre-onboarding reset clears the completion marker
Backend Tests	Run tests	2026-10-07T05:42:45.2525684Z   ---
Backend Tests	Run tests	2026-10-07T05:42:45.2526054Z   duration_ms: 18.617447
Backend Tests	Run tests	2026-10-07T05:42:45.2526465Z   ...
Backend Tests	Run tests	2026-10-07T05:42:45.2527403Z # Subtest: offline CLI reports synthetic inventory and holds collisions without disclosing input
Backend Tests	Run tests	2026-10-07T05:42:45.2528533Z ok 201 - offline CLI reports synthetic inventory and holds collisions without disclosing input
Backend Tests	Run tests	2026-10-07T05:42:45.2534809Z   ---
Backend Tests	Run tests	2026-10-07T05:42:45.2535245Z   duration_ms: 7228.506907
Backend Tests	Run tests	2026-10-07T05:42:45.2535688Z   ...
Backend Tests	Run tests	2026-10-07T05:42:45.2536344Z # Subtest: offline CLI refuses apply and exposes a usable help contract
Backend Tests	Run tests	2026-10-07T05:42:45.2537836Z ok 202 - offline CLI refuses apply and exposes a usable help contract
Backend Tests	Run tests	2026-10-07T05:42:45.2538584Z   ---
Backend Tests	Run tests	2026-10-07T05:42:45.2538945Z   duration_ms: 4785.740442
Backend Tests	Run tests	2026-10-07T05:42:45.2539343Z   ...
Backend Tests	Run tests	2026-10-07T05:42:45.2540394Z # Subtest: inventory accounts for every row, holds both sides of collisions and exposes no credentials
Backend Tests	Run tests	2026-10-07T05:42:45.2541535Z ok 203 - inventory accounts for every row, holds both sides of collisions and exposes no credentials
Backend Tests	Run tests	2026-10-07T05:42:45.2542235Z   ---
Backend Tests	Run tests	2026-10-07T05:42:45.2542596Z   duration_ms: 3.34646
Backend Tests	Run tests	2026-10-07T05:42:45.2542992Z   ...
Backend Tests	Run tests	2026-10-07T05:42:45.2543621Z # Subtest: mapping is deterministic and source/installation/project scoped
Backend Tests	Run tests	2026-10-07T05:42:45.2544493Z ok 204 - mapping is deterministic and source/installation/project scoped
Backend Tests	Run tests	2026-10-07T05:42:45.2545089Z   ---
Backend Tests	Run tests	2026-10-07T05:42:45.2545452Z   duration_ms: 0.452913
Backend Tests	Run tests	2026-10-07T05:42:45.2545859Z   ...
Backend Tests	Run tests	2026-10-07T05:42:45.2546586Z # Subtest: default dry run reads source only and never calls destination or persists progress
Backend Tests	Run tests	2026-10-07T05:42:45.2547797Z ok 205 - default dry run reads source only and never calls destination or persists progress
Backend Tests	Run tests	2026-10-07T05:42:45.2595441Z   ---
Backend Tests	Run tests	2026-10-07T05:42:45.2627187Z   duration_ms: 0.858627
Backend Tests	Run tests	2026-10-07T05:42:45.2648523Z   ...
Backend Tests	Run tests	2026-10-07T05:42:45.2761872Z # Subtest: bounded import preserves encoded BCRYPT and verification, and resume never reimports successful records
Backend Tests	Run tests	2026-10-07T05:42:45.2780222Z ok 206 - bounded import preserves encoded BCRYPT and verification, and resume never reimports successful records
Backend Tests	Run tests	2026-10-07T05:42:45.2781165Z   ---
Backend Tests	Run tests	2026-10-07T05:42:45.2781576Z   duration_ms: 1.350648
Backend Tests	Run tests	2026-10-07T05:42:45.2782016Z   ...
Backend Tests	Run tests	2026-10-07T05:42:45.2782875Z # Subtest: partial failure records exact failed indexes and stops all automatic retries
Backend Tests	Run tests	2026-10-07T05:42:45.2783947Z ok 207 - partial failure records exact failed indexes and stops all automatic retries
Backend Tests	Run tests	2026-10-07T05:42:45.2784625Z   ---
Backend Tests	Run tests	2026-10-07T05:42:45.2785035Z   duration_ms: 1.198645
Backend Tests	Run tests	2026-10-07T05:42:45.2785536Z   ...
Backend Tests	Run tests	2026-10-07T05:42:45.2786375Z # Subtest: timeout after possible success leaves durable ambiguity and suppresses provider details
Backend Tests	Run tests	2026-10-07T05:42:45.2787766Z ok 208 - timeout after possible success leaves durable ambiguity and suppresses provider details
Backend Tests	Run tests	2026-10-07T05:42:45.2788548Z   ---
Backend Tests	Run tests	2026-10-07T05:42:45.2788944Z   duration_ms: 0.650242
Backend Tests	Run tests	2026-10-07T05:42:45.2789351Z   ...
Backend Tests	Run tests	2026-10-07T05:42:45.2789953Z # Subtest: failed intent persistence prevents any network mutation
Backend Tests	Run tests	2026-10-07T05:42:45.2790784Z ok 209 - failed intent persistence prevents any network mutation
Backend Tests	Run tests	2026-10-07T05:42:45.2791386Z   ---
Backend Tests	Run tests	2026-10-07T05:42:45.2791777Z   duration_ms: 0.576985
Backend Tests	Run tests	2026-10-07T05:42:45.2792184Z   ...
Backend Tests	Run tests	2026-10-07T05:42:45.2792973Z # Subtest: wrong project, source drift, destination conflicts and malformed checkpoints fail closed
Backend Tests	Run tests	2026-10-07T05:42:45.2794155Z ok 210 - wrong project, source drift, destination conflicts and malformed checkpoints fail closed
Backend Tests	Run tests	2026-10-07T05:42:45.2794920Z   ---
Backend Tests	Run tests	2026-10-07T05:42:45.2795315Z   duration_ms: 3.244531
Backend Tests	Run tests	2026-10-07T05:42:45.2795738Z   ...
Backend Tests	Run tests	2026-10-07T05:42:45.2796352Z # Subtest: malformed provider partial-result indexes remain ambiguous
Backend Tests	Run tests	2026-10-07T05:42:45.2797453Z ok 211 - malformed provider partial-result indexes remain ambiguous
Backend Tests	Run tests	2026-10-07T05:42:45.2798079Z   ---
Backend Tests	Run tests	2026-10-07T05:42:45.2798470Z   duration_ms: 0.59411
Backend Tests	Run tests	2026-10-07T05:42:45.2798890Z   ...
Backend Tests	Run tests	2026-10-07T05:42:45.2799683Z # Subtest: unavailable source or destination inspection cannot leak callback details or permit import
Backend Tests	Run tests	2026-10-07T05:42:45.2800925Z ok 212 - unavailable source or destination inspection cannot leak callback details or permit import
Backend Tests	Run tests	2026-10-07T05:42:45.2801713Z   ---
Backend Tests	Run tests	2026-10-07T05:42:45.2802106Z   duration_ms: 4.427653
Backend Tests	Run tests	2026-10-07T05:42:45.2802541Z   ...
Backend Tests	Run tests	2026-10-07T05:42:45.2803330Z # Subtest: synthetic bcrypt variants, Unicode and 72-byte boundaries retain password bytes locally
Backend Tests	Run tests	2026-10-07T05:42:45.2804459Z ok 213 - synthetic bcrypt variants, Unicode and 72-byte boundaries retain password bytes locally
Backend Tests	Run tests	2026-10-07T05:42:45.2805119Z   ---
Backend Tests	Run tests	2026-10-07T05:42:45.2805843Z   duration_ms: 2587.33197
Backend Tests	Run tests	2026-10-07T05:42:45.2806235Z   ...
Backend Tests	Run tests	2026-10-07T05:42:45.2807095Z # Subtest: food copy parser accepts a full-day request and builds a canonical operation payload
Backend Tests	Run tests	2026-10-07T05:42:45.2808287Z ok 214 - food copy parser accepts a full-day request and builds a canonical operation payload
Backend Tests	Run tests	2026-10-07T05:42:45.2808904Z   ---
Backend Tests	Run tests	2026-10-07T05:42:45.2809297Z   duration_ms: 18.031751
Backend Tests	Run tests	2026-10-07T05:42:45.2809753Z   ...
Backend Tests	Run tests	2026-10-07T05:42:45.2810522Z # Subtest: food copy parser accepts same-date cross-meal copy and rejects unsafe or ambiguous shapes
Backend Tests	Run tests	2026-10-07T05:42:45.2811640Z ok 215 - food copy parser accepts same-date cross-meal copy and rejects unsafe or ambiguous shapes
Backend Tests	Run tests	2026-10-07T05:42:45.2812380Z   ---
Backend Tests	Run tests	2026-10-07T05:42:45.2812764Z   duration_ms: 1.234316
Backend Tests	Run tests	2026-10-07T05:42:45.2813177Z   ...
Backend Tests	Run tests	2026-10-07T05:42:45.2813975Z # Subtest: food copy transaction preserves owned immutable snapshots and never mutates the source
Backend Tests	Run tests	2026-10-07T05:42:45.2815144Z ok 216 - food copy transaction preserves owned immutable snapshots and never mutates the source
Backend Tests	Run tests	2026-10-07T05:42:45.2815859Z   ---
Backend Tests	Run tests	2026-10-07T05:42:45.2816218Z   duration_ms: 2.429797
Backend Tests	Run tests	2026-10-07T05:42:45.2816641Z   ...
Backend Tests	Run tests	2026-10-07T05:42:45.2817499Z # Subtest: food copy returns an empty successful receipt without creating rows
Backend Tests	Run tests	2026-10-07T05:42:45.2818378Z ok 217 - food copy returns an empty successful receipt without creating rows
Backend Tests	Run tests	2026-10-07T05:42:45.2818960Z   ---
Backend Tests	Run tests	2026-10-07T05:42:45.2819324Z   duration_ms: 0.522064
Backend Tests	Run tests	2026-10-07T05:42:45.2819720Z   ...
Backend Tests	Run tests	2026-10-07T05:42:45.2820405Z # Subtest: food copy honors the canonical target-day write gate before reading source logs
Backend Tests	Run tests	2026-10-07T05:42:45.2821393Z ok 218 - food copy honors the canonical target-day write gate before reading source logs
Backend Tests	Run tests	2026-10-07T05:42:45.2822028Z   ---
Backend Tests	Run tests	2026-10-07T05:42:45.2822386Z   duration_ms: 0.503557
Backend Tests	Run tests	2026-10-07T05:42:45.2822790Z   ...
Backend Tests	Run tests	2026-10-07T05:42:45.2833551Z # Subtest: foodData registry: listFoodDataProviders marks FatSecret + USDA as not ready when credentials are missing
Backend Tests	Run tests	2026-10-07T05:42:45.2834991Z ok 219 - foodData registry: listFoodDataProviders marks FatSecret + USDA as not ready when credentials are missing
Backend Tests	Run tests	2026-10-07T05:42:45.2835813Z   ---
Backend Tests	Run tests	2026-10-07T05:42:45.2836208Z   duration_ms: 2734.294902
Backend Tests	Run tests	2026-10-07T05:42:45.2836655Z   ...
Backend Tests	Run tests	2026-10-07T05:42:45.2837654Z # Subtest: foodData registry: listFoodDataProviders marks FatSecret as ready when credentials are present
Backend Tests	Run tests	2026-10-07T05:42:45.2838901Z ok 220 - foodData registry: listFoodDataProviders marks FatSecret as ready when credentials are present
Backend Tests	Run tests	2026-10-07T05:42:45.2839655Z   ---
Backend Tests	Run tests	2026-10-07T05:42:45.2840039Z   duration_ms: 15.813084
Backend Tests	Run tests	2026-10-07T05:42:45.2840442Z   ...
Backend Tests	Run tests	2026-10-07T05:42:45.2841207Z # Subtest: foodData registry: listFoodDataProviders marks USDA as ready when API key is present
Backend Tests	Run tests	2026-10-07T05:42:45.2842320Z ok 221 - foodData registry: listFoodDataProviders marks USDA as ready when API key is present
Backend Tests	Run tests	2026-10-07T05:42:45.2843014Z   ---
Backend Tests	Run tests	2026-10-07T05:42:45.2843386Z   duration_ms: 16.27489
Backend Tests	Run tests	2026-10-07T05:42:45.2843803Z   ...
Backend Tests	Run tests	2026-10-07T05:42:45.2844649Z # Subtest: foodData registry: getFoodDataProviderByName returns a friendly error for missing FatSecret credentials
Backend Tests	Run tests	2026-10-07T05:42:45.2845999Z ok 222 - foodData registry: getFoodDataProviderByName returns a friendly error for missing FatSecret credentials
Backend Tests	Run tests	2026-10-07T05:42:45.2846951Z   ---
Backend Tests	Run tests	2026-10-07T05:42:45.2847364Z   duration_ms: 14.134197
Backend Tests	Run tests	2026-10-07T05:42:45.2847786Z   ...
Backend Tests	Run tests	2026-10-07T05:42:45.2848595Z # Subtest: foodData registry: getFoodDataProviderByName returns a friendly error for missing USDA key
Backend Tests	Run tests	2026-10-07T05:42:45.2849817Z ok 223 - foodData registry: getFoodDataProviderByName returns a friendly error for missing USDA key
Backend Tests	Run tests	2026-10-07T05:42:45.2850582Z   ---
Backend Tests	Run tests	2026-10-07T05:42:45.2850969Z   duration_ms: 15.165026
Backend Tests	Run tests	2026-10-07T05:42:45.2851390Z   ...
Backend Tests	Run tests	2026-10-07T05:42:45.2852080Z # Subtest: foodData registry: getFoodDataProviderByName caches provider instances
Backend Tests	Run tests	2026-10-07T05:42:45.2853048Z ok 224 - foodData registry: getFoodDataProviderByName caches provider instances
Backend Tests	Run tests	2026-10-07T05:42:45.2853999Z   ---
Backend Tests	Run tests	2026-10-07T05:42:45.2854368Z   duration_ms: 10.771565
Backend Tests	Run tests	2026-10-07T05:42:45.2854772Z   ...
Backend Tests	Run tests	2026-10-07T05:42:45.2855654Z # Subtest: foodData registry: getFoodDataProvider defaults to FatSecret when credentials are present
Backend Tests	Run tests	2026-10-07T05:42:45.2857271Z ok 225 - foodData registry: getFoodDataProvider defaults to FatSecret when credentials are present
Backend Tests	Run tests	2026-10-07T05:42:45.2858195Z   ---
Backend Tests	Run tests	2026-10-07T05:42:45.2858586Z   duration_ms: 15.193527
Backend Tests	Run tests	2026-10-07T05:42:45.2858990Z   ...
Backend Tests	Run tests	2026-10-07T05:42:45.2859784Z # Subtest: foodData registry: getFoodDataProvider falls back when FatSecret credentials are missing
Backend Tests	Run tests	2026-10-07T05:42:45.2860967Z ok 226 - foodData registry: getFoodDataProvider falls back when FatSecret credentials are missing
Backend Tests	Run tests	2026-10-07T05:42:45.2868225Z   ---
Backend Tests	Run tests	2026-10-07T05:42:45.2868647Z   duration_ms: 12.257961
Backend Tests	Run tests	2026-10-07T05:42:45.2869068Z   ...
Backend Tests	Run tests	2026-10-07T05:42:45.2869942Z # Subtest: foodData registry: getFoodDataProvider falls back to USDA when FatSecret is missing but USDA is configured
Backend Tests	Run tests	2026-10-07T05:42:45.2871329Z ok 227 - foodData registry: getFoodDataProvider falls back to USDA when FatSecret is missing but USDA is configured
Backend Tests	Run tests	2026-10-07T05:42:45.2872129Z   ---
Backend Tests	Run tests	2026-10-07T05:42:45.2872509Z   duration_ms: 13.645922
Backend Tests	Run tests	2026-10-07T05:42:45.2872903Z   ...
Backend Tests	Run tests	2026-10-07T05:42:45.2873707Z # Subtest: foodData registry: getFoodDataProvider falls back when configured for USDA without an API key
Backend Tests	Run tests	2026-10-07T05:42:45.2874899Z ok 228 - foodData registry: getFoodDataProvider falls back when configured for USDA without an API key
Backend Tests	Run tests	2026-10-07T05:42:45.2875685Z   ---
Backend Tests	Run tests	2026-10-07T05:42:45.2876082Z   duration_ms: 6.890254
Backend Tests	Run tests	2026-10-07T05:42:45.2876490Z   ...
Backend Tests	Run tests	2026-10-07T05:42:45.2877426Z # Subtest: foodData registry: getPrimaryFoodDataProviderName normalizes FOOD_DATA_PROVIDER values
Backend Tests	Run tests	2026-10-07T05:42:45.2878578Z ok 229 - foodData registry: getPrimaryFoodDataProviderName normalizes FOOD_DATA_PROVIDER values
Backend Tests	Run tests	2026-10-07T05:42:45.2879316Z   ---
Backend Tests	Run tests	2026-10-07T05:42:45.2879683Z   duration_ms: 6.521425
Backend Tests	Run tests	2026-10-07T05:42:45.2880091Z   ...
Backend Tests	Run tests	2026-10-07T05:42:45.2880919Z # Subtest: foodData registry: getEnabledFoodDataProviders orders ready providers with primary first
Backend Tests	Run tests	2026-10-07T05:42:45.2882181Z ok 230 - foodData registry: getEnabledFoodDataProviders orders ready providers with primary first
Backend Tests	Run tests	2026-10-07T05:42:45.2882973Z   ---
Backend Tests	Run tests	2026-10-07T05:42:45.2883374Z   duration_ms: 7.532084
Backend Tests	Run tests	2026-10-07T05:42:45.2883797Z   ...
Backend Tests	Run tests	2026-10-07T05:42:45.2884880Z # Subtest: foodData registry: getEnabledFoodDataProviders excludes unready providers but returns primary metadata
Backend Tests	Run tests	2026-10-07T05:42:45.2886181Z ok 231 - foodData registry: getEnabledFoodDataProviders excludes unready providers but returns primary metadata
Backend Tests	Run tests	2026-10-07T05:42:45.2887071Z   ---
Backend Tests	Run tests	2026-10-07T05:42:45.2887332Z   duration_ms: 6.766153
Backend Tests	Run tests	2026-10-07T05:42:45.2887612Z   ...
Backend Tests	Run tests	2026-10-07T05:42:45.2888086Z # Subtest: foodData utils: round rounds using the requested precision
Backend Tests	Run tests	2026-10-07T05:42:45.2888781Z ok 232 - foodData utils: round rounds using the requested precision
Backend Tests	Run tests	2026-10-07T05:42:45.2889238Z   ---
Backend Tests	Run tests	2026-10-07T05:42:45.2889488Z   duration_ms: 1.346601
Backend Tests	Run tests	2026-10-07T05:42:45.2889757Z   ...
Backend Tests	Run tests	2026-10-07T05:42:45.2890296Z # Subtest: foodData utils: parseNumber accepts finite numbers and numeric strings
Backend Tests	Run tests	2026-10-07T05:42:45.2891115Z ok 233 - foodData utils: parseNumber accepts finite numbers and numeric strings
Backend Tests	Run tests	2026-10-07T05:42:45.2891622Z   ---
Backend Tests	Run tests	2026-10-07T05:42:45.2891873Z   duration_ms: 0.203408
Backend Tests	Run tests	2026-10-07T05:42:45.2892157Z   ...
Backend Tests	Run tests	2026-10-07T05:42:45.2892688Z # Subtest: foodData utils: scaleNutrients scales and rounds fields consistently
Backend Tests	Run tests	2026-10-07T05:42:45.2893487Z ok 234 - foodData utils: scaleNutrients scales and rounds fields consistently
Backend Tests	Run tests	2026-10-07T05:42:45.2893977Z   ---
Backend Tests	Run tests	2026-10-07T05:42:45.2894222Z   duration_ms: 0.693124
Backend Tests	Run tests	2026-10-07T05:42:45.2894500Z   ...
Backend Tests	Run tests	2026-10-07T05:42:45.2895033Z # Subtest: foodData utils: scaleNutrients preserves missing macros as undefined
Backend Tests	Run tests	2026-10-07T05:42:45.2895819Z ok 235 - foodData utils: scaleNutrients preserves missing macros as undefined
Backend Tests	Run tests	2026-10-07T05:42:45.2896570Z   ---
Backend Tests	Run tests	2026-10-07T05:42:45.2896953Z   duration_ms: 0.185973
Backend Tests	Run tests	2026-10-07T05:42:45.2897203Z   ...
Backend Tests	Run tests	2026-10-07T05:42:45.2897927Z # Subtest: captures only the actual local day and preserves the first plan through reopen/recomplete and later settings
Backend Tests	Run tests	2026-10-07T05:42:45.2899294Z ok 236 - captures only the actual local day and preserves the first plan through reopen/recomplete and later settings
Backend Tests	Run tests	2026-10-07T05:42:45.2899952Z   ---
Backend Tests	Run tests	2026-10-07T05:42:45.2900205Z   duration_ms: 20.768314
Backend Tests	Run tests	2026-10-07T05:42:45.2900478Z   ...
Backend Tests	Run tests	2026-10-07T05:42:45.2901040Z # Subtest: does not reconstruct past/future history or turn unsafe plans into colors
Backend Tests	Run tests	2026-10-07T05:42:45.2901905Z ok 237 - does not reconstruct past/future history or turn unsafe plans into colors
Backend Tests	Run tests	2026-10-07T05:42:45.2902410Z   ---
Backend Tests	Run tests	2026-10-07T05:42:45.2902651Z   duration_ms: 1.522428
Backend Tests	Run tests	2026-10-07T05:42:45.2902918Z   ...
Backend Tests	Run tests	2026-10-07T05:42:45.2903530Z # Subtest: uses the evaluated adjusted target while maintenance remains profile-estimated TDEE
Backend Tests	Run tests	2026-10-07T05:42:45.2904496Z ok 238 - uses the evaluated adjusted target while maintenance remains profile-estimated TDEE
Backend Tests	Run tests	2026-10-07T05:42:45.2905071Z   ---
Backend Tests	Run tests	2026-10-07T05:42:45.2905309Z   duration_ms: 0.960976
Backend Tests	Run tests	2026-10-07T05:42:45.2905585Z   ...
Backend Tests	Run tests	2026-10-07T05:42:45.2906389Z # Subtest: range returns known zero, sums immutable entry calories, hides non-complete comparisons, and rejects invalid totals
Backend Tests	Run tests	2026-10-07T05:42:45.2907810Z ok 239 - range returns known zero, sums immutable entry calories, hides non-complete comparisons, and rejects invalid totals
Backend Tests	Run tests	2026-10-07T05:42:45.2908462Z   ---
Backend Tests	Run tests	2026-10-07T05:42:45.2908704Z   duration_ms: 4.013804
Backend Tests	Run tests	2026-10-07T05:42:45.2908983Z   ...
Backend Tests	Run tests	2026-10-07T05:42:45.2909522Z # Subtest: an invalid timezone leaves completion intact and comparison unavailable
Backend Tests	Run tests	2026-10-07T05:42:45.2910348Z ok 240 - an invalid timezone leaves completion intact and comparison unavailable
Backend Tests	Run tests	2026-10-07T05:42:45.2910834Z   ---
Backend Tests	Run tests	2026-10-07T05:42:45.2911077Z   duration_ms: 0.384983
Backend Tests	Run tests	2026-10-07T05:42:45.2911341Z   ...
Backend Tests	Run tests	2026-10-07T05:42:45.2911944Z # Subtest: retains adjusted target ordering when a positive-deficit plan crosses maintenance
Backend Tests	Run tests	2026-10-07T05:42:45.2912910Z ok 241 - retains adjusted target ordering when a positive-deficit plan crosses maintenance
Backend Tests	Run tests	2026-10-07T05:42:45.2913456Z   ---
Backend Tests	Run tests	2026-10-07T05:42:45.2913688Z   duration_ms: 0.886658
Backend Tests	Run tests	2026-10-07T05:42:45.2913940Z   ...
Backend Tests	Run tests	2026-10-07T05:42:45.2914436Z # Subtest: food search normalization keeps provider query behavior consistent
Backend Tests	Run tests	2026-10-07T05:42:45.2915191Z ok 242 - food search normalization keeps provider query behavior consistent
Backend Tests	Run tests	2026-10-07T05:42:45.2915653Z   ---
Backend Tests	Run tests	2026-10-07T05:42:45.2915883Z   duration_ms: 2.176786
Backend Tests	Run tests	2026-10-07T05:42:45.2916148Z   ...
Backend Tests	Run tests	2026-10-07T05:42:45.2916621Z # Subtest: food search token options support provider-specific filtering
Backend Tests	Run tests	2026-10-07T05:42:45.2938358Z ok 243 - food search token options support provider-specific filtering
Backend Tests	Run tests	2026-10-07T05:42:45.2938859Z   ---
Backend Tests	Run tests	2026-10-07T05:42:45.2939106Z   duration_ms: 0.271047
Backend Tests	Run tests	2026-10-07T05:42:45.2939375Z   ...
Backend Tests	Run tests	2026-10-07T05:42:45.2939840Z # Subtest: food search scoring recognizes shared product synonyms
Backend Tests	Run tests	2026-10-07T05:42:45.2940482Z ok 244 - food search scoring recognizes shared product synonyms
Backend Tests	Run tests	2026-10-07T05:42:45.2940903Z   ---
Backend Tests	Run tests	2026-10-07T05:42:45.2941147Z   duration_ms: 0.373036
Backend Tests	Run tests	2026-10-07T05:42:45.2941408Z   ...
Backend Tests	Run tests	2026-10-07T05:42:45.2941975Z # Subtest: background pause materialization excludes accounts without current access
Backend Tests	Run tests	2026-10-07T05:42:45.2942828Z ok 245 - background pause materialization excludes accounts without current access
Backend Tests	Run tests	2026-10-07T05:42:45.2943338Z   ---
Backend Tests	Run tests	2026-10-07T05:42:45.2943572Z   duration_ms: 7.928162
Backend Tests	Run tests	2026-10-07T05:42:45.2943838Z   ...
Backend Tests	Run tests	2026-10-07T05:42:45.2944496Z # Subtest: pause lifecycle materializes dates, preserves an explicit override, and reopens resume day
Backend Tests	Run tests	2026-10-07T05:42:45.2945458Z ok 246 - pause lifecycle materializes dates, preserves an explicit override, and reopens resume day
Backend Tests	Run tests	2026-10-07T05:42:45.2946024Z   ---
Backend Tests	Run tests	2026-10-07T05:42:45.2946265Z   duration_ms: 11.327197
Backend Tests	Run tests	2026-10-07T05:42:45.2946524Z   ...
Backend Tests	Run tests	2026-10-07T05:42:45.2947499Z # Subtest: effective resolution infers only a past blank day inside tracking history
Backend Tests	Run tests	2026-10-07T05:42:45.2948346Z ok 247 - effective resolution infers only a past blank day inside tracking history
Backend Tests	Run tests	2026-10-07T05:42:45.2949010Z   ---
Backend Tests	Run tests	2026-10-07T05:42:45.2949240Z   duration_ms: 13.012894
Backend Tests	Run tests	2026-10-07T05:42:45.2949502Z   ...
Backend Tests	Run tests	2026-10-07T05:42:45.2950093Z # Subtest: expected resume date becomes confirmation due without automatically closing the pause
Backend Tests	Run tests	2026-10-07T05:42:45.2951001Z ok 248 - expected resume date becomes confirmation due without automatically closing the pause
Backend Tests	Run tests	2026-10-07T05:42:45.2951570Z   ---
Backend Tests	Run tests	2026-10-07T05:42:45.2951812Z   duration_ms: 1.8515
Backend Tests	Run tests	2026-10-07T05:42:45.2952067Z   ...
Backend Tests	Run tests	2026-10-07T05:42:45.2952627Z # Subtest: active pause suppresses both reminder types and resolves existing reminders
Backend Tests	Run tests	2026-10-07T05:42:45.2953476Z ok 249 - active pause suppresses both reminder types and resolves existing reminders
Backend Tests	Run tests	2026-10-07T05:42:45.2953977Z   ---
Backend Tests	Run tests	2026-10-07T05:42:45.2954203Z   duration_ms: 1.089975
Backend Tests	Run tests	2026-10-07T05:42:45.2954464Z   ...
Backend Tests	Run tests	2026-10-07T05:42:45.2954923Z # Subtest: foodUtils: parseFoodSearchParams requires a query or barcode
Backend Tests	Run tests	2026-10-07T05:42:45.2955627Z ok 250 - foodUtils: parseFoodSearchParams requires a query or barcode
Backend Tests	Run tests	2026-10-07T05:42:45.2956078Z   ---
Backend Tests	Run tests	2026-10-07T05:42:45.2956311Z   duration_ms: 5.257064
Backend Tests	Run tests	2026-10-07T05:42:45.2956577Z   ...
Backend Tests	Run tests	2026-10-07T05:42:45.2967598Z # Subtest: foodUtils: parseFoodSearchParams trims queries and rejects invalid numeric filters
Backend Tests	Run tests	2026-10-07T05:42:45.2968596Z ok 251 - foodUtils: parseFoodSearchParams trims queries and rejects invalid numeric filters
Backend Tests	Run tests	2026-10-07T05:42:45.2969174Z   ---
Backend Tests	Run tests	2026-10-07T05:42:45.2969421Z   duration_ms: 0.240461
Backend Tests	Run tests	2026-10-07T05:42:45.2969683Z   ...
Backend Tests	Run tests	2026-10-07T05:42:45.2970254Z # Subtest: foodUtils: parseFoodLogCreateBody rejects invalid bodies and meal periods
Backend Tests	Run tests	2026-10-07T05:42:45.2971118Z ok 252 - foodUtils: parseFoodLogCreateBody rejects invalid bodies and meal periods
Backend Tests	Run tests	2026-10-07T05:42:45.2971636Z   ---
Backend Tests	Run tests	2026-10-07T05:42:45.2971882Z   duration_ms: 0.417951
Backend Tests	Run tests	2026-10-07T05:42:45.2972147Z   ...
Backend Tests	Run tests	2026-10-07T05:42:45.2972711Z # Subtest: foodUtils: parseFoodLogCreateBody defaults date fields when date is omitted
Backend Tests	Run tests	2026-10-07T05:42:45.2973588Z ok 253 - foodUtils: parseFoodLogCreateBody defaults date fields when date is omitted
Backend Tests	Run tests	2026-10-07T05:42:45.2974117Z   ---
Backend Tests	Run tests	2026-10-07T05:42:45.2974352Z   duration_ms: 27.275838
Backend Tests	Run tests	2026-10-07T05:42:45.2974616Z   ...
Backend Tests	Run tests	2026-10-07T05:42:45.2975207Z # Subtest: foodUtils: parseFoodLogCreateBody preserves optional external serving snapshots
Backend Tests	Run tests	2026-10-07T05:42:45.2976136Z ok 254 - foodUtils: parseFoodLogCreateBody preserves optional external serving snapshots
Backend Tests	Run tests	2026-10-07T05:42:45.2976685Z   ---
Backend Tests	Run tests	2026-10-07T05:42:45.2977110Z   duration_ms: 0.51264
Backend Tests	Run tests	2026-10-07T05:42:45.2977418Z   ...
Backend Tests	Run tests	2026-10-07T05:42:45.2978015Z # Subtest: foodUtils: parseFoodLogCreateBody rejects invalid dates and mutual exclusivity
Backend Tests	Run tests	2026-10-07T05:42:45.2978928Z ok 255 - foodUtils: parseFoodLogCreateBody rejects invalid dates and mutual exclusivity
Backend Tests	Run tests	2026-10-07T05:42:45.2979476Z   ---
Backend Tests	Run tests	2026-10-07T05:42:45.2979716Z   duration_ms: 0.3755
Backend Tests	Run tests	2026-10-07T05:42:45.2979987Z   ...
Backend Tests	Run tests	2026-10-07T05:42:45.2980634Z # Subtest: foodUtils: parseFoodLogCreateBody parses my_food_id and servings_consumed inputs
Backend Tests	Run tests	2026-10-07T05:42:45.2981575Z ok 256 - foodUtils: parseFoodLogCreateBody parses my_food_id and servings_consumed inputs
Backend Tests	Run tests	2026-10-07T05:42:45.2982139Z   ---
Backend Tests	Run tests	2026-10-07T05:42:45.2982383Z   duration_ms: 0.206242
Backend Tests	Run tests	2026-10-07T05:42:45.2982658Z   ...
Backend Tests	Run tests	2026-10-07T05:42:45.2983261Z # Subtest: foodUtils: parseFoodLogUpdateBody rejects non-object bodies and empty updates
Backend Tests	Run tests	2026-10-07T05:42:45.2984162Z ok 257 - foodUtils: parseFoodLogUpdateBody rejects non-object bodies and empty updates
Backend Tests	Run tests	2026-10-07T05:42:45.2984703Z   ---
Backend Tests	Run tests	2026-10-07T05:42:45.2984942Z   duration_ms: 0.289894
Backend Tests	Run tests	2026-10-07T05:42:45.2985204Z   ...
Backend Tests	Run tests	2026-10-07T05:42:45.2985869Z # Subtest: foodUtils: parseFoodLogUpdateBody computes calories from servings when snapshot exists
Backend Tests	Run tests	2026-10-07T05:42:45.2987026Z ok 258 - foodUtils: parseFoodLogUpdateBody computes calories from servings when snapshot exists
Backend Tests	Run tests	2026-10-07T05:42:45.2987852Z   ---
Backend Tests	Run tests	2026-10-07T05:42:45.2988097Z   duration_ms: 0.22519
Backend Tests	Run tests	2026-10-07T05:42:45.2988364Z   ...
Backend Tests	Run tests	2026-10-07T05:42:45.2989123Z # Subtest: foodUtils: parseFoodLogUpdateBody updates measure and gram snapshots without losing a precise calorie basis
Backend Tests	Run tests	2026-10-07T05:42:45.2990496Z ok 259 - foodUtils: parseFoodLogUpdateBody updates measure and gram snapshots without losing a precise calorie basis
Backend Tests	Run tests	2026-10-07T05:42:45.2991183Z   ---
Backend Tests	Run tests	2026-10-07T05:42:45.2991425Z   duration_ms: 0.353047
Backend Tests	Run tests	2026-10-07T05:42:45.2991700Z   ...
Backend Tests	Run tests	2026-10-07T05:42:45.2992382Z # Subtest: foodUtils: parseFoodLogUpdateBody derives legacy per-100g totals from the stored measure ratio
Backend Tests	Run tests	2026-10-07T05:42:45.2993483Z ok 260 - foodUtils: parseFoodLogUpdateBody derives legacy per-100g totals from the stored measure ratio
Backend Tests	Run tests	2026-10-07T05:42:45.2994103Z   ---
Backend Tests	Run tests	2026-10-07T05:42:45.2994349Z   duration_ms: 0.221674
Backend Tests	Run tests	2026-10-07T05:42:45.2994619Z   ...
Backend Tests	Run tests	2026-10-07T05:42:45.2995287Z # Subtest: foodUtils: parseFoodLogUpdateBody rejects servings updates when the entry has no snapshot
Backend Tests	Run tests	2026-10-07T05:42:45.2996360Z ok 261 - foodUtils: parseFoodLogUpdateBody rejects servings updates when the entry has no snapshot
Backend Tests	Run tests	2026-10-07T05:42:45.3004621Z   ---
Backend Tests	Run tests	2026-10-07T05:42:45.3004894Z   duration_ms: 0.161947
Backend Tests	Run tests	2026-10-07T05:42:45.3005177Z   ...
Backend Tests	Run tests	2026-10-07T05:42:45.3005917Z # Subtest: foodUtils: parseFoodLogUpdateBody derives calories_per_serving_snapshot from calories and servings
Backend Tests	Run tests	2026-10-07T05:42:45.3007289Z ok 262 - foodUtils: parseFoodLogUpdateBody derives calories_per_serving_snapshot from calories and servings
Backend Tests	Run tests	2026-10-07T05:42:45.3007932Z   ---
Backend Tests	Run tests	2026-10-07T05:42:45.3008184Z   duration_ms: 0.158572
Backend Tests	Run tests	2026-10-07T05:42:45.3008458Z   ...
Backend Tests	Run tests	2026-10-07T05:42:45.3009198Z # Subtest: foodUtils: parseFoodLogUpdateBody treats supplied calories as an explicit per-serving override
Backend Tests	Run tests	2026-10-07T05:42:45.3035830Z ok 263 - foodUtils: parseFoodLogUpdateBody treats supplied calories as an explicit per-serving override
Backend Tests	Run tests	2026-10-07T05:42:45.3036490Z   ---
Backend Tests	Run tests	2026-10-07T05:42:45.3036884Z   duration_ms: 0.165071
Backend Tests	Run tests	2026-10-07T05:42:45.3037164Z   ...
Backend Tests	Run tests	2026-10-07T05:42:45.3037814Z # Subtest: foodUtils: parseFoodLogUpdateBody clears a stale gram total when no conversion ratio exists
Backend Tests	Run tests	2026-10-07T05:42:45.3038826Z ok 264 - foodUtils: parseFoodLogUpdateBody clears a stale gram total when no conversion ratio exists
Backend Tests	Run tests	2026-10-07T05:42:45.3039396Z   ---
Backend Tests	Run tests	2026-10-07T05:42:45.3039640Z   duration_ms: 0.119225
Backend Tests	Run tests	2026-10-07T05:42:45.3039902Z   ...
Backend Tests	Run tests	2026-10-07T05:42:47.1738524Z # Subtest: frontend cache policy revalidates documents and permanently caches hashed assets
Backend Tests	Run tests	2026-10-07T05:42:47.1779133Z ok 265 - frontend cache policy revalidates documents and permanently caches hashed assets
Backend Tests	Run tests	2026-10-07T05:42:47.1856148Z   ---
Backend Tests	Run tests	2026-10-07T05:42:47.1867521Z   duration_ms: 1.666509
Backend Tests	Run tests	2026-10-07T05:42:47.1867994Z   ...
Backend Tests	Run tests	2026-10-07T05:42:47.2340917Z # Subtest: deployed frontend serves Expo static routes without masking backend paths
Backend Tests	Run tests	2026-10-07T05:42:47.2346032Z ok 266 - deployed frontend serves Expo static routes without masking backend paths
Backend Tests	Run tests	2026-10-07T05:42:47.2348018Z   ---
Backend Tests	Run tests	2026-10-07T05:42:47.2348426Z   duration_ms: 99.422953
Backend Tests	Run tests	2026-10-07T05:42:47.2348852Z   ...
Backend Tests	Run tests	2026-10-07T05:42:47.4502931Z # Subtest: parseDailyDeficit accepts only the allowed deficit/surplus magnitudes
Backend Tests	Run tests	2026-10-07T05:42:47.4527751Z ok 267 - parseDailyDeficit accepts only the allowed deficit/surplus magnitudes
Backend Tests	Run tests	2026-10-07T05:42:47.4565975Z   ---
Backend Tests	Run tests	2026-10-07T05:42:47.4597209Z   duration_ms: 1.404886
Backend Tests	Run tests	2026-10-07T05:42:47.4598197Z   ...
Backend Tests	Run tests	2026-10-07T05:42:52.5749522Z # Subtest: adjustment preserves identity, baseline, target intent and 33% progress; replay and unchanged save are harmless
Backend Tests	Run tests	2026-10-07T05:42:52.5755477Z ok 268 - adjustment preserves identity, baseline, target intent and 33% progress; replay and unchanged save are harmless
Backend Tests	Run tests	2026-10-07T05:42:52.5758805Z   ---
Backend Tests	Run tests	2026-10-07T05:42:52.5760820Z   duration_ms: 4857.079216
Backend Tests	Run tests	2026-10-07T05:42:52.5763853Z   ...
Backend Tests	Run tests	2026-10-07T05:42:52.5827974Z # Subtest: local year boundary and same-day ordering preserve earlier pace; scheduled calibration inherits new pace
Backend Tests	Run tests	2026-10-07T05:42:52.5848705Z ok 269 - local year boundary and same-day ordering preserve earlier pace; scheduled calibration inherits new pace
Backend Tests	Run tests	2026-10-07T05:42:52.5855359Z   ---
Backend Tests	Run tests	2026-10-07T05:42:52.5855776Z   duration_ms: 36.352974
Backend Tests	Run tests	2026-10-07T05:42:52.5856253Z   ...
Backend Tests	Run tests	2026-10-07T05:42:52.5857118Z # Subtest: stale editor, changed profile, another goal and reused operation never overwrite a newer plan
Backend Tests	Run tests	2026-10-07T05:42:52.5858159Z ok 270 - stale editor, changed profile, another goal and reused operation never overwrite a newer plan
Backend Tests	Run tests	2026-10-07T05:42:52.5858783Z   ---
Backend Tests	Run tests	2026-10-07T05:42:52.5859114Z   duration_ms: 33.539555
Backend Tests	Run tests	2026-10-07T05:42:52.5859466Z   ...
Backend Tests	Run tests	2026-10-07T05:42:52.5860244Z # Subtest: missing weight, unsafe/review plan, unsupported values and direction changes have no partial domain writes
Backend Tests	Run tests	2026-10-07T05:42:52.5861378Z ok 271 - missing weight, unsafe/review plan, unsupported values and direction changes have no partial domain writes
Backend Tests	Run tests	2026-10-07T05:42:52.5862078Z   ---
Backend Tests	Run tests	2026-10-07T05:42:52.5862405Z   duration_ms: 224.375741
Backend Tests	Run tests	2026-10-07T05:42:52.5862776Z   ...
Backend Tests	Run tests	2026-10-07T05:42:52.5863506Z # Subtest: gain adjustment preserves negative direction; intentional new goal still creates a fresh identity
Backend Tests	Run tests	2026-10-07T05:42:52.5864599Z ok 272 - gain adjustment preserves negative direction; intentional new goal still creates a fresh identity
Backend Tests	Run tests	2026-10-07T05:42:52.5865254Z   ---
Backend Tests	Run tests	2026-10-07T05:42:52.5865570Z   duration_ms: 30.58531
Backend Tests	Run tests	2026-10-07T05:42:52.5865921Z   ...
Backend Tests	Run tests	2026-10-07T05:42:52.5866577Z # Subtest: effective and scheduled corrections are retained; unsafe future combination is disabled
Backend Tests	Run tests	2026-10-07T05:42:52.5867734Z ok 273 - effective and scheduled corrections are retained; unsafe future combination is disabled
Backend Tests	Run tests	2026-10-07T05:42:52.5868392Z   ---
Backend Tests	Run tests	2026-10-07T05:42:52.5868740Z   duration_ms: 35.109643
Backend Tests	Run tests	2026-10-07T05:42:52.5869130Z   ...
Backend Tests	Run tests	2026-10-07T05:42:52.5869961Z # Subtest: existing completion provenance survives manual pace and recompletion; a new day captures the new plan
Backend Tests	Run tests	2026-10-07T05:42:52.5871265Z ok 274 - existing completion provenance survives manual pace and recompletion; a new day captures the new plan
Backend Tests	Run tests	2026-10-07T05:42:52.5872041Z   ---
Backend Tests	Run tests	2026-10-07T05:42:52.5872439Z   duration_ms: 1050.861947
Backend Tests	Run tests	2026-10-07T05:42:52.5872854Z   ...
Backend Tests	Run tests	2026-10-07T05:42:52.5873596Z # Subtest: new-goal serialization conflict is recoverable and retry keeps its operation ID
Backend Tests	Run tests	2026-10-07T05:42:52.5874671Z ok 275 - new-goal serialization conflict is recoverable and retry keeps its operation ID
Backend Tests	Run tests	2026-10-07T05:42:52.5897292Z   ---
Backend Tests	Run tests	2026-10-07T05:42:52.5927311Z   duration_ms: 696.193125
Backend Tests	Run tests	2026-10-07T05:42:52.5927825Z   ...
Backend Tests	Run tests	2026-10-07T05:42:52.5960658Z # Subtest: missing and non-object pace request bodies return structured 400 before mutation
Backend Tests	Run tests	2026-10-07T05:42:52.5987691Z ok 276 - missing and non-object pace request bodies return structured 400 before mutation
Backend Tests	Run tests	2026-10-07T05:42:52.6018164Z   ---
Backend Tests	Run tests	2026-10-07T05:42:52.6018692Z   duration_ms: 35.559372
Backend Tests	Run tests	2026-10-07T05:42:52.6024212Z   ...
Backend Tests	Run tests	2026-10-07T05:42:52.6025230Z # Subtest: raw SQL serialization and deadlock conflicts return recoverable plan conflicts without a revision
Backend Tests	Run tests	2026-10-07T05:42:52.6026598Z ok 277 - raw SQL serialization and deadlock conflicts return recoverable plan conflicts without a revision
Backend Tests	Run tests	2026-10-07T05:42:52.6027652Z   ---
Backend Tests	Run tests	2026-10-07T05:42:52.6028062Z   duration_ms: 108.443064
Backend Tests	Run tests	2026-10-07T05:42:52.6028526Z   ...
Backend Tests	Run tests	2026-10-07T05:42:52.6599042Z # Subtest: goalValidation: validateGoalWeightsForDailyDeficit enforces loss direction for positive deficits
Backend Tests	Run tests	2026-10-07T05:42:52.6628316Z ok 278 - goalValidation: validateGoalWeightsForDailyDeficit enforces loss direction for positive deficits
Backend Tests	Run tests	2026-10-07T05:42:52.6643365Z   ---
Backend Tests	Run tests	2026-10-07T05:42:52.6643997Z   duration_ms: 1.510482
Backend Tests	Run tests	2026-10-07T05:42:52.6644511Z   ...
Backend Tests	Run tests	2026-10-07T05:42:52.6645349Z # Subtest: goalValidation: validateGoalWeightsForDailyDeficit enforces gain direction for negative deficits
Backend Tests	Run tests	2026-10-07T05:42:52.6646577Z ok 279 - goalValidation: validateGoalWeightsForDailyDeficit enforces gain direction for negative deficits
Backend Tests	Run tests	2026-10-07T05:42:52.6648089Z   ---
Backend Tests	Run tests	2026-10-07T05:42:52.6648463Z   duration_ms: 0.161837
Backend Tests	Run tests	2026-10-07T05:42:52.6648944Z   ...
Backend Tests	Run tests	2026-10-07T05:42:52.6649622Z # Subtest: goalValidation: validateGoalWeightsForDailyDeficit allows maintenance goals
Backend Tests	Run tests	2026-10-07T05:42:52.6650842Z ok 280 - goalValidation: validateGoalWeightsForDailyDeficit allows maintenance goals
Backend Tests	Run tests	2026-10-07T05:42:52.6651387Z   ---
Backend Tests	Run tests	2026-10-07T05:42:52.6651631Z   duration_ms: 0.146945
Backend Tests	Run tests	2026-10-07T05:42:52.6651886Z   ...
Backend Tests	Run tests	2026-10-07T05:42:52.6652511Z # Subtest: height utils: resolveHeightMmUpdate returns not-provided when all fields are omitted
Backend Tests	Run tests	2026-10-07T05:42:52.6653511Z ok 281 - height utils: resolveHeightMmUpdate returns not-provided when all fields are omitted
Backend Tests	Run tests	2026-10-07T05:42:52.6654065Z   ---
Backend Tests	Run tests	2026-10-07T05:42:52.6654303Z   duration_ms: 1.764993
Backend Tests	Run tests	2026-10-07T05:42:52.6654565Z   ...
Backend Tests	Run tests	2026-10-07T05:42:52.6655166Z # Subtest: height utils: resolveHeightMmUpdate supports clearing height via null/empty string
Backend Tests	Run tests	2026-10-07T05:42:52.6656153Z ok 282 - height utils: resolveHeightMmUpdate supports clearing height via null/empty string
Backend Tests	Run tests	2026-10-07T05:42:52.6656699Z   ---
Backend Tests	Run tests	2026-10-07T05:42:52.6657132Z   duration_ms: 0.195195
Backend Tests	Run tests	2026-10-07T05:42:52.6657447Z   ...
Backend Tests	Run tests	2026-10-07T05:42:52.6658062Z # Subtest: height utils: resolveHeightMmUpdate validates and normalizes height_mm and height_cm
Backend Tests	Run tests	2026-10-07T05:42:52.6658996Z ok 283 - height utils: resolveHeightMmUpdate validates and normalizes height_mm and height_cm
Backend Tests	Run tests	2026-10-07T05:42:52.6659587Z   ---
Backend Tests	Run tests	2026-10-07T05:42:52.6659824Z   duration_ms: 0.193434
Backend Tests	Run tests	2026-10-07T05:42:52.6660089Z   ...
Backend Tests	Run tests	2026-10-07T05:42:52.6660573Z # Subtest: height utils: resolveHeightMmUpdate supports feet/inches inputs
Backend Tests	Run tests	2026-10-07T05:42:52.6661271Z ok 284 - height utils: resolveHeightMmUpdate supports feet/inches inputs
Backend Tests	Run tests	2026-10-07T05:42:52.6661719Z   ---
Backend Tests	Run tests	2026-10-07T05:42:52.6661956Z   duration_ms: 0.218891
Backend Tests	Run tests	2026-10-07T05:42:52.6662223Z   ...
Backend Tests	Run tests	2026-10-07T05:42:52.6662904Z # Subtest: height utils: resolveHeightMmUpdate prefers height_mm when multiple representations are present
Backend Tests	Run tests	2026-10-07T05:42:52.6663950Z ok 285 - height utils: resolveHeightMmUpdate prefers height_mm when multiple representations are present
Backend Tests	Run tests	2026-10-07T05:42:52.6664559Z   ---
Backend Tests	Run tests	2026-10-07T05:42:52.6664795Z   duration_ms: 0.150821
Backend Tests	Run tests	2026-10-07T05:42:52.6665061Z   ...
Backend Tests	Run tests	2026-10-07T05:42:54.4371345Z # Subtest: Lose It weight import and sticky plan review roll back together when review marking fails
Backend Tests	Run tests	2026-10-07T05:42:54.4372859Z ok 286 - Lose It weight import and sticky plan review roll back together when review marking fails
Backend Tests	Run tests	2026-10-07T05:42:54.4373585Z   ---
Backend Tests	Run tests	2026-10-07T05:42:54.4373990Z   duration_ms: 4976.96937
Backend Tests	Run tests	2026-10-07T05:42:54.4374428Z   ...
Backend Tests	Run tests	2026-10-07T05:42:54.5094334Z # Subtest: parseLocalDateOnly accepts YYYY-MM-DD and returns a UTC-normalized Date
Backend Tests	Run tests	2026-10-07T05:42:54.5137908Z ok 287 - parseLocalDateOnly accepts YYYY-MM-DD and returns a UTC-normalized Date
Backend Tests	Run tests	2026-10-07T05:42:54.5141347Z   ---
Backend Tests	Run tests	2026-10-07T05:42:54.5141839Z   duration_ms: 1.194519
Backend Tests	Run tests	2026-10-07T05:42:54.5142265Z   ...
Backend Tests	Run tests	2026-10-07T05:42:54.5143046Z # Subtest: parseLocalDateOnly accepts ISO-ish strings that start with YYYY-MM-DD
Backend Tests	Run tests	2026-10-07T05:42:54.5144044Z ok 288 - parseLocalDateOnly accepts ISO-ish strings that start with YYYY-MM-DD
Backend Tests	Run tests	2026-10-07T05:42:54.5144696Z   ---
Backend Tests	Run tests	2026-10-07T05:42:54.5145072Z   duration_ms: 0.176619
Backend Tests	Run tests	2026-10-07T05:42:54.5145476Z   ...
Backend Tests	Run tests	2026-10-07T05:42:54.5145991Z # Subtest: parseLocalDateOnly rejects invalid inputs
Backend Tests	Run tests	2026-10-07T05:42:54.5146679Z ok 289 - parseLocalDateOnly rejects invalid inputs
Backend Tests	Run tests	2026-10-07T05:42:54.5147435Z   ---
Backend Tests	Run tests	2026-10-07T05:42:54.5147830Z   duration_ms: 0.420406
Backend Tests	Run tests	2026-10-07T05:42:54.5148238Z   ...
Backend Tests	Run tests	2026-10-07T05:42:54.5148943Z # Subtest: getSafeUtcTodayDateOnlyInTimeZone falls back to UTC for invalid timezone values
Backend Tests	Run tests	2026-10-07T05:42:54.5150048Z ok 290 - getSafeUtcTodayDateOnlyInTimeZone falls back to UTC for invalid timezone values
Backend Tests	Run tests	2026-10-07T05:42:54.5150743Z   ---
Backend Tests	Run tests	2026-10-07T05:42:54.5151113Z   duration_ms: 11.649453
Backend Tests	Run tests	2026-10-07T05:42:54.5151513Z   ...
Backend Tests	Run tests	2026-10-07T05:42:54.5152318Z # Subtest: getSafeUtcTodayDateOnlyInTimeZone falls back to UTC for missing timezone values
Backend Tests	Run tests	2026-10-07T05:42:54.5153853Z ok 291 - getSafeUtcTodayDateOnlyInTimeZone falls back to UTC for missing timezone values
Backend Tests	Run tests	2026-10-07T05:42:54.5154744Z   ---
Backend Tests	Run tests	2026-10-07T05:42:54.5155115Z   duration_ms: 0.464269
Backend Tests	Run tests	2026-10-07T05:42:54.5155512Z   ...
Backend Tests	Run tests	2026-10-07T05:42:55.8388345Z # Subtest: parseLoseItExport parses Lose It exports with warnings for invalid rows
Backend Tests	Run tests	2026-10-07T05:42:55.8457975Z ok 292 - parseLoseItExport parses Lose It exports with warnings for invalid rows
Backend Tests	Run tests	2026-10-07T05:42:55.8548125Z   ---
Backend Tests	Run tests	2026-10-07T05:42:55.8598099Z   duration_ms: 16.92864
Backend Tests	Run tests	2026-10-07T05:42:55.8658183Z   ...
Backend Tests	Run tests	2026-10-07T05:42:55.8729086Z # Subtest: parseLoseItExport throws when food and weight CSVs are missing
Backend Tests	Run tests	2026-10-07T05:42:55.8769347Z ok 293 - parseLoseItExport throws when food and weight CSVs are missing
Backend Tests	Run tests	2026-10-07T05:42:55.8836510Z   ---
Backend Tests	Run tests	2026-10-07T05:42:55.8878150Z   duration_ms: 1.365629
Backend Tests	Run tests	2026-10-07T05:42:55.8878747Z   ...
Backend Tests	Run tests	2026-10-07T05:42:55.8879516Z # Subtest: inferLoseItWeightUnit uses profile hints, then height heuristics, then fallback
Backend Tests	Run tests	2026-10-07T05:42:55.8880697Z ok 294 - inferLoseItWeightUnit uses profile hints, then height heuristics, then fallback
Backend Tests	Run tests	2026-10-07T05:42:55.8881988Z   ---
Backend Tests	Run tests	2026-10-07T05:42:55.8882404Z   duration_ms: 0.789555
Backend Tests	Run tests	2026-10-07T05:42:55.8882796Z   ...
Backend Tests	Run tests	2026-10-07T05:42:55.8883478Z # Subtest: partitionLoseItWeightImportsByAsOfDate excludes future local dates
Backend Tests	Run tests	2026-10-07T05:42:55.8884499Z ok 295 - partitionLoseItWeightImportsByAsOfDate excludes future local dates
Backend Tests	Run tests	2026-10-07T05:42:55.8885128Z   ---
Backend Tests	Run tests	2026-10-07T05:42:55.8885494Z   duration_ms: 0.263276
Backend Tests	Run tests	2026-10-07T05:42:55.8885887Z   ...
Backend Tests	Run tests	2026-10-07T05:42:55.8886488Z # Subtest: buildImportTimestamp uses midday UTC without mutating inputs
Backend Tests	Run tests	2026-10-07T05:42:55.8887542Z ok 296 - buildImportTimestamp uses midday UTC without mutating inputs
Backend Tests	Run tests	2026-10-07T05:42:55.8888152Z   ---
Backend Tests	Run tests	2026-10-07T05:42:55.8888518Z   duration_ms: 0.163991
Backend Tests	Run tests	2026-10-07T05:42:55.8888904Z   ...
Backend Tests	Run tests	2026-10-07T05:42:57.4210107Z # Subtest: materializedWeightTrend: recompute atomically replaces all rows with the active horizon
Backend Tests	Run tests	2026-10-07T05:42:57.4258909Z ok 297 - materializedWeightTrend: recompute atomically replaces all rows with the active horizon
Backend Tests	Run tests	2026-10-07T05:42:57.4323962Z   ---
Backend Tests	Run tests	2026-10-07T05:42:57.4347570Z   duration_ms: 4218.057678
Backend Tests	Run tests	2026-10-07T05:42:57.4351321Z   ...
Backend Tests	Run tests	2026-10-07T05:42:57.4352228Z # Subtest: materializedWeightTrend: v1 rollout writes version 1 rows without canonical rate state
Backend Tests	Run tests	2026-10-07T05:42:57.4353437Z ok 298 - materializedWeightTrend: v1 rollout writes version 1 rows without canonical rate state
Backend Tests	Run tests	2026-10-07T05:42:57.4354174Z   ---
Backend Tests	Run tests	2026-10-07T05:42:57.4354611Z   duration_ms: 24.400908
Backend Tests	Run tests	2026-10-07T05:42:57.4355050Z   ...
Backend Tests	Run tests	2026-10-07T05:42:57.4355896Z # Subtest: materializedWeightTrend: excludes future-dated metrics from the model and active-horizon anchor
Backend Tests	Run tests	2026-10-07T05:42:57.4357286Z ok 299 - materializedWeightTrend: excludes future-dated metrics from the model and active-horizon anchor
Backend Tests	Run tests	2026-10-07T05:42:57.4358055Z   ---
Backend Tests	Run tests	2026-10-07T05:42:57.4358477Z   duration_ms: 30.174448
Backend Tests	Run tests	2026-10-07T05:42:57.4358912Z   ...
Backend Tests	Run tests	2026-10-07T05:42:57.4359711Z # Subtest: materializedWeightTrend: rounds v2 level fields while preserving floating-point rate state
Backend Tests	Run tests	2026-10-07T05:42:57.4360945Z ok 300 - materializedWeightTrend: rounds v2 level fields while preserving floating-point rate state
Backend Tests	Run tests	2026-10-07T05:42:57.4361743Z   ---
Backend Tests	Run tests	2026-10-07T05:42:57.4362152Z   duration_ms: 17.96012
Backend Tests	Run tests	2026-10-07T05:42:57.4362580Z   ...
Backend Tests	Run tests	2026-10-07T05:42:57.4363377Z # Subtest: materializedWeightTrend: ensure refreshes active rows from an older model version
Backend Tests	Run tests	2026-10-07T05:42:57.4364521Z ok 301 - materializedWeightTrend: ensure refreshes active rows from an older model version
Backend Tests	Run tests	2026-10-07T05:42:57.4365307Z   ---
Backend Tests	Run tests	2026-10-07T05:42:57.4365758Z   duration_ms: 27.630355
Backend Tests	Run tests	2026-10-07T05:42:57.4366214Z   ...
Backend Tests	Run tests	2026-10-07T05:42:57.4367179Z # Subtest: materializedWeightTrend: ensure refreshes upgraded rows with a null source revision
Backend Tests	Run tests	2026-10-07T05:42:57.4383727Z ok 302 - materializedWeightTrend: ensure refreshes upgraded rows with a null source revision
Backend Tests	Run tests	2026-10-07T05:42:57.4385050Z   ---
Backend Tests	Run tests	2026-10-07T05:42:57.4385487Z   duration_ms: 35.462534
Backend Tests	Run tests	2026-10-07T05:42:57.4385953Z   ...
Backend Tests	Run tests	2026-10-07T05:42:57.4386996Z # Subtest: materializedWeightTrend: captures one repeatable source revision after taking the advisory lock
Backend Tests	Run tests	2026-10-07T05:42:57.4388535Z ok 303 - materializedWeightTrend: captures one repeatable source revision after taking the advisory lock
Backend Tests	Run tests	2026-10-07T05:42:57.4389336Z   ---
Backend Tests	Run tests	2026-10-07T05:42:57.4389735Z   duration_ms: 30.952547
Backend Tests	Run tests	2026-10-07T05:42:57.4390167Z   ...
Backend Tests	Run tests	2026-10-07T05:42:57.4391045Z # Subtest: materializedWeightTrend: retries a waiting repeatable-read conflict from a fresh source snapshot
Backend Tests	Run tests	2026-10-07T05:42:57.4392371Z ok 304 - materializedWeightTrend: retries a waiting repeatable-read conflict from a fresh source snapshot
Backend Tests	Run tests	2026-10-07T05:42:57.4393180Z   ---
Backend Tests	Run tests	2026-10-07T05:42:57.4393586Z   duration_ms: 29.166704
Backend Tests	Run tests	2026-10-07T05:42:57.4394012Z   ...
Backend Tests	Run tests	2026-10-07T05:42:57.4394843Z # Subtest: materializedWeightTrend: serializes concurrent recomputes without mixing source revisions
Backend Tests	Run tests	2026-10-07T05:42:57.4396100Z ok 305 - materializedWeightTrend: serializes concurrent recomputes without mixing source revisions
Backend Tests	Run tests	2026-10-07T05:42:57.4397024Z   ---
Backend Tests	Run tests	2026-10-07T05:42:57.4397423Z   duration_ms: 23.74672
Backend Tests	Run tests	2026-10-07T05:42:57.4397848Z   ...
Backend Tests	Run tests	2026-10-07T05:42:57.4398693Z # Subtest: materializedWeightTrend: failed replacement rolls back and retains the last-known-good rows
Backend Tests	Run tests	2026-10-07T05:42:57.4399961Z ok 306 - materializedWeightTrend: failed replacement rolls back and retains the last-known-good rows
Backend Tests	Run tests	2026-10-07T05:42:57.4400744Z   ---
Backend Tests	Run tests	2026-10-07T05:42:57.4401143Z   duration_ms: 12.624069
Backend Tests	Run tests	2026-10-07T05:42:57.4401574Z   ...
Backend Tests	Run tests	2026-10-07T05:42:57.4402422Z # Subtest: materializedWeightTrend: best-effort refresh preserves last-known-good rows on fit failure
Backend Tests	Run tests	2026-10-07T05:42:57.4403709Z ok 307 - materializedWeightTrend: best-effort refresh preserves last-known-good rows on fit failure
Backend Tests	Run tests	2026-10-07T05:42:57.4404480Z   ---
Backend Tests	Run tests	2026-10-07T05:42:57.4404886Z   duration_ms: 12.000797
Backend Tests	Run tests	2026-10-07T05:42:57.4405313Z   ...
Backend Tests	Run tests	2026-10-07T05:42:57.4406106Z # Subtest: materializedWeightTrend: ensure returns unavailable without leaking refresh details
Backend Tests	Run tests	2026-10-07T05:42:57.4407866Z ok 308 - materializedWeightTrend: ensure returns unavailable without leaking refresh details
Backend Tests	Run tests	2026-10-07T05:42:57.4408648Z   ---
Backend Tests	Run tests	2026-10-07T05:42:57.4409065Z   duration_ms: 13.382308
Backend Tests	Run tests	2026-10-07T05:42:57.4409491Z   ...
Backend Tests	Run tests	2026-10-07T05:42:57.4410235Z # Subtest: materializedWeightTrend: same-day source edit remains stale when refitting fails
Backend Tests	Run tests	2026-10-07T05:42:57.4411483Z ok 309 - materializedWeightTrend: same-day source edit remains stale when refitting fails
Backend Tests	Run tests	2026-10-07T05:42:57.4412271Z   ---
Backend Tests	Run tests	2026-10-07T05:42:57.4412693Z   duration_ms: 10.635548
Backend Tests	Run tests	2026-10-07T05:42:57.4413131Z   ...
Backend Tests	Run tests	2026-10-07T05:42:57.4414002Z # Subtest: materializedWeightTrend: successful empty-history refresh is available and clears old rows once
Backend Tests	Run tests	2026-10-07T05:42:57.4415290Z ok 310 - materializedWeightTrend: successful empty-history refresh is available and clears old rows once
Backend Tests	Run tests	2026-10-07T05:42:57.4416013Z   ---
Backend Tests	Run tests	2026-10-07T05:42:57.4416348Z   duration_ms: 15.497776
Backend Tests	Run tests	2026-10-07T05:42:57.4417044Z   ...
Backend Tests	Run tests	2026-10-07T05:43:04.3078294Z # Subtest: MCP discovery advertises the exact resource and public PKCE authorization server
Backend Tests	Run tests	2026-10-07T05:43:04.3162066Z ok 311 - MCP discovery advertises the exact resource and public PKCE authorization server
Backend Tests	Run tests	2026-10-07T05:43:04.3207925Z   ---
Backend Tests	Run tests	2026-10-07T05:43:04.3267694Z   duration_ms: 105.040015
Backend Tests	Run tests	2026-10-07T05:43:04.3297762Z   ...
Backend Tests	Run tests	2026-10-07T05:43:04.3388457Z # Subtest: unauthenticated MCP calls return a resource-metadata challenge and stateless method guidance
Backend Tests	Run tests	2026-10-07T05:43:04.3418054Z ok 312 - unauthenticated MCP calls return a resource-metadata challenge and stateless method guidance
Backend Tests	Run tests	2026-10-07T05:43:04.3467589Z   ---
Backend Tests	Run tests	2026-10-07T05:43:04.3497325Z   duration_ms: 40.017687
Backend Tests	Run tests	2026-10-07T05:43:04.3527798Z   ...
Backend Tests	Run tests	2026-10-07T05:43:04.3587971Z # mcp.access-token failed (request_id=unavailable, error_type=Error).
Backend Tests	Run tests	2026-10-07T05:43:04.3615309Z # Subtest: MCP storage failures return a non-cacheable 503 without an OAuth challenge loop
Backend Tests	Run tests	2026-10-07T05:43:04.3645519Z ok 313 - MCP storage failures return a non-cacheable 503 without an OAuth challenge loop
Backend Tests	Run tests	2026-10-07T05:43:04.3757619Z   ---
Backend Tests	Run tests	2026-10-07T05:43:04.3793281Z   duration_ms: 9.539804
Backend Tests	Run tests	2026-10-07T05:43:04.3817716Z   ...
Backend Tests	Run tests	2026-10-07T05:43:04.3818815Z # Subtest: OAuth approval uses the supplied limiter and configured proxy hop without caching
Backend Tests	Run tests	2026-10-07T05:43:04.3819941Z ok 314 - OAuth approval uses the supplied limiter and configured proxy hop without caching
Backend Tests	Run tests	2026-10-07T05:43:04.3820754Z   ---
Backend Tests	Run tests	2026-10-07T05:43:04.3821167Z   duration_ms: 14.757612
Backend Tests	Run tests	2026-10-07T05:43:04.3821614Z   ...
Backend Tests	Run tests	2026-10-07T05:43:04.3822323Z # Subtest: dynamic registration rejects oversized metadata before persistence
Backend Tests	Run tests	2026-10-07T05:43:04.3823283Z ok 315 - dynamic registration rejects oversized metadata before persistence
Backend Tests	Run tests	2026-10-07T05:43:04.3823936Z   ---
Backend Tests	Run tests	2026-10-07T05:43:04.3824344Z   duration_ms: 18.134835
Backend Tests	Run tests	2026-10-07T05:43:04.3824840Z   ...
Backend Tests	Run tests	2026-10-07T05:43:04.3892683Z # Subtest: dynamic registration rejects insecure non-loopback callbacks before persistence
Backend Tests	Run tests	2026-10-07T05:43:04.3917856Z ok 316 - dynamic registration rejects insecure non-loopback callbacks before persistence
Backend Tests	Run tests	2026-10-07T05:43:04.3925435Z   ---
Backend Tests	Run tests	2026-10-07T05:43:04.3926051Z   duration_ms: 8.146615
Backend Tests	Run tests	2026-10-07T05:43:04.3926631Z   ...
Backend Tests	Run tests	2026-10-07T05:43:04.5098719Z # Subtest: dynamic registration is rate-limited before another client is persisted
Backend Tests	Run tests	2026-10-07T05:43:04.5100055Z ok 317 - dynamic registration is rate-limited before another client is persisted
Backend Tests	Run tests	2026-10-07T05:43:04.5131545Z   ---
Backend Tests	Run tests	2026-10-07T05:43:04.5157630Z   duration_ms: 113.446821
Backend Tests	Run tests	2026-10-07T05:43:04.5187521Z   ...
Backend Tests	Run tests	2026-10-07T05:43:04.6578453Z # Subtest: authorization is rate-limited before another approval request is persisted
Backend Tests	Run tests	2026-10-07T05:43:04.6638237Z ok 318 - authorization is rate-limited before another approval request is persisted
Backend Tests	Run tests	2026-10-07T05:43:04.6660523Z   ---
Backend Tests	Run tests	2026-10-07T05:43:04.6687462Z   duration_ms: 155.629032
Backend Tests	Run tests	2026-10-07T05:43:04.6687829Z   ...
Backend Tests	Run tests	2026-10-07T05:43:06.1919314Z # Subtest: remote MCP completes DCR, PKCE approval, tool use, refresh rotation, replay rejection, and revocation
Backend Tests	Run tests	2026-10-07T05:43:06.1943010Z ok 319 - remote MCP completes DCR, PKCE approval, tool use, refresh rotation, replay rejection, and revocation
Backend Tests	Run tests	2026-10-07T05:43:06.1944062Z   ---
Backend Tests	Run tests	2026-10-07T05:43:06.1944529Z   duration_ms: 303.384331
Backend Tests	Run tests	2026-10-07T05:43:06.1945017Z   ...
Backend Tests	Run tests	2026-10-07T05:43:06.3608359Z # Subtest: MCP OAuth migration separates clients, grants, and short-lived credentials
Backend Tests	Run tests	2026-10-07T05:43:06.3620019Z ok 320 - MCP OAuth migration separates clients, grants, and short-lived credentials
Backend Tests	Run tests	2026-10-07T05:43:06.3620968Z   ---
Backend Tests	Run tests	2026-10-07T05:43:06.3621379Z   duration_ms: 1.291211
Backend Tests	Run tests	2026-10-07T05:43:06.3621821Z   ...
Backend Tests	Run tests	2026-10-07T05:43:06.3622600Z # Subtest: MCP OAuth migration persists purpose-bound hashes instead of bearer credentials
Backend Tests	Run tests	2026-10-07T05:43:06.3623658Z ok 321 - MCP OAuth migration persists purpose-bound hashes instead of bearer credentials
Backend Tests	Run tests	2026-10-07T05:43:06.3624393Z   ---
Backend Tests	Run tests	2026-10-07T05:43:06.3624791Z   duration_ms: 0.308832
Backend Tests	Run tests	2026-10-07T05:43:06.3625206Z   ...
Backend Tests	Run tests	2026-10-07T05:43:06.3625959Z # Subtest: MCP OAuth migration preserves exact resource and scopes on every grant credential
Backend Tests	Run tests	2026-10-07T05:43:06.3627521Z ok 322 - MCP OAuth migration preserves exact resource and scopes on every grant credential
Backend Tests	Run tests	2026-10-07T05:43:06.3628270Z   ---
Backend Tests	Run tests	2026-10-07T05:43:06.3628668Z   duration_ms: 0.171972
Backend Tests	Run tests	2026-10-07T05:43:06.3629100Z   ...
Backend Tests	Run tests	2026-10-07T05:43:06.3629893Z # Subtest: MCP OAuth stores a hashed, ten-minute approval credential for an exact resource
Backend Tests	Run tests	2026-10-07T05:43:06.3630889Z ok 323 - MCP OAuth stores a hashed, ten-minute approval credential for an exact resource
Backend Tests	Run tests	2026-10-07T05:43:06.3631523Z   ---
Backend Tests	Run tests	2026-10-07T05:43:06.3631895Z   duration_ms: 6445.705296
Backend Tests	Run tests	2026-10-07T05:43:06.3632292Z   ...
Backend Tests	Run tests	2026-10-07T05:43:06.3632866Z # Subtest: MCP OAuth dynamic client persistence strips client secrets
Backend Tests	Run tests	2026-10-07T05:43:06.3634130Z ok 324 - MCP OAuth dynamic client persistence strips client secrets
Backend Tests	Run tests	2026-10-07T05:43:06.3634738Z   ---
Backend Tests	Run tests	2026-10-07T05:43:06.3635134Z   duration_ms: 64.28596
Backend Tests	Run tests	2026-10-07T05:43:06.3635558Z   ...
Backend Tests	Run tests	2026-10-07T05:43:06.3636489Z # Subtest: MCP OAuth uses different purpose-bound hashes for the same token text
Backend Tests	Run tests	2026-10-07T05:43:06.3637696Z ok 325 - MCP OAuth uses different purpose-bound hashes for the same token text
Backend Tests	Run tests	2026-10-07T05:43:06.3638360Z   ---
Backend Tests	Run tests	2026-10-07T05:43:06.3638762Z   duration_ms: 49.561142
Backend Tests	Run tests	2026-10-07T05:43:06.3639197Z   ...
Backend Tests	Run tests	2026-10-07T05:43:06.3639889Z # Subtest: MCP OAuth revokes the entire grant when refresh-token replay wins a race
Backend Tests	Run tests	2026-10-07T05:43:06.3640860Z ok 326 - MCP OAuth revokes the entire grant when refresh-token replay wins a race
Backend Tests	Run tests	2026-10-07T05:43:06.3641513Z   ---
Backend Tests	Run tests	2026-10-07T05:43:06.3641917Z   duration_ms: 33.949544
Backend Tests	Run tests	2026-10-07T05:43:06.3642342Z   ...
Backend Tests	Run tests	2026-10-07T05:43:06.3643072Z # Subtest: MCP OAuth refresh rotation prunes only expired credentials for the active grant
Backend Tests	Run tests	2026-10-07T05:43:06.3644139Z ok 327 - MCP OAuth refresh rotation prunes only expired credentials for the active grant
Backend Tests	Run tests	2026-10-07T05:43:06.3644829Z   ---
Backend Tests	Run tests	2026-10-07T05:43:06.3645226Z   duration_ms: 43.648517
Backend Tests	Run tests	2026-10-07T05:43:06.3645662Z   ...
Backend Tests	Run tests	2026-10-07T05:43:06.3646548Z # Subtest: MCP OAuth approval cannot create a code after the security version changes with the same password hash
Backend Tests	Run tests	2026-10-07T05:43:06.3648175Z ok 328 - MCP OAuth approval cannot create a code after the security version changes with the same password hash
Backend Tests	Run tests	2026-10-07T05:43:06.3648965Z   ---
Backend Tests	Run tests	2026-10-07T05:43:06.3649387Z   duration_ms: 64.453301
Backend Tests	Run tests	2026-10-07T05:43:06.3649833Z   ...
Backend Tests	Run tests	2026-10-07T05:43:12.3648287Z # Subtest: MCP food snapshot groups local days and averages only COMPLETE days
Backend Tests	Run tests	2026-10-07T05:43:12.3659009Z ok 329 - MCP food snapshot groups local days and averages only COMPLETE days
Backend Tests	Run tests	2026-10-07T05:43:12.3659730Z   ---
Backend Tests	Run tests	2026-10-07T05:43:12.3660145Z   duration_ms: 20.950973
Backend Tests	Run tests	2026-10-07T05:43:12.3660572Z   ...
Backend Tests	Run tests	2026-10-07T05:43:12.3661380Z # Subtest: MCP weight snapshot excludes future rows and returns the canonical trend in the preferred unit
Backend Tests	Run tests	2026-10-07T05:43:12.3662804Z ok 330 - MCP weight snapshot excludes future rows and returns the canonical trend in the preferred unit
Backend Tests	Run tests	2026-10-07T05:43:12.3688322Z   ---
Backend Tests	Run tests	2026-10-07T05:43:12.3709262Z   duration_ms: 4.393841
Backend Tests	Run tests	2026-10-07T05:43:12.3721755Z   ...
Backend Tests	Run tests	2026-10-07T05:43:12.3727828Z # Subtest: MCP weight snapshot nulls the pace when evidence is outdated and clamps the requested range
Backend Tests	Run tests	2026-10-07T05:43:12.3757847Z ok 331 - MCP weight snapshot nulls the pace when evidence is outdated and clamps the requested range
Backend Tests	Run tests	2026-10-07T05:43:12.3787387Z   ---
Backend Tests	Run tests	2026-10-07T05:43:12.3817357Z   duration_ms: 1.060061
Backend Tests	Run tests	2026-10-07T05:43:12.3817882Z   ...
Backend Tests	Run tests	2026-10-07T05:43:12.4837297Z # Subtest: mealPeriod: parseMealPeriod accepts canonical enum identifiers
Backend Tests	Run tests	2026-10-07T05:43:12.4838483Z ok 332 - mealPeriod: parseMealPeriod accepts canonical enum identifiers
Backend Tests	Run tests	2026-10-07T05:43:12.4897712Z   ---
Backend Tests	Run tests	2026-10-07T05:43:12.4927542Z   duration_ms: 1.48989
Backend Tests	Run tests	2026-10-07T05:43:12.4977603Z   ...
Backend Tests	Run tests	2026-10-07T05:43:12.5007798Z # Subtest: mealPeriod: parseMealPeriod rejects invalid inputs
Backend Tests	Run tests	2026-10-07T05:43:12.5067610Z ok 333 - mealPeriod: parseMealPeriod rejects invalid inputs
Backend Tests	Run tests	2026-10-07T05:43:12.5097500Z   ---
Backend Tests	Run tests	2026-10-07T05:43:12.5097812Z   duration_ms: 0.169268
Backend Tests	Run tests	2026-10-07T05:43:12.5098094Z   ...
Backend Tests	Run tests	2026-10-07T05:43:12.5098633Z # Subtest: canonical goal progress mirrors loss and gain and bounds overshoot
Backend Tests	Run tests	2026-10-07T05:43:12.5099422Z ok 334 - canonical goal progress mirrors loss and gain and bounds overshoot
Backend Tests	Run tests	2026-10-07T05:43:12.5099898Z   ---
Backend Tests	Run tests	2026-10-07T05:43:12.5100120Z   duration_ms: 1.970474
Backend Tests	Run tests	2026-10-07T05:43:12.5100363Z   ...
Backend Tests	Run tests	2026-10-07T05:43:12.5100810Z # Subtest: canonical maintenance progress remains ongoing and neutral
Backend Tests	Run tests	2026-10-07T05:43:12.5101489Z ok 335 - canonical maintenance progress remains ongoing and neutral
Backend Tests	Run tests	2026-10-07T05:43:12.5101926Z   ---
Backend Tests	Run tests	2026-10-07T05:43:12.5102157Z   duration_ms: 0.249445
Backend Tests	Run tests	2026-10-07T05:43:12.5102412Z   ...
Backend Tests	Run tests	2026-10-07T05:43:12.5103077Z # Subtest: metric progress recognizes a first current-day measurement but not backfills or unchanged saves
Backend Tests	Run tests	2026-10-07T05:43:12.5104593Z ok 336 - metric progress recognizes a first current-day measurement but not backfills or unchanged saves
Backend Tests	Run tests	2026-10-07T05:43:12.5105361Z   ---
Backend Tests	Run tests	2026-10-07T05:43:12.5105571Z   duration_ms: 0.471901
Backend Tests	Run tests	2026-10-07T05:43:12.5105817Z   ...
Backend Tests	Run tests	2026-10-07T05:43:12.5106370Z # Subtest: metric progress reports a historical save against the latest retained weigh-in
Backend Tests	Run tests	2026-10-07T05:43:12.5107414Z ok 337 - metric progress reports a historical save against the latest retained weigh-in
Backend Tests	Run tests	2026-10-07T05:43:12.5107898Z   ---
Backend Tests	Run tests	2026-10-07T05:43:12.5108126Z   duration_ms: 0.549374
Backend Tests	Run tests	2026-10-07T05:43:12.5108373Z   ...
Backend Tests	Run tests	2026-10-07T05:43:12.5108923Z # Subtest: metric progress reports only the highest newly crossed percentage milestone
Backend Tests	Run tests	2026-10-07T05:43:12.5109769Z ok 338 - metric progress reports only the highest newly crossed percentage milestone
Backend Tests	Run tests	2026-10-07T05:43:12.5110269Z   ---
Backend Tests	Run tests	2026-10-07T05:43:12.5110505Z   duration_ms: 0.271327
Backend Tests	Run tests	2026-10-07T05:43:12.5110785Z   ...
Backend Tests	Run tests	2026-10-07T05:43:12.5111370Z # Subtest: metric progress recognizes each percentage threshold inclusively and only once
Backend Tests	Run tests	2026-10-07T05:43:12.5112238Z ok 339 - metric progress recognizes each percentage threshold inclusively and only once
Backend Tests	Run tests	2026-10-07T05:43:12.5112864Z   ---
Backend Tests	Run tests	2026-10-07T05:43:12.5113099Z   duration_ms: 0.556575
Backend Tests	Run tests	2026-10-07T05:43:12.5128529Z   ...
Backend Tests	Run tests	2026-10-07T05:43:12.5129443Z # Subtest: metric progress prioritizes exact or overshot goal completion and records the reached date
Backend Tests	Run tests	2026-10-07T05:43:12.5130722Z ok 340 - metric progress prioritizes exact or overshot goal completion and records the reached date
Backend Tests	Run tests	2026-10-07T05:43:12.5131544Z   ---
Backend Tests	Run tests	2026-10-07T05:43:12.5131956Z   duration_ms: 0.36922
Backend Tests	Run tests	2026-10-07T05:43:12.5132375Z   ...
Backend Tests	Run tests	2026-10-07T05:43:12.5133083Z # Subtest: metric progress preserves an earlier reached date after later fluctuation
Backend Tests	Run tests	2026-10-07T05:43:12.5134097Z ok 341 - metric progress preserves an earlier reached date after later fluctuation
Backend Tests	Run tests	2026-10-07T05:43:12.5134786Z   ---
Backend Tests	Run tests	2026-10-07T05:43:12.5135180Z   duration_ms: 0.361399
Backend Tests	Run tests	2026-10-07T05:43:12.5135599Z   ...
Backend Tests	Run tests	2026-10-07T05:43:12.5136310Z # Subtest: metric progress removes completion when the only reached value is edited away
Backend Tests	Run tests	2026-10-07T05:43:12.5137649Z ok 342 - metric progress removes completion when the only reached value is edited away
Backend Tests	Run tests	2026-10-07T05:43:12.5138355Z   ---
Backend Tests	Run tests	2026-10-07T05:43:12.5138764Z   duration_ms: 0.428116
Backend Tests	Run tests	2026-10-07T05:43:12.5139197Z   ...
Backend Tests	Run tests	2026-10-07T05:43:12.5139972Z # Subtest: metric progress recognizes unit-specific weight increments before a meaningful best
Backend Tests	Run tests	2026-10-07T05:43:12.5141111Z ok 343 - metric progress recognizes unit-specific weight increments before a meaningful best
Backend Tests	Run tests	2026-10-07T05:43:12.5141842Z   ---
Backend Tests	Run tests	2026-10-07T05:43:12.5142311Z   duration_ms: 0.436089
Backend Tests	Run tests	2026-10-07T05:43:12.5142742Z   ...
Backend Tests	Run tests	2026-10-07T05:43:12.5143456Z # Subtest: metric progress mirrors meaningful new best recognition for loss and gain
Backend Tests	Run tests	2026-10-07T05:43:12.5144487Z ok 344 - metric progress mirrors meaningful new best recognition for loss and gain
Backend Tests	Run tests	2026-10-07T05:43:12.5145184Z   ---
Backend Tests	Run tests	2026-10-07T05:43:12.5145585Z   duration_ms: 0.29379
Backend Tests	Run tests	2026-10-07T05:43:12.5146019Z   ...
Backend Tests	Run tests	2026-10-07T05:43:12.5146700Z # Subtest: metric progress keeps maintenance and ordinary regressions neutral
Backend Tests	Run tests	2026-10-07T05:43:12.5148038Z ok 345 - metric progress keeps maintenance and ordinary regressions neutral
Backend Tests	Run tests	2026-10-07T05:43:12.5148700Z   ---
Backend Tests	Run tests	2026-10-07T05:43:12.5149113Z   duration_ms: 0.352226
Backend Tests	Run tests	2026-10-07T05:43:12.5149543Z   ...
Backend Tests	Run tests	2026-10-07T05:43:12.5150303Z # Subtest: metric progress ignores achievements before the active goal local creation date
Backend Tests	Run tests	2026-10-07T05:43:12.5151400Z ok 346 - metric progress ignores achievements before the active goal local creation date
Backend Tests	Run tests	2026-10-07T05:43:12.5152097Z   ---
Backend Tests	Run tests	2026-10-07T05:43:12.5152501Z   duration_ms: 16.83561
Backend Tests	Run tests	2026-10-07T05:43:12.5152937Z   ...
Backend Tests	Run tests	2026-10-07T05:43:13.5366689Z # Subtest: actual disk journal resumes successful imports without resubmitting the account
Backend Tests	Run tests	2026-10-07T05:43:13.5398030Z ok 347 - actual disk journal resumes successful imports without resubmitting the account
Backend Tests	Run tests	2026-10-07T05:43:13.5416565Z   ---
Backend Tests	Run tests	2026-10-07T05:43:13.5447408Z   duration_ms: 15.215814
Backend Tests	Run tests	2026-10-07T05:43:13.5477296Z   ...
Backend Tests	Run tests	2026-10-07T05:43:13.5507795Z # Subtest: persisted import intent survives a failed process operation and requires reconciliation
Backend Tests	Run tests	2026-10-07T05:43:13.5537823Z ok 348 - persisted import intent survives a failed process operation and requires reconciliation
Backend Tests	Run tests	2026-10-07T05:43:13.5558192Z   ---
Backend Tests	Run tests	2026-10-07T05:43:13.5567280Z   duration_ms: 8.255277
Backend Tests	Run tests	2026-10-07T05:43:13.5587637Z   ...
Backend Tests	Run tests	2026-10-07T05:43:13.5613301Z # Subtest: journal excludes concurrent importers and refuses stale locks
Backend Tests	Run tests	2026-10-07T05:43:13.5629750Z ok 349 - journal excludes concurrent importers and refuses stale locks
Backend Tests	Run tests	2026-10-07T05:43:13.5677345Z   ---
Backend Tests	Run tests	2026-10-07T05:43:13.5721504Z   duration_ms: 1.864609
Backend Tests	Run tests	2026-10-07T05:43:13.5767921Z   ...
Backend Tests	Run tests	2026-10-07T05:43:13.5817812Z # Subtest: abrupt process exit retains both import intent and lock instead of allowing an automatic retry
Backend Tests	Run tests	2026-10-07T05:43:13.5857841Z ok 350 - abrupt process exit retains both import intent and lock instead of allowing an automatic retry
Backend Tests	Run tests	2026-10-07T05:43:13.5887884Z   ---
Backend Tests	Run tests	2026-10-07T05:43:13.5917454Z   duration_ms: 2786.341759
Backend Tests	Run tests	2026-10-07T05:43:13.5947350Z   ...
Backend Tests	Run tests	2026-10-07T05:43:13.5978032Z # Subtest: journal refuses wrong manifests, torn records and attempts to rewind successful imports
Backend Tests	Run tests	2026-10-07T05:43:13.5999631Z ok 351 - journal refuses wrong manifests, torn records and attempts to rewind successful imports
Backend Tests	Run tests	2026-10-07T05:43:13.6037433Z   ---
Backend Tests	Run tests	2026-10-07T05:43:13.6067671Z   duration_ms: 8.120447
Backend Tests	Run tests	2026-10-07T05:43:13.6077550Z   ...
Backend Tests	Run tests	2026-10-07T05:43:13.6107749Z # Subtest: mobile auth middleware lets expired-bearer logout revoke by refresh token
Backend Tests	Run tests	2026-10-07T05:43:13.6127661Z ok 352 - mobile auth middleware lets expired-bearer logout revoke by refresh token
Backend Tests	Run tests	2026-10-07T05:43:13.6147306Z   ---
Backend Tests	Run tests	2026-10-07T05:43:13.6167318Z   duration_ms: 2814.879125
Backend Tests	Run tests	2026-10-07T05:43:13.6191243Z   ...
Backend Tests	Run tests	2026-10-07T05:43:13.6197593Z # Subtest: mobile auth middleware still rejects expired bearer tokens on protected routes
Backend Tests	Run tests	2026-10-07T05:43:13.6237673Z ok 353 - mobile auth middleware still rejects expired bearer tokens on protected routes
Backend Tests	Run tests	2026-10-07T05:43:13.6257332Z   ---
Backend Tests	Run tests	2026-10-07T05:43:13.6275913Z   duration_ms: 16.009391
Backend Tests	Run tests	2026-10-07T05:43:13.6317298Z   ...
Backend Tests	Run tests	2026-10-07T05:43:13.6327728Z # Subtest: mobile auth middleware exposes trusted session and device identity
Backend Tests	Run tests	2026-10-07T05:43:13.6329417Z ok 354 - mobile auth middleware exposes trusted session and device identity
Backend Tests	Run tests	2026-10-07T05:43:13.6362681Z   ---
Backend Tests	Run tests	2026-10-07T05:43:13.6407506Z   duration_ms: 13.853145
Backend Tests	Run tests	2026-10-07T05:43:13.6437233Z   ...
Backend Tests	Run tests	2026-10-07T05:43:13.6437885Z # Subtest: Wear bearer sessions are centrally denied from generic and export APIs
Backend Tests	Run tests	2026-10-07T05:43:13.6467513Z ok 355 - Wear bearer sessions are centrally denied from generic and export APIs
Backend Tests	Run tests	2026-10-07T05:43:13.6559417Z   ---
Backend Tests	Run tests	2026-10-07T05:43:13.6637874Z   duration_ms: 33.684158
Backend Tests	Run tests	2026-10-07T05:43:13.6697670Z   ...
Backend Tests	Run tests	2026-10-07T05:43:13.6757896Z # Subtest: Wear bearer sessions can use watch APIs and limited session self-management
Backend Tests	Run tests	2026-10-07T05:43:13.6759410Z ok 356 - Wear bearer sessions can use watch APIs and limited session self-management
Backend Tests	Run tests	2026-10-07T05:43:13.6787469Z   ---
Backend Tests	Run tests	2026-10-07T05:43:13.6787779Z   duration_ms: 18.592772
Backend Tests	Run tests	2026-10-07T05:43:13.6788078Z   ...
Backend Tests	Run tests	2026-10-07T05:43:13.6788625Z # Subtest: Wear bearer sessions cannot revoke other sessions or revoke all others
Backend Tests	Run tests	2026-10-07T05:43:13.6789406Z ok 357 - Wear bearer sessions cannot revoke other sessions or revoke all others
Backend Tests	Run tests	2026-10-07T05:43:13.6789856Z   ---
Backend Tests	Run tests	2026-10-07T05:43:13.6790097Z   duration_ms: 12.895183
Backend Tests	Run tests	2026-10-07T05:43:13.6790366Z   ...
Backend Tests	Run tests	2026-10-07T05:43:17.5448154Z # Subtest: mobile auth parses Android device metadata
Backend Tests	Run tests	2026-10-07T05:43:17.5449237Z ok 358 - mobile auth parses Android device metadata
Backend Tests	Run tests	2026-10-07T05:43:17.5455429Z   ---
Backend Tests	Run tests	2026-10-07T05:43:17.5455919Z   duration_ms: 4392.838057
Backend Tests	Run tests	2026-10-07T05:43:17.5456405Z   ...
Backend Tests	Run tests	2026-10-07T05:43:17.5532143Z # Subtest: mobile auth parses iPhone and iPad device metadata
Backend Tests	Run tests	2026-10-07T05:43:17.5587816Z ok 359 - mobile auth parses iPhone and iPad device metadata
Backend Tests	Run tests	2026-10-07T05:43:17.5617610Z   ---
Backend Tests	Run tests	2026-10-07T05:43:17.5647543Z   duration_ms: 96.861427
Backend Tests	Run tests	2026-10-07T05:43:17.5687362Z   ...
Backend Tests	Run tests	2026-10-07T05:43:17.5717734Z # Subtest: Wear pairing origins require HTTPS except on Android-approved local and private hosts
Backend Tests	Run tests	2026-10-07T05:43:17.5737844Z ok 360 - Wear pairing origins require HTTPS except on Android-approved local and private hosts
Backend Tests	Run tests	2026-10-07T05:43:17.5757192Z   ---
Backend Tests	Run tests	2026-10-07T05:43:17.5777523Z   duration_ms: 54.455797
Backend Tests	Run tests	2026-10-07T05:43:17.5807238Z   ...
Backend Tests	Run tests	2026-10-07T05:43:17.5830653Z # Subtest: mobile auth issues a short-lived hashed Wear credential only from an active phone session
Backend Tests	Run tests	2026-10-07T05:43:17.5833289Z ok 361 - mobile auth issues a short-lived hashed Wear credential only from an active phone session
Backend Tests	Run tests	2026-10-07T05:43:17.5833872Z   ---
Backend Tests	Run tests	2026-10-07T05:43:17.5834109Z   duration_ms: 37.892056
Backend Tests	Run tests	2026-10-07T05:43:17.5834386Z   ...
Backend Tests	Run tests	2026-10-07T05:43:17.5835069Z # Subtest: Wear pairing issuance permits concurrent tickets while pruning overflow and stale rows
Backend Tests	Run tests	2026-10-07T05:43:17.5836052Z ok 362 - Wear pairing issuance permits concurrent tickets while pruning overflow and stale rows
Backend Tests	Run tests	2026-10-07T05:43:17.5836652Z   ---
Backend Tests	Run tests	2026-10-07T05:43:17.5837046Z   duration_ms: 26.212049
Backend Tests	Run tests	2026-10-07T05:43:17.5837336Z   ...
Backend Tests	Run tests	2026-10-07T05:43:17.5837980Z # Subtest: mobile auth exchanges a pairing token once for a Wear OS session bound to the same server
Backend Tests	Run tests	2026-10-07T05:43:17.5838951Z ok 363 - mobile auth exchanges a pairing token once for a Wear OS session bound to the same server
Backend Tests	Run tests	2026-10-07T05:43:17.5839518Z   ---
Backend Tests	Run tests	2026-10-07T05:43:17.5839763Z   duration_ms: 40.536362
Backend Tests	Run tests	2026-10-07T05:43:17.5840040Z   ...
Backend Tests	Run tests	2026-10-07T05:43:17.5840695Z # Subtest: mobile auth rejects cross-server or revoked-phone Wear exchanges without consuming the token
Backend Tests	Run tests	2026-10-07T05:43:17.5841702Z ok 364 - mobile auth rejects cross-server or revoked-phone Wear exchanges without consuming the token
Backend Tests	Run tests	2026-10-07T05:43:17.5842268Z   ---
Backend Tests	Run tests	2026-10-07T05:43:17.5842692Z   duration_ms: 23.709486
Backend Tests	Run tests	2026-10-07T05:43:17.5843232Z   ...
Backend Tests	Run tests	2026-10-07T05:43:17.5844114Z # Subtest: mobile auth rejects invalid Wear challenge signatures without consuming the credential
Backend Tests	Run tests	2026-10-07T05:43:17.5845258Z ok 365 - mobile auth rejects invalid Wear challenge signatures without consuming the credential
Backend Tests	Run tests	2026-10-07T05:43:17.5846036Z   ---
Backend Tests	Run tests	2026-10-07T05:43:17.5846463Z   duration_ms: 26.617774
Backend Tests	Run tests	2026-10-07T05:43:17.5847168Z   ...
Backend Tests	Run tests	2026-10-07T05:43:17.5847951Z # Subtest: expired consumed Wear retries return expiry without revoking the created session
Backend Tests	Run tests	2026-10-07T05:43:17.5853160Z ok 366 - expired consumed Wear retries return expiry without revoking the created session
Backend Tests	Run tests	2026-10-07T05:43:17.5853910Z   ---
Backend Tests	Run tests	2026-10-07T05:43:17.5854365Z   duration_ms: 33.641625
Backend Tests	Run tests	2026-10-07T05:43:17.5854830Z   ...
Backend Tests	Run tests	2026-10-07T05:43:17.5855423Z # Subtest: mobile auth issues hashed opaque session tokens
Backend Tests	Run tests	2026-10-07T05:43:17.5856188Z ok 367 - mobile auth issues hashed opaque session tokens
Backend Tests	Run tests	2026-10-07T05:43:17.5856912Z   ---
Backend Tests	Run tests	2026-10-07T05:43:17.5857320Z   duration_ms: 41.454407
Backend Tests	Run tests	2026-10-07T05:43:17.5857742Z   ...
Backend Tests	Run tests	2026-10-07T05:43:17.5858462Z # Subtest: mobile auth validates bearer access tokens and hydrates the client user
Backend Tests	Run tests	2026-10-07T05:43:17.5859469Z ok 368 - mobile auth validates bearer access tokens and hydrates the client user
Backend Tests	Run tests	2026-10-07T05:43:17.5860138Z   ---
Backend Tests	Run tests	2026-10-07T05:43:17.5860546Z   duration_ms: 34.336361
Backend Tests	Run tests	2026-10-07T05:43:17.5861027Z   ...
Backend Tests	Run tests	2026-10-07T05:43:17.5861706Z # Subtest: Wear bearer authentication exposes only the reduced principal
Backend Tests	Run tests	2026-10-07T05:43:17.5862585Z ok 369 - Wear bearer authentication exposes only the reduced principal
Backend Tests	Run tests	2026-10-07T05:43:17.5863220Z   ---
Backend Tests	Run tests	2026-10-07T05:43:17.5863629Z   duration_ms: 33.095966
Backend Tests	Run tests	2026-10-07T05:43:17.5864063Z   ...
Backend Tests	Run tests	2026-10-07T05:43:17.5864795Z # Subtest: mobile auth allows exactly one successor for concurrent refresh-token replays
Backend Tests	Run tests	2026-10-07T05:43:17.5865866Z ok 370 - mobile auth allows exactly one successor for concurrent refresh-token replays
Backend Tests	Run tests	2026-10-07T05:43:17.5866982Z   ---
Backend Tests	Run tests	2026-10-07T05:43:17.5867435Z   duration_ms: 34.227383
Backend Tests	Run tests	2026-10-07T05:43:17.5867894Z   ...
Backend Tests	Run tests	2026-10-07T05:43:17.5868449Z # Subtest: Wear refresh returns only the reduced principal
Backend Tests	Run tests	2026-10-07T05:43:17.5869415Z ok 371 - Wear refresh returns only the reduced principal
Backend Tests	Run tests	2026-10-07T05:43:17.5870005Z   ---
Backend Tests	Run tests	2026-10-07T05:43:17.5870415Z   duration_ms: 27.129453
Backend Tests	Run tests	2026-10-07T05:43:17.5870851Z   ...
Backend Tests	Run tests	2026-10-07T05:43:17.5871528Z # Subtest: mobile auth logout revokes push subscriptions bound to the session
Backend Tests	Run tests	2026-10-07T05:43:17.5872436Z ok 372 - mobile auth logout revokes push subscriptions bound to the session
Backend Tests	Run tests	2026-10-07T05:43:17.5873087Z   ---
Backend Tests	Run tests	2026-10-07T05:43:17.5873498Z   duration_ms: 21.155037
Backend Tests	Run tests	2026-10-07T05:43:17.5873941Z   ...
Backend Tests	Run tests	2026-10-07T05:43:17.5874654Z # Subtest: mobile auth lists only safe session metadata and marks the current device
Backend Tests	Run tests	2026-10-07T05:43:17.5875671Z ok 373 - mobile auth lists only safe session metadata and marks the current device
Backend Tests	Run tests	2026-10-07T05:43:17.5876332Z   ---
Backend Tests	Run tests	2026-10-07T05:43:17.5876980Z   duration_ms: 29.503898
Backend Tests	Run tests	2026-10-07T05:43:17.5877461Z   ...
Backend Tests	Run tests	2026-10-07T05:43:17.5878098Z # Subtest: mobile auth cannot revoke a session owned by another user
Backend Tests	Run tests	2026-10-07T05:43:17.5878959Z ok 374 - mobile auth cannot revoke a session owned by another user
Backend Tests	Run tests	2026-10-07T05:43:17.5879596Z   ---
Backend Tests	Run tests	2026-10-07T05:43:17.5880021Z   duration_ms: 32.308864
Backend Tests	Run tests	2026-10-07T05:43:17.5880505Z   ...
Backend Tests	Run tests	2026-10-07T05:43:17.5881350Z # Subtest: verified mobile issuance rejects stale credentials before reading account or creating tokens
Backend Tests	Run tests	2026-10-07T05:43:17.5882566Z ok 375 - verified mobile issuance rejects stale credentials before reading account or creating tokens
Backend Tests	Run tests	2026-10-07T05:43:17.5883325Z   ---
Backend Tests	Run tests	2026-10-07T05:43:17.5883764Z   duration_ms: 27.220757
Backend Tests	Run tests	2026-10-07T05:43:17.5884226Z   ...
Backend Tests	Run tests	2026-10-07T05:43:17.5885008Z # Subtest: verified mobile issuance preserves restricted access and returns only after commit
Backend Tests	Run tests	2026-10-07T05:43:17.5886142Z ok 376 - verified mobile issuance preserves restricted access and returns only after commit
Backend Tests	Run tests	2026-10-07T05:43:17.5886964Z   ---
Backend Tests	Run tests	2026-10-07T05:43:17.5887377Z   duration_ms: 36.837763
Backend Tests	Run tests	2026-10-07T05:43:17.5887815Z   ...
Backend Tests	Run tests	2026-10-07T05:43:17.5888613Z # Subtest: verified mobile issuance propagates transaction failure without returning credentials
Backend Tests	Run tests	2026-10-07T05:43:17.5889795Z ok 377 - verified mobile issuance propagates transaction failure without returning credentials
Backend Tests	Run tests	2026-10-07T05:43:17.5890544Z   ---
Backend Tests	Run tests	2026-10-07T05:43:17.5890960Z   duration_ms: 23.012846
Backend Tests	Run tests	2026-10-07T05:43:17.5891482Z   ...
Backend Tests	Run tests	2026-10-07T05:43:20.8298339Z # Subtest: PostgreSQL orders verified native issuance against credential changes and deletion
Backend Tests	Run tests	2026-10-07T05:43:20.8461972Z     # Subtest: password commits first: stale verified login creates no session
Backend Tests	Run tests	2026-10-07T05:43:20.8488629Z     ok 1 - password commits first: stale verified login creates no session
Backend Tests	Run tests	2026-10-07T05:43:20.8492256Z       ---
Backend Tests	Run tests	2026-10-07T05:43:20.8496037Z       duration_ms: 297.223441
Backend Tests	Run tests	2026-10-07T05:43:20.8517643Z       ...
Backend Tests	Run tests	2026-10-07T05:43:20.9430063Z     # Subtest: issuance commits first: later password revokes or cascades its session
Backend Tests	Run tests	2026-10-07T05:43:20.9480203Z     ok 2 - issuance commits first: later password revokes or cascades its session
Backend Tests	Run tests	2026-10-07T05:43:20.9526191Z       ---
Backend Tests	Run tests	2026-10-07T05:43:20.9527814Z       duration_ms: 119.953182
Backend Tests	Run tests	2026-10-07T05:43:20.9557619Z       ...
Backend Tests	Run tests	2026-10-07T05:43:21.0031409Z     # Subtest: delete commits first: stale verified login creates no session
Backend Tests	Run tests	2026-10-07T05:43:21.0098364Z     ok 3 - delete commits first: stale verified login creates no session
Backend Tests	Run tests	2026-10-07T05:43:21.0170705Z       ---
Backend Tests	Run tests	2026-10-07T05:43:21.0171421Z       duration_ms: 58.377636
Backend Tests	Run tests	2026-10-07T05:43:21.0171885Z       ...
Backend Tests	Run tests	2026-10-07T05:43:21.0429201Z     # Subtest: issuance commits first: later delete revokes or cascades its session
Backend Tests	Run tests	2026-10-07T05:43:21.0465271Z     ok 4 - issuance commits first: later delete revokes or cascades its session
Backend Tests	Run tests	2026-10-07T05:43:21.0466131Z       ---
Backend Tests	Run tests	2026-10-07T05:43:21.0466537Z       duration_ms: 38.63073
Backend Tests	Run tests	2026-10-07T05:43:21.0467121Z       ...
Backend Tests	Run tests	2026-10-07T05:43:21.0888243Z     # Subtest: commit failure rolls back the session without returning tokens
Backend Tests	Run tests	2026-10-07T05:43:21.1001626Z     ok 5 - commit failure rolls back the session without returning tokens
Backend Tests	Run tests	2026-10-07T05:43:21.1027592Z       ---
Backend Tests	Run tests	2026-10-07T05:43:21.1062471Z       duration_ms: 34.432716
Backend Tests	Run tests	2026-10-07T05:43:21.1087716Z       ...
Backend Tests	Run tests	2026-10-07T05:43:21.2866612Z     1..5
Backend Tests	Run tests	2026-10-07T05:43:21.2868102Z ok 378 - PostgreSQL orders verified native issuance against credential changes and deletion
Backend Tests	Run tests	2026-10-07T05:43:21.2868826Z   ---
Backend Tests	Run tests	2026-10-07T05:43:21.2869423Z   duration_ms: 8517.743478
Backend Tests	Run tests	2026-10-07T05:43:21.2870074Z   ...
Backend Tests	Run tests	2026-10-07T05:43:21.3824503Z # Subtest: myFoodsRecipeUtils: parseMyFoodIngredientInput validates ids and quantities
Backend Tests	Run tests	2026-10-07T05:43:21.3864686Z ok 379 - myFoodsRecipeUtils: parseMyFoodIngredientInput validates ids and quantities
Backend Tests	Run tests	2026-10-07T05:43:21.3874023Z   ---
Backend Tests	Run tests	2026-10-07T05:43:21.3874663Z   duration_ms: 2.155695
Backend Tests	Run tests	2026-10-07T05:43:21.3875112Z   ...
Backend Tests	Run tests	2026-10-07T05:43:21.3876105Z # Subtest: myFoodsRecipeUtils: buildExternalIngredientSnapshotRow validates required fields and normalizes optionals
Backend Tests	Run tests	2026-10-07T05:43:21.3877969Z ok 380 - myFoodsRecipeUtils: buildExternalIngredientSnapshotRow validates required fields and normalizes optionals
Backend Tests	Run tests	2026-10-07T05:43:21.3878854Z   ---
Backend Tests	Run tests	2026-10-07T05:43:21.3879241Z   duration_ms: 0.541994
Backend Tests	Run tests	2026-10-07T05:43:21.3879652Z   ...
Backend Tests	Run tests	2026-10-07T05:43:21.3880404Z # Subtest: myFoodsRecipeUtils: buildExternalIngredientSnapshotRow rejects invalid inputs
Backend Tests	Run tests	2026-10-07T05:43:21.3881501Z ok 381 - myFoodsRecipeUtils: buildExternalIngredientSnapshotRow rejects invalid inputs
Backend Tests	Run tests	2026-10-07T05:43:21.3882211Z   ---
Backend Tests	Run tests	2026-10-07T05:43:21.3882610Z   duration_ms: 0.199081
Backend Tests	Run tests	2026-10-07T05:43:21.3883027Z   ...
Backend Tests	Run tests	2026-10-07T05:43:21.3883934Z # Subtest: myFoodsRecipeUtils: buildFoodLogIngredientSnapshotRow preserves every historical snapshot
Backend Tests	Run tests	2026-10-07T05:43:21.3885184Z ok 382 - myFoodsRecipeUtils: buildFoodLogIngredientSnapshotRow preserves every historical snapshot
Backend Tests	Run tests	2026-10-07T05:43:21.3885918Z   ---
Backend Tests	Run tests	2026-10-07T05:43:21.3886310Z   duration_ms: 0.262484
Backend Tests	Run tests	2026-10-07T05:43:21.3886885Z   ...
Backend Tests	Run tests	2026-10-07T05:43:21.3887544Z # Subtest: myFoodsUtils: normalizeServingUnitLabel trims and collapses whitespace
Backend Tests	Run tests	2026-10-07T05:43:21.3888492Z ok 383 - myFoodsUtils: normalizeServingUnitLabel trims and collapses whitespace
Backend Tests	Run tests	2026-10-07T05:43:21.3891107Z   ---
Backend Tests	Run tests	2026-10-07T05:43:21.3891560Z   duration_ms: 1.319992
Backend Tests	Run tests	2026-10-07T05:43:21.3891976Z   ...
Backend Tests	Run tests	2026-10-07T05:43:21.3892654Z # Subtest: myFoodsUtils: normalizeServingUnitLabel enforces max length
Backend Tests	Run tests	2026-10-07T05:43:21.3893538Z ok 384 - myFoodsUtils: normalizeServingUnitLabel enforces max length
Backend Tests	Run tests	2026-10-07T05:43:21.3894144Z   ---
Backend Tests	Run tests	2026-10-07T05:43:21.3894471Z   duration_ms: 0.139615
Backend Tests	Run tests	2026-10-07T05:43:21.3894829Z   ...
Backend Tests	Run tests	2026-10-07T05:43:21.3895391Z # Subtest: myFoodsUtils: normalizeMyFoodName trims and collapses whitespace
Backend Tests	Run tests	2026-10-07T05:43:21.3896203Z ok 385 - myFoodsUtils: normalizeMyFoodName trims and collapses whitespace
Backend Tests	Run tests	2026-10-07T05:43:21.3896906Z   ---
Backend Tests	Run tests	2026-10-07T05:43:21.3897371Z   duration_ms: 0.135838
Backend Tests	Run tests	2026-10-07T05:43:21.3897731Z   ...
Backend Tests	Run tests	2026-10-07T05:43:21.3898254Z # Subtest: myFoodsUtils: normalizeMyFoodName enforces max length
Backend Tests	Run tests	2026-10-07T05:43:21.3898971Z ok 386 - myFoodsUtils: normalizeMyFoodName enforces max length
Backend Tests	Run tests	2026-10-07T05:43:21.3899511Z   ---
Backend Tests	Run tests	2026-10-07T05:43:21.3899854Z   duration_ms: 0.104964
Backend Tests	Run tests	2026-10-07T05:43:21.3900214Z   ...
Backend Tests	Run tests	2026-10-07T05:43:21.3900862Z # Subtest: myFoodsUtils: normalizeOptionalString trims and treats empty as missing
Backend Tests	Run tests	2026-10-07T05:43:21.3901725Z ok 387 - myFoodsUtils: normalizeOptionalString trims and treats empty as missing
Backend Tests	Run tests	2026-10-07T05:43:21.3902294Z   ---
Backend Tests	Run tests	2026-10-07T05:43:21.3902642Z   duration_ms: 0.136389
Backend Tests	Run tests	2026-10-07T05:43:21.3903036Z   ...
Backend Tests	Run tests	2026-10-07T05:43:21.3903773Z # Subtest: myFoodsUtils: createHttpError and isHttpError provide lightweight status codes
Backend Tests	Run tests	2026-10-07T05:43:21.3904811Z ok 388 - myFoodsUtils: createHttpError and isHttpError provide lightweight status codes
Backend Tests	Run tests	2026-10-07T05:43:21.3905494Z   ---
Backend Tests	Run tests	2026-10-07T05:43:21.3905867Z   duration_ms: 0.126505
Backend Tests	Run tests	2026-10-07T05:43:21.3906944Z   ...
Backend Tests	Run tests	2026-10-07T05:43:21.3907639Z # Subtest: native push defaults to disabled and requires an explicit Expo opt-in
Backend Tests	Run tests	2026-10-07T05:43:21.3908520Z ok 389 - native push defaults to disabled and requires an explicit Expo opt-in
Backend Tests	Run tests	2026-10-07T05:43:21.3909593Z   ---
Backend Tests	Run tests	2026-10-07T05:43:21.3910116Z   duration_ms: 3.541374
Backend Tests	Run tests	2026-10-07T05:43:21.3910399Z   ...
Backend Tests	Run tests	2026-10-07T05:43:21.3910827Z # Subtest: native push reports only invalid configured modes
Backend Tests	Run tests	2026-10-07T05:43:21.3911426Z ok 390 - native push reports only invalid configured modes
Backend Tests	Run tests	2026-10-07T05:43:21.3911831Z   ---
Backend Tests	Run tests	2026-10-07T05:43:21.3912065Z   duration_ms: 0.318426
Backend Tests	Run tests	2026-10-07T05:43:21.3912321Z   ...
Backend Tests	Run tests	2026-10-07T05:43:23.1640217Z # Subtest: notification pages use an owner-scoped stable tuple cursor and bind it to the view
Backend Tests	Run tests	2026-10-07T05:43:23.1688240Z ok 391 - notification pages use an owner-scoped stable tuple cursor and bind it to the view
Backend Tests	Run tests	2026-10-07T05:43:23.1712460Z   ---
Backend Tests	Run tests	2026-10-07T05:43:23.1737657Z   duration_ms: 3747.375759
Backend Tests	Run tests	2026-10-07T05:43:23.1738089Z   ...
Backend Tests	Run tests	2026-10-07T05:43:23.1738765Z # Subtest: active paging retains the legacy unread predicate and rejects malformed query values
Backend Tests	Run tests	2026-10-07T05:43:23.1739753Z ok 392 - active paging retains the legacy unread predicate and rejects malformed query values
Backend Tests	Run tests	2026-10-07T05:43:23.1740347Z   ---
Backend Tests	Run tests	2026-10-07T05:43:23.1740584Z   duration_ms: 55.016488
Backend Tests	Run tests	2026-10-07T05:43:23.1740877Z   ...
Backend Tests	Run tests	2026-10-07T05:43:23.1741448Z # Subtest: mark all read is owner-scoped, idempotent, and publishes no private payload
Backend Tests	Run tests	2026-10-07T05:43:23.1742322Z ok 393 - mark all read is owner-scoped, idempotent, and publishes no private payload
Backend Tests	Run tests	2026-10-07T05:43:23.1742838Z   ---
Backend Tests	Run tests	2026-10-07T05:43:23.1743097Z   duration_ms: 44.373663
Backend Tests	Run tests	2026-10-07T05:43:23.1743385Z   ...
Backend Tests	Run tests	2026-10-07T05:43:23.1743955Z # Subtest: route preserves no-query response and exposes paged history plus read-all
Backend Tests	Run tests	2026-10-07T05:43:23.1744803Z ok 394 - route preserves no-query response and exposes paged history plus read-all
Backend Tests	Run tests	2026-10-07T05:43:23.1745337Z   ---
Backend Tests	Run tests	2026-10-07T05:43:23.1745586Z   duration_ms: 630.996569
Backend Tests	Run tests	2026-10-07T05:43:23.1745876Z   ...
Backend Tests	Run tests	2026-10-07T05:43:24.7539605Z # Subtest: native push delivery does not read or send stored tokens while operator mode is disabled
Backend Tests	Run tests	2026-10-07T05:43:24.7567783Z ok 395 - native push delivery does not read or send stored tokens while operator mode is disabled
Backend Tests	Run tests	2026-10-07T05:43:24.7598213Z   ---
Backend Tests	Run tests	2026-10-07T05:43:24.7687744Z   duration_ms: 1282.310544
Backend Tests	Run tests	2026-10-07T05:43:24.7800812Z   ...
Backend Tests	Run tests	2026-10-07T05:43:24.7859611Z # Subtest: deliverUserNotification creates one in-app notification and dedupes repeated keys
Backend Tests	Run tests	2026-10-07T05:43:24.7887982Z ok 396 - deliverUserNotification creates one in-app notification and dedupes repeated keys
Backend Tests	Run tests	2026-10-07T05:43:24.7906412Z   ---
Backend Tests	Run tests	2026-10-07T05:43:24.7927435Z   duration_ms: 36.54681
Backend Tests	Run tests	2026-10-07T05:43:24.7927964Z   ...
Backend Tests	Run tests	2026-10-07T05:43:24.7928871Z # Subtest: deliverUserNotification publishes realtime update when in-app notification is created
Backend Tests	Run tests	2026-10-07T05:43:24.7930121Z ok 397 - deliverUserNotification publishes realtime update when in-app notification is created
Backend Tests	Run tests	2026-10-07T05:43:24.7930958Z   ---
Backend Tests	Run tests	2026-10-07T05:43:24.7931363Z   duration_ms: 26.401754
Backend Tests	Run tests	2026-10-07T05:43:24.7931807Z   ...
Backend Tests	Run tests	2026-10-07T05:43:24.7932508Z # Subtest: deliverUserNotification skips push when endpoint lookup fails
Backend Tests	Run tests	2026-10-07T05:43:24.7933461Z ok 398 - deliverUserNotification skips push when endpoint lookup fails
Backend Tests	Run tests	2026-10-07T05:43:24.7934123Z   ---
Backend Tests	Run tests	2026-10-07T05:43:24.7934512Z   duration_ms: 22.795372
Backend Tests	Run tests	2026-10-07T05:43:24.7934928Z   ...
Backend Tests	Run tests	2026-10-07T05:43:24.7935752Z # Subtest: deliverUserNotification sends push and updates last sent date for successful deliveries
Backend Tests	Run tests	2026-10-07T05:43:24.7937052Z ok 399 - deliverUserNotification sends push and updates last sent date for successful deliveries
Backend Tests	Run tests	2026-10-07T05:43:24.7937922Z   ---
Backend Tests	Run tests	2026-10-07T05:43:24.7938328Z   duration_ms: 19.743011
Backend Tests	Run tests	2026-10-07T05:43:24.7938757Z   ...
Backend Tests	Run tests	2026-10-07T05:43:24.7939489Z # Subtest: deliverUserNotification skips push when local-day send already happened
Backend Tests	Run tests	2026-10-07T05:43:24.7941036Z ok 400 - deliverUserNotification skips push when local-day send already happened
Backend Tests	Run tests	2026-10-07T05:43:24.7941713Z   ---
Backend Tests	Run tests	2026-10-07T05:43:24.7942106Z   duration_ms: 19.045696
Backend Tests	Run tests	2026-10-07T05:43:24.7942556Z   ...
Backend Tests	Run tests	2026-10-07T05:43:24.7943613Z # Subtest: records one terminal failure when sent-date persistence fails after web push sends
Backend Tests	Run tests	2026-10-07T05:43:24.7944734Z ok 401 - records one terminal failure when sent-date persistence fails after web push sends
Backend Tests	Run tests	2026-10-07T05:43:24.7945428Z   ---
Backend Tests	Run tests	2026-10-07T05:43:24.7945817Z   duration_ms: 23.208863
Backend Tests	Run tests	2026-10-07T05:43:24.7946239Z   ...
Backend Tests	Run tests	2026-10-07T05:43:24.7947107Z # Subtest: records one terminal failure when sent-date persistence fails after native push sends
Backend Tests	Run tests	2026-10-07T05:43:24.7948239Z ok 402 - records one terminal failure when sent-date persistence fails after native push sends
Backend Tests	Run tests	2026-10-07T05:43:24.7948942Z   ---
Backend Tests	Run tests	2026-10-07T05:43:24.7949336Z   duration_ms: 16.279923
Backend Tests	Run tests	2026-10-07T05:43:24.7949764Z   ...
Backend Tests	Run tests	2026-10-07T05:43:26.3949523Z # Subtest: notification realtime publisher fans out only to the subscribed user and cleans up
Backend Tests	Run tests	2026-10-07T05:43:26.3954461Z ok 403 - notification realtime publisher fans out only to the subscribed user and cleans up
Backend Tests	Run tests	2026-10-07T05:43:26.3955257Z   ---
Backend Tests	Run tests	2026-10-07T05:43:26.3955777Z   duration_ms: 100.20273
Backend Tests	Run tests	2026-10-07T05:43:26.3957836Z   ...
Backend Tests	Run tests	2026-10-07T05:43:26.3960517Z # Subtest: notification realtime payload guard accepts the shared SSE wire shape
Backend Tests	Run tests	2026-10-07T05:43:26.3961533Z ok 404 - notification realtime payload guard accepts the shared SSE wire shape
Backend Tests	Run tests	2026-10-07T05:43:26.3962181Z   ---
Backend Tests	Run tests	2026-10-07T05:43:26.3962542Z   duration_ms: 0.241774
Backend Tests	Run tests	2026-10-07T05:43:26.3962942Z   ...
Backend Tests	Run tests	2026-10-07T05:43:26.3963602Z # Subtest: notification stream middleware rejects unauthenticated browser sessions
Backend Tests	Run tests	2026-10-07T05:43:26.3964568Z ok 405 - notification stream middleware rejects unauthenticated browser sessions
Backend Tests	Run tests	2026-10-07T05:43:26.3965223Z   ---
Backend Tests	Run tests	2026-10-07T05:43:26.3965578Z   duration_ms: 2098.213337
Backend Tests	Run tests	2026-10-07T05:43:26.3965925Z   ...
Backend Tests	Run tests	2026-10-07T05:43:26.3966569Z # Subtest: notification stream writes user-scoped events and releases its subscription on close
Backend Tests	Run tests	2026-10-07T05:43:26.3967761Z ok 406 - notification stream writes user-scoped events and releases its subscription on close
Backend Tests	Run tests	2026-10-07T05:43:26.3968379Z   ---
Backend Tests	Run tests	2026-10-07T05:43:26.3968702Z   duration_ms: 30.444361
Backend Tests	Run tests	2026-10-07T05:43:26.3969050Z   ...
Backend Tests	Run tests	2026-10-07T05:43:26.3969636Z # Subtest: in-app notification mutations publish realtime updates when rows change
Backend Tests	Run tests	2026-10-07T05:43:26.3970577Z ok 407 - in-app notification mutations publish realtime updates when rows change
Backend Tests	Run tests	2026-10-07T05:43:26.3971281Z   ---
Backend Tests	Run tests	2026-10-07T05:43:26.3971601Z   duration_ms: 31.998233
Backend Tests	Run tests	2026-10-07T05:43:26.3971898Z   ...
Backend Tests	Run tests	2026-10-07T05:43:26.3972512Z # Subtest: dismissing a previously read notification preserves its original read timestamp
Backend Tests	Run tests	2026-10-07T05:43:26.3973417Z ok 408 - dismissing a previously read notification preserves its original read timestamp
Backend Tests	Run tests	2026-10-07T05:43:26.3973945Z   ---
Backend Tests	Run tests	2026-10-07T05:43:26.3974198Z   duration_ms: 41.045454
Backend Tests	Run tests	2026-10-07T05:43:26.3974487Z   ...
Backend Tests	Run tests	2026-10-07T05:43:26.3975055Z # Subtest: in-app notification mutations skip realtime publishing when nothing changed
Backend Tests	Run tests	2026-10-07T05:43:26.3988499Z ok 409 - in-app notification mutations skip realtime publishing when nothing changed
Backend Tests	Run tests	2026-10-07T05:43:26.3989118Z   ---
Backend Tests	Run tests	2026-10-07T05:43:26.3989373Z   duration_ms: 37.183132
Backend Tests	Run tests	2026-10-07T05:43:26.3989669Z   ...
Backend Tests	Run tests	2026-10-07T05:43:26.4695583Z # Subtest: extracts calories and preserves the printed household unit and metric equivalent
Backend Tests	Run tests	2026-10-07T05:43:26.4734086Z ok 410 - extracts calories and preserves the printed household unit and metric equivalent
Backend Tests	Run tests	2026-10-07T05:43:26.4747313Z   ---
Backend Tests	Run tests	2026-10-07T05:43:26.4747619Z   duration_ms: 3.133676
Backend Tests	Run tests	2026-10-07T05:43:26.4747905Z   ...
Backend Tests	Run tests	2026-10-07T05:43:26.4748266Z # Subtest: parses serving size 2/3 cup (55g)
Backend Tests	Run tests	2026-10-07T05:43:26.4748746Z ok 411 - parses serving size 2/3 cup (55g)
Backend Tests	Run tests	2026-10-07T05:43:26.4749085Z   ---
Backend Tests	Run tests	2026-10-07T05:43:26.4749320Z   duration_ms: 0.566038
Backend Tests	Run tests	2026-10-07T05:43:26.4749579Z   ...
Backend Tests	Run tests	2026-10-07T05:43:26.4750640Z # Subtest: parses serving size ½ cup (125 mL)
Backend Tests	Run tests	2026-10-07T05:43:26.4751174Z ok 412 - parses serving size ½ cup (125 mL)
Backend Tests	Run tests	2026-10-07T05:43:26.4751516Z   ---
Backend Tests	Run tests	2026-10-07T05:43:26.4751766Z   duration_ms: 0.210128
Backend Tests	Run tests	2026-10-07T05:43:26.4752239Z   ...
Backend Tests	Run tests	2026-10-07T05:43:26.4752656Z # Subtest: parses serving size 1½ cups (240 g)
Backend Tests	Run tests	2026-10-07T05:43:26.4753174Z ok 413 - parses serving size 1½ cups (240 g)
Backend Tests	Run tests	2026-10-07T05:43:26.4753510Z   ---
Backend Tests	Run tests	2026-10-07T05:43:26.4753741Z   duration_ms: 0.160755
Backend Tests	Run tests	2026-10-07T05:43:26.4754008Z   ...
Backend Tests	Run tests	2026-10-07T05:43:26.4754320Z # Subtest: parses serving size 1 1/4 cups
Backend Tests	Run tests	2026-10-07T05:43:26.4754743Z ok 414 - parses serving size 1 1/4 cups
Backend Tests	Run tests	2026-10-07T05:43:26.4755065Z   ---
Backend Tests	Run tests	2026-10-07T05:43:26.4755351Z   duration_ms: 0.094579
Backend Tests	Run tests	2026-10-07T05:43:26.4777262Z   ...
Backend Tests	Run tests	2026-10-07T05:43:26.4827583Z # Subtest: parses serving size 30g
Backend Tests	Run tests	2026-10-07T05:43:26.4835971Z ok 415 - parses serving size 30g
Backend Tests	Run tests	2026-10-07T05:43:26.4838017Z   ---
Backend Tests	Run tests	2026-10-07T05:43:26.4838316Z   duration_ms: 0.077994
Backend Tests	Run tests	2026-10-07T05:43:26.4838672Z   ...
Backend Tests	Run tests	2026-10-07T05:43:26.4839003Z # Subtest: parses serving size 240 mL
Backend Tests	Run tests	2026-10-07T05:43:26.4839420Z ok 416 - parses serving size 240 mL
Backend Tests	Run tests	2026-10-07T05:43:26.4839744Z   ---
Backend Tests	Run tests	2026-10-07T05:43:26.4839992Z   duration_ms: 0.15715
Backend Tests	Run tests	2026-10-07T05:43:26.4840278Z   ...
Backend Tests	Run tests	2026-10-07T05:43:26.4840631Z # Subtest: parses serving size 1,5 oz (42 g)
Backend Tests	Run tests	2026-10-07T05:43:26.4841080Z ok 417 - parses serving size 1,5 oz (42 g)
Backend Tests	Run tests	2026-10-07T05:43:26.4841414Z   ---
Backend Tests	Run tests	2026-10-07T05:43:26.4841655Z   duration_ms: 0.159133
Backend Tests	Run tests	2026-10-07T05:43:26.4841926Z   ...
Backend Tests	Run tests	2026-10-07T05:43:26.4842269Z # Subtest: parses serving size 3 pieces (28 g)
Backend Tests	Run tests	2026-10-07T05:43:26.4842816Z ok 418 - parses serving size 3 pieces (28 g)
Backend Tests	Run tests	2026-10-07T05:43:26.4857604Z   ---
Backend Tests	Run tests	2026-10-07T05:43:26.4857883Z   duration_ms: 0.19831
Backend Tests	Run tests	2026-10-07T05:43:26.4858168Z   ...
Backend Tests	Run tests	2026-10-07T05:43:26.4858712Z # Subtest: explicit zero calories are valid while unreadable values remain null
Backend Tests	Run tests	2026-10-07T05:43:26.4859499Z ok 419 - explicit zero calories are valid while unreadable values remain null
Backend Tests	Run tests	2026-10-07T05:43:26.4859997Z   ---
Backend Tests	Run tests	2026-10-07T05:43:26.4860252Z   duration_ms: 0.210138
Backend Tests	Run tests	2026-10-07T05:43:26.4860523Z   ...
Backend Tests	Run tests	2026-10-07T05:43:26.4861096Z # Subtest: does not guess calories from ambiguous or unsupported panel: Calories 150 300
Backend Tests	Run tests	2026-10-07T05:43:26.4861980Z ok 420 - does not guess calories from ambiguous or unsupported panel: Calories 150 300
Backend Tests	Run tests	2026-10-07T05:43:26.4862495Z   ---
Backend Tests	Run tests	2026-10-07T05:43:26.4862744Z   duration_ms: 0.182688
Backend Tests	Run tests	2026-10-07T05:43:26.4863014Z   ...
Backend Tests	Run tests	2026-10-07T05:43:26.4863615Z # Subtest: does not guess calories from ambiguous or unsupported panel: Calories\\n150\\n300
Backend Tests	Run tests	2026-10-07T05:43:26.4864530Z ok 421 - does not guess calories from ambiguous or unsupported panel: Calories\\n150\\n300
Backend Tests	Run tests	2026-10-07T05:43:26.4865052Z   ---
Backend Tests	Run tests	2026-10-07T05:43:26.4865295Z   duration_ms: 0.100257
Backend Tests	Run tests	2026-10-07T05:43:26.4865568Z   ...
Backend Tests	Run tests	2026-10-07T05:43:26.4866142Z # Subtest: does not guess calories from ambiguous or unsupported panel: Calories 150\\n300
Backend Tests	Run tests	2026-10-07T05:43:26.4867141Z ok 422 - does not guess calories from ambiguous or unsupported panel: Calories 150\\n300
Backend Tests	Run tests	2026-10-07T05:43:26.4867661Z   ---
Backend Tests	Run tests	2026-10-07T05:43:26.4867889Z   duration_ms: 0.076552
Backend Tests	Run tests	2026-10-07T05:43:26.4868152Z   ...
Backend Tests	Run tests	2026-10-07T05:43:26.4868779Z # Subtest: does not guess calories from ambiguous or unsupported panel: Calories 150\\nCalories 300
Backend Tests	Run tests	2026-10-07T05:43:26.4869749Z ok 423 - does not guess calories from ambiguous or unsupported panel: Calories 150\\nCalories 300
Backend Tests	Run tests	2026-10-07T05:43:26.4870308Z   ---
Backend Tests	Run tests	2026-10-07T05:43:26.4870557Z   duration_ms: 0.166784
Backend Tests	Run tests	2026-10-07T05:43:26.4870806Z   ...
Backend Tests	Run tests	2026-10-07T05:43:26.4871496Z # Subtest: does not guess calories from ambiguous or unsupported panel: Per serving Per container\\nCalories 150
Backend Tests	Run tests	2026-10-07T05:43:26.4872606Z ok 424 - does not guess calories from ambiguous or unsupported panel: Per serving Per container\\nCalories 150
Backend Tests	Run tests	2026-10-07T05:43:26.4873214Z   ---
Backend Tests	Run tests	2026-10-07T05:43:26.4873460Z   duration_ms: 0.152754
Backend Tests	Run tests	2026-10-07T05:43:26.4873721Z   ...
Backend Tests	Run tests	2026-10-07T05:43:26.4874318Z # Subtest: does not guess calories from ambiguous or unsupported panel: Per 100 g\\nCalories 150
Backend Tests	Run tests	2026-10-07T05:43:26.4875686Z ok 425 - does not guess calories from ambiguous or unsupported panel: Per 100 g\\nCalories 150
Backend Tests	Run tests	2026-10-07T05:43:26.4876401Z   ---
Backend Tests	Run tests	2026-10-07T05:43:26.4876639Z   duration_ms: 0.214534
Backend Tests	Run tests	2026-10-07T05:43:26.4877060Z   ...
Backend Tests	Run tests	2026-10-07T05:43:26.4877743Z # Subtest: does not guess calories from ambiguous or unsupported panel: As packaged As prepared\\nCalories 150
Backend Tests	Run tests	2026-10-07T05:43:26.4878819Z ok 426 - does not guess calories from ambiguous or unsupported panel: As packaged As prepared\\nCalories 150
Backend Tests	Run tests	2026-10-07T05:43:26.4879406Z   ---
Backend Tests	Run tests	2026-10-07T05:43:26.4879645Z   duration_ms: 0.14334
Backend Tests	Run tests	2026-10-07T05:43:26.4879908Z   ...
Backend Tests	Run tests	2026-10-07T05:43:26.4880453Z # Subtest: does not guess calories from ambiguous or unsupported panel: Calories < 5
Backend Tests	Run tests	2026-10-07T05:43:26.4881256Z ok 427 - does not guess calories from ambiguous or unsupported panel: Calories < 5
Backend Tests	Run tests	2026-10-07T05:43:26.4881740Z   ---
Backend Tests	Run tests	2026-10-07T05:43:26.4881973Z   duration_ms: 0.228545
Backend Tests	Run tests	2026-10-07T05:43:26.4882246Z   ...
Backend Tests	Run tests	2026-10-07T05:43:26.4882849Z # Subtest: does not guess calories from ambiguous or unsupported panel: Energy 840 kJ / 200 kcal
Backend Tests	Run tests	2026-10-07T05:43:26.4883767Z ok 428 - does not guess calories from ambiguous or unsupported panel: Energy 840 kJ / 200 kcal
Backend Tests	Run tests	2026-10-07T05:43:26.4884310Z   ---
Backend Tests	Run tests	2026-10-07T05:43:26.4884547Z   duration_ms: 0.145553
Backend Tests	Run tests	2026-10-07T05:43:26.4884811Z   ...
Backend Tests	Run tests	2026-10-07T05:43:26.4885501Z # Subtest: does not use servings per container or invalid quantities as serving size
Backend Tests	Run tests	2026-10-07T05:43:26.4886300Z ok 429 - does not use servings per container or invalid quantities as serving size
Backend Tests	Run tests	2026-10-07T05:43:26.4886956Z   ---
Backend Tests	Run tests	2026-10-07T05:43:26.4887197Z   duration_ms: 0.284367
Backend Tests	Run tests	2026-10-07T05:43:26.4887462Z   ...
Backend Tests	Run tests	2026-10-07T05:43:28.3522671Z # Subtest: rejects invalid, oversized, vector, and excessive-pixel images
Backend Tests	Run tests	2026-10-07T05:43:28.3528689Z ok 430 - rejects invalid, oversized, vector, and excessive-pixel images
Backend Tests	Run tests	2026-10-07T05:43:28.3529305Z   ---
Backend Tests	Run tests	2026-10-07T05:43:28.3529690Z   duration_ms: 883.947411
Backend Tests	Run tests	2026-10-07T05:43:28.3530056Z   ...
Backend Tests	Run tests	2026-10-07T05:43:30.2276260Z # Subtest: real local OCR extracts a label, bounds concurrency, and releases its worker
Backend Tests	Run tests	2026-10-07T05:43:30.2277659Z ok 431 - real local OCR extracts a label, bounds concurrency, and releases its worker
Backend Tests	Run tests	2026-10-07T05:43:30.2282855Z   ---
Backend Tests	Run tests	2026-10-07T05:43:30.2283262Z   duration_ms: 1875.168816
Backend Tests	Run tests	2026-10-07T05:43:30.2283666Z   ...
Backend Tests	Run tests	2026-10-07T05:43:30.8331552Z # Subtest: cancellation terminates OCR and releases the slot before the deadline
Backend Tests	Run tests	2026-10-07T05:43:30.8388242Z ok 432 - cancellation terminates OCR and releases the slot before the deadline
Backend Tests	Run tests	2026-10-07T05:43:30.8447574Z   ---
Backend Tests	Run tests	2026-10-07T05:43:30.8497591Z   duration_ms: 605.352702
Backend Tests	Run tests	2026-10-07T05:43:30.8517102Z   ...
Backend Tests	Run tests	2026-10-07T05:43:30.9108556Z # Subtest: request observability emits bounded metadata without URL, query, headers, identity, or health payloads
Backend Tests	Run tests	2026-10-07T05:43:30.9138195Z ok 433 - request observability emits bounded metadata without URL, query, headers, identity, or health payloads
Backend Tests	Run tests	2026-10-07T05:43:30.9140054Z   ---
Backend Tests	Run tests	2026-10-07T05:43:30.9147472Z   duration_ms: 3.58128
Backend Tests	Run tests	2026-10-07T05:43:30.9147968Z   ...
Backend Tests	Run tests	2026-10-07T05:43:30.9148686Z # Subtest: request IDs, categories, and diagnostic fields are validated and redacted
Backend Tests	Run tests	2026-10-07T05:43:30.9149716Z ok 434 - request IDs, categories, and diagnostic fields are validated and redacted
Backend Tests	Run tests	2026-10-07T05:43:30.9150374Z   ---
Backend Tests	Run tests	2026-10-07T05:43:30.9150749Z   duration_ms: 0.298096
Backend Tests	Run tests	2026-10-07T05:43:30.9151146Z   ...
Backend Tests	Run tests	2026-10-07T05:43:30.9151862Z # Subtest: operational errors omit messages, stacks, and unsafe caller-controlled names
Backend Tests	Run tests	2026-10-07T05:43:30.9152894Z ok 435 - operational errors omit messages, stacks, and unsafe caller-controlled names
Backend Tests	Run tests	2026-10-07T05:43:30.9153556Z   ---
Backend Tests	Run tests	2026-10-07T05:43:30.9153920Z   duration_ms: 0.366947
Backend Tests	Run tests	2026-10-07T05:43:30.9154314Z   ...
Backend Tests	Run tests	2026-10-07T05:43:30.9155098Z # Subtest: metrics surface is opt-in, bearer protected, and contains only bounded aggregate counters
Backend Tests	Run tests	2026-10-07T05:43:30.9156228Z ok 436 - metrics surface is opt-in, bearer protected, and contains only bounded aggregate counters
Backend Tests	Run tests	2026-10-07T05:43:30.9157518Z   ---
Backend Tests	Run tests	2026-10-07T05:43:30.9157893Z   duration_ms: 9.457769
Backend Tests	Run tests	2026-10-07T05:43:30.9158307Z   ...
Backend Tests	Run tests	2026-10-07T05:43:30.9159161Z # Subtest: operation status mapping uses a fixed bounded outcome vocabulary
Backend Tests	Run tests	2026-10-07T05:43:30.9160050Z ok 437 - operation status mapping uses a fixed bounded outcome vocabulary
Backend Tests	Run tests	2026-10-07T05:43:30.9160653Z   ---
Backend Tests	Run tests	2026-10-07T05:43:30.9161019Z   duration_ms: 0.310765
Backend Tests	Run tests	2026-10-07T05:43:30.9161409Z   ...
Backend Tests	Run tests	2026-10-07T05:43:30.9162149Z # Subtest: scheduler metrics keep lastSuccessAt pinned across later failed and skipped runs
Backend Tests	Run tests	2026-10-07T05:43:30.9163228Z ok 438 - scheduler metrics keep lastSuccessAt pinned across later failed and skipped runs
Backend Tests	Run tests	2026-10-07T05:43:30.9163901Z   ---
Backend Tests	Run tests	2026-10-07T05:43:30.9164261Z   duration_ms: 0.314671
Backend Tests	Run tests	2026-10-07T05:43:30.9164649Z   ...
Backend Tests	Run tests	2026-10-07T05:43:30.9165540Z # Subtest: maps generated error names to closed categories and keeps sensitive values out of emitted JSON and metrics
Backend Tests	Run tests	2026-10-07T05:43:30.9167088Z ok 439 - maps generated error names to closed categories and keeps sensitive values out of emitted JSON and metrics
Backend Tests	Run tests	2026-10-07T05:43:30.9167882Z   ---
Backend Tests	Run tests	2026-10-07T05:43:30.9168259Z   duration_ms: 4.282637
Backend Tests	Run tests	2026-10-07T05:43:30.9168652Z   ...
Backend Tests	Run tests	2026-10-07T05:43:31.0023297Z # Subtest: completion parser accepts one complete payload and rejects incomplete or underage input
Backend Tests	Run tests	2026-10-07T05:43:31.0028603Z ok 440 - completion parser accepts one complete payload and rejects incomplete or underage input
Backend Tests	Run tests	2026-10-07T05:43:31.0033669Z   ---
Backend Tests	Run tests	2026-10-07T05:43:31.0034131Z   duration_ms: 19.904986
Backend Tests	Run tests	2026-10-07T05:43:31.0034563Z   ...
Backend Tests	Run tests	2026-10-07T05:43:31.0038007Z # Subtest: atomic completion uses the submitted timezone day and updates an existing goal without duplication
Backend Tests	Run tests	2026-10-07T05:43:31.0040218Z ok 441 - atomic completion uses the submitted timezone day and updates an existing goal without duplication
Backend Tests	Run tests	2026-10-07T05:43:31.0044376Z   ---
Backend Tests	Run tests	2026-10-07T05:43:31.0065032Z   duration_ms: 1.867914
Backend Tests	Run tests	2026-10-07T05:43:31.0065701Z   ...
Backend Tests	Run tests	2026-10-07T05:43:31.0066526Z # Subtest: a later operation returns the first completion receipt without duplicate domain writes
Backend Tests	Run tests	2026-10-07T05:43:31.0068020Z ok 442 - a later operation returns the first completion receipt without duplicate domain writes
Backend Tests	Run tests	2026-10-07T05:43:31.0069906Z   ---
Backend Tests	Run tests	2026-10-07T05:43:31.0070375Z   duration_ms: 1.090627
Backend Tests	Run tests	2026-10-07T05:43:31.0070805Z   ...
Backend Tests	Run tests	2026-10-07T05:43:31.0071443Z # Subtest: representative injected failures leave the committed state unchanged
Backend Tests	Run tests	2026-10-07T05:43:31.0072401Z ok 443 - representative injected failures leave the committed state unchanged
Backend Tests	Run tests	2026-10-07T05:43:31.0073050Z   ---
Backend Tests	Run tests	2026-10-07T05:43:31.0073440Z   duration_ms: 1.895615
Backend Tests	Run tests	2026-10-07T05:43:31.0073850Z   ...
Backend Tests	Run tests	2026-10-07T05:43:31.0074680Z # Subtest: atomic onboarding migration adds only the completion marker and backfills complete legacy accounts
Backend Tests	Run tests	2026-10-07T05:43:31.0075953Z ok 444 - atomic onboarding migration adds only the completion marker and backfills complete legacy accounts
Backend Tests	Run tests	2026-10-07T05:43:31.0076924Z   ---
Backend Tests	Run tests	2026-10-07T05:43:31.0077310Z   duration_ms: 0.317985
Backend Tests	Run tests	2026-10-07T05:43:31.0077661Z   ...
Backend Tests	Run tests	2026-10-07T05:43:31.0692868Z # Subtest: OpenFoodFactsProvider normalizes barcode lookups (nutrients + measures + scaled nutrients)
Backend Tests	Run tests	2026-10-07T05:43:31.0752436Z ok 445 - OpenFoodFactsProvider normalizes barcode lookups (nutrients + measures + scaled nutrients)
Backend Tests	Run tests	2026-10-07T05:43:31.0756528Z   ---
Backend Tests	Run tests	2026-10-07T05:43:31.0756969Z   duration_ms: 3.432204
Backend Tests	Run tests	2026-10-07T05:43:31.0757259Z   ...
Backend Tests	Run tests	2026-10-07T05:43:31.0757861Z # Subtest: OpenFoodFactsProvider omits incomplete products when includeIncomplete=false
Backend Tests	Run tests	2026-10-07T05:43:31.0758787Z ok 446 - OpenFoodFactsProvider omits incomplete products when includeIncomplete=false
Backend Tests	Run tests	2026-10-07T05:43:31.0759340Z   ---
Backend Tests	Run tests	2026-10-07T05:43:31.0759606Z   duration_ms: 0.365274
Backend Tests	Run tests	2026-10-07T05:43:31.0759872Z   ...
Backend Tests	Run tests	2026-10-07T05:43:31.0760500Z # Subtest: OpenFoodFactsProvider (auto mode) falls back to legacy search when v2 yields no matches
Backend Tests	Run tests	2026-10-07T05:43:31.0761957Z ok 447 - OpenFoodFactsProvider (auto mode) falls back to legacy search when v2 yields no matches
Backend Tests	Run tests	2026-10-07T05:43:31.0762541Z   ---
Backend Tests	Run tests	2026-10-07T05:43:31.0762776Z   duration_ms: 1.914162
Backend Tests	Run tests	2026-10-07T05:43:31.0763281Z   ...
Backend Tests	Run tests	2026-10-07T05:43:31.0763915Z # Subtest: OpenFoodFactsProvider (legacy mode) filters and ranks search results by query tokens
Backend Tests	Run tests	2026-10-07T05:43:31.0764890Z ok 448 - OpenFoodFactsProvider (legacy mode) filters and ranks search results by query tokens
Backend Tests	Run tests	2026-10-07T05:43:31.0765467Z   ---
Backend Tests	Run tests	2026-10-07T05:43:31.0765710Z   duration_ms: 0.841812
Backend Tests	Run tests	2026-10-07T05:43:31.0765978Z   ...
Backend Tests	Run tests	2026-10-07T05:43:31.0767061Z # Subtest: OpenFoodFactsProvider (legacy mode) prefers brand+product matches for possessive queries and drops weak product matches
Backend Tests	Run tests	2026-10-07T05:43:31.0768420Z ok 449 - OpenFoodFactsProvider (legacy mode) prefers brand+product matches for possessive queries and drops weak product matches
Backend Tests	Run tests	2026-10-07T05:43:31.0769150Z   ---
Backend Tests	Run tests	2026-10-07T05:43:31.0769389Z   duration_ms: 0.927878
Backend Tests	Run tests	2026-10-07T05:43:31.0769677Z   ...
Backend Tests	Run tests	2026-10-07T05:43:31.0770310Z # Subtest: OpenFoodFactsProvider (legacy mode) throws a detailed error for non-OK search responses
Backend Tests	Run tests	2026-10-07T05:43:31.0771302Z ok 450 - OpenFoodFactsProvider (legacy mode) throws a detailed error for non-OK search responses
Backend Tests	Run tests	2026-10-07T05:43:31.0771899Z   ---
Backend Tests	Run tests	2026-10-07T05:43:31.0772144Z   duration_ms: 1.095583
Backend Tests	Run tests	2026-10-07T05:43:31.0772397Z   ...
Backend Tests	Run tests	2026-10-07T05:43:31.0773214Z # Subtest: OpenFoodFactsProvider (auto mode) attempts a brand-scoped legacy search when v2 returns only generic product matches
Backend Tests	Run tests	2026-10-07T05:43:31.0774521Z ok 451 - OpenFoodFactsProvider (auto mode) attempts a brand-scoped legacy search when v2 returns only generic product matches
Backend Tests	Run tests	2026-10-07T05:43:31.0775239Z   ---
Backend Tests	Run tests	2026-10-07T05:43:31.0775487Z   duration_ms: 0.951553
Backend Tests	Run tests	2026-10-07T05:43:31.0775763Z   ...
Backend Tests	Run tests	2026-10-07T05:43:31.0776258Z # Subtest: OpenFoodFactsProvider (v2 mode) surfaces timeout failures
Backend Tests	Run tests	2026-10-07T05:43:31.0777143Z ok 452 - OpenFoodFactsProvider (v2 mode) surfaces timeout failures
Backend Tests	Run tests	2026-10-07T05:43:31.0777616Z   ---
Backend Tests	Run tests	2026-10-07T05:43:31.0777885Z   duration_ms: 7.645311
Backend Tests	Run tests	2026-10-07T05:43:31.0778157Z   ...
Backend Tests	Run tests	2026-10-07T05:43:31.0778799Z # Subtest: OpenFoodFactsProvider (auto mode) throws combined errors when v2 errors and legacy fails
Backend Tests	Run tests	2026-10-07T05:43:31.0779873Z ok 453 - OpenFoodFactsProvider (auto mode) throws combined errors when v2 errors and legacy fails
Backend Tests	Run tests	2026-10-07T05:43:31.0780466Z   ---
Backend Tests	Run tests	2026-10-07T05:43:31.0780702Z   duration_ms: 0.832619
Backend Tests	Run tests	2026-10-07T05:43:31.0780977Z   ...
Backend Tests	Run tests	2026-10-07T05:43:31.0781586Z # Subtest: OpenFoodFactsProvider (auto mode) avoids legacy fallback when v2 finds query matches
Backend Tests	Run tests	2026-10-07T05:43:31.0782531Z ok 454 - OpenFoodFactsProvider (auto mode) avoids legacy fallback when v2 finds query matches
Backend Tests	Run tests	2026-10-07T05:43:31.0783082Z   ---
Backend Tests	Run tests	2026-10-07T05:43:31.0783314Z   duration_ms: 0.600418
Backend Tests	Run tests	2026-10-07T05:43:31.0783582Z   ...
Backend Tests	Run tests	2026-10-07T05:43:31.0784247Z # Subtest: OpenFoodFactsProvider includes incomplete barcode products when includeIncomplete=true
Backend Tests	Run tests	2026-10-07T05:43:31.0785176Z ok 455 - OpenFoodFactsProvider includes incomplete barcode products when includeIncomplete=true
Backend Tests	Run tests	2026-10-07T05:43:31.0785661Z   ---
Backend Tests	Run tests	2026-10-07T05:43:31.0785893Z   duration_ms: 0.345626
Backend Tests	Run tests	2026-10-07T05:43:31.0786161Z   ...
Backend Tests	Run tests	2026-10-07T05:43:31.0786936Z # Subtest: OpenFoodFactsProvider extracts nutrients from energy_100g and parses serving_size units
Backend Tests	Run tests	2026-10-07T05:43:31.0787855Z ok 456 - OpenFoodFactsProvider extracts nutrients from energy_100g and parses serving_size units
Backend Tests	Run tests	2026-10-07T05:43:31.0788411Z   ---
Backend Tests	Run tests	2026-10-07T05:43:31.0788615Z   duration_ms: 0.507423
Backend Tests	Run tests	2026-10-07T05:43:31.0788846Z   ...
Backend Tests	Run tests	2026-10-07T05:43:31.0789456Z # Subtest: OpenFoodFactsProvider returns empty results when the upstream payload has no products list
Backend Tests	Run tests	2026-10-07T05:43:31.0790485Z ok 457 - OpenFoodFactsProvider returns empty results when the upstream payload has no products list
Backend Tests	Run tests	2026-10-07T05:43:31.0791059Z   ---
Backend Tests	Run tests	2026-10-07T05:43:31.0791272Z   duration_ms: 0.396711
Backend Tests	Run tests	2026-10-07T05:43:31.0791510Z   ...
Backend Tests	Run tests	2026-10-07T05:43:31.1453564Z # Subtest: Redocly minimatch supports brace-bearing OpenAPI paths
Backend Tests	Run tests	2026-10-07T05:43:31.1454958Z ok 458 - Redocly minimatch supports brace-bearing OpenAPI paths
Backend Tests	Run tests	2026-10-07T05:43:31.1455584Z   ---
Backend Tests	Run tests	2026-10-07T05:43:31.1455933Z   duration_ms: 4.859143
Backend Tests	Run tests	2026-10-07T05:43:31.1456592Z   ...
Backend Tests	Run tests	2026-10-07T05:43:31.1457540Z # Subtest: OpenAPI preserves unsafe historical goal deficits while constraining new goal writes
Backend Tests	Run tests	2026-10-07T05:43:31.1458612Z ok 459 - OpenAPI preserves unsafe historical goal deficits while constraining new goal writes
Backend Tests	Run tests	2026-10-07T05:43:31.1459274Z   ---
Backend Tests	Run tests	2026-10-07T05:43:31.1459616Z   duration_ms: 0.716199
Backend Tests	Run tests	2026-10-07T05:43:31.1459975Z   ...
Backend Tests	Run tests	2026-10-07T05:43:34.2014518Z # Subtest: balances reference work from the reviewed per-operation ratio
Backend Tests	Run tests	2026-10-07T05:43:34.2038476Z ok 460 - balances reference work from the reviewed per-operation ratio
Backend Tests	Run tests	2026-10-07T05:43:34.2039300Z   ---
Backend Tests	Run tests	2026-10-07T05:43:34.2039740Z   duration_ms: 1.929674
Backend Tests	Run tests	2026-10-07T05:43:34.2040127Z   ...
Backend Tests	Run tests	2026-10-07T05:43:34.2040756Z # Subtest: normalizes unequal batch sizes back to a per-operation ratio
Backend Tests	Run tests	2026-10-07T05:43:34.2041571Z ok 461 - normalizes unequal batch sizes back to a per-operation ratio
Backend Tests	Run tests	2026-10-07T05:43:34.2042092Z   ---
Backend Tests	Run tests	2026-10-07T05:43:34.2042425Z   duration_ms: 0.253091
Backend Tests	Run tests	2026-10-07T05:43:34.2042794Z   ...
Backend Tests	Run tests	2026-10-07T05:43:34.2043358Z # Subtest: allows the exact reviewed threshold and rejects the next ppm
Backend Tests	Run tests	2026-10-07T05:43:34.2044106Z ok 462 - allows the exact reviewed threshold and rejects the next ppm
Backend Tests	Run tests	2026-10-07T05:43:34.2044615Z   ---
Backend Tests	Run tests	2026-10-07T05:43:34.2044956Z   duration_ms: 0.791158
Backend Tests	Run tests	2026-10-07T05:43:34.2045329Z   ...
Backend Tests	Run tests	2026-10-07T05:43:34.2045931Z # Subtest: requires an independent median to reproduce a benchmark regression
Backend Tests	Run tests	2026-10-07T05:43:34.2046929Z ok 463 - requires an independent median to reproduce a benchmark regression
Backend Tests	Run tests	2026-10-07T05:43:34.2047518Z   ---
Backend Tests	Run tests	2026-10-07T05:43:34.2047853Z   duration_ms: 0.180874
Backend Tests	Run tests	2026-10-07T05:43:34.2048219Z   ...
Backend Tests	Run tests	2026-10-07T05:43:34.3668948Z # Subtest: PostgresSessionStore.initialize verifies the session schema exists
Backend Tests	Run tests	2026-10-07T05:43:34.3677949Z ok 464 - PostgresSessionStore.initialize verifies the session schema exists
Backend Tests	Run tests	2026-10-07T05:43:34.3698149Z   ---
Backend Tests	Run tests	2026-10-07T05:43:34.3698866Z   duration_ms: 1.486797
Backend Tests	Run tests	2026-10-07T05:43:34.3699317Z   ...
Backend Tests	Run tests	2026-10-07T05:43:34.3700063Z # Subtest: PostgresSessionStore.initialize throws a helpful error for missing tables
Backend Tests	Run tests	2026-10-07T05:43:34.3701129Z ok 465 - PostgresSessionStore.initialize throws a helpful error for missing tables
Backend Tests	Run tests	2026-10-07T05:43:34.3701797Z   ---
Backend Tests	Run tests	2026-10-07T05:43:34.3702174Z   duration_ms: 0.760423
Backend Tests	Run tests	2026-10-07T05:43:34.3702571Z   ...
Backend Tests	Run tests	2026-10-07T05:43:34.3703442Z # Subtest: PostgresSessionStore.initialize surfaces unexpected database errors
Backend Tests	Run tests	2026-10-07T05:43:34.3710558Z ok 466 - PostgresSessionStore.initialize surfaces unexpected database errors
Backend Tests	Run tests	2026-10-07T05:43:34.3711270Z   ---
Backend Tests	Run tests	2026-10-07T05:43:34.3711658Z   duration_ms: 0.249295
Backend Tests	Run tests	2026-10-07T05:43:34.3712068Z   ...
Backend Tests	Run tests	2026-10-07T05:43:34.3712703Z # Subtest: PostgresSessionStore.get returns null when no session exists
Backend Tests	Run tests	2026-10-07T05:43:34.3713623Z ok 467 - PostgresSessionStore.get returns null when no session exists
Backend Tests	Run tests	2026-10-07T05:43:34.3714227Z   ---
Backend Tests	Run tests	2026-10-07T05:43:34.3714604Z   duration_ms: 0.405494
Backend Tests	Run tests	2026-10-07T05:43:34.3715013Z   ...
Backend Tests	Run tests	2026-10-07T05:43:34.3715586Z # Subtest: PostgresSessionStore.get prunes expired sessions
Backend Tests	Run tests	2026-10-07T05:43:34.3716322Z ok 468 - PostgresSessionStore.get prunes expired sessions
Backend Tests	Run tests	2026-10-07T05:43:34.3717039Z   ---
Backend Tests	Run tests	2026-10-07T05:43:34.3717414Z   duration_ms: 0.61469
Backend Tests	Run tests	2026-10-07T05:43:34.3717810Z   ...
Backend Tests	Run tests	2026-10-07T05:43:34.3718392Z # Subtest: PostgresSessionStore.get returns parsed JSON sessions
Backend Tests	Run tests	2026-10-07T05:43:34.3719169Z ok 469 - PostgresSessionStore.get returns parsed JSON sessions
Backend Tests	Run tests	2026-10-07T05:43:34.3719718Z   ---
Backend Tests	Run tests	2026-10-07T05:43:34.3720078Z   duration_ms: 0.782195
Backend Tests	Run tests	2026-10-07T05:43:34.3720483Z   ...
Backend Tests	Run tests	2026-10-07T05:43:34.3721111Z # Subtest: PostgresSessionStore.get forwards query errors to the callback
Backend Tests	Run tests	2026-10-07T05:43:34.3721998Z ok 470 - PostgresSessionStore.get forwards query errors to the callback
Backend Tests	Run tests	2026-10-07T05:43:34.3723100Z   ---
Backend Tests	Run tests	2026-10-07T05:43:34.3723472Z   duration_ms: 0.339467
Backend Tests	Run tests	2026-10-07T05:43:34.3723864Z   ...
Backend Tests	Run tests	2026-10-07T05:43:34.3724613Z # Subtest: PostgresSessionStore.set stores sessions using the cookie expiration when provided
Backend Tests	Run tests	2026-10-07T05:43:34.3725895Z ok 471 - PostgresSessionStore.set stores sessions using the cookie expiration when provided
Backend Tests	Run tests	2026-10-07T05:43:34.3726595Z   ---
Backend Tests	Run tests	2026-10-07T05:43:34.3727104Z   duration_ms: 0.448056
Backend Tests	Run tests	2026-10-07T05:43:34.3727514Z   ...
Backend Tests	Run tests	2026-10-07T05:43:34.3728249Z # Subtest: PostgresSessionStore.set falls back to the store TTL when no cookie timing is set
Backend Tests	Run tests	2026-10-07T05:43:34.3729323Z ok 472 - PostgresSessionStore.set falls back to the store TTL when no cookie timing is set
Backend Tests	Run tests	2026-10-07T05:43:34.3730004Z   ---
Backend Tests	Run tests	2026-10-07T05:43:34.3730376Z   duration_ms: 0.388569
Backend Tests	Run tests	2026-10-07T05:43:34.3730770Z   ...
Backend Tests	Run tests	2026-10-07T05:43:34.3731466Z # Subtest: PostgresSessionStore links authenticated Passport sessions to their user
Backend Tests	Run tests	2026-10-07T05:43:34.3732478Z ok 473 - PostgresSessionStore links authenticated Passport sessions to their user
Backend Tests	Run tests	2026-10-07T05:43:34.3733132Z   ---
Backend Tests	Run tests	2026-10-07T05:43:34.3733501Z   duration_ms: 0.335942
Backend Tests	Run tests	2026-10-07T05:43:34.3733900Z   ...
Backend Tests	Run tests	2026-10-07T05:43:34.3734609Z # Subtest: PostgresSessionStore leaves unauthenticated session ownership null
Backend Tests	Run tests	2026-10-07T05:43:34.3735611Z ok 474 - PostgresSessionStore leaves unauthenticated session ownership null
Backend Tests	Run tests	2026-10-07T05:43:34.3736293Z   ---
Backend Tests	Run tests	2026-10-07T05:43:34.3736696Z   duration_ms: 0.241183
Backend Tests	Run tests	2026-10-07T05:43:34.3737361Z   ...
Backend Tests	Run tests	2026-10-07T05:43:34.3738046Z # Subtest: PostgresSessionStore.touch updates expiry using cookie maxAge
Backend Tests	Run tests	2026-10-07T05:43:34.3739004Z ok 475 - PostgresSessionStore.touch updates expiry using cookie maxAge
Backend Tests	Run tests	2026-10-07T05:43:34.3739628Z   ---
Backend Tests	Run tests	2026-10-07T05:43:34.3740028Z   duration_ms: 0.340008
Backend Tests	Run tests	2026-10-07T05:43:34.3740446Z   ...
Backend Tests	Run tests	2026-10-07T05:43:34.3741175Z # Subtest: PostgresSessionStore.touch refreshes Passport session ownership
Backend Tests	Run tests	2026-10-07T05:43:34.3742169Z ok 476 - PostgresSessionStore.touch refreshes Passport session ownership
Backend Tests	Run tests	2026-10-07T05:43:34.3742838Z   ---
Backend Tests	Run tests	2026-10-07T05:43:34.3743243Z   duration_ms: 0.257357
Backend Tests	Run tests	2026-10-07T05:43:34.3743682Z   ...
Backend Tests	Run tests	2026-10-07T05:43:34.3744294Z # Subtest: PostgresSessionStore.destroy deletes stored sessions
Backend Tests	Run tests	2026-10-07T05:43:34.3745156Z ok 477 - PostgresSessionStore.destroy deletes stored sessions
Backend Tests	Run tests	2026-10-07T05:43:34.3745751Z   ---
Backend Tests	Run tests	2026-10-07T05:43:34.3746159Z   duration_ms: 0.304526
Backend Tests	Run tests	2026-10-07T05:43:34.3746611Z   ...
Backend Tests	Run tests	2026-10-07T05:43:34.3747530Z # Subtest: verified browser save rejects stale identity and cannot retry as an unguarded upsert
Backend Tests	Run tests	2026-10-07T05:43:34.3748693Z ok 478 - verified browser save rejects stale identity and cannot retry as an unguarded upsert
Backend Tests	Run tests	2026-10-07T05:43:34.3749447Z   ---
Backend Tests	Run tests	2026-10-07T05:43:34.3749845Z   duration_ms: 0.716799
Backend Tests	Run tests	2026-10-07T05:43:34.3750275Z   ...
Backend Tests	Run tests	2026-10-07T05:43:34.3751057Z # Subtest: verified browser save commits once and later saves only update the existing session
Backend Tests	Run tests	2026-10-07T05:43:34.3752194Z ok 479 - verified browser save commits once and later saves only update the existing session
Backend Tests	Run tests	2026-10-07T05:43:34.3752919Z   ---
Backend Tests	Run tests	2026-10-07T05:43:34.3753317Z   duration_ms: 0.597044
Backend Tests	Run tests	2026-10-07T05:43:34.3753734Z   ...
Backend Tests	Run tests	2026-10-07T05:43:34.4225319Z # Subtest: profileImage: allowed MIME types include the expected image formats
Backend Tests	Run tests	2026-10-07T05:43:34.4247928Z ok 480 - profileImage: allowed MIME types include the expected image formats
Backend Tests	Run tests	2026-10-07T05:43:34.4259957Z   ---
Backend Tests	Run tests	2026-10-07T05:43:34.4262166Z   duration_ms: 1.276609
Backend Tests	Run tests	2026-10-07T05:43:34.4262657Z   ...
Backend Tests	Run tests	2026-10-07T05:43:34.4263342Z # Subtest: profileImage: parseBase64DataUrl rejects malformed strings
Backend Tests	Run tests	2026-10-07T05:43:34.4264282Z ok 481 - profileImage: parseBase64DataUrl rejects malformed strings
Backend Tests	Run tests	2026-10-07T05:43:34.4264916Z   ---
Backend Tests	Run tests	2026-10-07T05:43:34.4265322Z   duration_ms: 0.317585
Backend Tests	Run tests	2026-10-07T05:43:34.4265737Z   ...
Backend Tests	Run tests	2026-10-07T05:43:34.4266558Z # Subtest: profileImage: parseBase64DataUrl parses supported base64 data URLs (trimming whitespace)
Backend Tests	Run tests	2026-10-07T05:43:34.4267911Z ok 482 - profileImage: parseBase64DataUrl parses supported base64 data URLs (trimming whitespace)
Backend Tests	Run tests	2026-10-07T05:43:34.4269106Z   ---
Backend Tests	Run tests	2026-10-07T05:43:34.4269508Z   duration_ms: 0.843034
Backend Tests	Run tests	2026-10-07T05:43:34.4269926Z   ...
Backend Tests	Run tests	2026-10-07T05:43:34.4270810Z # Subtest: profileImage: buildBase64DataUrl encodes bytes and round-trips with parseBase64DataUrl
Backend Tests	Run tests	2026-10-07T05:43:34.4272295Z ok 483 - profileImage: buildBase64DataUrl encodes bytes and round-trips with parseBase64DataUrl
Backend Tests	Run tests	2026-10-07T05:43:34.4273030Z   ---
Backend Tests	Run tests	2026-10-07T05:43:34.4273410Z   duration_ms: 0.277607
Backend Tests	Run tests	2026-10-07T05:43:34.4273833Z   ...
Backend Tests	Run tests	2026-10-07T05:43:36.7670732Z # Subtest: profile utils: isSex validates allowed enum values
Backend Tests	Run tests	2026-10-07T05:43:36.7697949Z ok 484 - profile utils: isSex validates allowed enum values
Backend Tests	Run tests	2026-10-07T05:43:36.7727467Z   ---
Backend Tests	Run tests	2026-10-07T05:43:36.7728219Z   duration_ms: 1.258763
Backend Tests	Run tests	2026-10-07T05:43:36.7752296Z   ...
Backend Tests	Run tests	2026-10-07T05:43:36.7777748Z # Subtest: profile utils: isActivityLevel validates allowed enum values
Backend Tests	Run tests	2026-10-07T05:43:36.7807625Z ok 485 - profile utils: isActivityLevel validates allowed enum values
Backend Tests	Run tests	2026-10-07T05:43:36.7808201Z   ---
Backend Tests	Run tests	2026-10-07T05:43:36.7808477Z   duration_ms: 0.15024
Backend Tests	Run tests	2026-10-07T05:43:36.7808752Z   ...
Backend Tests	Run tests	2026-10-07T05:43:36.8096177Z # Subtest: database readiness reports success without exposing probe results
Backend Tests	Run tests	2026-10-07T05:43:36.8107977Z ok 486 - database readiness reports success without exposing probe results
Backend Tests	Run tests	2026-10-07T05:43:36.8108736Z   ---
Backend Tests	Run tests	2026-10-07T05:43:36.8109120Z   duration_ms: 1.067092
Backend Tests	Run tests	2026-10-07T05:43:36.8109523Z   ...
Backend Tests	Run tests	2026-10-07T05:43:36.8110171Z # Subtest: database readiness converts connection failures into a safe false result
Backend Tests	Run tests	2026-10-07T05:43:36.8111026Z ok 487 - database readiness converts connection failures into a safe false result
Backend Tests	Run tests	2026-10-07T05:43:36.8111584Z   ---
Backend Tests	Run tests	2026-10-07T05:43:36.8111919Z   duration_ms: 0.248644
Backend Tests	Run tests	2026-10-07T05:43:36.8112288Z   ...
Backend Tests	Run tests	2026-10-07T05:43:36.8112838Z # Subtest: servers support clients from the same or an older minor version
Backend Tests	Run tests	2026-10-07T05:43:36.8113609Z ok 488 - servers support clients from the same or an older minor version
Backend Tests	Run tests	2026-10-07T05:43:36.8114158Z   ---
Backend Tests	Run tests	2026-10-07T05:43:36.8114494Z   duration_ms: 1.683134
Backend Tests	Run tests	2026-10-07T05:43:36.8114861Z   ...
Backend Tests	Run tests	2026-10-07T05:43:36.8115565Z # Subtest: major mismatches block directionally and a newer client minor requires a newer server
Backend Tests	Run tests	2026-10-07T05:43:36.8116575Z ok 489 - major mismatches block directionally and a newer client minor requires a newer server
Backend Tests	Run tests	2026-10-07T05:43:36.8117463Z   ---
Backend Tests	Run tests	2026-10-07T05:43:36.8117810Z   duration_ms: 0.749106
Backend Tests	Run tests	2026-10-07T05:43:36.8118187Z   ...
Backend Tests	Run tests	2026-10-07T05:43:36.8118635Z # Subtest: malformed semantic versions fail closed
Backend Tests	Run tests	2026-10-07T05:43:36.8119245Z ok 490 - malformed semantic versions fail closed
Backend Tests	Run tests	2026-10-07T05:43:36.8119694Z   ---
Backend Tests	Run tests	2026-10-07T05:43:36.8120030Z   duration_ms: 0.317235
Backend Tests	Run tests	2026-10-07T05:43:36.8120397Z   ...
Backend Tests	Run tests	2026-10-07T05:43:36.8132875Z # Subtest: compatibility comparison does not lose precision for large canonical identifiers
Backend Tests	Run tests	2026-10-07T05:43:36.8134162Z ok 491 - compatibility comparison does not lose precision for large canonical identifiers
Backend Tests	Run tests	2026-10-07T05:43:36.8134947Z   ---
Backend Tests	Run tests	2026-10-07T05:43:36.8135337Z   duration_ms: 0.189808
Backend Tests	Run tests	2026-10-07T05:43:36.8135778Z   ...
Backend Tests	Run tests	2026-10-07T05:43:39.0902341Z # Subtest: reminder wire times use canonical HH:mm values
Backend Tests	Run tests	2026-10-07T05:43:39.0905667Z ok 492 - reminder wire times use canonical HH:mm values
Backend Tests	Run tests	2026-10-07T05:43:39.0908706Z   ---
Backend Tests	Run tests	2026-10-07T05:43:39.0909199Z   duration_ms: 1.390746
Backend Tests	Run tests	2026-10-07T05:43:39.0909627Z   ...
Backend Tests	Run tests	2026-10-07T05:43:39.0910429Z # Subtest: local wall-clock resolution follows IANA DST transitions without inventing UTC schedules
Backend Tests	Run tests	2026-10-07T05:43:39.0911582Z ok 493 - local wall-clock resolution follows IANA DST transitions without inventing UTC schedules
Backend Tests	Run tests	2026-10-07T05:43:39.0912307Z   ---
Backend Tests	Run tests	2026-10-07T05:43:39.0912696Z   duration_ms: 20.507138
Backend Tests	Run tests	2026-10-07T05:43:39.0913106Z   ...
Backend Tests	Run tests	2026-10-07T05:43:39.0913844Z # Subtest: current account timezone changes the wall-clock interpretation of the same instant
Backend Tests	Run tests	2026-10-07T05:43:39.0914909Z ok 494 - current account timezone changes the wall-clock interpretation of the same instant
Backend Tests	Run tests	2026-10-07T05:43:39.0916051Z   ---
Backend Tests	Run tests	2026-10-07T05:43:39.0916428Z   duration_ms: 0.535815
Backend Tests	Run tests	2026-10-07T05:43:39.0916980Z   ...
Backend Tests	Run tests	2026-10-07T05:43:39.0919443Z # Subtest: overnight quiet hours are start-inclusive and end-exclusive
Backend Tests	Run tests	2026-10-07T05:43:39.0921549Z ok 495 - overnight quiet hours are start-inclusive and end-exclusive
Backend Tests	Run tests	2026-10-07T05:43:39.0922147Z   ---
Backend Tests	Run tests	2026-10-07T05:43:39.0922532Z   duration_ms: 0.208255
Backend Tests	Run tests	2026-10-07T05:43:39.0922946Z   ...
Backend Tests	Run tests	2026-10-07T05:43:40.9378366Z # Subtest: staggered reminder times remain separate so an earlier type can be receipt-deduped
Backend Tests	Run tests	2026-10-07T05:43:40.9392342Z ok 496 - staggered reminder times remain separate so an earlier type can be receipt-deduped
Backend Tests	Run tests	2026-10-07T05:43:40.9393035Z   ---
Backend Tests	Run tests	2026-10-07T05:43:40.9393329Z   duration_ms: 3944.560907
Backend Tests	Run tests	2026-10-07T05:43:40.9393613Z   ...
Backend Tests	Run tests	2026-10-07T05:43:40.9394197Z # Subtest: equal reminder times remain separate so each type keeps an independent receipt
Backend Tests	Run tests	2026-10-07T05:43:40.9395070Z ok 497 - equal reminder times remain separate so each type keeps an independent receipt
Backend Tests	Run tests	2026-10-07T05:43:40.9395643Z   ---
Backend Tests	Run tests	2026-10-07T05:43:40.9395879Z   duration_ms: 15.831724
Backend Tests	Run tests	2026-10-07T05:43:40.9396150Z   ...
Backend Tests	Run tests	2026-10-07T05:43:41.0100091Z # Subtest: requestParsing: parsePositiveInteger accepts only finite integers >= 1
Backend Tests	Run tests	2026-10-07T05:43:41.0107894Z ok 498 - requestParsing: parsePositiveInteger accepts only finite integers >= 1
Backend Tests	Run tests	2026-10-07T05:43:41.0137322Z   ---
Backend Tests	Run tests	2026-10-07T05:43:41.0137925Z   duration_ms: 1.355514
Backend Tests	Run tests	2026-10-07T05:43:41.0164784Z   ...
Backend Tests	Run tests	2026-10-07T05:43:41.0187881Z # Subtest: requestParsing: parseNonNegativeInteger accepts finite integers >= 0 (truncating numbers)
Backend Tests	Run tests	2026-10-07T05:43:41.0207090Z ok 499 - requestParsing: parseNonNegativeInteger accepts finite integers >= 0 (truncating numbers)
Backend Tests	Run tests	2026-10-07T05:43:41.0207999Z   ---
Backend Tests	Run tests	2026-10-07T05:43:41.0208427Z   duration_ms: 0.77884
Backend Tests	Run tests	2026-10-07T05:43:41.0208872Z   ...
Backend Tests	Run tests	2026-10-07T05:43:41.0209731Z # Subtest: requestParsing: parseNonNegativeNumber accepts finite numbers >= 0 (including decimals)
Backend Tests	Run tests	2026-10-07T05:43:41.0210985Z ok 500 - requestParsing: parseNonNegativeNumber accepts finite numbers >= 0 (including decimals)
Backend Tests	Run tests	2026-10-07T05:43:41.0211747Z   ---
Backend Tests	Run tests	2026-10-07T05:43:41.0212149Z   duration_ms: 0.204649
Backend Tests	Run tests	2026-10-07T05:43:41.0212611Z   ...
Backend Tests	Run tests	2026-10-07T05:43:41.0213445Z # Subtest: requestParsing: parsePositiveNumber accepts only finite numbers > 0 (including decimals)
Backend Tests	Run tests	2026-10-07T05:43:41.0214666Z ok 501 - requestParsing: parsePositiveNumber accepts only finite numbers > 0 (including decimals)
Backend Tests	Run tests	2026-10-07T05:43:41.0215439Z   ---
Backend Tests	Run tests	2026-10-07T05:43:41.0215836Z   duration_ms: 0.189577
Backend Tests	Run tests	2026-10-07T05:43:41.0216262Z   ...
Backend Tests	Run tests	2026-10-07T05:43:41.0217203Z # Subtest: requestParsing: resolveLanguageCode prefers explicit query params over headers
Backend Tests	Run tests	2026-10-07T05:43:41.0218319Z ok 502 - requestParsing: resolveLanguageCode prefers explicit query params over headers
Backend Tests	Run tests	2026-10-07T05:43:41.0219043Z   ---
Backend Tests	Run tests	2026-10-07T05:43:41.0219452Z   duration_ms: 0.178632
Backend Tests	Run tests	2026-10-07T05:43:41.0219888Z   ...
Backend Tests	Run tests	2026-10-07T05:43:41.0220657Z # Subtest: requestParsing: resolveLanguageCode falls back to Accept-Language primary tag
Backend Tests	Run tests	2026-10-07T05:43:41.0221723Z ok 503 - requestParsing: resolveLanguageCode falls back to Accept-Language primary tag
Backend Tests	Run tests	2026-10-07T05:43:41.0222434Z   ---
Backend Tests	Run tests	2026-10-07T05:43:41.0222830Z   duration_ms: 0.206993
Backend Tests	Run tests	2026-10-07T05:43:41.0223258Z   ...
Backend Tests	Run tests	2026-10-07T05:43:44.9389011Z # Subtest: known-account SMTP work cannot delay the generic password reset response
Backend Tests	Run tests	2026-10-07T05:43:44.9389938Z ok 504 - known-account SMTP work cannot delay the generic password reset response
Backend Tests	Run tests	2026-10-07T05:43:44.9390463Z   ---
Backend Tests	Run tests	2026-10-07T05:43:44.9390714Z   duration_ms: 5535.644578
Backend Tests	Run tests	2026-10-07T05:43:44.9391006Z   ...
Backend Tests	Run tests	2026-10-07T05:43:44.9398299Z # Subtest: known and unknown recovery requests have the same immediate response
Backend Tests	Run tests	2026-10-07T05:43:44.9400994Z ok 505 - known and unknown recovery requests have the same immediate response
Backend Tests	Run tests	2026-10-07T05:43:44.9401762Z   ---
Backend Tests	Run tests	2026-10-07T05:43:44.9402230Z   duration_ms: 52.436031
Backend Tests	Run tests	2026-10-07T05:43:44.9402740Z   ...
Backend Tests	Run tests	2026-10-07T05:43:45.0138224Z # Subtest: activity route requires trusted mobile provenance for Health Connect writes
Backend Tests	Run tests	2026-10-07T05:43:45.0157985Z ok 506 - activity route requires trusted mobile provenance for Health Connect writes
Backend Tests	Run tests	2026-10-07T05:43:45.0242657Z   ---
Backend Tests	Run tests	2026-10-07T05:43:45.0268195Z   duration_ms: 2864.107314
Backend Tests	Run tests	2026-10-07T05:43:45.0268750Z   ...
Backend Tests	Run tests	2026-10-07T05:43:45.0269562Z # Subtest: activity route advances the token with source writes in one transaction
Backend Tests	Run tests	2026-10-07T05:43:45.0270834Z ok 507 - activity route advances the token with source writes in one transaction
Backend Tests	Run tests	2026-10-07T05:43:45.0271719Z   ---
Backend Tests	Run tests	2026-10-07T05:43:45.0272153Z   duration_ms: 40.339321
Backend Tests	Run tests	2026-10-07T05:43:45.0272630Z   ...
Backend Tests	Run tests	2026-10-07T05:43:45.0273364Z # Subtest: activity route rejects out-of-order token pages before domain writes
Backend Tests	Run tests	2026-10-07T05:43:45.0274393Z ok 508 - activity route rejects out-of-order token pages before domain writes
Backend Tests	Run tests	2026-10-07T05:43:45.0275124Z   ---
Backend Tests	Run tests	2026-10-07T05:43:45.0275550Z   duration_ms: 26.95163
Backend Tests	Run tests	2026-10-07T05:43:45.0276048Z   ...
Backend Tests	Run tests	2026-10-07T05:43:45.0276986Z # Subtest: activity route returns every requested date with optional summary and records
Backend Tests	Run tests	2026-10-07T05:43:45.0278122Z ok 509 - activity route returns every requested date with optional summary and records
Backend Tests	Run tests	2026-10-07T05:43:45.0278970Z   ---
Backend Tests	Run tests	2026-10-07T05:43:45.0279419Z   duration_ms: 27.207369
Backend Tests	Run tests	2026-10-07T05:43:45.0279912Z   ...
Backend Tests	Run tests	2026-10-07T05:43:45.0280779Z # Subtest: activity route authoritatively replaces a reset window and replays without a second delete
Backend Tests	Run tests	2026-10-07T05:43:45.0282088Z ok 510 - activity route authoritatively replaces a reset window and replays without a second delete
Backend Tests	Run tests	2026-10-07T05:43:45.0287446Z   ---
Backend Tests	Run tests	2026-10-07T05:43:45.0287962Z   duration_ms: 30.992374
Backend Tests	Run tests	2026-10-07T05:43:45.0288537Z   ...
Backend Tests	Run tests	2026-10-07T05:43:48.2144512Z # Subtest: auth route: POST /mobile/login returns mobile tokens for valid credentials
Backend Tests	Run tests	2026-10-07T05:43:48.2168392Z ok 511 - auth route: POST /mobile/login returns mobile tokens for valid credentials
Backend Tests	Run tests	2026-10-07T05:43:48.2197886Z   ---
Backend Tests	Run tests	2026-10-07T05:43:48.2207432Z   duration_ms: 3693.488586
Backend Tests	Run tests	2026-10-07T05:43:48.2214041Z   ...
Backend Tests	Run tests	2026-10-07T05:43:48.2214834Z # Subtest: auth route: POST /mobile/login refuses direct Wear OS password sessions
Backend Tests	Run tests	2026-10-07T05:43:48.2215927Z ok 512 - auth route: POST /mobile/login refuses direct Wear OS password sessions
Backend Tests	Run tests	2026-10-07T05:43:48.2216670Z   ---
Backend Tests	Run tests	2026-10-07T05:43:48.2217270Z   duration_ms: 105.298518
Backend Tests	Run tests	2026-10-07T05:43:48.2217811Z   ...
Backend Tests	Run tests	2026-10-07T05:43:48.2222488Z # Subtest: auth route: Wear pairing credential issuance rejects browser-only authentication
Backend Tests	Run tests	2026-10-07T05:43:48.2223580Z ok 513 - auth route: Wear pairing credential issuance rejects browser-only authentication
Backend Tests	Run tests	2026-10-07T05:43:48.2224247Z   ---
Backend Tests	Run tests	2026-10-07T05:43:48.2224647Z   duration_ms: 71.016073
Backend Tests	Run tests	2026-10-07T05:43:48.2225052Z   ...
Backend Tests	Run tests	2026-10-07T05:43:48.2225722Z # Subtest: auth route: Wear pairing credential issuance rejects non-origin server bindings
Backend Tests	Run tests	2026-10-07T05:43:48.2226579Z ok 514 - auth route: Wear pairing credential issuance rejects non-origin server bindings
Backend Tests	Run tests	2026-10-07T05:43:48.2227500Z   ---
Backend Tests	Run tests	2026-10-07T05:43:48.2227862Z   duration_ms: 66.434047
Backend Tests	Run tests	2026-10-07T05:43:48.2228264Z   ...
Backend Tests	Run tests	2026-10-07T05:43:48.2229045Z # Subtest: auth route: Wear pairing credential issuance binds the watch key and challenge
Backend Tests	Run tests	2026-10-07T05:43:48.2230026Z ok 515 - auth route: Wear pairing credential issuance binds the watch key and challenge
Backend Tests	Run tests	2026-10-07T05:43:48.2230700Z   ---
Backend Tests	Run tests	2026-10-07T05:43:48.2231098Z   duration_ms: 64.956498
Backend Tests	Run tests	2026-10-07T05:43:48.2231517Z   ...
Backend Tests	Run tests	2026-10-07T05:43:48.2232256Z # Subtest: auth route: POST /mobile/login performs a dummy hash comparison for unknown accounts
Backend Tests	Run tests	2026-10-07T05:43:48.2233298Z ok 516 - auth route: POST /mobile/login performs a dummy hash comparison for unknown accounts
Backend Tests	Run tests	2026-10-07T05:43:48.2233977Z   ---
Backend Tests	Run tests	2026-10-07T05:43:48.2234359Z   duration_ms: 81.897851
Backend Tests	Run tests	2026-10-07T05:43:48.2234757Z   ...
Backend Tests	Run tests	2026-10-07T05:43:48.2235362Z # Subtest: auth route: POST /mobile/refresh rejects missing refresh token
Backend Tests	Run tests	2026-10-07T05:43:48.2236182Z ok 517 - auth route: POST /mobile/refresh rejects missing refresh token
Backend Tests	Run tests	2026-10-07T05:43:48.2237533Z   ---
Backend Tests	Run tests	2026-10-07T05:43:48.2237881Z   duration_ms: 82.485041
Backend Tests	Run tests	2026-10-07T05:43:48.2238308Z   ...
Backend Tests	Run tests	2026-10-07T05:43:48.2238946Z # Subtest: auth route: POST /mobile/refresh records invalid or expired refresh tokens
Backend Tests	Run tests	2026-10-07T05:43:48.2240094Z ok 518 - auth route: POST /mobile/refresh records invalid or expired refresh tokens
Backend Tests	Run tests	2026-10-07T05:43:48.2240738Z   ---
Backend Tests	Run tests	2026-10-07T05:43:48.2241098Z   duration_ms: 41.448309
Backend Tests	Run tests	2026-10-07T05:43:48.2241495Z   ...
Backend Tests	Run tests	2026-10-07T05:43:48.2242115Z # Subtest: auth route: GET /mobile/sessions returns owned active devices
Backend Tests	Run tests	2026-10-07T05:43:48.2242949Z ok 519 - auth route: GET /mobile/sessions returns owned active devices
Backend Tests	Run tests	2026-10-07T05:43:48.2243505Z   ---
Backend Tests	Run tests	2026-10-07T05:43:48.2243882Z   duration_ms: 38.603244
Backend Tests	Run tests	2026-10-07T05:43:48.2244288Z   ...
Backend Tests	Run tests	2026-10-07T05:43:48.2245149Z # Subtest: mobile login rejects a credential change during password verification with the generic response
Backend Tests	Run tests	2026-10-07T05:43:48.2246374Z ok 520 - mobile login rejects a credential change during password verification with the generic response
Backend Tests	Run tests	2026-10-07T05:43:48.2247272Z   ---
Backend Tests	Run tests	2026-10-07T05:43:48.2247645Z   duration_ms: 42.982024
Backend Tests	Run tests	2026-10-07T05:43:48.2248049Z   ...
Backend Tests	Run tests	2026-10-07T05:43:51.3038277Z # auth.login_cleanup failed (request_id=unavailable, error_type=Error).
Backend Tests	Run tests	2026-10-07T05:43:51.3097865Z # Subtest: auth route: POST /register returns 400 when the email already exists
Backend Tests	Run tests	2026-10-07T05:43:51.3125775Z ok 521 - auth route: POST /register returns 400 when the email already exists
Backend Tests	Run tests	2026-10-07T05:43:51.3167250Z   ---
Backend Tests	Run tests	2026-10-07T05:43:51.3167946Z   duration_ms: 5603.269327
Backend Tests	Run tests	2026-10-07T05:43:51.3197296Z   ...
Backend Tests	Run tests	2026-10-07T05:43:51.3198048Z # Subtest: auth route: POST /register validates email and password inputs
Backend Tests	Run tests	2026-10-07T05:43:51.3276581Z ok 522 - auth route: POST /register validates email and password inputs
Backend Tests	Run tests	2026-10-07T05:43:51.3307258Z   ---
Backend Tests	Run tests	2026-10-07T05:43:51.3327665Z   duration_ms: 60.081824
Backend Tests	Run tests	2026-10-07T05:43:51.3350360Z   ...
Backend Tests	Run tests	2026-10-07T05:43:51.3367671Z # Subtest: auth route: POST /register creates a user and logs them in
Backend Tests	Run tests	2026-10-07T05:43:51.3397539Z ok 523 - auth route: POST /register creates a user and logs them in
Backend Tests	Run tests	2026-10-07T05:43:51.3427249Z   ---
Backend Tests	Run tests	2026-10-07T05:43:51.3427760Z   duration_ms: 47.994791
Backend Tests	Run tests	2026-10-07T05:43:51.3457389Z   ...
Backend Tests	Run tests	2026-10-07T05:43:51.3496872Z # Subtest: auth route: POST /login normalizes credentials, logs in, and returns the serialized user
Backend Tests	Run tests	2026-10-07T05:43:51.3527686Z ok 524 - auth route: POST /login normalizes credentials, logs in, and returns the serialized user
Backend Tests	Run tests	2026-10-07T05:43:51.3528626Z   ---
Backend Tests	Run tests	2026-10-07T05:43:51.3544050Z   duration_ms: 26.072063
Backend Tests	Run tests	2026-10-07T05:43:51.3569796Z   ...
Backend Tests	Run tests	2026-10-07T05:43:51.3592271Z # Subtest: auth route: POST /login returns JSON errors for invalid or rejected credentials
Backend Tests	Run tests	2026-10-07T05:43:51.3647926Z ok 525 - auth route: POST /login returns JSON errors for invalid or rejected credentials
Backend Tests	Run tests	2026-10-07T05:43:51.3707384Z   ---
Backend Tests	Run tests	2026-10-07T05:43:51.3744283Z   duration_ms: 40.155296
Backend Tests	Run tests	2026-10-07T05:43:51.3767133Z   ...
Backend Tests	Run tests	2026-10-07T05:43:51.3779653Z # Subtest: auth route: POST /logout forwards errors from req.logout
Backend Tests	Run tests	2026-10-07T05:43:51.3780336Z ok 526 - auth route: POST /logout forwards errors from req.logout
Backend Tests	Run tests	2026-10-07T05:43:51.3780774Z   ---
Backend Tests	Run tests	2026-10-07T05:43:51.3781013Z   duration_ms: 42.510774
Backend Tests	Run tests	2026-10-07T05:43:51.3781279Z   ...
Backend Tests	Run tests	2026-10-07T05:43:51.3781765Z # Subtest: auth route: POST /logout destroys the session and clears its cookie
Backend Tests	Run tests	2026-10-07T05:43:51.3782471Z ok 527 - auth route: POST /logout destroys the session and clears its cookie
Backend Tests	Run tests	2026-10-07T05:43:51.3782913Z   ---
Backend Tests	Run tests	2026-10-07T05:43:51.3783154Z   duration_ms: 25.451715
Backend Tests	Run tests	2026-10-07T05:43:51.3783409Z   ...
Backend Tests	Run tests	2026-10-07T05:43:51.3783817Z # Subtest: auth route: GET /me returns 401 when not authenticated
Backend Tests	Run tests	2026-10-07T05:43:51.3784416Z ok 528 - auth route: GET /me returns 401 when not authenticated
Backend Tests	Run tests	2026-10-07T05:43:51.3784805Z   ---
Backend Tests	Run tests	2026-10-07T05:43:51.3785029Z   duration_ms: 34.592664
Backend Tests	Run tests	2026-10-07T05:43:51.3785293Z   ...
Backend Tests	Run tests	2026-10-07T05:43:51.3785745Z # Subtest: hosted registration requires explicit current legal versions
Backend Tests	Run tests	2026-10-07T05:43:51.3787131Z ok 529 - hosted registration requires explicit current legal versions
Backend Tests	Run tests	2026-10-07T05:43:51.3787579Z   ---
Backend Tests	Run tests	2026-10-07T05:43:51.3787784Z   duration_ms: 24.930712
Backend Tests	Run tests	2026-10-07T05:43:51.3788279Z   ...
Backend Tests	Run tests	2026-10-07T05:43:51.3788866Z # Subtest: auth route: hosted registration fails closed when account email is unavailable
Backend Tests	Run tests	2026-10-07T05:43:51.3789716Z ok 530 - auth route: hosted registration fails closed when account email is unavailable
Backend Tests	Run tests	2026-10-07T05:43:51.3790217Z   ---
Backend Tests	Run tests	2026-10-07T05:43:51.3790460Z   duration_ms: 24.669048
Backend Tests	Run tests	2026-10-07T05:43:51.3790715Z   ...
Backend Tests	Run tests	2026-10-07T05:43:51.3791280Z # Subtest: auth route: verification resend and reset request do not reveal account existence
Backend Tests	Run tests	2026-10-07T05:43:51.3792168Z ok 531 - auth route: verification resend and reset request do not reveal account existence
Backend Tests	Run tests	2026-10-07T05:43:51.3792671Z   ---
Backend Tests	Run tests	2026-10-07T05:43:51.3792910Z   duration_ms: 41.595825
Backend Tests	Run tests	2026-10-07T05:43:51.3793155Z   ...
Backend Tests	Run tests	2026-10-07T05:43:51.3793749Z # Subtest: browser login clears rejected authenticated state even when session cleanup fails
Backend Tests	Run tests	2026-10-07T05:43:51.3794720Z ok 532 - browser login clears rejected authenticated state even when session cleanup fails
Backend Tests	Run tests	2026-10-07T05:43:51.3795296Z   ---
Backend Tests	Run tests	2026-10-07T05:43:51.3795539Z   duration_ms: 51.770127
Backend Tests	Run tests	2026-10-07T05:43:51.3795786Z   ...
Backend Tests	Run tests	2026-10-07T05:43:51.4397956Z # Subtest: calibration route requires authentication
Backend Tests	Run tests	2026-10-07T05:43:51.4437698Z ok 533 - calibration route requires authentication
Backend Tests	Run tests	2026-10-07T05:43:51.4447508Z   ---
Backend Tests	Run tests	2026-10-07T05:43:51.4447941Z   duration_ms: 3512.89906
Backend Tests	Run tests	2026-10-07T05:43:51.4448376Z   ...
Backend Tests	Run tests	2026-10-07T05:43:51.4448937Z # Subtest: calibration status delegates to on-demand evaluation
Backend Tests	Run tests	2026-10-07T05:43:51.4449673Z ok 534 - calibration status delegates to on-demand evaluation
Backend Tests	Run tests	2026-10-07T05:43:51.4450190Z   ---
Backend Tests	Run tests	2026-10-07T05:43:51.4450540Z   duration_ms: 33.671876
Backend Tests	Run tests	2026-10-07T05:43:51.4450926Z   ...
Backend Tests	Run tests	2026-10-07T05:43:51.4451529Z # Subtest: apply route forwards the recommendation and operation identifiers
Backend Tests	Run tests	2026-10-07T05:43:51.4452403Z ok 535 - apply route forwards the recommendation and operation identifiers
Backend Tests	Run tests	2026-10-07T05:43:51.4452994Z   ---
Backend Tests	Run tests	2026-10-07T05:43:51.4453349Z   duration_ms: 20.191635
Backend Tests	Run tests	2026-10-07T05:43:51.4453744Z   ...
Backend Tests	Run tests	2026-10-07T05:43:51.4454403Z # Subtest: cancel route forwards the scheduled recommendation and operation identifiers
Backend Tests	Run tests	2026-10-07T05:43:51.4455372Z ok 536 - cancel route forwards the scheduled recommendation and operation identifiers
Backend Tests	Run tests	2026-10-07T05:43:51.4455997Z   ---
Backend Tests	Run tests	2026-10-07T05:43:51.4456360Z   duration_ms: 21.97859
Backend Tests	Run tests	2026-10-07T05:43:51.4456866Z   ...
Backend Tests	Run tests	2026-10-07T05:43:52.6651518Z # Subtest: dev notifications: test endpoint defaults to push + in-app delivery
Backend Tests	Run tests	2026-10-07T05:43:52.6667698Z ok 537 - dev notifications: test endpoint defaults to push + in-app delivery
Backend Tests	Run tests	2026-10-07T05:43:52.6687283Z   ---
Backend Tests	Run tests	2026-10-07T05:43:52.6717813Z   duration_ms: 1664.749641
Backend Tests	Run tests	2026-10-07T05:43:52.6718275Z   ...
Backend Tests	Run tests	2026-10-07T05:43:52.6719100Z # Subtest: dev notifications: in-app only delivery does not require a push endpoint
Backend Tests	Run tests	2026-10-07T05:43:52.6720158Z ok 538 - dev notifications: in-app only delivery does not require a push endpoint
Backend Tests	Run tests	2026-10-07T05:43:52.6720773Z   ---
Backend Tests	Run tests	2026-10-07T05:43:52.6721120Z   duration_ms: 37.314428
Backend Tests	Run tests	2026-10-07T05:43:52.6721578Z   ...
Backend Tests	Run tests	2026-10-07T05:43:52.6722456Z # Subtest: dev notifications: deduped reminder skips still report success
Backend Tests	Run tests	2026-10-07T05:43:52.6723336Z ok 539 - dev notifications: deduped reminder skips still report success
Backend Tests	Run tests	2026-10-07T05:43:52.6723957Z   ---
Backend Tests	Run tests	2026-10-07T05:43:52.6772336Z   duration_ms: 36.4821
Backend Tests	Run tests	2026-10-07T05:43:52.6777112Z   ...
Backend Tests	Run tests	2026-10-07T05:43:52.6798472Z # Subtest: dev notifications: status endpoint reports push and in-app state for selected type
Backend Tests	Run tests	2026-10-07T05:43:52.6821959Z ok 540 - dev notifications: status endpoint reports push and in-app state for selected type
Backend Tests	Run tests	2026-10-07T05:43:52.6822760Z   ---
Backend Tests	Run tests	2026-10-07T05:43:52.6823214Z   duration_ms: 41.694985
Backend Tests	Run tests	2026-10-07T05:43:52.6823650Z   ...
Backend Tests	Run tests	2026-10-07T05:43:52.6824391Z # Subtest: dev notifications: clear endpoint resets selected push and in-app state
Backend Tests	Run tests	2026-10-07T05:43:52.6825764Z ok 541 - dev notifications: clear endpoint resets selected push and in-app state
Backend Tests	Run tests	2026-10-07T05:43:52.6826451Z   ---
Backend Tests	Run tests	2026-10-07T05:43:52.6826973Z   duration_ms: 35.947768
Backend Tests	Run tests	2026-10-07T05:43:52.6827608Z   ...
Backend Tests	Run tests	2026-10-07T05:43:52.6828269Z # Subtest: dev notifications: clear endpoint requires at least one clear action
Backend Tests	Run tests	2026-10-07T05:43:52.6829213Z ok 542 - dev notifications: clear endpoint requires at least one clear action
Backend Tests	Run tests	2026-10-07T05:43:52.6829854Z   ---
Backend Tests	Run tests	2026-10-07T05:43:52.6830257Z   duration_ms: 25.487217
Backend Tests	Run tests	2026-10-07T05:43:52.6830684Z   ...
Backend Tests	Run tests	2026-10-07T05:43:52.6831359Z # Subtest: dev notifications: returns 400 when push is selected without endpoint
Backend Tests	Run tests	2026-10-07T05:43:52.6832296Z ok 543 - dev notifications: returns 400 when push is selected without endpoint
Backend Tests	Run tests	2026-10-07T05:43:52.6832931Z   ---
Backend Tests	Run tests	2026-10-07T05:43:52.6833307Z   duration_ms: 20.280856
Backend Tests	Run tests	2026-10-07T05:43:52.6833725Z   ...
Backend Tests	Run tests	2026-10-07T05:43:52.6834354Z # Subtest: dev notifications: returns 400 when channel selection is empty
Backend Tests	Run tests	2026-10-07T05:43:52.6835240Z ok 544 - dev notifications: returns 400 when channel selection is empty
Backend Tests	Run tests	2026-10-07T05:43:52.6835857Z   ---
Backend Tests	Run tests	2026-10-07T05:43:52.6836254Z   duration_ms: 22.473876
Backend Tests	Run tests	2026-10-07T05:43:52.6836694Z   ...
Backend Tests	Run tests	2026-10-07T05:43:57.3997492Z # Subtest: food-days route: rejects unauthenticated requests via router.use middleware
Backend Tests	Run tests	2026-10-07T05:43:57.3998968Z ok 545 - food-days route: rejects unauthenticated requests via router.use middleware
Backend Tests	Run tests	2026-10-07T05:43:57.3999722Z   ---
Backend Tests	Run tests	2026-10-07T05:43:57.4000143Z   duration_ms: 7819.224278
Backend Tests	Run tests	2026-10-07T05:43:57.4000583Z   ...
Backend Tests	Run tests	2026-10-07T05:43:57.4009599Z # Subtest: food-days route: GET / returns default incomplete status when no row exists
Backend Tests	Run tests	2026-10-07T05:43:57.4023440Z ok 546 - food-days route: GET / returns default incomplete status when no row exists
Backend Tests	Run tests	2026-10-07T05:43:57.4024201Z   ---
Backend Tests	Run tests	2026-10-07T05:43:57.4024629Z   duration_ms: 101.671775
Backend Tests	Run tests	2026-10-07T05:43:57.4025074Z   ...
Backend Tests	Run tests	2026-10-07T05:43:57.4025766Z # Subtest: food-days route: GET /range returns inclusive day statuses for start/end
Backend Tests	Run tests	2026-10-07T05:43:57.4026906Z ok 547 - food-days route: GET /range returns inclusive day statuses for start/end
Backend Tests	Run tests	2026-10-07T05:43:57.4027542Z   ---
Backend Tests	Run tests	2026-10-07T05:43:57.4027932Z   duration_ms: 56.010437
Backend Tests	Run tests	2026-10-07T05:43:57.4028353Z   ...
Backend Tests	Run tests	2026-10-07T05:43:57.4028916Z # Subtest: food-days route: GET /range supports month query
Backend Tests	Run tests	2026-10-07T05:43:57.4067499Z ok 548 - food-days route: GET /range supports month query
Backend Tests	Run tests	2026-10-07T05:43:57.4097123Z   ---
Backend Tests	Run tests	2026-10-07T05:43:57.4119840Z   duration_ms: 51.441554
Backend Tests	Run tests	2026-10-07T05:43:57.4120365Z   ...
Backend Tests	Run tests	2026-10-07T05:43:57.4120973Z # Subtest: food-days route: GET /range validates query shape
Backend Tests	Run tests	2026-10-07T05:43:57.4121725Z ok 549 - food-days route: GET /range validates query shape
Backend Tests	Run tests	2026-10-07T05:43:57.4122296Z   ---
Backend Tests	Run tests	2026-10-07T05:43:57.4122680Z   duration_ms: 55.246614
Backend Tests	Run tests	2026-10-07T05:43:57.4123085Z   ...
Backend Tests	Run tests	2026-10-07T05:43:57.4123972Z # Subtest: PATCH completion captures its local-day plan once and reopening/recompletion retains it
Backend Tests	Run tests	2026-10-07T05:43:57.4125169Z ok 550 - PATCH completion captures its local-day plan once and reopening/recompletion retains it
Backend Tests	Run tests	2026-10-07T05:43:57.4125888Z   ---
Backend Tests	Run tests	2026-10-07T05:43:57.4126266Z   duration_ms: 51.752996
Backend Tests	Run tests	2026-10-07T05:43:57.4126841Z   ...
Backend Tests	Run tests	2026-10-07T05:44:00.0358234Z # Food search returned no results. Attempts: fatsecret (empty), openFoodFacts (empty)
Backend Tests	Run tests	2026-10-07T05:44:00.0842433Z # Food provider search failed (request_id=unavailable, error_type=Error).
Backend Tests	Run tests	2026-10-07T05:44:00.0843775Z # Food search failed for all providers. Attempts: fatsecret (error), openFoodFacts (error)
Backend Tests	Run tests	2026-10-07T05:44:00.4578267Z # Subtest: food route: rejects unauthenticated requests via router.use middleware
Backend Tests	Run tests	2026-10-07T05:44:00.4586047Z ok 551 - food route: rejects unauthenticated requests via router.use middleware
Backend Tests	Run tests	2026-10-07T05:44:00.4586712Z   ---
Backend Tests	Run tests	2026-10-07T05:44:00.4587422Z   duration_ms: 5484.647129
Backend Tests	Run tests	2026-10-07T05:44:00.4587887Z   ...
Backend Tests	Run tests	2026-10-07T05:44:00.4588424Z # Subtest: food route: GET /search requires query or barcode
Backend Tests	Run tests	2026-10-07T05:44:00.4589656Z ok 552 - food route: GET /search requires query or barcode
Backend Tests	Run tests	2026-10-07T05:44:00.4590197Z   ---
Backend Tests	Run tests	2026-10-07T05:44:00.4590580Z   duration_ms: 36.363682
Backend Tests	Run tests	2026-10-07T05:44:00.4590994Z   ...
Backend Tests	Run tests	2026-10-07T05:44:00.4591951Z # Subtest: food route: GET /search calls provider.searchFoods and returns provider metadata
Backend Tests	Run tests	2026-10-07T05:44:00.4593046Z ok 553 - food route: GET /search calls provider.searchFoods and returns provider metadata
Backend Tests	Run tests	2026-10-07T05:44:00.4593736Z   ---
Backend Tests	Run tests	2026-10-07T05:44:00.4594130Z   duration_ms: 43.246929
Backend Tests	Run tests	2026-10-07T05:44:00.4594552Z   ...
Backend Tests	Run tests	2026-10-07T05:44:00.4595315Z # Subtest: food route: GET /search keeps text pagination pinned when a provider returns no matches
Backend Tests	Run tests	2026-10-07T05:44:00.4596428Z ok 554 - food route: GET /search keeps text pagination pinned when a provider returns no matches
Backend Tests	Run tests	2026-10-07T05:44:00.4597329Z   ---
Backend Tests	Run tests	2026-10-07T05:44:00.4597729Z   duration_ms: 29.747788
Backend Tests	Run tests	2026-10-07T05:44:00.4598160Z   ...
Backend Tests	Run tests	2026-10-07T05:44:00.4598869Z # Subtest: food route: GET /search falls back to the next provider when text search errors
Backend Tests	Run tests	2026-10-07T05:44:00.4599916Z ok 555 - food route: GET /search falls back to the next provider when text search errors
Backend Tests	Run tests	2026-10-07T05:44:00.4600557Z   ---
Backend Tests	Run tests	2026-10-07T05:44:00.4600933Z   duration_ms: 24.451874
Backend Tests	Run tests	2026-10-07T05:44:00.4601330Z   ...
Backend Tests	Run tests	2026-10-07T05:44:00.4602004Z # Subtest: food route: GET /search falls back to the next provider for barcode lookups
Backend Tests	Run tests	2026-10-07T05:44:00.4602968Z ok 556 - food route: GET /search falls back to the next provider for barcode lookups
Backend Tests	Run tests	2026-10-07T05:44:00.4603631Z   ---
Backend Tests	Run tests	2026-10-07T05:44:00.4604013Z   duration_ms: 18.923953
Backend Tests	Run tests	2026-10-07T05:44:00.4604398Z   ...
Backend Tests	Run tests	2026-10-07T05:44:00.4605135Z # Subtest: food route: GET /search returns empty results when barcode providers return no matches
Backend Tests	Run tests	2026-10-07T05:44:00.4606239Z ok 557 - food route: GET /search returns empty results when barcode providers return no matches
Backend Tests	Run tests	2026-10-07T05:44:00.4607130Z   ---
Backend Tests	Run tests	2026-10-07T05:44:00.4607524Z   duration_ms: 32.281045
Backend Tests	Run tests	2026-10-07T05:44:00.4607939Z   ...
Backend Tests	Run tests	2026-10-07T05:44:00.4608682Z # Subtest: food route: GET /search skips providers that disable barcode lookup at runtime
Backend Tests	Run tests	2026-10-07T05:44:00.4609650Z ok 558 - food route: GET /search skips providers that disable barcode lookup at runtime
Backend Tests	Run tests	2026-10-07T05:44:00.4610336Z   ---
Backend Tests	Run tests	2026-10-07T05:44:00.4610705Z   duration_ms: 26.157041
Backend Tests	Run tests	2026-10-07T05:44:00.4611071Z   ...
Backend Tests	Run tests	2026-10-07T05:44:00.4647663Z # Subtest: food route: GET /search returns 500 when all barcode providers fail
Backend Tests	Run tests	2026-10-07T05:44:00.4677080Z ok 559 - food route: GET /search returns 500 when all barcode providers fail
Backend Tests	Run tests	2026-10-07T05:44:00.4677590Z   ---
Backend Tests	Run tests	2026-10-07T05:44:00.4707534Z   duration_ms: 22.488761
Backend Tests	Run tests	2026-10-07T05:44:00.4737373Z   ...
Backend Tests	Run tests	2026-10-07T05:44:00.4767617Z # Subtest: food route: GET /recent returns deduped recent food suggestions
Backend Tests	Run tests	2026-10-07T05:44:00.4768700Z ok 560 - food route: GET /recent returns deduped recent food suggestions
Backend Tests	Run tests	2026-10-07T05:44:00.4787617Z   ---
Backend Tests	Run tests	2026-10-07T05:44:00.4788137Z   duration_ms: 23.166132
Backend Tests	Run tests	2026-10-07T05:44:00.4788700Z   ...
Backend Tests	Run tests	2026-10-07T05:44:00.4789449Z # Subtest: food route: GET /recent prioritizes foods frequently logged for the selected meal
Backend Tests	Run tests	2026-10-07T05:44:00.4790530Z ok 561 - food route: GET /recent prioritizes foods frequently logged for the selected meal
Backend Tests	Run tests	2026-10-07T05:44:00.4791249Z   ---
Backend Tests	Run tests	2026-10-07T05:44:00.4791657Z   duration_ms: 30.667654
Backend Tests	Run tests	2026-10-07T05:44:00.4792090Z   ...
Backend Tests	Run tests	2026-10-07T05:44:00.4792663Z # Subtest: food route: GET /recent rejects an invalid meal period
Backend Tests	Run tests	2026-10-07T05:44:00.4793452Z ok 562 - food route: GET /recent rejects an invalid meal period
Backend Tests	Run tests	2026-10-07T05:44:00.4794009Z   ---
Backend Tests	Run tests	2026-10-07T05:44:00.4794388Z   duration_ms: 23.213132
Backend Tests	Run tests	2026-10-07T05:44:00.4794795Z   ...
Backend Tests	Run tests	2026-10-07T05:44:00.4795384Z # Subtest: food route: GET / validates local_date/date query params
Backend Tests	Run tests	2026-10-07T05:44:00.4796170Z ok 563 - food route: GET / validates local_date/date query params
Backend Tests	Run tests	2026-10-07T05:44:00.4796896Z   ---
Backend Tests	Run tests	2026-10-07T05:44:00.4797271Z   duration_ms: 23.50633
Backend Tests	Run tests	2026-10-07T05:44:00.4797645Z   ...
Backend Tests	Run tests	2026-10-07T05:44:00.4798777Z # Subtest: food route: GET / passes local_date filter through to Prisma
Backend Tests	Run tests	2026-10-07T05:44:00.4799567Z ok 564 - food route: GET / passes local_date filter through to Prisma
Backend Tests	Run tests	2026-10-07T05:44:00.4800163Z   ---
Backend Tests	Run tests	2026-10-07T05:44:00.4800780Z   duration_ms: 17.598382
Backend Tests	Run tests	2026-10-07T05:44:00.4801210Z   ...
Backend Tests	Run tests	2026-10-07T05:44:00.4801844Z # Subtest: food route: POST / creates a manual log after validating inputs
Backend Tests	Run tests	2026-10-07T05:44:00.4802735Z ok 565 - food route: POST / creates a manual log after validating inputs
Backend Tests	Run tests	2026-10-07T05:44:00.4803333Z   ---
Backend Tests	Run tests	2026-10-07T05:44:00.4803737Z   duration_ms: 34.002165
Backend Tests	Run tests	2026-10-07T05:44:00.4804149Z   ...
Backend Tests	Run tests	2026-10-07T05:44:00.4804766Z # Subtest: food route: POST / rejects writes when the canonical day is paused
Backend Tests	Run tests	2026-10-07T05:44:00.4805561Z ok 566 - food route: POST / rejects writes when the canonical day is paused
Backend Tests	Run tests	2026-10-07T05:44:00.4806088Z   ---
Backend Tests	Run tests	2026-10-07T05:44:00.4806467Z   duration_ms: 30.933913
Backend Tests	Run tests	2026-10-07T05:44:00.4837314Z   ...
Backend Tests	Run tests	2026-10-07T05:44:00.4855730Z # Subtest: food route: POST / stores external serving snapshots for search-backed logs
Backend Tests	Run tests	2026-10-07T05:44:00.4902514Z ok 567 - food route: POST / stores external serving snapshots for search-backed logs
Backend Tests	Run tests	2026-10-07T05:44:00.4903365Z   ---
Backend Tests	Run tests	2026-10-07T05:44:00.4903863Z   duration_ms: 35.018332
Backend Tests	Run tests	2026-10-07T05:44:00.4904308Z   ...
Backend Tests	Run tests	2026-10-07T05:44:00.4904967Z # Subtest: food route: POST / can create a my_food-backed log with snapshots
Backend Tests	Run tests	2026-10-07T05:44:00.4905861Z ok 568 - food route: POST / can create a my_food-backed log with snapshots
Backend Tests	Run tests	2026-10-07T05:44:00.4906508Z   ---
Backend Tests	Run tests	2026-10-07T05:44:00.4907140Z   duration_ms: 32.703384
Backend Tests	Run tests	2026-10-07T05:44:00.4907571Z   ...
Backend Tests	Run tests	2026-10-07T05:44:00.4908273Z # Subtest: food route: POST /copy requires a valid operation ID and local-date payload
Backend Tests	Run tests	2026-10-07T05:44:00.4909239Z ok 569 - food route: POST /copy requires a valid operation ID and local-date payload
Backend Tests	Run tests	2026-10-07T05:44:00.4909895Z   ---
Backend Tests	Run tests	2026-10-07T05:44:00.4910294Z   duration_ms: 29.788687
Backend Tests	Run tests	2026-10-07T05:44:00.4910705Z   ...
Backend Tests	Run tests	2026-10-07T05:44:00.4911428Z # Subtest: food route: POST /copy executes the owned copy in one idempotent transaction
Backend Tests	Run tests	2026-10-07T05:44:00.4912436Z ok 570 - food route: POST /copy executes the owned copy in one idempotent transaction
Backend Tests	Run tests	2026-10-07T05:44:00.4913116Z   ---
Backend Tests	Run tests	2026-10-07T05:44:00.4913509Z   duration_ms: 22.998567
Backend Tests	Run tests	2026-10-07T05:44:00.4913926Z   ...
Backend Tests	Run tests	2026-10-07T05:44:00.4914532Z # Subtest: food route: PATCH /:id validates and computes updateData
Backend Tests	Run tests	2026-10-07T05:44:00.4915290Z ok 571 - food route: PATCH /:id validates and computes updateData
Backend Tests	Run tests	2026-10-07T05:44:00.4915827Z   ---
Backend Tests	Run tests	2026-10-07T05:44:00.4916225Z   duration_ms: 18.913227
Backend Tests	Run tests	2026-10-07T05:44:00.4916627Z   ...
Backend Tests	Run tests	2026-10-07T05:44:00.4917372Z # Subtest: food route: DELETE /:id validates ids and returns 204 on delete
Backend Tests	Run tests	2026-10-07T05:44:00.4918218Z ok 572 - food route: DELETE /:id validates ids and returns 204 on delete
Backend Tests	Run tests	2026-10-07T05:44:00.4918797Z   ---
Backend Tests	Run tests	2026-10-07T05:44:00.4919190Z   duration_ms: 18.279409
Backend Tests	Run tests	2026-10-07T05:44:00.4919611Z   ...
Backend Tests	Run tests	2026-10-07T05:44:00.4920335Z # Subtest: food route: DELETE /:id treats an already-absent owned log as idempotent success
Backend Tests	Run tests	2026-10-07T05:44:00.4921395Z ok 573 - food route: DELETE /:id treats an already-absent owned log as idempotent success
Backend Tests	Run tests	2026-10-07T05:44:00.4922069Z   ---
Backend Tests	Run tests	2026-10-07T05:44:00.4922469Z   duration_ms: 18.517267
Backend Tests	Run tests	2026-10-07T05:44:00.4922892Z   ...
Backend Tests	Run tests	2026-10-07T05:44:00.5690599Z # Subtest: goals route: rejects unauthenticated requests via router.use middleware
Backend Tests	Run tests	2026-10-07T05:44:00.5698046Z ok 574 - goals route: rejects unauthenticated requests via router.use middleware
Backend Tests	Run tests	2026-10-07T05:44:00.5698788Z   ---
Backend Tests	Run tests	2026-10-07T05:44:00.5699183Z   duration_ms: 5142.785018
Backend Tests	Run tests	2026-10-07T05:44:00.5699603Z   ...
Backend Tests	Run tests	2026-10-07T05:44:00.5700194Z # Subtest: goals route: GET / returns null when the user has no goal
Backend Tests	Run tests	2026-10-07T05:44:00.5700991Z ok 575 - goals route: GET / returns null when the user has no goal
Backend Tests	Run tests	2026-10-07T05:44:00.5701553Z   ---
Backend Tests	Run tests	2026-10-07T05:44:00.5701915Z   duration_ms: 55.156483
Backend Tests	Run tests	2026-10-07T05:44:00.5702313Z   ...
Backend Tests	Run tests	2026-10-07T05:44:00.5702933Z # Subtest: goals route: GET / maps stored gram weights into the user unit
Backend Tests	Run tests	2026-10-07T05:44:00.5704194Z ok 576 - goals route: GET / maps stored gram weights into the user unit
Backend Tests	Run tests	2026-10-07T05:44:00.5704778Z   ---
Backend Tests	Run tests	2026-10-07T05:44:00.5705146Z   duration_ms: 32.614419
Backend Tests	Run tests	2026-10-07T05:44:00.5705737Z   ...
Backend Tests	Run tests	2026-10-07T05:44:00.5706490Z # Subtest: goals route: GET / preserves an unsafe historical daily deficit and marks it for review
Backend Tests	Run tests	2026-10-07T05:44:00.5707749Z ok 577 - goals route: GET / preserves an unsafe historical daily deficit and marks it for review
Backend Tests	Run tests	2026-10-07T05:44:00.5708443Z   ---
Backend Tests	Run tests	2026-10-07T05:44:00.5708818Z   duration_ms: 36.165902
Backend Tests	Run tests	2026-10-07T05:44:00.5709214Z   ...
Backend Tests	Run tests	2026-10-07T05:44:00.5709901Z # Subtest: goals route: POST / validates daily_deficit and weight inputs before writing
Backend Tests	Run tests	2026-10-07T05:44:00.5710878Z ok 578 - goals route: POST / validates daily_deficit and weight inputs before writing
Backend Tests	Run tests	2026-10-07T05:44:00.5711531Z   ---
Backend Tests	Run tests	2026-10-07T05:44:00.5711900Z   duration_ms: 21.47732
Backend Tests	Run tests	2026-10-07T05:44:00.5712298Z   ...
Backend Tests	Run tests	2026-10-07T05:44:00.5712977Z # Subtest: goals route: POST / rejects incoherent start/target weights for loss goals
Backend Tests	Run tests	2026-10-07T05:44:00.5713948Z ok 579 - goals route: POST / rejects incoherent start/target weights for loss goals
Backend Tests	Run tests	2026-10-07T05:44:00.5714588Z   ---
Backend Tests	Run tests	2026-10-07T05:44:00.5714965Z   duration_ms: 27.89164
Backend Tests	Run tests	2026-10-07T05:44:00.5715357Z   ...
Backend Tests	Run tests	2026-10-07T05:44:00.5715996Z # Subtest: goals route: POST / creates a goal and returns weights in user units
Backend Tests	Run tests	2026-10-07T05:44:00.5717083Z ok 580 - goals route: POST / creates a goal and returns weights in user units
Backend Tests	Run tests	2026-10-07T05:44:00.5717762Z   ---
Backend Tests	Run tests	2026-10-07T05:44:00.5718125Z   duration_ms: 23.58764
Backend Tests	Run tests	2026-10-07T05:44:00.5718524Z   ...
Backend Tests	Run tests	2026-10-07T05:44:00.9096921Z # Subtest: self-hosted deployments do not expose Calibrate hosted legal-consent routes
Backend Tests	Run tests	2026-10-07T05:44:00.9099599Z ok 581 - self-hosted deployments do not expose Calibrate hosted legal-consent routes
Backend Tests	Run tests	2026-10-07T05:44:00.9100515Z   ---
Backend Tests	Run tests	2026-10-07T05:44:00.9100941Z   duration_ms: 3127.540997
Backend Tests	Run tests	2026-10-07T05:44:00.9101381Z   ...
Backend Tests	Run tests	2026-10-07T05:44:00.9102035Z # Subtest: legal acceptance rejects outdated versions with a stable code
Backend Tests	Run tests	2026-10-07T05:44:00.9102916Z ok 582 - legal acceptance rejects outdated versions with a stable code
Backend Tests	Run tests	2026-10-07T05:44:00.9103488Z   ---
Backend Tests	Run tests	2026-10-07T05:44:00.9103866Z   duration_ms: 6.274795
Backend Tests	Run tests	2026-10-07T05:44:00.9104287Z   ...
Backend Tests	Run tests	2026-10-07T05:44:00.9104996Z # Subtest: legal status and current acceptance return the same account-access contract
Backend Tests	Run tests	2026-10-07T05:44:00.9106035Z ok 583 - legal status and current acceptance return the same account-access contract
Backend Tests	Run tests	2026-10-07T05:44:00.9106880Z   ---
Backend Tests	Run tests	2026-10-07T05:44:00.9107289Z   duration_ms: 5.611845
Backend Tests	Run tests	2026-10-07T05:44:00.9107701Z   ...
Backend Tests	Run tests	2026-10-07T05:44:00.9108340Z # Subtest: legal acceptance requires explicit affirmative consent
Backend Tests	Run tests	2026-10-07T05:44:00.9109169Z ok 584 - legal acceptance requires explicit affirmative consent
Backend Tests	Run tests	2026-10-07T05:44:00.9137280Z   ---
Backend Tests	Run tests	2026-10-07T05:44:00.9146360Z   duration_ms: 4.841768
Backend Tests	Run tests	2026-10-07T05:44:00.9146994Z   ...
Backend Tests	Run tests	2026-10-07T05:44:06.8527083Z # Subtest: metrics route: rejects unauthenticated requests via router.use middleware
Backend Tests	Run tests	2026-10-07T05:44:06.8551125Z ok 585 - metrics route: rejects unauthenticated requests via router.use middleware
Backend Tests	Run tests	2026-10-07T05:44:06.8561515Z   ---
Backend Tests	Run tests	2026-10-07T05:44:06.8562320Z   duration_ms: 3587.340329
Backend Tests	Run tests	2026-10-07T05:44:06.8562913Z   ...
Backend Tests	Run tests	2026-10-07T05:44:06.8563621Z # Subtest: metrics route: GET / validates start/end query params when provided
Backend Tests	Run tests	2026-10-07T05:44:06.8564609Z ok 586 - metrics route: GET / validates start/end query params when provided
Backend Tests	Run tests	2026-10-07T05:44:06.8565278Z   ---
Backend Tests	Run tests	2026-10-07T05:44:06.8565706Z   duration_ms: 70.082112
Backend Tests	Run tests	2026-10-07T05:44:06.8582687Z   ...
Backend Tests	Run tests	2026-10-07T05:44:06.8583300Z # Subtest: metrics route: GET / validates include_trend query values
Backend Tests	Run tests	2026-10-07T05:44:06.8584134Z ok 587 - metrics route: GET / validates include_trend query values
Backend Tests	Run tests	2026-10-07T05:44:06.8584641Z   ---
Backend Tests	Run tests	2026-10-07T05:44:06.8585021Z   duration_ms: 50.124889
Backend Tests	Run tests	2026-10-07T05:44:06.8585392Z   ...
Backend Tests	Run tests	2026-10-07T05:44:06.8585886Z # Subtest: metrics route: GET / validates range query values
Backend Tests	Run tests	2026-10-07T05:44:06.8587137Z ok 588 - metrics route: GET / validates range query values
Backend Tests	Run tests	2026-10-07T05:44:06.8587625Z   ---
Backend Tests	Run tests	2026-10-07T05:44:06.8587968Z   duration_ms: 72.451369
Backend Tests	Run tests	2026-10-07T05:44:06.8588562Z   ...
Backend Tests	Run tests	2026-10-07T05:44:06.8589261Z # Subtest: metrics route: GET / uses inclusive comparison endpoints for relative ranges
Backend Tests	Run tests	2026-10-07T05:44:06.8590113Z ok 589 - metrics route: GET / uses inclusive comparison endpoints for relative ranges
Backend Tests	Run tests	2026-10-07T05:44:06.8590692Z   ---
Backend Tests	Run tests	2026-10-07T05:44:06.8591026Z   duration_ms: 228.483159
Backend Tests	Run tests	2026-10-07T05:44:06.8591426Z   ...
Backend Tests	Run tests	2026-10-07T05:44:06.8592141Z # Subtest: metrics route: GET / anchors a relative trend range to an explicit historical end date
Backend Tests	Run tests	2026-10-07T05:44:06.8617804Z ok 590 - metrics route: GET / anchors a relative trend range to an explicit historical end date
Backend Tests	Run tests	2026-10-07T05:44:06.8628930Z   ---
Backend Tests	Run tests	2026-10-07T05:44:06.8649735Z   duration_ms: 51.490879
Backend Tests	Run tests	2026-10-07T05:44:06.8650611Z   ...
Backend Tests	Run tests	2026-10-07T05:44:06.8677701Z # Subtest: metrics route: GET / returns metrics with weight converted to the user unit
Backend Tests	Run tests	2026-10-07T05:44:06.8707757Z ok 591 - metrics route: GET / returns metrics with weight converted to the user unit
Backend Tests	Run tests	2026-10-07T05:44:06.8743332Z   ---
Backend Tests	Run tests	2026-10-07T05:44:06.8765560Z   duration_ms: 51.905646
Backend Tests	Run tests	2026-10-07T05:44:06.8807461Z   ...
Backend Tests	Run tests	2026-10-07T05:44:06.8837712Z # Subtest: metrics route: GET / returns trend-augmented payload when include_trend=true
Backend Tests	Run tests	2026-10-07T05:44:06.8838653Z ok 592 - metrics route: GET / returns trend-augmented payload when include_trend=true
Backend Tests	Run tests	2026-10-07T05:44:06.8867624Z   ---
Backend Tests	Run tests	2026-10-07T05:44:06.8897450Z   duration_ms: 70.845984
Backend Tests	Run tests	2026-10-07T05:44:06.8898001Z   ...
Backend Tests	Run tests	2026-10-07T05:44:06.8927513Z # Subtest: metrics route: GET / adds scoped v2 evidence and freshness metadata
Backend Tests	Run tests	2026-10-07T05:44:06.8957608Z ok 593 - metrics route: GET / adds scoped v2 evidence and freshness metadata
Backend Tests	Run tests	2026-10-07T05:44:06.8987209Z   ---
Backend Tests	Run tests	2026-10-07T05:44:06.8987738Z   duration_ms: 85.519964
Backend Tests	Run tests	2026-10-07T05:44:06.9017318Z   ...
Backend Tests	Run tests	2026-10-07T05:44:06.9037817Z # Subtest: metrics route: GET / derives point bands and summary from one raw source revision
Backend Tests	Run tests	2026-10-07T05:44:06.9048899Z ok 594 - metrics route: GET / derives point bands and summary from one raw source revision
Backend Tests	Run tests	2026-10-07T05:44:06.9069654Z   ---
Backend Tests	Run tests	2026-10-07T05:44:06.9070127Z   duration_ms: 47.814041
Backend Tests	Run tests	2026-10-07T05:44:06.9070548Z   ...
Backend Tests	Run tests	2026-10-07T05:44:06.9071399Z # Subtest: metrics route: GET / preserves raw measurements and marks trend unavailable after refresh failure
Backend Tests	Run tests	2026-10-07T05:44:06.9072613Z ok 595 - metrics route: GET / preserves raw measurements and marks trend unavailable after refresh failure
Backend Tests	Run tests	2026-10-07T05:44:06.9073361Z   ---
Backend Tests	Run tests	2026-10-07T05:44:06.9073747Z   duration_ms: 68.590323
Backend Tests	Run tests	2026-10-07T05:44:06.9074216Z   ...
Backend Tests	Run tests	2026-10-07T05:44:06.9075059Z # Subtest: metrics route: GET / degrades after a same-day source edit when read-time refitting still fails
Backend Tests	Run tests	2026-10-07T05:44:06.9076233Z ok 596 - metrics route: GET / degrades after a same-day source edit when read-time refitting still fails
Backend Tests	Run tests	2026-10-07T05:44:06.9077108Z   ---
Backend Tests	Run tests	2026-10-07T05:44:06.9077484Z   duration_ms: 50.859695
Backend Tests	Run tests	2026-10-07T05:44:06.9077893Z   ...
Backend Tests	Run tests	2026-10-07T05:44:06.9078585Z # Subtest: metrics route: GET / catches a fitting race and still returns raw measurements
Backend Tests	Run tests	2026-10-07T05:44:06.9079558Z ok 597 - metrics route: GET / catches a fitting race and still returns raw measurements
Backend Tests	Run tests	2026-10-07T05:44:06.9080212Z   ---
Backend Tests	Run tests	2026-10-07T05:44:06.9080584Z   duration_ms: 43.88142
Backend Tests	Run tests	2026-10-07T05:44:06.9080999Z   ...
Backend Tests	Run tests	2026-10-07T05:44:06.9081852Z # Subtest: metrics route: GET / keeps legacy fallback when last-known-good trends do not cover newest raw data
Backend Tests	Run tests	2026-10-07T05:44:06.9083070Z ok 598 - metrics route: GET / keeps legacy fallback when last-known-good trends do not cover newest raw data
Backend Tests	Run tests	2026-10-07T05:44:06.9083814Z   ---
Backend Tests	Run tests	2026-10-07T05:44:06.9084195Z   duration_ms: 37.604213
Backend Tests	Run tests	2026-10-07T05:44:06.9084605Z   ...
Backend Tests	Run tests	2026-10-07T05:44:06.9085226Z # Subtest: metrics route: GET / excludes future rows and suppresses outdated pace
Backend Tests	Run tests	2026-10-07T05:44:06.9086158Z ok 599 - metrics route: GET / excludes future rows and suppresses outdated pace
Backend Tests	Run tests	2026-10-07T05:44:06.9087367Z   ---
Backend Tests	Run tests	2026-10-07T05:44:06.9087738Z   duration_ms: 36.353541
Backend Tests	Run tests	2026-10-07T05:44:06.9088150Z   ...
Backend Tests	Run tests	2026-10-07T05:44:06.9147810Z # Subtest: metrics route: GET / applies current, stale, and outdated freshness boundaries
Backend Tests	Run tests	2026-10-07T05:44:06.9148994Z ok 600 - metrics route: GET / applies current, stale, and outdated freshness boundaries
Backend Tests	Run tests	2026-10-07T05:44:06.9177435Z   ---
Backend Tests	Run tests	2026-10-07T05:44:06.9267422Z   duration_ms: 136.15182
Backend Tests	Run tests	2026-10-07T05:44:06.9277391Z   ...
Backend Tests	Run tests	2026-10-07T05:44:06.9299459Z # Subtest: metrics route: GET / keeps stale as-of metadata when a narrow range has no returned weigh-ins
Backend Tests	Run tests	2026-10-07T05:44:06.9300794Z ok 601 - metrics route: GET / keeps stale as-of metadata when a narrow range has no returned weigh-ins
Backend Tests	Run tests	2026-10-07T05:44:06.9301545Z   ---
Backend Tests	Run tests	2026-10-07T05:44:06.9301930Z   duration_ms: 60.219996
Backend Tests	Run tests	2026-10-07T05:44:06.9302352Z   ...
Backend Tests	Run tests	2026-10-07T05:44:06.9303130Z # Subtest: metrics route: GET / recomputes a bounded historical trend as of the requested end date
Backend Tests	Run tests	2026-10-07T05:44:06.9304244Z ok 602 - metrics route: GET / recomputes a bounded historical trend as of the requested end date
Backend Tests	Run tests	2026-10-07T05:44:06.9304929Z   ---
Backend Tests	Run tests	2026-10-07T05:44:06.9305374Z   duration_ms: 53.925322
Backend Tests	Run tests	2026-10-07T05:44:06.9305785Z   ...
Backend Tests	Run tests	2026-10-07T05:44:06.9306410Z # Subtest: metrics route: GET / legacy weekly rate ignores a pre-gap reversal
Backend Tests	Run tests	2026-10-07T05:44:06.9307397Z ok 603 - metrics route: GET / legacy weekly rate ignores a pre-gap reversal
Backend Tests	Run tests	2026-10-07T05:44:06.9312862Z   ---
Backend Tests	Run tests	2026-10-07T05:44:06.9344686Z   duration_ms: 57.391826
Backend Tests	Run tests	2026-10-07T05:44:06.9346869Z   ...
Backend Tests	Run tests	2026-10-07T05:44:06.9347753Z # Subtest: metrics route: GET / trend payload stays unit-invariant across KG and LB preferences
Backend Tests	Run tests	2026-10-07T05:44:06.9348850Z ok 604 - metrics route: GET / trend payload stays unit-invariant across KG and LB preferences
Backend Tests	Run tests	2026-10-07T05:44:06.9349525Z   ---
Backend Tests	Run tests	2026-10-07T05:44:06.9349910Z   duration_ms: 45.164219
Backend Tests	Run tests	2026-10-07T05:44:06.9350309Z   ...
Backend Tests	Run tests	2026-10-07T05:44:06.9350997Z # Subtest: metrics route: GET / ignores trend rows older than the active trend horizon
Backend Tests	Run tests	2026-10-07T05:44:06.9351938Z ok 605 - metrics route: GET / ignores trend rows older than the active trend horizon
Backend Tests	Run tests	2026-10-07T05:44:06.9352605Z   ---
Backend Tests	Run tests	2026-10-07T05:44:06.9352988Z   duration_ms: 69.539126
Backend Tests	Run tests	2026-10-07T05:44:06.9353407Z   ...
Backend Tests	Run tests	2026-10-07T05:44:06.9353948Z # Subtest: metrics route: POST / rejects invalid date values
Backend Tests	Run tests	2026-10-07T05:44:06.9354687Z ok 606 - metrics route: POST / rejects invalid date values
Backend Tests	Run tests	2026-10-07T05:44:06.9355209Z   ---
Backend Tests	Run tests	2026-10-07T05:44:06.9355586Z   duration_ms: 70.411454
Backend Tests	Run tests	2026-10-07T05:44:06.9355985Z   ...
Backend Tests	Run tests	2026-10-07T05:44:06.9356604Z # Subtest: metrics route: POST / rejects future account-local weight dates
Backend Tests	Run tests	2026-10-07T05:44:06.9357529Z ok 607 - metrics route: POST / rejects future account-local weight dates
Backend Tests	Run tests	2026-10-07T05:44:06.9383450Z   ---
Backend Tests	Run tests	2026-10-07T05:44:06.9384093Z   duration_ms: 58.999309
Backend Tests	Run tests	2026-10-07T05:44:06.9384520Z   ...
Backend Tests	Run tests	2026-10-07T05:44:06.9385215Z # Subtest: metrics route: POST / rejects malformed or out-of-range body fat percentages
Backend Tests	Run tests	2026-10-07T05:44:06.9386210Z ok 608 - metrics route: POST / rejects malformed or out-of-range body fat percentages
Backend Tests	Run tests	2026-10-07T05:44:06.9386975Z   ---
Backend Tests	Run tests	2026-10-07T05:44:06.9387358Z   duration_ms: 56.363466
Backend Tests	Run tests	2026-10-07T05:44:06.9387767Z   ...
Backend Tests	Run tests	2026-10-07T05:44:06.9388295Z # Subtest: metrics route: POST / rejects empty updates
Backend Tests	Run tests	2026-10-07T05:44:06.9388943Z ok 609 - metrics route: POST / rejects empty updates
Backend Tests	Run tests	2026-10-07T05:44:06.9389431Z   ---
Backend Tests	Run tests	2026-10-07T05:44:06.9389803Z   duration_ms: 52.767142
Backend Tests	Run tests	2026-10-07T05:44:06.9390199Z   ...
Backend Tests	Run tests	2026-10-07T05:44:06.9390972Z # Subtest: metrics route: POST / requires weight when creating a new day via body_fat_percent-only update
Backend Tests	Run tests	2026-10-07T05:44:06.9392088Z ok 610 - metrics route: POST / requires weight when creating a new day via body_fat_percent-only update
Backend Tests	Run tests	2026-10-07T05:44:06.9392801Z   ---
Backend Tests	Run tests	2026-10-07T05:44:06.9393176Z   duration_ms: 62.751342
Backend Tests	Run tests	2026-10-07T05:44:06.9393581Z   ...
Backend Tests	Run tests	2026-10-07T05:44:06.9394205Z # Subtest: metrics route: POST / updates existing metrics when weight is omitted
Backend Tests	Run tests	2026-10-07T05:44:06.9395543Z ok 611 - metrics route: POST / updates existing metrics when weight is omitted
Backend Tests	Run tests	2026-10-07T05:44:06.9396162Z   ---
Backend Tests	Run tests	2026-10-07T05:44:06.9396698Z   duration_ms: 44.602096
Backend Tests	Run tests	2026-10-07T05:44:06.9397187Z   ...
Backend Tests	Run tests	2026-10-07T05:44:06.9427536Z # Subtest: metrics route: POST / upserts metrics when weight is provided
Backend Tests	Run tests	2026-10-07T05:44:06.9457473Z ok 612 - metrics route: POST / upserts metrics when weight is provided
Backend Tests	Run tests	2026-10-07T05:44:06.9487475Z   ---
Backend Tests	Run tests	2026-10-07T05:44:06.9517539Z   duration_ms: 74.885823
Backend Tests	Run tests	2026-10-07T05:44:06.9537750Z   ...
Backend Tests	Run tests	2026-10-07T05:44:06.9557982Z # Subtest: metrics route: POST / evaluates goal recognition from pre-save history inside the transaction
Backend Tests	Run tests	2026-10-07T05:44:06.9577850Z ok 613 - metrics route: POST / evaluates goal recognition from pre-save history inside the transaction
Backend Tests	Run tests	2026-10-07T05:44:06.9607259Z   ---
Backend Tests	Run tests	2026-10-07T05:44:06.9634186Z   duration_ms: 44.431336
Backend Tests	Run tests	2026-10-07T05:44:06.9634808Z   ...
Backend Tests	Run tests	2026-10-07T05:44:06.9637035Z # Subtest: metrics route: DELETE /:id validates ids and handles not-found deletes
Backend Tests	Run tests	2026-10-07T05:44:06.9638102Z ok 614 - metrics route: DELETE /:id validates ids and handles not-found deletes
Backend Tests	Run tests	2026-10-07T05:44:06.9638885Z   ---
Backend Tests	Run tests	2026-10-07T05:44:06.9639312Z   duration_ms: 41.983723
Backend Tests	Run tests	2026-10-07T05:44:06.9639765Z   ...
Backend Tests	Run tests	2026-10-07T05:44:06.9640403Z # Subtest: metrics route: DELETE /:id returns 204 when a row is deleted
Backend Tests	Run tests	2026-10-07T05:44:06.9641284Z ok 615 - metrics route: DELETE /:id returns 204 when a row is deleted
Backend Tests	Run tests	2026-10-07T05:44:06.9641943Z   ---
Backend Tests	Run tests	2026-10-07T05:44:06.9642356Z   duration_ms: 60.72764
Backend Tests	Run tests	2026-10-07T05:44:06.9642799Z   ...
Backend Tests	Run tests	2026-10-07T05:44:06.9643705Z # Subtest: metrics route: POST / saves a bounded weight but suppresses an unsafe goal progress receipt and marks review
Backend Tests	Run tests	2026-10-07T05:44:06.9645095Z ok 616 - metrics route: POST / saves a bounded weight but suppresses an unsafe goal progress receipt and marks review
Backend Tests	Run tests	2026-10-07T05:44:06.9645904Z   ---
Backend Tests	Run tests	2026-10-07T05:44:06.9646319Z   duration_ms: 44.914317
Backend Tests	Run tests	2026-10-07T05:44:06.9646856Z   ...
Backend Tests	Run tests	2026-10-07T05:44:06.9647682Z # Subtest: metrics route: DELETE /:id marks the current plan when deleting the latest weight makes it unsafe
Backend Tests	Run tests	2026-10-07T05:44:06.9648898Z ok 617 - metrics route: DELETE /:id marks the current plan when deleting the latest weight makes it unsafe
Backend Tests	Run tests	2026-10-07T05:44:06.9649663Z   ---
Backend Tests	Run tests	2026-10-07T05:44:06.9650068Z   duration_ms: 52.227617
Backend Tests	Run tests	2026-10-07T05:44:06.9650521Z   ...
Backend Tests	Run tests	2026-10-07T05:44:06.9878705Z # my_foods.create_recipe failed (request_id=unavailable, error_type=Error).
Backend Tests	Run tests	2026-10-07T05:44:06.9927843Z # my_foods.create_recipe failed (request_id=unavailable, error_type=Error).
Backend Tests	Run tests	2026-10-07T05:44:06.9957982Z # my_foods.create_recipe_from_food_logs failed (request_id=unavailable, error_type=Error).
Backend Tests	Run tests	2026-10-07T05:44:06.9975303Z # my_foods.create_recipe_from_food_logs failed (request_id=unavailable, error_type=Error).
Backend Tests	Run tests	2026-10-07T05:44:06.9978789Z # my_foods.create_recipe_from_food_logs failed (request_id=unavailable, error_type=Error).
Backend Tests	Run tests	2026-10-07T05:44:06.9979728Z # Subtest: myFoods route: rejects unauthenticated requests via router.use middleware
Backend Tests	Run tests	2026-10-07T05:44:06.9980579Z ok 618 - myFoods route: rejects unauthenticated requests via router.use middleware
Backend Tests	Run tests	2026-10-07T05:44:06.9981094Z   ---
Backend Tests	Run tests	2026-10-07T05:44:06.9981337Z   duration_ms: 4252.346961
Backend Tests	Run tests	2026-10-07T05:44:06.9981605Z   ...
Backend Tests	Run tests	2026-10-07T05:44:06.9982011Z # Subtest: myFoods route: GET / builds filters from q + type
Backend Tests	Run tests	2026-10-07T05:44:06.9982581Z ok 619 - myFoods route: GET / builds filters from q + type
Backend Tests	Run tests	2026-10-07T05:44:06.9982961Z   ---
Backend Tests	Run tests	2026-10-07T05:44:06.9983195Z   duration_ms: 35.672695
Backend Tests	Run tests	2026-10-07T05:44:06.9983454Z   ...
Backend Tests	Run tests	2026-10-07T05:44:06.9984096Z # Subtest: myFoods route: GET /library returns a paged envelope without changing the legacy array route
Backend Tests	Run tests	2026-10-07T05:44:06.9985232Z ok 620 - myFoods route: GET /library returns a paged envelope without changing the legacy array route
Backend Tests	Run tests	2026-10-07T05:44:06.9991169Z   ---
Backend Tests	Run tests	2026-10-07T05:44:06.9995276Z   duration_ms: 40.3007
Backend Tests	Run tests	2026-10-07T05:44:06.9996139Z   ...
Backend Tests	Run tests	2026-10-07T05:44:06.9997077Z # Subtest: myFoods route: GET /library rejects invalid filters, limits, and cursors
Backend Tests	Run tests	2026-10-07T05:44:06.9998058Z ok 621 - myFoods route: GET /library rejects invalid filters, limits, and cursors
Backend Tests	Run tests	2026-10-07T05:44:06.9998896Z   ---
Backend Tests	Run tests	2026-10-07T05:44:06.9999273Z   duration_ms: 45.116219
Backend Tests	Run tests	2026-10-07T05:44:06.9999673Z   ...
Backend Tests	Run tests	2026-10-07T05:44:07.0000436Z # Subtest: myFoods route: GET /library cursors are opaque, filter-bound, and advance without overlap
Backend Tests	Run tests	2026-10-07T05:44:07.0001559Z ok 622 - myFoods route: GET /library cursors are opaque, filter-bound, and advance without overlap
Backend Tests	Run tests	2026-10-07T05:44:07.0002256Z   ---
Backend Tests	Run tests	2026-10-07T05:44:07.0002627Z   duration_ms: 22.075513
Backend Tests	Run tests	2026-10-07T05:44:07.0003018Z   ...
Backend Tests	Run tests	2026-10-07T05:44:07.0003623Z # Subtest: myFoods route: PATCH /:id/pin validates id and boolean state
Backend Tests	Run tests	2026-10-07T05:44:07.0004452Z ok 623 - myFoods route: PATCH /:id/pin validates id and boolean state
Backend Tests	Run tests	2026-10-07T05:44:07.0005012Z   ---
Backend Tests	Run tests	2026-10-07T05:44:07.0005378Z   duration_ms: 22.023206
Backend Tests	Run tests	2026-10-07T05:44:07.0005792Z   ...
Backend Tests	Run tests	2026-10-07T05:44:07.0006439Z # Subtest: myFoods route: PATCH /:id/pin scopes writes to the authenticated user
Backend Tests	Run tests	2026-10-07T05:44:07.0007546Z ok 624 - myFoods route: PATCH /:id/pin scopes writes to the authenticated user
Backend Tests	Run tests	2026-10-07T05:44:07.0008190Z   ---
Backend Tests	Run tests	2026-10-07T05:44:07.0008563Z   duration_ms: 43.049483
Backend Tests	Run tests	2026-10-07T05:44:07.0008971Z   ...
Backend Tests	Run tests	2026-10-07T05:44:07.0009694Z # Subtest: myFoods route: PATCH /:id/pin returns the same 404 for missing or other-user items
Backend Tests	Run tests	2026-10-07T05:44:07.0010717Z ok 625 - myFoods route: PATCH /:id/pin returns the same 404 for missing or other-user items
Backend Tests	Run tests	2026-10-07T05:44:07.0011364Z   ---
Backend Tests	Run tests	2026-10-07T05:44:07.0011731Z   duration_ms: 20.262805
Backend Tests	Run tests	2026-10-07T05:44:07.0012135Z   ...
Backend Tests	Run tests	2026-10-07T05:44:07.0012761Z # Subtest: myFoods route: GET /:id validates ids and returns 404 when missing
Backend Tests	Run tests	2026-10-07T05:44:07.0013638Z ok 626 - myFoods route: GET /:id validates ids and returns 404 when missing
Backend Tests	Run tests	2026-10-07T05:44:07.0014225Z   ---
Backend Tests	Run tests	2026-10-07T05:44:07.0014607Z   duration_ms: 37.277404
Backend Tests	Run tests	2026-10-07T05:44:07.0015007Z   ...
Backend Tests	Run tests	2026-10-07T05:44:07.0015549Z # Subtest: myFoods route: POST /foods validates inputs
Backend Tests	Run tests	2026-10-07T05:44:07.0016243Z ok 627 - myFoods route: POST /foods validates inputs
Backend Tests	Run tests	2026-10-07T05:44:07.0016877Z   ---
Backend Tests	Run tests	2026-10-07T05:44:07.0017257Z   duration_ms: 34.219859
Backend Tests	Run tests	2026-10-07T05:44:07.0017657Z   ...
Backend Tests	Run tests	2026-10-07T05:44:07.0018237Z # Subtest: myFoods route: POST /recipes validates ingredients array
Backend Tests	Run tests	2026-10-07T05:44:07.0019098Z ok 628 - myFoods route: POST /recipes validates ingredients array
Backend Tests	Run tests	2026-10-07T05:44:07.0019654Z   ---
Backend Tests	Run tests	2026-10-07T05:44:07.0020024Z   duration_ms: 19.776698
Backend Tests	Run tests	2026-10-07T05:44:07.0020425Z   ...
Backend Tests	Run tests	2026-10-07T05:44:07.0021114Z # Subtest: myFoods route: POST /recipes maps validation errors thrown in the transaction
Backend Tests	Run tests	2026-10-07T05:44:07.0022108Z ok 629 - myFoods route: POST /recipes maps validation errors thrown in the transaction
Backend Tests	Run tests	2026-10-07T05:44:07.0022745Z   ---
Backend Tests	Run tests	2026-10-07T05:44:07.0023114Z   duration_ms: 26.869254
Backend Tests	Run tests	2026-10-07T05:44:07.0023525Z   ...
Backend Tests	Run tests	2026-10-07T05:44:07.0024200Z # Subtest: myFoods route: POST /recipes returns 404 when a MY_FOOD ingredient is missing
Backend Tests	Run tests	2026-10-07T05:44:07.0025178Z ok 630 - myFoods route: POST /recipes returns 404 when a MY_FOOD ingredient is missing
Backend Tests	Run tests	2026-10-07T05:44:07.0025830Z   ---
Backend Tests	Run tests	2026-10-07T05:44:07.0026207Z   duration_ms: 31.073813
Backend Tests	Run tests	2026-10-07T05:44:07.0026607Z   ...
Backend Tests	Run tests	2026-10-07T05:44:07.0027311Z # Subtest: myFoods route: POST /recipes batches owned MY_FOOD ingredient lookup
Backend Tests	Run tests	2026-10-07T05:44:07.0028121Z ok 631 - myFoods route: POST /recipes batches owned MY_FOOD ingredient lookup
Backend Tests	Run tests	2026-10-07T05:44:07.0028665Z   ---
Backend Tests	Run tests	2026-10-07T05:44:07.0028996Z   duration_ms: 23.340484
Backend Tests	Run tests	2026-10-07T05:44:07.0029364Z   ...
Backend Tests	Run tests	2026-10-07T05:44:07.0029946Z # Subtest: myFoods route: POST /recipes creates a recipe and ingredient snapshots
Backend Tests	Run tests	2026-10-07T05:44:07.0030767Z ok 632 - myFoods route: POST /recipes creates a recipe and ingredient snapshots
Backend Tests	Run tests	2026-10-07T05:44:07.0031339Z   ---
Backend Tests	Run tests	2026-10-07T05:44:07.0031701Z   duration_ms: 30.683552
Backend Tests	Run tests	2026-10-07T05:44:07.0032384Z   ...
Backend Tests	Run tests	2026-10-07T05:44:07.0033269Z # Subtest: myFoods route: POST /recipes/from-food-logs validates its payload before opening a transaction
Backend Tests	Run tests	2026-10-07T05:44:07.0034362Z ok 633 - myFoods route: POST /recipes/from-food-logs validates its payload before opening a transaction
Backend Tests	Run tests	2026-10-07T05:44:07.0035264Z   ---
Backend Tests	Run tests	2026-10-07T05:44:07.0035621Z   duration_ms: 42.722985
Backend Tests	Run tests	2026-10-07T05:44:07.0036013Z   ...
Backend Tests	Run tests	2026-10-07T05:44:07.0036921Z # Subtest: myFoods route: POST /recipes/from-food-logs hides missing and foreign log ownership
Backend Tests	Run tests	2026-10-07T05:44:07.0037932Z ok 634 - myFoods route: POST /recipes/from-food-logs hides missing and foreign log ownership
Backend Tests	Run tests	2026-10-07T05:44:07.0038553Z   ---
Backend Tests	Run tests	2026-10-07T05:44:07.0038915Z   duration_ms: 27.657253
Backend Tests	Run tests	2026-10-07T05:44:07.0039302Z   ...
Backend Tests	Run tests	2026-10-07T05:44:07.0040013Z # Subtest: myFoods route: POST /recipes/from-food-logs requires one local meal before writing
Backend Tests	Run tests	2026-10-07T05:44:07.0041033Z ok 635 - myFoods route: POST /recipes/from-food-logs requires one local meal before writing
Backend Tests	Run tests	2026-10-07T05:44:07.0041680Z   ---
Backend Tests	Run tests	2026-10-07T05:44:07.0042035Z   duration_ms: 36.251032
Backend Tests	Run tests	2026-10-07T05:44:07.0042433Z   ...
Backend Tests	Run tests	2026-10-07T05:44:07.0043180Z # Subtest: myFoods route: POST /recipes/from-food-logs preserves caller order and all log snapshots
Backend Tests	Run tests	2026-10-07T05:44:07.0044222Z ok 636 - myFoods route: POST /recipes/from-food-logs preserves caller order and all log snapshots
Backend Tests	Run tests	2026-10-07T05:44:07.0044872Z   ---
Backend Tests	Run tests	2026-10-07T05:44:07.0045230Z   duration_ms: 29.923891
Backend Tests	Run tests	2026-10-07T05:44:07.0045636Z   ...
Backend Tests	Run tests	2026-10-07T05:44:07.0046318Z # Subtest: myFoods route: PATCH /:id updates an owned food without touching historical logs
Backend Tests	Run tests	2026-10-07T05:44:07.0047410Z ok 637 - myFoods route: PATCH /:id updates an owned food without touching historical logs
Backend Tests	Run tests	2026-10-07T05:44:07.0048039Z   ---
Backend Tests	Run tests	2026-10-07T05:44:07.0048391Z   duration_ms: 14.646699
Backend Tests	Run tests	2026-10-07T05:44:07.0048787Z   ...
Backend Tests	Run tests	2026-10-07T05:44:07.0049451Z # Subtest: myFoods route: PATCH /:id atomically replaces only an owned recipe definition
Backend Tests	Run tests	2026-10-07T05:44:07.0050408Z ok 638 - myFoods route: PATCH /:id atomically replaces only an owned recipe definition
Backend Tests	Run tests	2026-10-07T05:44:07.0051021Z   ---
Backend Tests	Run tests	2026-10-07T05:44:07.0051378Z   duration_ms: 15.799867
Backend Tests	Run tests	2026-10-07T05:44:07.0051776Z   ...
Backend Tests	Run tests	2026-10-07T05:44:07.0052503Z # Subtest: myFoods route: DELETE /:id scopes deletion to the owner and returns 404 otherwise
Backend Tests	Run tests	2026-10-07T05:44:07.0053473Z ok 639 - myFoods route: DELETE /:id scopes deletion to the owner and returns 404 otherwise
Backend Tests	Run tests	2026-10-07T05:44:07.0054103Z   ---
Backend Tests	Run tests	2026-10-07T05:44:07.0054455Z   duration_ms: 12.976525
Backend Tests	Run tests	2026-10-07T05:44:07.0054836Z   ...
Backend Tests	Run tests	2026-10-07T05:44:07.0055599Z # Subtest: notifications route: transfers a browser endpoint and updates the owning session in place
Backend Tests	Run tests	2026-10-07T05:44:07.0056695Z ok 640 - notifications route: transfers a browser endpoint and updates the owning session in place
Backend Tests	Run tests	2026-10-07T05:44:07.0057482Z   ---
Backend Tests	Run tests	2026-10-07T05:44:07.0057859Z   duration_ms: 4114.262232
Backend Tests	Run tests	2026-10-07T05:44:07.0058262Z   ...
Backend Tests	Run tests	2026-10-07T05:44:07.0058924Z # Subtest: notifications route: rejects native bearer ownership for browser push
Backend Tests	Run tests	2026-10-07T05:44:07.0059864Z ok 641 - notifications route: rejects native bearer ownership for browser push
Backend Tests	Run tests	2026-10-07T05:44:07.0060487Z   ---
Backend Tests	Run tests	2026-10-07T05:44:07.0060874Z   duration_ms: 20.639531
Backend Tests	Run tests	2026-10-07T05:44:07.0061270Z   ...
Backend Tests	Run tests	2026-10-07T05:44:07.0062065Z # Subtest: notifications route: browser unsubscribe remains idempotent and owner-scoped after transfer
Backend Tests	Run tests	2026-10-07T05:44:07.0063241Z ok 642 - notifications route: browser unsubscribe remains idempotent and owner-scoped after transfer
Backend Tests	Run tests	2026-10-07T05:44:07.0063957Z   ---
Backend Tests	Run tests	2026-10-07T05:44:07.0064324Z   duration_ms: 20.758765
Backend Tests	Run tests	2026-10-07T05:44:07.0064716Z   ...
Backend Tests	Run tests	2026-10-07T05:44:07.0065433Z # Subtest: notifications route: transfers an Expo token to the authenticated mobile session
Backend Tests	Run tests	2026-10-07T05:44:07.0066461Z ok 643 - notifications route: transfers an Expo token to the authenticated mobile session
Backend Tests	Run tests	2026-10-07T05:44:07.0067328Z   ---
Backend Tests	Run tests	2026-10-07T05:44:07.0067694Z   duration_ms: 12.292798
Backend Tests	Run tests	2026-10-07T05:44:07.0068308Z   ...
Backend Tests	Run tests	2026-10-07T05:44:07.0069003Z # Subtest: notifications route: stores an iOS Expo token for an authenticated iOS session
Backend Tests	Run tests	2026-10-07T05:44:07.0070006Z ok 644 - notifications route: stores an iOS Expo token for an authenticated iOS session
Backend Tests	Run tests	2026-10-07T05:44:07.0070860Z   ---
Backend Tests	Run tests	2026-10-07T05:44:07.0071224Z   duration_ms: 19.460851
Backend Tests	Run tests	2026-10-07T05:44:07.0071620Z   ...
Backend Tests	Run tests	2026-10-07T05:44:07.0072362Z # Subtest: notifications route: rejects a push platform that does not match the native session
Backend Tests	Run tests	2026-10-07T05:44:07.0073413Z ok 645 - notifications route: rejects a push platform that does not match the native session
Backend Tests	Run tests	2026-10-07T05:44:07.0074106Z   ---
Backend Tests	Run tests	2026-10-07T05:44:07.0074468Z   duration_ms: 18.121445
Backend Tests	Run tests	2026-10-07T05:44:07.0074854Z   ...
Backend Tests	Run tests	2026-10-07T05:44:07.0075582Z # Subtest: notifications route: rejects registration when native push is not explicitly enabled
Backend Tests	Run tests	2026-10-07T05:44:07.0076641Z ok 646 - notifications route: rejects registration when native push is not explicitly enabled
Backend Tests	Run tests	2026-10-07T05:44:07.0077456Z   ---
Backend Tests	Run tests	2026-10-07T05:44:07.0077830Z   duration_ms: 13.092604
Backend Tests	Run tests	2026-10-07T05:44:07.0078223Z   ...
Backend Tests	Run tests	2026-10-07T05:44:07.0078842Z # Subtest: notifications route: rejects native subscription without token
Backend Tests	Run tests	2026-10-07T05:44:07.0079712Z ok 647 - notifications route: rejects native subscription without token
Backend Tests	Run tests	2026-10-07T05:44:07.0080299Z   ---
Backend Tests	Run tests	2026-10-07T05:44:07.0080674Z   duration_ms: 17.154029
Backend Tests	Run tests	2026-10-07T05:44:07.0081067Z   ...
Backend Tests	Run tests	2026-10-07T05:44:07.0081713Z # Subtest: notifications route: requires bearer-backed mobile session ownership
Backend Tests	Run tests	2026-10-07T05:44:07.0082627Z ok 648 - notifications route: requires bearer-backed mobile session ownership
Backend Tests	Run tests	2026-10-07T05:44:07.0083243Z   ---
Backend Tests	Run tests	2026-10-07T05:44:07.0083613Z   duration_ms: 11.530308
Backend Tests	Run tests	2026-10-07T05:44:07.0084011Z   ...
Backend Tests	Run tests	2026-10-07T05:44:07.0084598Z # Subtest: notifications route: rejects unsupported FCM registrations
Backend Tests	Run tests	2026-10-07T05:44:07.0085415Z ok 649 - notifications route: rejects unsupported FCM registrations
Backend Tests	Run tests	2026-10-07T05:44:07.0085992Z   ---
Backend Tests	Run tests	2026-10-07T05:44:07.0086349Z   duration_ms: 19.818349
Backend Tests	Run tests	2026-10-07T05:44:07.0086864Z   ...
Backend Tests	Run tests	2026-10-07T05:44:07.0087430Z # Subtest: notifications route: validates Expo provider token shape
Backend Tests	Run tests	2026-10-07T05:44:07.0088200Z ok 650 - notifications route: validates Expo provider token shape
Backend Tests	Run tests	2026-10-07T05:44:07.0088746Z   ---
Backend Tests	Run tests	2026-10-07T05:44:07.0089094Z   duration_ms: 10.428244
Backend Tests	Run tests	2026-10-07T05:44:07.0089480Z   ...
Backend Tests	Run tests	2026-10-07T05:44:07.0090240Z # Subtest: notifications route: revokes native push only for the authenticated user and mobile session
Backend Tests	Run tests	2026-10-07T05:44:07.0091363Z ok 651 - notifications route: revokes native push only for the authenticated user and mobile session
Backend Tests	Run tests	2026-10-07T05:44:07.0092054Z   ---
Backend Tests	Run tests	2026-10-07T05:44:07.0092473Z   duration_ms: 10.558585
Backend Tests	Run tests	2026-10-07T05:44:07.0092820Z   ...
Backend Tests	Run tests	2026-10-07T05:44:08.8906960Z # Subtest: scan endpoint authenticates, validates uploads, and aborts work on disconnect
Backend Tests	Run tests	2026-10-07T05:44:08.8918148Z ok 652 - scan endpoint authenticates, validates uploads, and aborts work on disconnect
Backend Tests	Run tests	2026-10-07T05:44:08.8919147Z   ---
Backend Tests	Run tests	2026-10-07T05:44:08.8919557Z   duration_ms: 3033.139781
Backend Tests	Run tests	2026-10-07T05:44:08.8919925Z   ...
Backend Tests	Run tests	2026-10-07T05:44:09.0624944Z # Subtest: sync route returns ordered changes with string cursors
Backend Tests	Run tests	2026-10-07T05:44:09.0625847Z ok 653 - sync route returns ordered changes with string cursors
Backend Tests	Run tests	2026-10-07T05:44:09.0626435Z   ---
Backend Tests	Run tests	2026-10-07T05:44:09.0626682Z   duration_ms: 3040.918667
Backend Tests	Run tests	2026-10-07T05:44:09.0627124Z   ...
Backend Tests	Run tests	2026-10-07T05:44:09.0627602Z # Subtest: sync route paginates without advancing past the returned page
Backend Tests	Run tests	2026-10-07T05:44:09.0628297Z ok 654 - sync route paginates without advancing past the returned page
Backend Tests	Run tests	2026-10-07T05:44:09.0628726Z   ---
Backend Tests	Run tests	2026-10-07T05:44:09.0628954Z   duration_ms: 7.534448
Backend Tests	Run tests	2026-10-07T05:44:09.0629206Z   ...
Backend Tests	Run tests	2026-10-07T05:44:09.0629543Z # Subtest: sync route rejects malformed cursors
Backend Tests	Run tests	2026-10-07T05:44:09.0629994Z ok 655 - sync route rejects malformed cursors
Backend Tests	Run tests	2026-10-07T05:44:09.0630213Z   ---
Backend Tests	Run tests	2026-10-07T05:44:09.0630368Z   duration_ms: 7.554508
Backend Tests	Run tests	2026-10-07T05:44:09.0630534Z   ...
Backend Tests	Run tests	2026-10-07T05:44:16.4438284Z # Subtest: user route: rejects unauthenticated requests via router.use middleware
Backend Tests	Run tests	2026-10-07T05:44:16.4448073Z ok 656 - user route: rejects unauthenticated requests via router.use middleware
Backend Tests	Run tests	2026-10-07T05:44:16.4477368Z   ---
Backend Tests	Run tests	2026-10-07T05:44:16.4507367Z   duration_ms: 7889.308709
Backend Tests	Run tests	2026-10-07T05:44:16.4507924Z   ...
Backend Tests	Run tests	2026-10-07T05:44:16.4537729Z # Subtest: user route: GET /me returns 404 when the user row is missing
Backend Tests	Run tests	2026-10-07T05:44:16.4567626Z ok 657 - user route: GET /me returns 404 when the user row is missing
Backend Tests	Run tests	2026-10-07T05:44:16.4587824Z   ---
Backend Tests	Run tests	2026-10-07T05:44:16.4597388Z   duration_ms: 84.086071
Backend Tests	Run tests	2026-10-07T05:44:16.4627292Z   ...
Backend Tests	Run tests	2026-10-07T05:44:16.4655730Z # Subtest: user route: GET /me returns serialized user data
Backend Tests	Run tests	2026-10-07T05:44:16.4656668Z ok 658 - user route: GET /me returns serialized user data
Backend Tests	Run tests	2026-10-07T05:44:16.4657351Z   ---
Backend Tests	Run tests	2026-10-07T05:44:16.4657685Z   duration_ms: 108.047389
Backend Tests	Run tests	2026-10-07T05:44:16.4658042Z   ...
Backend Tests	Run tests	2026-10-07T05:44:16.4658595Z # Subtest: user route: PUT /profile-image validates data_url input
Backend Tests	Run tests	2026-10-07T05:44:16.4659428Z ok 659 - user route: PUT /profile-image validates data_url input
Backend Tests	Run tests	2026-10-07T05:44:16.4659988Z   ---
Backend Tests	Run tests	2026-10-07T05:44:16.4660367Z   duration_ms: 74.818751
Backend Tests	Run tests	2026-10-07T05:44:16.4660795Z   ...
Backend Tests	Run tests	2026-10-07T05:44:16.4661456Z # Subtest: user route: PUT /profile-image rejects invalid profile image payloads
Backend Tests	Run tests	2026-10-07T05:44:16.4677292Z ok 660 - user route: PUT /profile-image rejects invalid profile image payloads
Backend Tests	Run tests	2026-10-07T05:44:16.4678507Z   ---
Backend Tests	Run tests	2026-10-07T05:44:16.4678921Z   duration_ms: 87.748151
Backend Tests	Run tests	2026-10-07T05:44:16.4679358Z   ...
Backend Tests	Run tests	2026-10-07T05:44:16.4680024Z # Subtest: user route: PUT /profile-image stores bytes and returns a data URL
Backend Tests	Run tests	2026-10-07T05:44:16.4680886Z ok 661 - user route: PUT /profile-image stores bytes and returns a data URL
Backend Tests	Run tests	2026-10-07T05:44:16.4681502Z   ---
Backend Tests	Run tests	2026-10-07T05:44:16.4681892Z   duration_ms: 66.495573
Backend Tests	Run tests	2026-10-07T05:44:16.4682317Z   ...
Backend Tests	Run tests	2026-10-07T05:44:16.4683058Z # Subtest: user route: PATCH /password validates request shape and rejects identical passwords
Backend Tests	Run tests	2026-10-07T05:44:16.4684211Z ok 662 - user route: PATCH /password validates request shape and rejects identical passwords
Backend Tests	Run tests	2026-10-07T05:44:16.4684893Z   ---
Backend Tests	Run tests	2026-10-07T05:44:16.4685265Z   duration_ms: 52.075285
Backend Tests	Run tests	2026-10-07T05:44:16.4685683Z   ...
Backend Tests	Run tests	2026-10-07T05:44:16.4686351Z # Subtest: user route: PATCH /password updates password when current password matches
Backend Tests	Run tests	2026-10-07T05:44:16.4687597Z ok 663 - user route: PATCH /password updates password when current password matches
Backend Tests	Run tests	2026-10-07T05:44:16.4688226Z   ---
Backend Tests	Run tests	2026-10-07T05:44:16.4688600Z   duration_ms: 47.384359
Backend Tests	Run tests	2026-10-07T05:44:16.4689007Z   ...
Backend Tests	Run tests	2026-10-07T05:44:16.4689620Z # Subtest: user route: GET /account/export returns a no-store attachment
Backend Tests	Run tests	2026-10-07T05:44:16.4690469Z ok 664 - user route: GET /account/export returns a no-store attachment
Backend Tests	Run tests	2026-10-07T05:44:16.4691069Z   ---
Backend Tests	Run tests	2026-10-07T05:44:16.4691463Z   duration_ms: 44.198075
Backend Tests	Run tests	2026-10-07T05:44:16.4691875Z   ...
Backend Tests	Run tests	2026-10-07T05:44:16.4692527Z # Subtest: user route: DELETE /account requires and verifies the current password
Backend Tests	Run tests	2026-10-07T05:44:16.4693473Z ok 665 - user route: DELETE /account requires and verifies the current password
Backend Tests	Run tests	2026-10-07T05:44:16.4694091Z   ---
Backend Tests	Run tests	2026-10-07T05:44:16.4694476Z   duration_ms: 45.529734
Backend Tests	Run tests	2026-10-07T05:44:16.4694895Z   ...
Backend Tests	Run tests	2026-10-07T05:44:16.4695681Z # Subtest: user route: DELETE /account deletes data, destroys the request session, and clears the cookie
Backend Tests	Run tests	2026-10-07T05:44:16.4697080Z ok 666 - user route: DELETE /account deletes data, destroys the request session, and clears the cookie
Backend Tests	Run tests	2026-10-07T05:44:16.4697849Z   ---
Backend Tests	Run tests	2026-10-07T05:44:16.4698229Z   duration_ms: 74.323061
Backend Tests	Run tests	2026-10-07T05:44:16.4698637Z   ...
Backend Tests	Run tests	2026-10-07T05:44:16.4699261Z # Subtest: user route: PATCH /preferences validates reminder preference booleans
Backend Tests	Run tests	2026-10-07T05:44:16.4700202Z ok 667 - user route: PATCH /preferences validates reminder preference booleans
Backend Tests	Run tests	2026-10-07T05:44:16.4700861Z   ---
Backend Tests	Run tests	2026-10-07T05:44:16.4701246Z   duration_ms: 62.391837
Backend Tests	Run tests	2026-10-07T05:44:16.4701655Z   ...
Backend Tests	Run tests	2026-10-07T05:44:16.4702713Z # Subtest: user route: PATCH /preferences updates reminder preference fields
Backend Tests	Run tests	2026-10-07T05:44:16.4703602Z ok 668 - user route: PATCH /preferences updates reminder preference fields
Backend Tests	Run tests	2026-10-07T05:44:16.4704213Z   ---
Backend Tests	Run tests	2026-10-07T05:44:16.4704819Z   duration_ms: 69.660296
Backend Tests	Run tests	2026-10-07T05:44:16.4705233Z   ...
Backend Tests	Run tests	2026-10-07T05:44:16.4705870Z # Subtest: user route: PATCH /preferences validates haptics_enabled boolean
Backend Tests	Run tests	2026-10-07T05:44:16.4706918Z ok 669 - user route: PATCH /preferences validates haptics_enabled boolean
Backend Tests	Run tests	2026-10-07T05:44:16.4707562Z   ---
Backend Tests	Run tests	2026-10-07T05:44:16.4707967Z   duration_ms: 41.808928
Backend Tests	Run tests	2026-10-07T05:44:16.4708405Z   ...
Backend Tests	Run tests	2026-10-07T05:44:16.4709027Z # Subtest: user route: PATCH /preferences updates haptics_enabled field
Backend Tests	Run tests	2026-10-07T05:44:16.4709858Z ok 670 - user route: PATCH /preferences updates haptics_enabled field
Backend Tests	Run tests	2026-10-07T05:44:16.4710513Z   ---
Backend Tests	Run tests	2026-10-07T05:44:16.4710885Z   duration_ms: 64.930292
Backend Tests	Run tests	2026-10-07T05:44:16.4711292Z   ...
Backend Tests	Run tests	2026-10-07T05:44:16.4711958Z # Subtest: user route: GET /profile reads the latest goal with deterministic ordering
Backend Tests	Run tests	2026-10-07T05:44:16.4712890Z ok 671 - user route: GET /profile reads the latest goal with deterministic ordering
Backend Tests	Run tests	2026-10-07T05:44:16.4713513Z   ---
Backend Tests	Run tests	2026-10-07T05:44:16.4713885Z   duration_ms: 83.76342
Backend Tests	Run tests	2026-10-07T05:44:16.4714276Z   ...
Backend Tests	Run tests	2026-10-07T05:44:16.4715163Z # Subtest: user route: PATCH /profile fails invalid legacy timezones closed and marks the current goal in the same transaction
Backend Tests	Run tests	2026-10-07T05:44:16.4720316Z ok 672 - user route: PATCH /profile fails invalid legacy timezones closed and marks the current goal in the same transaction
Backend Tests	Run tests	2026-10-07T05:44:16.4721234Z   ---
Backend Tests	Run tests	2026-10-07T05:44:16.4721640Z   duration_ms: 151.874116
Backend Tests	Run tests	2026-10-07T05:44:16.4722057Z   ...
Backend Tests	Run tests	2026-10-07T05:44:16.4722730Z # Subtest: user route: a profile serialization conflict returns a retryable conflict
Backend Tests	Run tests	2026-10-07T05:44:16.4723704Z ok 673 - user route: a profile serialization conflict returns a retryable conflict
Backend Tests	Run tests	2026-10-07T05:44:16.4724360Z   ---
Backend Tests	Run tests	2026-10-07T05:44:16.4724751Z   duration_ms: 162.303752
Backend Tests	Run tests	2026-10-07T05:44:16.4725183Z   ...
Backend Tests	Run tests	2026-10-07T05:44:16.5680610Z # Subtest: watch routes reject non-Wear principals
Backend Tests	Run tests	2026-10-07T05:44:16.5707745Z ok 674 - watch routes reject non-Wear principals
Backend Tests	Run tests	2026-10-07T05:44:16.5713312Z   ---
Backend Tests	Run tests	2026-10-07T05:44:16.5713853Z   duration_ms: 2684.800515
Backend Tests	Run tests	2026-10-07T05:44:16.5714287Z   ...
Backend Tests	Run tests	2026-10-07T05:44:16.5714964Z # Subtest: watch snapshot returns a private ETag and supports conditional 304
Backend Tests	Run tests	2026-10-07T05:44:16.5715854Z ok 675 - watch snapshot returns a private ETag and supports conditional 304
Backend Tests	Run tests	2026-10-07T05:44:16.5716474Z   ---
Backend Tests	Run tests	2026-10-07T05:44:16.5717030Z   duration_ms: 33.583017
Backend Tests	Run tests	2026-10-07T05:44:16.5747429Z   ...
Backend Tests	Run tests	2026-10-07T05:44:16.5777700Z # Subtest: watch mutations require an operation id and trusted session provenance
Backend Tests	Run tests	2026-10-07T05:44:16.5797648Z ok 676 - watch mutations require an operation id and trusted session provenance
Backend Tests	Run tests	2026-10-07T05:44:16.5807321Z   ---
Backend Tests	Run tests	2026-10-07T05:44:16.5837407Z   duration_ms: 45.429257
Backend Tests	Run tests	2026-10-07T05:44:16.5867238Z   ...
Backend Tests	Run tests	2026-10-07T05:44:16.5897647Z # Subtest: browser mutation origin guard rejects cross-origin and same-site sibling requests
Backend Tests	Run tests	2026-10-07T05:44:16.5898868Z ok 677 - browser mutation origin guard rejects cross-origin and same-site sibling requests
Backend Tests	Run tests	2026-10-07T05:44:16.5927274Z   ---
Backend Tests	Run tests	2026-10-07T05:44:16.5957201Z   duration_ms: 71.709575
Backend Tests	Run tests	2026-10-07T05:44:16.5957732Z   ...
Backend Tests	Run tests	2026-10-07T05:44:16.5987862Z # Subtest: browser mutation origin guard permits arbitrary loopback ports only when development policy is enabled
Backend Tests	Run tests	2026-10-07T05:44:16.6017699Z ok 678 - browser mutation origin guard permits arbitrary loopback ports only when development policy is enabled
Backend Tests	Run tests	2026-10-07T05:44:16.6047177Z   ---
Backend Tests	Run tests	2026-10-07T05:44:16.6047678Z   duration_ms: 65.617402
Backend Tests	Run tests	2026-10-07T05:44:16.6077368Z   ...
Backend Tests	Run tests	2026-10-07T05:44:16.6107581Z # Subtest: auth rate limiting is narrow and returns a JSON 429 response
Backend Tests	Run tests	2026-10-07T05:44:16.6137524Z ok 679 - auth rate limiting is narrow and returns a JSON 429 response
Backend Tests	Run tests	2026-10-07T05:44:16.6138225Z   ---
Backend Tests	Run tests	2026-10-07T05:44:16.6167385Z   duration_ms: 66.064067
Backend Tests	Run tests	2026-10-07T05:44:16.6197202Z   ...
Backend Tests	Run tests	2026-10-07T05:44:16.6227516Z # Subtest: Wear pairing issuance and exchange have dedicated abuse limits
Backend Tests	Run tests	2026-10-07T05:44:16.6228483Z ok 680 - Wear pairing issuance and exchange have dedicated abuse limits
Backend Tests	Run tests	2026-10-07T05:44:16.6246270Z   ---
Backend Tests	Run tests	2026-10-07T05:44:16.6275725Z   duration_ms: 158.630056
Backend Tests	Run tests	2026-10-07T05:44:16.6297468Z   ...
Backend Tests	Run tests	2026-10-07T05:44:16.6337452Z # Subtest: Wear pairing issuance has a coarse pre-authentication IP limit
Backend Tests	Run tests	2026-10-07T05:44:16.6338382Z ok 681 - Wear pairing issuance has a coarse pre-authentication IP limit
Backend Tests	Run tests	2026-10-07T05:44:16.6367222Z   ---
Backend Tests	Run tests	2026-10-07T05:44:16.6367507Z   duration_ms: 88.036569
Backend Tests	Run tests	2026-10-07T05:44:16.6397211Z   ...
Backend Tests	Run tests	2026-10-07T05:44:19.4188429Z # Subtest: server settings authorize operator-bound accounts and persist strict feature switches
Backend Tests	Run tests	2026-10-07T05:44:19.4189751Z     # Subtest: register cannot turn an auto-verified email into admin access
Backend Tests	Run tests	2026-10-07T05:44:19.4257930Z     ok 1 - register cannot turn an auto-verified email into admin access
Backend Tests	Run tests	2026-10-07T05:44:19.4264871Z       ---
Backend Tests	Run tests	2026-10-07T05:44:19.4265324Z       duration_ms: 226.515655
Backend Tests	Run tests	2026-10-07T05:44:19.4265731Z       ...
Backend Tests	Run tests	2026-10-07T05:44:19.5118279Z     # Subtest: mobile/register cannot turn an auto-verified email into admin access
Backend Tests	Run tests	2026-10-07T05:44:19.5157549Z     ok 2 - mobile/register cannot turn an auto-verified email into admin access
Backend Tests	Run tests	2026-10-07T05:44:19.5217294Z       ---
Backend Tests	Run tests	2026-10-07T05:44:19.5227329Z       duration_ms: 99.683427
Backend Tests	Run tests	2026-10-07T05:44:19.5257110Z       ...
Backend Tests	Run tests	2026-10-07T05:44:19.5725690Z     1..2
Backend Tests	Run tests	2026-10-07T05:44:19.5728347Z ok 682 - server settings authorize operator-bound accounts and persist strict feature switches
Backend Tests	Run tests	2026-10-07T05:44:19.5729124Z   ---
Backend Tests	Run tests	2026-10-07T05:44:19.5729513Z   duration_ms: 6982.513316
Backend Tests	Run tests	2026-10-07T05:44:19.5729912Z   ...
Backend Tests	Run tests	2026-10-07T05:44:19.6453056Z # Subtest: clearing a session cookie preserves its configured domain
Backend Tests	Run tests	2026-10-07T05:44:19.6459521Z ok 683 - clearing a session cookie preserves its configured domain
Backend Tests	Run tests	2026-10-07T05:44:19.6460360Z   ---
Backend Tests	Run tests	2026-10-07T05:44:19.6460804Z   duration_ms: 2.154844
Backend Tests	Run tests	2026-10-07T05:44:19.6461239Z   ...
Backend Tests	Run tests	2026-10-07T05:44:19.6461902Z # Subtest: shared goalDeficit exports stable allowed values and defaults
Backend Tests	Run tests	2026-10-07T05:44:19.6462820Z ok 684 - shared goalDeficit exports stable allowed values and defaults
Backend Tests	Run tests	2026-10-07T05:44:19.6463447Z   ---
Backend Tests	Run tests	2026-10-07T05:44:19.6463866Z   duration_ms: 1.846092
Backend Tests	Run tests	2026-10-07T05:44:19.6464288Z   ...
Backend Tests	Run tests	2026-10-07T05:44:19.6464990Z # Subtest: shared goalDeficit exports stable UI choice values (non-maintenance)
Backend Tests	Run tests	2026-10-07T05:44:19.6466000Z ok 685 - shared goalDeficit exports stable UI choice values (non-maintenance)
Backend Tests	Run tests	2026-10-07T05:44:19.6466698Z   ---
Backend Tests	Run tests	2026-10-07T05:44:19.6467317Z   duration_ms: 0.167895
Backend Tests	Run tests	2026-10-07T05:44:19.6467760Z   ...
Backend Tests	Run tests	2026-10-07T05:44:19.6468515Z # Subtest: normalizeDailyDeficitChoiceAbsValue returns a non-maintenance abs magnitude
Backend Tests	Run tests	2026-10-07T05:44:19.6469636Z ok 686 - normalizeDailyDeficitChoiceAbsValue returns a non-maintenance abs magnitude
Backend Tests	Run tests	2026-10-07T05:44:19.6470420Z   ---
Backend Tests	Run tests	2026-10-07T05:44:19.6470828Z   duration_ms: 0.257327
Backend Tests	Run tests	2026-10-07T05:44:19.6471262Z   ...
Backend Tests	Run tests	2026-10-07T05:44:19.6869617Z # Subtest: shared product contract exposes hosted identity and origin-aware trust destinations
Backend Tests	Run tests	2026-10-07T05:44:19.6902191Z ok 687 - shared product contract exposes hosted identity and origin-aware trust destinations
Backend Tests	Run tests	2026-10-07T05:44:19.6927574Z   ---
Backend Tests	Run tests	2026-10-07T05:44:19.6928158Z   duration_ms: 1.889095
Backend Tests	Run tests	2026-10-07T05:44:19.6928590Z   ...
Backend Tests	Run tests	2026-10-07T05:44:21.8780030Z # Subtest: addUtcYearsClamped preserves calendar dates and clamps leap day
Backend Tests	Run tests	2026-10-07T05:44:21.8781264Z ok 688 - addUtcYearsClamped preserves calendar dates and clamps leap day
Backend Tests	Run tests	2026-10-07T05:44:21.8781938Z   ---
Backend Tests	Run tests	2026-10-07T05:44:21.8782308Z   duration_ms: 1.533745
Backend Tests	Run tests	2026-10-07T05:44:21.8782699Z   ...
Backend Tests	Run tests	2026-10-07T05:44:21.8783256Z # Subtest: isValidIanaTimeZone validates common IANA time zones
Backend Tests	Run tests	2026-10-07T05:44:21.8783984Z ok 689 - isValidIanaTimeZone validates common IANA time zones
Backend Tests	Run tests	2026-10-07T05:44:21.8784501Z   ---
Backend Tests	Run tests	2026-10-07T05:44:21.8785319Z   duration_ms: 18.602429
Backend Tests	Run tests	2026-10-07T05:44:21.8785712Z   ...
Backend Tests	Run tests	2026-10-07T05:44:21.8786408Z # Subtest: formatDateToLocalDateString returns the calendar day for the supplied time zone
Backend Tests	Run tests	2026-10-07T05:44:21.8787912Z ok 690 - formatDateToLocalDateString returns the calendar day for the supplied time zone
Backend Tests	Run tests	2026-10-07T05:44:21.8788568Z   ---
Backend Tests	Run tests	2026-10-07T05:44:21.8788923Z   duration_ms: 0.572197
Backend Tests	Run tests	2026-10-07T05:44:21.8789293Z   ...
Backend Tests	Run tests	2026-10-07T05:44:21.8789951Z # Subtest: formatDateToLocalDateString throws for invalid IANA time zone identifiers
Backend Tests	Run tests	2026-10-07T05:44:21.8790905Z ok 691 - formatDateToLocalDateString throws for invalid IANA time zone identifiers
Backend Tests	Run tests	2026-10-07T05:44:21.8791556Z   ---
Backend Tests	Run tests	2026-10-07T05:44:21.8791915Z   duration_ms: 0.506171
Backend Tests	Run tests	2026-10-07T05:44:21.8792294Z   ...
Backend Tests	Run tests	2026-10-07T05:44:21.8793054Z # Subtest: getUtcTodayDateOnlyInTimeZone returns a UTC-normalized date-only value for the local day
Backend Tests	Run tests	2026-10-07T05:44:21.8794174Z ok 692 - getUtcTodayDateOnlyInTimeZone returns a UTC-normalized date-only value for the local day
Backend Tests	Run tests	2026-10-07T05:44:21.8794874Z   ---
Backend Tests	Run tests	2026-10-07T05:44:21.8795224Z   duration_ms: 0.585978
Backend Tests	Run tests	2026-10-07T05:44:21.8795607Z   ...
Backend Tests	Run tests	2026-10-07T05:44:21.8796163Z # Subtest: normalizeToUtcDateOnly accepts Date and timestamp inputs
Backend Tests	Run tests	2026-10-07T05:44:21.8797266Z ok 693 - normalizeToUtcDateOnly accepts Date and timestamp inputs
Backend Tests	Run tests	2026-10-07T05:44:21.8797845Z   ---
Backend Tests	Run tests	2026-10-07T05:44:21.8798211Z   duration_ms: 0.159563
Backend Tests	Run tests	2026-10-07T05:44:21.8798600Z   ...
Backend Tests	Run tests	2026-10-07T05:44:21.8799109Z # Subtest: normalizeToUtcDateOnly rejects invalid inputs
Backend Tests	Run tests	2026-10-07T05:44:21.8799768Z ok 694 - normalizeToUtcDateOnly rejects invalid inputs
Backend Tests	Run tests	2026-10-07T05:44:21.8800283Z   ---
Backend Tests	Run tests	2026-10-07T05:44:21.8800656Z   duration_ms: 0.192101
Backend Tests	Run tests	2026-10-07T05:44:21.8801045Z   ...
Backend Tests	Run tests	2026-10-07T05:44:21.8801667Z # Subtest: getUtcTodayDateOnly returns a UTC-normalized date-only value
Backend Tests	Run tests	2026-10-07T05:44:21.8802523Z ok 695 - getUtcTodayDateOnly returns a UTC-normalized date-only value
Backend Tests	Run tests	2026-10-07T05:44:21.8803122Z   ---
Backend Tests	Run tests	2026-10-07T05:44:21.8803506Z   duration_ms: 0.212721
Backend Tests	Run tests	2026-10-07T05:44:21.8803909Z   ...
Backend Tests	Run tests	2026-10-07T05:44:22.4245443Z # Subtest: isWeightUnit identifies supported weight units
Backend Tests	Run tests	2026-10-07T05:44:22.4267351Z ok 696 - isWeightUnit identifies supported weight units
Backend Tests	Run tests	2026-10-07T05:44:22.4269554Z   ---
Backend Tests	Run tests	2026-10-07T05:44:22.4270020Z   duration_ms: 1.336547
Backend Tests	Run tests	2026-10-07T05:44:22.4270509Z   ...
Backend Tests	Run tests	2026-10-07T05:44:22.4271083Z # Subtest: isHeightUnit identifies supported height units
Backend Tests	Run tests	2026-10-07T05:44:22.4271823Z ok 697 - isHeightUnit identifies supported height units
Backend Tests	Run tests	2026-10-07T05:44:22.4272862Z   ---
Backend Tests	Run tests	2026-10-07T05:44:22.4273249Z   duration_ms: 0.16366
Backend Tests	Run tests	2026-10-07T05:44:22.4273656Z   ...
Backend Tests	Run tests	2026-10-07T05:44:22.4274344Z # Subtest: parseWeightToGrams converts kilograms to grams (rounded to 0.1 kg)
Backend Tests	Run tests	2026-10-07T05:44:22.4275295Z ok 698 - parseWeightToGrams converts kilograms to grams (rounded to 0.1 kg)
Backend Tests	Run tests	2026-10-07T05:44:22.4275939Z   ---
Backend Tests	Run tests	2026-10-07T05:44:22.4276322Z   duration_ms: 0.183769
Backend Tests	Run tests	2026-10-07T05:44:22.4276882Z   ...
Backend Tests	Run tests	2026-10-07T05:44:22.4277544Z # Subtest: parseWeightToGrams converts pounds to grams (rounded to 0.1 lb)
Backend Tests	Run tests	2026-10-07T05:44:22.4278486Z ok 699 - parseWeightToGrams converts pounds to grams (rounded to 0.1 lb)
Backend Tests	Run tests	2026-10-07T05:44:22.4279114Z   ---
Backend Tests	Run tests	2026-10-07T05:44:22.4279505Z   duration_ms: 0.153555
Backend Tests	Run tests	2026-10-07T05:44:22.4279912Z   ...
Backend Tests	Run tests	2026-10-07T05:44:22.4280615Z # Subtest: API weight conversion enforces exact KG and one-decimal LB policy boundaries
Backend Tests	Run tests	2026-10-07T05:44:22.4281622Z ok 700 - API weight conversion enforces exact KG and one-decimal LB policy boundaries
Backend Tests	Run tests	2026-10-07T05:44:22.4282268Z   ---
Backend Tests	Run tests	2026-10-07T05:44:22.4282644Z   duration_ms: 0.289333
Backend Tests	Run tests	2026-10-07T05:44:22.4283047Z   ...
Backend Tests	Run tests	2026-10-07T05:44:22.4283635Z # Subtest: parseWeightToGrams rejects invalid weights
Backend Tests	Run tests	2026-10-07T05:44:22.4284313Z ok 701 - parseWeightToGrams rejects invalid weights
Backend Tests	Run tests	2026-10-07T05:44:22.4284829Z   ---
Backend Tests	Run tests	2026-10-07T05:44:22.4285203Z   duration_ms: 0.474865
Backend Tests	Run tests	2026-10-07T05:44:22.4285633Z   ...
Backend Tests	Run tests	2026-10-07T05:44:22.4286331Z # Subtest: gramsToWeight converts grams to the requested unit (rounded to 0.1)
Backend Tests	Run tests	2026-10-07T05:44:22.4288092Z ok 702 - gramsToWeight converts grams to the requested unit (rounded to 0.1)
Backend Tests	Run tests	2026-10-07T05:44:22.4288807Z   ---
Backend Tests	Run tests	2026-10-07T05:44:22.4289216Z   duration_ms: 0.178511
Backend Tests	Run tests	2026-10-07T05:44:22.4289987Z   ...
Backend Tests	Run tests	2026-10-07T05:44:22.4290526Z # Subtest: gramsToWeight rejects invalid grams
Backend Tests	Run tests	2026-10-07T05:44:22.4291241Z ok 703 - gramsToWeight rejects invalid grams
Backend Tests	Run tests	2026-10-07T05:44:22.4291778Z   ---
Backend Tests	Run tests	2026-10-07T05:44:22.4292187Z   duration_ms: 0.161397
Backend Tests	Run tests	2026-10-07T05:44:22.4292611Z   ...
Backend Tests	Run tests	2026-10-07T05:44:22.4677928Z # Subtest: UsdaFoodDataProvider normalizes search results (measures + nutrients per 100g + scaled nutrients)
Backend Tests	Run tests	2026-10-07T05:44:22.4679706Z ok 704 - UsdaFoodDataProvider normalizes search results (measures + nutrients per 100g + scaled nutrients)
Backend Tests	Run tests	2026-10-07T05:44:22.4680780Z   ---
Backend Tests	Run tests	2026-10-07T05:44:22.4681276Z   duration_ms: 4.541969
Backend Tests	Run tests	2026-10-07T05:44:22.4681711Z   ...
Backend Tests	Run tests	2026-10-07T05:44:22.4738616Z # Subtest: UsdaFoodDataProvider returns empty results when neither query nor barcode is provided
Backend Tests	Run tests	2026-10-07T05:44:22.4747707Z ok 705 - UsdaFoodDataProvider returns empty results when neither query nor barcode is provided
Backend Tests	Run tests	2026-10-07T05:44:22.4752355Z   ---
Backend Tests	Run tests	2026-10-07T05:44:22.4752846Z   duration_ms: 0.220844
Backend Tests	Run tests	2026-10-07T05:44:22.4758336Z   ...
Backend Tests	Run tests	2026-10-07T05:44:22.4759112Z # Subtest: UsdaFoodDataProvider barcode searches prefer exact gtinUpc matches
Backend Tests	Run tests	2026-10-07T05:44:22.4760131Z ok 706 - UsdaFoodDataProvider barcode searches prefer exact gtinUpc matches
Backend Tests	Run tests	2026-10-07T05:44:22.4760760Z   ---
Backend Tests	Run tests	2026-10-07T05:44:22.4761151Z   duration_ms: 0.464059
Backend Tests	Run tests	2026-10-07T05:44:22.4761521Z   ...
Backend Tests	Run tests	2026-10-07T05:44:22.4762453Z # Subtest: UsdaFoodDataProvider requires all words for multi-term queries and falls back when strict results are empty
Backend Tests	Run tests	2026-10-07T05:44:22.4763903Z ok 707 - UsdaFoodDataProvider requires all words for multi-term queries and falls back when strict results are empty
Backend Tests	Run tests	2026-10-07T05:44:22.4764728Z   ---
Backend Tests	Run tests	2026-10-07T05:44:22.4765104Z   duration_ms: 0.527162
Backend Tests	Run tests	2026-10-07T05:44:22.4765545Z   ...
Backend Tests	Run tests	2026-10-07T05:44:22.4766507Z # Subtest: UsdaFoodDataProvider ranking prefers product matches over brand-only matches for possessive brand queries
Backend Tests	Run tests	2026-10-07T05:44:22.4768325Z ok 708 - UsdaFoodDataProvider ranking prefers product matches over brand-only matches for possessive brand queries
Backend Tests	Run tests	2026-10-07T05:44:22.4769240Z   ---
Backend Tests	Run tests	2026-10-07T05:44:22.4769637Z   duration_ms: 3.815996
Backend Tests	Run tests	2026-10-07T05:44:22.4770085Z   ...
Backend Tests	Run tests	2026-10-07T05:44:22.4770840Z # Subtest: UsdaFoodDataProvider throws a detailed error for non-OK search responses
Backend Tests	Run tests	2026-10-07T05:44:22.4771790Z ok 709 - UsdaFoodDataProvider throws a detailed error for non-OK search responses
Backend Tests	Run tests	2026-10-07T05:44:22.4772418Z   ---
Backend Tests	Run tests	2026-10-07T05:44:22.4772743Z   duration_ms: 0.783677
Backend Tests	Run tests	2026-10-07T05:44:22.4773105Z   ...
Backend Tests	Run tests	2026-10-07T05:44:22.4773725Z # Subtest: UsdaFoodDataProvider prefers foodNutrients and converts kJ energy to kcal
Backend Tests	Run tests	2026-10-07T05:44:22.4775466Z ok 710 - UsdaFoodDataProvider prefers foodNutrients and converts kJ energy to kcal
Backend Tests	Run tests	2026-10-07T05:44:22.4776182Z   ---
Backend Tests	Run tests	2026-10-07T05:44:22.4776542Z   duration_ms: 0.821983
Backend Tests	Run tests	2026-10-07T05:44:22.4777066Z   ...
Backend Tests	Run tests	2026-10-07T05:44:22.4777893Z # Subtest: UsdaFoodDataProvider omits foods without usable nutrients when includeIncomplete=false
Backend Tests	Run tests	2026-10-07T05:44:22.4778988Z ok 711 - UsdaFoodDataProvider omits foods without usable nutrients when includeIncomplete=false
Backend Tests	Run tests	2026-10-07T05:44:22.4779682Z   ---
Backend Tests	Run tests	2026-10-07T05:44:22.4780026Z   duration_ms: 0.312237
Backend Tests	Run tests	2026-10-07T05:44:22.4780401Z   ...
Backend Tests	Run tests	2026-10-07T05:44:22.4781071Z # Subtest: UsdaFoodDataProvider includes incomplete foods when includeIncomplete=true
Backend Tests	Run tests	2026-10-07T05:44:22.4782043Z ok 712 - UsdaFoodDataProvider includes incomplete foods when includeIncomplete=true
Backend Tests	Run tests	2026-10-07T05:44:22.4782688Z   ---
Backend Tests	Run tests	2026-10-07T05:44:22.4783031Z   duration_ms: 0.481975
Backend Tests	Run tests	2026-10-07T05:44:22.4783401Z   ...
Backend Tests	Run tests	2026-10-07T05:44:22.4784029Z # Subtest: UsdaFoodDataProvider converts kilogram serving sizes to gram weights
Backend Tests	Run tests	2026-10-07T05:44:22.4784926Z ok 713 - UsdaFoodDataProvider converts kilogram serving sizes to gram weights
Backend Tests	Run tests	2026-10-07T05:44:22.4785930Z   ---
Backend Tests	Run tests	2026-10-07T05:44:22.4786275Z   duration_ms: 0.481905
Backend Tests	Run tests	2026-10-07T05:44:22.4786657Z   ...
Backend Tests	Run tests	2026-10-07T05:44:25.1448227Z # Subtest: userSerialization: USER_CLIENT_SELECT does not include sensitive columns
Backend Tests	Run tests	2026-10-07T05:44:25.1477910Z ok 714 - userSerialization: USER_CLIENT_SELECT does not include sensitive columns
Backend Tests	Run tests	2026-10-07T05:44:25.1507451Z   ---
Backend Tests	Run tests	2026-10-07T05:44:25.1527587Z   duration_ms: 3.994957
Backend Tests	Run tests	2026-10-07T05:44:25.1528093Z   ...
Backend Tests	Run tests	2026-10-07T05:44:25.1529018Z # Subtest: userSerialization: serializeUserForClient omits profile_image_url when bytes or mimeType are missing
Backend Tests	Run tests	2026-10-07T05:44:25.1530329Z ok 715 - userSerialization: serializeUserForClient omits profile_image_url when bytes or mimeType are missing
Backend Tests	Run tests	2026-10-07T05:44:25.1531141Z   ---
Backend Tests	Run tests	2026-10-07T05:44:25.1531487Z   duration_ms: 0.478831
Backend Tests	Run tests	2026-10-07T05:44:25.1531891Z   ...
Backend Tests	Run tests	2026-10-07T05:44:25.1532855Z # Subtest: userSerialization: serializeUserForClient builds a base64 data URL when image bytes and mimeType are present
Backend Tests	Run tests	2026-10-07T05:44:25.1534271Z ok 716 - userSerialization: serializeUserForClient builds a base64 data URL when image bytes and mimeType are present
Backend Tests	Run tests	2026-10-07T05:44:25.1535045Z   ---
Backend Tests	Run tests	2026-10-07T05:44:25.1535395Z   duration_ms: 1.134311
Backend Tests	Run tests	2026-10-07T05:44:25.1535759Z   ...
Backend Tests	Run tests	2026-10-07T05:44:30.6490046Z # Subtest: watch mutation parser accepts canonical grams and rejects unknown fields
Backend Tests	Run tests	2026-10-07T05:44:30.6519066Z ok 717 - watch mutation parser accepts canonical grams and rejects unknown fields
Backend Tests	Run tests	2026-10-07T05:44:30.6524663Z   ---
Backend Tests	Run tests	2026-10-07T05:44:30.6525286Z   duration_ms: 7671.865677
Backend Tests	Run tests	2026-10-07T05:44:30.6525728Z   ...
Backend Tests	Run tests	2026-10-07T05:44:30.6526505Z # Subtest: watch snapshot rejects an invalid stored timezone before reading any guessed local day
Backend Tests	Run tests	2026-10-07T05:44:30.6527814Z ok 718 - watch snapshot rejects an invalid stored timezone before reading any guessed local day
Backend Tests	Run tests	2026-10-07T05:44:30.6528550Z   ---
Backend Tests	Run tests	2026-10-07T05:44:30.6528923Z   duration_ms: 47.104018
Backend Tests	Run tests	2026-10-07T05:44:30.6529335Z   ...
Backend Tests	Run tests	2026-10-07T05:44:30.6530013Z # Subtest: watch snapshot is bounded, timezone-local, and derives current-session undo
Backend Tests	Run tests	2026-10-07T05:44:30.6531032Z ok 719 - watch snapshot is bounded, timezone-local, and derives current-session undo
Backend Tests	Run tests	2026-10-07T05:44:30.6531678Z   ---
Backend Tests	Run tests	2026-10-07T05:44:30.6532066Z   duration_ms: 36.435383
Backend Tests	Run tests	2026-10-07T05:44:30.6532466Z   ...
Backend Tests	Run tests	2026-10-07T05:44:30.6533226Z # Subtest: watch goal progress covers loss, gain, maintenance, missing goals, and completed targets
Backend Tests	Run tests	2026-10-07T05:44:30.6534337Z ok 720 - watch goal progress covers loss, gain, maintenance, missing goals, and completed targets
Backend Tests	Run tests	2026-10-07T05:44:30.6535017Z   ---
Backend Tests	Run tests	2026-10-07T05:44:30.6535377Z   duration_ms: 29.627848
Backend Tests	Run tests	2026-10-07T05:44:30.6535766Z   ...
Backend Tests	Run tests	2026-10-07T05:44:30.6536453Z # Subtest: watch food creation snapshots My Food and records trusted session provenance
Backend Tests	Run tests	2026-10-07T05:44:30.6537627Z ok 721 - watch food creation snapshots My Food and records trusted session provenance
Backend Tests	Run tests	2026-10-07T05:44:30.6538266Z   ---
Backend Tests	Run tests	2026-10-07T05:44:30.6538632Z   duration_ms: 66.184609
Backend Tests	Run tests	2026-10-07T05:44:30.6539053Z   ...
Backend Tests	Run tests	2026-10-07T05:44:30.6539631Z # Subtest: watch food creation rejects paused days before inserting
Backend Tests	Run tests	2026-10-07T05:44:30.6540417Z ok 722 - watch food creation rejects paused days before inserting
Backend Tests	Run tests	2026-10-07T05:44:30.6541000Z   ---
Backend Tests	Run tests	2026-10-07T05:44:30.6541366Z   duration_ms: 29.402188
Backend Tests	Run tests	2026-10-07T05:44:30.6541769Z   ...
Backend Tests	Run tests	2026-10-07T05:44:30.6542413Z # Subtest: watch food deletion is limited to the current session undo candidate
Backend Tests	Run tests	2026-10-07T05:44:30.6543327Z ok 723 - watch food deletion is limited to the current session undo candidate
Backend Tests	Run tests	2026-10-07T05:44:30.6543933Z   ---
Backend Tests	Run tests	2026-10-07T05:44:30.6544300Z   duration_ms: 37.897764
Backend Tests	Run tests	2026-10-07T05:44:30.6544697Z   ...
Backend Tests	Run tests	2026-10-07T05:44:30.6545377Z # Subtest: watch undo is invalidated by a later phone edit and never walks to an older create
Backend Tests	Run tests	2026-10-07T05:44:30.6546398Z ok 724 - watch undo is invalidated by a later phone edit and never walks to an older create
Backend Tests	Run tests	2026-10-07T05:44:30.6547242Z   ---
Backend Tests	Run tests	2026-10-07T05:44:30.6547760Z   duration_ms: 49.735281
Backend Tests	Run tests	2026-10-07T05:44:30.6548541Z   ...
Backend Tests	Run tests	2026-10-07T05:44:30.6549071Z # Subtest: watch metric and completion mutations use canonical date-only upserts
Backend Tests	Run tests	2026-10-07T05:44:30.6549795Z ok 725 - watch metric and completion mutations use canonical date-only upserts
Backend Tests	Run tests	2026-10-07T05:44:30.6550396Z   ---
Backend Tests	Run tests	2026-10-07T05:44:30.6550610Z   duration_ms: 42.956448
Backend Tests	Run tests	2026-10-07T05:44:30.6550849Z   ...
Backend Tests	Run tests	2026-10-07T05:44:30.6551314Z # Subtest: watch metric and completion mutations reject stale snapshot revisions
Backend Tests	Run tests	2026-10-07T05:44:30.6552025Z ok 726 - watch metric and completion mutations reject stale snapshot revisions
Backend Tests	Run tests	2026-10-07T05:44:30.6552444Z   ---
Backend Tests	Run tests	2026-10-07T05:44:30.6552657Z   duration_ms: 46.514777
Backend Tests	Run tests	2026-10-07T05:44:30.6552898Z   ...
Backend Tests	Run tests	2026-10-07T05:44:30.7678543Z # Subtest: weight trend benchmark: recovers representative steady rates without outlier-driven reversal
Backend Tests	Run tests	2026-10-07T05:44:30.7762954Z ok 727 - weight trend benchmark: recovers representative steady rates without outlier-driven reversal
Backend Tests	Run tests	2026-10-07T05:44:30.7797794Z   ---
Backend Tests	Run tests	2026-10-07T05:44:30.7872831Z   duration_ms: 22.208618
Backend Tests	Run tests	2026-10-07T05:44:30.7883927Z   ...
Backend Tests	Run tests	2026-10-07T05:44:30.7898870Z # Subtest: weight trend benchmark: seeded level and window-average pace intervals achieve 90%-98% empirical coverage
Backend Tests	Run tests	2026-10-07T05:44:30.7900478Z ok 728 - weight trend benchmark: seeded level and window-average pace intervals achieve 90%-98% empirical coverage
Backend Tests	Run tests	2026-10-07T05:44:30.7901264Z   ---
Backend Tests	Run tests	2026-10-07T05:44:30.7901613Z   duration_ms: 137.399736
Backend Tests	Run tests	2026-10-07T05:44:30.7901971Z   ...
Backend Tests	Run tests	2026-10-07T05:44:30.7902668Z # Subtest: weight trend benchmark: local velocity-state intervals achieve 90%-98% process coverage
Backend Tests	Run tests	2026-10-07T05:44:30.7903724Z ok 729 - weight trend benchmark: local velocity-state intervals achieve 90%-98% process coverage
Backend Tests	Run tests	2026-10-07T05:44:30.7904375Z   ---
Backend Tests	Run tests	2026-10-07T05:44:30.7904709Z   duration_ms: 108.214481
Backend Tests	Run tests	2026-10-07T05:44:30.7905065Z   ...
Backend Tests	Run tests	2026-10-07T05:44:30.7905788Z # Subtest: weight trend benchmark: causal stable and linear level RMSE is no more than 5% worse than v1
Backend Tests	Run tests	2026-10-07T05:44:30.7907113Z ok 730 - weight trend benchmark: causal stable and linear level RMSE is no more than 5% worse than v1
Backend Tests	Run tests	2026-10-07T05:44:30.7907774Z   ---
Backend Tests	Run tests	2026-10-07T05:44:30.7908093Z   duration_ms: 670.500544
Backend Tests	Run tests	2026-10-07T05:44:30.7908454Z   ...
Backend Tests	Run tests	2026-10-07T05:44:30.7909156Z # Subtest: weight trend benchmark: a sustained reversal becomes confidently visible within 14 days
Backend Tests	Run tests	2026-10-07T05:44:30.7910180Z ok 731 - weight trend benchmark: a sustained reversal becomes confidently visible within 14 days
Backend Tests	Run tests	2026-10-07T05:44:30.7910819Z   ---
Backend Tests	Run tests	2026-10-07T05:44:30.7911121Z   duration_ms: 1.541336
Backend Tests	Run tests	2026-10-07T05:44:30.7911452Z   ...
Backend Tests	Run tests	2026-10-07T05:44:30.7912128Z # Subtest: weight trend benchmark: local v2 pace changes direction sooner than v1 after a reversal
Backend Tests	Run tests	2026-10-07T05:44:30.7913116Z ok 732 - weight trend benchmark: local v2 pace changes direction sooner than v1 after a reversal
Backend Tests	Run tests	2026-10-07T05:44:30.7913739Z   ---
Backend Tests	Run tests	2026-10-07T05:44:30.7914066Z   duration_ms: 16.827561
Backend Tests	Run tests	2026-10-07T05:44:30.7914413Z   ...
Backend Tests	Run tests	2026-10-07T05:44:30.7914989Z # Subtest: weight trend benchmark: plateau after loss is recognized as steady
Backend Tests	Run tests	2026-10-07T05:44:30.7915816Z ok 733 - weight trend benchmark: plateau after loss is recognized as steady
Backend Tests	Run tests	2026-10-07T05:44:30.7916312Z   ---
Backend Tests	Run tests	2026-10-07T05:44:30.7916618Z   duration_ms: 3.433305
Backend Tests	Run tests	2026-10-07T05:44:30.7917104Z   ...
Backend Tests	Run tests	2026-10-07T05:44:30.7917730Z # Subtest: weight trend benchmark: isolated spikes are damped and recover within two weeks
Backend Tests	Run tests	2026-10-07T05:44:30.7918670Z ok 734 - weight trend benchmark: isolated spikes are damped and recover within two weeks
Backend Tests	Run tests	2026-10-07T05:44:30.7919284Z   ---
Backend Tests	Run tests	2026-10-07T05:44:30.7919597Z   duration_ms: 3.319128
Backend Tests	Run tests	2026-10-07T05:44:30.7919938Z   ...
Backend Tests	Run tests	2026-10-07T05:44:30.7920722Z # Subtest: weight trend benchmark: positive and negative three-kilogram spikes do not cause a lasting reversal
Backend Tests	Run tests	2026-10-07T05:44:30.7921891Z ok 735 - weight trend benchmark: positive and negative three-kilogram spikes do not cause a lasting reversal
Backend Tests	Run tests	2026-10-07T05:44:30.7922595Z   ---
Backend Tests	Run tests	2026-10-07T05:44:30.7922912Z   duration_ms: 3.622212
Backend Tests	Run tests	2026-10-07T05:44:30.7923604Z   ...
Backend Tests	Run tests	2026-10-07T05:44:30.7924346Z # Subtest: weight trend benchmark: a short hydration outlier run does not leave a lasting direction reversal
Backend Tests	Run tests	2026-10-07T05:44:30.7925503Z ok 736 - weight trend benchmark: a short hydration outlier run does not leave a lasting direction reversal
Backend Tests	Run tests	2026-10-07T05:44:30.7926367Z   ---
Backend Tests	Run tests	2026-10-07T05:44:30.7926680Z   duration_ms: 2.272697
Backend Tests	Run tests	2026-10-07T05:44:30.7927144Z   ...
Backend Tests	Run tests	2026-10-07T05:44:30.7927884Z # Subtest: weight trend benchmark: actual-date pace survives cadence changes without inventing continuity
Backend Tests	Run tests	2026-10-07T05:44:30.7929002Z ok 737 - weight trend benchmark: actual-date pace survives cadence changes without inventing continuity
Backend Tests	Run tests	2026-10-07T05:44:30.7929677Z   ---
Backend Tests	Run tests	2026-10-07T05:44:30.7930001Z   duration_ms: 0.836214
Backend Tests	Run tests	2026-10-07T05:44:30.7930347Z   ...
Backend Tests	Run tests	2026-10-07T05:44:30.7931000Z # Subtest: weight trend benchmark: backfills do not rewrite earlier forward states materially
Backend Tests	Run tests	2026-10-07T05:44:30.7932005Z ok 738 - weight trend benchmark: backfills do not rewrite earlier forward states materially
Backend Tests	Run tests	2026-10-07T05:44:30.7932635Z   ---
Backend Tests	Run tests	2026-10-07T05:44:30.7932946Z   duration_ms: 1.471835
Backend Tests	Run tests	2026-10-07T05:44:30.7933341Z   ...
Backend Tests	Run tests	2026-10-07T05:44:30.7934004Z # Subtest: weight trend benchmark: input order and kilogram boundary conversion are invariant
Backend Tests	Run tests	2026-10-07T05:44:30.7934990Z ok 739 - weight trend benchmark: input order and kilogram boundary conversion are invariant
Backend Tests	Run tests	2026-10-07T05:44:30.7935604Z   ---
Backend Tests	Run tests	2026-10-07T05:44:30.7935912Z   duration_ms: 2.96534
Backend Tests	Run tests	2026-10-07T05:44:30.7936249Z   ...
Backend Tests	Run tests	2026-10-07T05:44:30.7937167Z # Subtest: weight trend benchmark: appending one consistent observation keeps prior history stable
Backend Tests	Run tests	2026-10-07T05:44:30.7938249Z ok 740 - weight trend benchmark: appending one consistent observation keeps prior history stable
Backend Tests	Run tests	2026-10-07T05:44:30.7938894Z   ---
Backend Tests	Run tests	2026-10-07T05:44:30.7939211Z   duration_ms: 13.417901
Backend Tests	Run tests	2026-10-07T05:44:30.7939562Z   ...
Backend Tests	Run tests	2026-10-07T05:44:30.7940140Z # Subtest: weight trend benchmark: bounded-window workloads remain inexpensive
Backend Tests	Run tests	2026-10-07T05:44:30.7940975Z ok 741 - weight trend benchmark: bounded-window workloads remain inexpensive
Backend Tests	Run tests	2026-10-07T05:44:30.7941525Z   ---
Backend Tests	Run tests	2026-10-07T05:44:30.7941838Z   duration_ms: 2439.296252
Backend Tests	Run tests	2026-10-07T05:44:30.7942192Z   ...
Backend Tests	Run tests	2026-10-07T05:44:30.7942864Z # Subtest: weight trend governance: model constants come from the versioned parameter manifest
Backend Tests	Run tests	2026-10-07T05:44:30.7943850Z ok 742 - weight trend governance: model constants come from the versioned parameter manifest
Backend Tests	Run tests	2026-10-07T05:44:30.7944458Z   ---
Backend Tests	Run tests	2026-10-07T05:44:30.7944766Z   duration_ms: 9.917928
Backend Tests	Run tests	2026-10-07T05:44:30.7945105Z   ...
Backend Tests	Run tests	2026-10-07T05:44:30.7945858Z # Subtest: weight trend governance: regenerated report rejects numeric changes without a model-version bump
Backend Tests	Run tests	2026-10-07T05:44:30.7947105Z ok 743 - weight trend governance: regenerated report rejects numeric changes without a model-version bump
Backend Tests	Run tests	2026-10-07T05:44:30.7947866Z   ---
Backend Tests	Run tests	2026-10-07T05:44:30.7948166Z   duration_ms: 740.99019
Backend Tests	Run tests	2026-10-07T05:44:30.7948523Z   ...
Backend Tests	Run tests	2026-10-07T05:44:30.7949203Z # Subtest: weight trend governance: checked-in tuning report is reproducible and passes every gate
Backend Tests	Run tests	2026-10-07T05:44:30.7950229Z ok 744 - weight trend governance: checked-in tuning report is reproducible and passes every gate
Backend Tests	Run tests	2026-10-07T05:44:30.7950865Z   ---
Backend Tests	Run tests	2026-10-07T05:44:30.7977416Z   duration_ms: 619.238574
Backend Tests	Run tests	2026-10-07T05:44:30.8007294Z   ...
Backend Tests	Run tests	2026-10-07T05:44:30.8020000Z # Subtest: weight trend v2 migration adds pace state and invalidates only pending older recommendations
Backend Tests	Run tests	2026-10-07T05:44:30.8021228Z ok 745 - weight trend v2 migration adds pace state and invalidates only pending older recommendations
Backend Tests	Run tests	2026-10-07T05:44:30.8021949Z   ---
Backend Tests	Run tests	2026-10-07T05:44:30.8022301Z   duration_ms: 1.534025
Backend Tests	Run tests	2026-10-07T05:44:30.8022681Z   ...
Backend Tests	Run tests	2026-10-07T05:44:30.8023434Z # Subtest: weight trend source revision migration preserves legacy rows as nullable stale snapshots
Backend Tests	Run tests	2026-10-07T05:44:30.8024567Z ok 746 - weight trend source revision migration preserves legacy rows as nullable stale snapshots
Backend Tests	Run tests	2026-10-07T05:44:30.8025260Z   ---
Backend Tests	Run tests	2026-10-07T05:44:30.8026023Z   duration_ms: 0.230668
Backend Tests	Run tests	2026-10-07T05:44:30.8026387Z   ...
Backend Tests	Run tests	2026-10-07T05:44:31.9790071Z # Subtest: weightTrend resolver: defaults to shared v2 and exports model version 2
Backend Tests	Run tests	2026-10-07T05:44:31.9793241Z ok 747 - weightTrend resolver: defaults to shared v2 and exports model version 2
Backend Tests	Run tests	2026-10-07T05:44:31.9793930Z   ---
Backend Tests	Run tests	2026-10-07T05:44:31.9794344Z   duration_ms: 102.030879
Backend Tests	Run tests	2026-10-07T05:44:31.9794773Z   ...
Backend Tests	Run tests	2026-10-07T05:44:31.9804892Z # Subtest: weightTrend resolver: explicit v2 returns the shared v2 model output
Backend Tests	Run tests	2026-10-07T05:44:31.9808356Z ok 748 - weightTrend resolver: explicit v2 returns the shared v2 model output
Backend Tests	Run tests	2026-10-07T05:44:31.9809077Z   ---
Backend Tests	Run tests	2026-10-07T05:44:31.9809493Z   duration_ms: 20.653391
Backend Tests	Run tests	2026-10-07T05:44:31.9809921Z   ...
Backend Tests	Run tests	2026-10-07T05:44:31.9818789Z # Subtest: weightTrend resolver: v1 preserves legacy levels and adapts unavailable v2 fields
Backend Tests	Run tests	2026-10-07T05:44:31.9822339Z ok 749 - weightTrend resolver: v1 preserves legacy levels and adapts unavailable v2 fields
Backend Tests	Run tests	2026-10-07T05:44:31.9823140Z   ---
Backend Tests	Run tests	2026-10-07T05:44:31.9823542Z   duration_ms: 13.787302
Backend Tests	Run tests	2026-10-07T05:44:31.9823961Z   ...
Backend Tests	Run tests	2026-10-07T05:44:31.9832407Z # Subtest: weightTrend resolver: v1 honors the shared as-of option
Backend Tests	Run tests	2026-10-07T05:44:31.9834841Z ok 750 - weightTrend resolver: v1 honors the shared as-of option
Backend Tests	Run tests	2026-10-07T05:44:31.9845793Z   ---
Backend Tests	Run tests	2026-10-07T05:44:31.9846209Z   duration_ms: 14.81111
Backend Tests	Run tests	2026-10-07T05:44:31.9846650Z   ...
Backend Tests	Run tests	2026-10-07T05:44:32.0264902Z # Subtest: computeWeightTrendV1: reproduces the retired scalar Kalman output
Backend Tests	Run tests	2026-10-07T05:44:32.0267650Z ok 751 - computeWeightTrendV1: reproduces the retired scalar Kalman output
Backend Tests	Run tests	2026-10-07T05:44:32.0268341Z   ---
Backend Tests	Run tests	2026-10-07T05:44:32.0268726Z   duration_ms: 4.276219
Backend Tests	Run tests	2026-10-07T05:44:32.0269140Z   ...
Backend Tests	Run tests	2026-10-07T05:44:32.7211790Z # Subtest: computeWeightTrend: keeps a stable trend for mostly flat weight series
Backend Tests	Run tests	2026-10-07T05:44:32.7212406Z ok 752 - computeWeightTrend: keeps a stable trend for mostly flat weight series
Backend Tests	Run tests	2026-10-07T05:44:32.7212809Z   ---
Backend Tests	Run tests	2026-10-07T05:44:32.7213087Z   duration_ms: 2.401435
Backend Tests	Run tests	2026-10-07T05:44:32.7213353Z   ...
Backend Tests	Run tests	2026-10-07T05:44:32.7213964Z # Subtest: computeWeightTrend: dampens a short-lived spike
Backend Tests	Run tests	2026-10-07T05:44:32.7218815Z ok 753 - computeWeightTrend: dampens a short-lived spike
Backend Tests	Run tests	2026-10-07T05:44:32.7219457Z   ---
Backend Tests	Run tests	2026-10-07T05:44:32.7220012Z   duration_ms: 0.477169
Backend Tests	Run tests	2026-10-07T05:44:32.7231139Z   ...
Backend Tests	Run tests	2026-10-07T05:44:32.7231867Z # Subtest: computeWeightTrend: widens uncertainty under high volatility
Backend Tests	Run tests	2026-10-07T05:44:32.7232494Z ok 754 - computeWeightTrend: widens uncertainty under high volatility
Backend Tests	Run tests	2026-10-07T05:44:32.7232923Z   ---
Backend Tests	Run tests	2026-10-07T05:44:32.7233210Z   duration_ms: 0.60123
Backend Tests	Run tests	2026-10-07T05:44:32.7233512Z   ...
Backend Tests	Run tests	2026-10-07T05:44:32.7233958Z # Subtest: computeWeightTrend: supports sparse histories with finite defaults
Backend Tests	Run tests	2026-10-07T05:44:32.7234548Z ok 755 - computeWeightTrend: supports sparse histories with finite defaults
Backend Tests	Run tests	2026-10-07T05:44:32.7234959Z   ---
Backend Tests	Run tests	2026-10-07T05:44:32.7235360Z   duration_ms: 0.198741
Backend Tests	Run tests	2026-10-07T05:44:32.7235819Z   ...
Backend Tests	Run tests	2026-10-07T05:44:32.7236547Z # Subtest: computeWeightTrend: caps uncertainty growth across very large date gaps
Backend Tests	Run tests	2026-10-07T05:44:32.7237745Z ok 756 - computeWeightTrend: caps uncertainty growth across very large date gaps
Backend Tests	Run tests	2026-10-07T05:44:32.7238445Z   ---
Backend Tests	Run tests	2026-10-07T05:44:32.7238849Z   duration_ms: 0.194274
Backend Tests	Run tests	2026-10-07T05:44:32.7239280Z   ...
Backend Tests	Run tests	2026-10-07T05:44:32.7240040Z # Subtest: computeWeightTrend: reports a 95% confidence interval around the trend estimate
Backend Tests	Run tests	2026-10-07T05:44:32.7241115Z ok 757 - computeWeightTrend: reports a 95% confidence interval around the trend estimate
Backend Tests	Run tests	2026-10-07T05:44:32.7241810Z   ---
Backend Tests	Run tests	2026-10-07T05:44:32.7242203Z   duration_ms: 1.962743
Backend Tests	Run tests	2026-10-07T05:44:32.7242628Z   ...
Backend Tests	Run tests	2026-10-07T05:44:32.7243399Z # Subtest: computeWeightTrend: anchors the first trend point to the first observation
Backend Tests	Run tests	2026-10-07T05:44:32.7244439Z ok 758 - computeWeightTrend: anchors the first trend point to the first observation
Backend Tests	Run tests	2026-10-07T05:44:32.7245116Z   ---
Backend Tests	Run tests	2026-10-07T05:44:32.7245519Z   duration_ms: 0.301321
Backend Tests	Run tests	2026-10-07T05:44:32.7246378Z   ...
Backend Tests	Run tests	2026-10-07T05:44:32.7247454Z # Subtest: computeWeightTrend: recency-weighted drift adapts when recent direction differs from long-run history
Backend Tests	Run tests	2026-10-07T05:44:32.7248827Z ok 759 - computeWeightTrend: recency-weighted drift adapts when recent direction differs from long-run history
Backend Tests	Run tests	2026-10-07T05:44:32.7249875Z   ---
Backend Tests	Run tests	2026-10-07T05:44:32.7250274Z   duration_ms: 7.80212
Backend Tests	Run tests	2026-10-07T05:44:32.7250697Z   ...
Backend Tests	Run tests	2026-10-07T05:44:32.7251431Z # Subtest: computeWeightTrend: does not assimilate a segment-start observation twice
Backend Tests	Run tests	2026-10-07T05:44:32.7252468Z ok 760 - computeWeightTrend: does not assimilate a segment-start observation twice
Backend Tests	Run tests	2026-10-07T05:44:32.7253151Z   ---
Backend Tests	Run tests	2026-10-07T05:44:32.7253549Z   duration_ms: 0.358074
Backend Tests	Run tests	2026-10-07T05:44:32.7253976Z   ...
Backend Tests	Run tests	2026-10-07T05:44:32.7254807Z # Subtest: computeWeightTrend: uses actual elapsed time and resets only after gaps greater than 14 days
Backend Tests	Run tests	2026-10-07T05:44:32.7256020Z ok 761 - computeWeightTrend: uses actual elapsed time and resets only after gaps greater than 14 days
Backend Tests	Run tests	2026-10-07T05:44:32.7256988Z   ---
Backend Tests	Run tests	2026-10-07T05:44:32.7257459Z   duration_ms: 0.768104
Backend Tests	Run tests	2026-10-07T05:44:32.7257903Z   ...
Backend Tests	Run tests	2026-10-07T05:44:32.7258655Z # Subtest: computeWeightTrend: exposes coherent level and rate uncertainty bounds
Backend Tests	Run tests	2026-10-07T05:44:32.7259675Z ok 762 - computeWeightTrend: exposes coherent level and rate uncertainty bounds
Backend Tests	Run tests	2026-10-07T05:44:32.7260352Z   ---
Backend Tests	Run tests	2026-10-07T05:44:32.7260754Z   duration_ms: 0.805349
Backend Tests	Run tests	2026-10-07T05:44:32.7261174Z   ...
Backend Tests	Run tests	2026-10-07T05:44:32.7261894Z # Subtest: computeWeightTrend: requires explicit 7-42 day calibration-window bounds
Backend Tests	Run tests	2026-10-07T05:44:32.7262927Z ok 763 - computeWeightTrend: requires explicit 7-42 day calibration-window bounds
Backend Tests	Run tests	2026-10-07T05:44:32.7263597Z   ---
Backend Tests	Run tests	2026-10-07T05:44:32.7263983Z   duration_ms: 3.016125
Backend Tests	Run tests	2026-10-07T05:44:32.7264405Z   ...
Backend Tests	Run tests	2026-10-07T05:44:32.7265129Z # Subtest: computeWeightTrend: Huber weighting limits an isolated extreme observation
Backend Tests	Run tests	2026-10-07T05:44:32.7266165Z ok 764 - computeWeightTrend: Huber weighting limits an isolated extreme observation
Backend Tests	Run tests	2026-10-07T05:44:32.7267069Z   ---
Backend Tests	Run tests	2026-10-07T05:44:32.7267466Z   duration_ms: 1.084337
Backend Tests	Run tests	2026-10-07T05:44:32.7267894Z   ...
Backend Tests	Run tests	2026-10-07T05:44:32.7268767Z # Subtest: computeWeightTrend: estimates bounded two-pass measurement variability with sparse-data shrinkage
Backend Tests	Run tests	2026-10-07T05:44:32.7270079Z ok 765 - computeWeightTrend: estimates bounded two-pass measurement variability with sparse-data shrinkage
Backend Tests	Run tests	2026-10-07T05:44:32.7270876Z   ---
Backend Tests	Run tests	2026-10-07T05:44:32.7271275Z   duration_ms: 2.521651
Backend Tests	Run tests	2026-10-07T05:44:32.7271690Z   ...
Backend Tests	Run tests	2026-10-07T05:44:32.7272363Z # Subtest: computeWeightTrend: resets measurement variability at a new segment
Backend Tests	Run tests	2026-10-07T05:44:32.7273312Z ok 766 - computeWeightTrend: resets measurement variability at a new segment
Backend Tests	Run tests	2026-10-07T05:44:32.7273952Z   ---
Backend Tests	Run tests	2026-10-07T05:44:32.7274501Z   duration_ms: 0.441676
Backend Tests	Run tests	2026-10-07T05:44:32.7274991Z   ...
Backend Tests	Run tests	2026-10-07T05:44:32.7275598Z # Subtest: computeWeightTrend: limits as-of results and derives evidence from the latest segment
Backend Tests	Run tests	2026-10-07T05:44:32.7276223Z ok 767 - computeWeightTrend: limits as-of results and derives evidence from the latest segment
Backend Tests	Run tests	2026-10-07T05:44:32.7276569Z   ---
Backend Tests	Run tests	2026-10-07T05:44:32.7276831Z   duration_ms: 0.30737
Backend Tests	Run tests	2026-10-07T05:44:32.7277011Z   ...
Backend Tests	Run tests	2026-10-07T05:44:32.7277369Z # Subtest: classifyWeightTrendEvidence: uses raw point count and elapsed span boundaries
Backend Tests	Run tests	2026-10-07T05:44:32.7277903Z ok 768 - classifyWeightTrendEvidence: uses raw point count and elapsed span boundaries
Backend Tests	Run tests	2026-10-07T05:44:32.7278237Z   ---
Backend Tests	Run tests	2026-10-07T05:44:32.7278402Z   duration_ms: 0.112535
Backend Tests	Run tests	2026-10-07T05:44:32.7278579Z   ...
Backend Tests	Run tests	2026-10-07T05:44:32.7278946Z # Subtest: computeWeightTrend: withholds pace until the latest segment spans seven elapsed days
Backend Tests	Run tests	2026-10-07T05:44:32.7279494Z ok 769 - computeWeightTrend: withholds pace until the latest segment spans seven elapsed days
Backend Tests	Run tests	2026-10-07T05:44:32.7279822Z   ---
Backend Tests	Run tests	2026-10-07T05:44:32.7279975Z   duration_ms: 0.323784
Backend Tests	Run tests	2026-10-07T05:44:32.7280146Z   ...
Backend Tests	Run tests	2026-10-07T05:44:32.7280516Z # Subtest: computeWeightTrend: deprecated weekly rate uses only the latest uninterrupted segment
Backend Tests	Run tests	2026-10-07T05:44:32.7281332Z ok 770 - computeWeightTrend: deprecated weekly rate uses only the latest uninterrupted segment
Backend Tests	Run tests	2026-10-07T05:44:32.7281790Z   ---
Backend Tests	Run tests	2026-10-07T05:44:32.7281943Z   duration_ms: 0.374989
Backend Tests	Run tests	2026-10-07T05:44:32.7282111Z   ...
Backend Tests	Run tests	2026-10-07T05:44:32.7282468Z # Subtest: computeWeightTrend: exact calibration window never falls back across a reset gap
Backend Tests	Run tests	2026-10-07T05:44:32.7283004Z ok 771 - computeWeightTrend: exact calibration window never falls back across a reset gap
Backend Tests	Run tests	2026-10-07T05:44:32.7283319Z   ---
Backend Tests	Run tests	2026-10-07T05:44:32.7283465Z   duration_ms: 0.247532
Backend Tests	Run tests	2026-10-07T05:44:32.7283626Z   ...
Backend Tests	Run tests	2026-10-07T05:44:32.7284040Z # Subtest: classifyWeightTrendRate: requires sufficient evidence before assigning a confident direction
Backend Tests	Run tests	2026-10-07T05:44:32.7284659Z ok 772 - classifyWeightTrendRate: requires sufficient evidence before assigning a confident direction
Backend Tests	Run tests	2026-10-07T05:44:32.7285017Z   ---
Backend Tests	Run tests	2026-10-07T05:44:32.7285169Z   duration_ms: 0.141106
Backend Tests	Run tests	2026-10-07T05:44:32.7285332Z   ...
Backend Tests	Run tests	2026-10-07T05:44:32.7613914Z 1..772
Backend Tests	Run tests	2026-10-07T05:44:32.7614292Z # tests 786
Backend Tests	Run tests	2026-10-07T05:44:32.7614529Z # suites 0
Backend Tests	Run tests	2026-10-07T05:44:32.7614762Z # pass 786
Backend Tests	Run tests	2026-10-07T05:44:32.7615032Z # fail 0
Backend Tests	Run tests	2026-10-07T05:44:32.7615259Z # cancelled 0
Backend Tests	Run tests	2026-10-07T05:44:32.7615522Z # skipped 0
Backend Tests	Run tests	2026-10-07T05:44:32.7615765Z # todo 0
Backend Tests	Run tests	2026-10-07T05:44:32.7616048Z # duration_ms 172990.022034
Backend Tests	Post Setup Node	﻿2026-10-07T05:44:32.7815229Z Post job cleanup.
Backend Tests	Post Setup Node	2026-10-07T05:44:32.8828308Z (node:4512) [DEP0040] DeprecationWarning: The `punycode` module is deprecated. Please use a userland alternative instead.
Backend Tests	Post Setup Node	2026-10-07T05:44:32.8829442Z (Use `node --trace-deprecation ...` to show where the warning was created)
Backend Tests	Post Setup Node	2026-10-07T05:44:32.9000824Z [command]/usr/bin/tar --posix -cf cache.tzst --exclude cache.tzst -P -C /home/runner/work/calibrate-health/calibrate-health --files-from manifest.txt --use-compress-program zstdmt
Backend Tests	Post Setup Node	2026-10-07T05:44:33.3128497Z Failed to save: Unable to reserve cache with key node-cache-Linux-x64-npm-9ad1fc3d02200f097d647c965e5a2c426e45ead6e22fb282009302d8eeb7a3d3, another job may be creating this cache.
Backend Tests	Post Checkout	﻿2026-10-07T05:44:33.3339449Z Post job cleanup.
Backend Tests	Post Checkout	2026-10-07T05:44:33.4038289Z [command]/usr/bin/git version
Backend Tests	Post Checkout	2026-10-07T05:44:33.4074548Z git version 2.55.0
Backend Tests	Post Checkout	2026-10-07T05:44:33.4103015Z Temporarily overriding HOME='/home/runner/work/_temp/eef6910a-7f42-4b6b-b827-63898a9e8bbe' before making global git config changes
Backend Tests	Post Checkout	2026-10-07T05:44:33.4104242Z Adding repository directory to the temporary git global config as a safe directory
Backend Tests	Post Checkout	2026-10-07T05:44:33.4107197Z [command]/usr/bin/git config --global --add safe.directory /home/runner/work/calibrate-health/calibrate-health
Backend Tests	Post Checkout	2026-10-07T05:44:33.4139268Z [command]/usr/bin/git config --local --name-only --get-regexp core\.sshCommand
Backend Tests	Post Checkout	2026-10-07T05:44:33.4168265Z [command]/usr/bin/git submodule foreach --recursive sh -c "git config --local --name-only --get-regexp 'core\.sshCommand' && git config --local --unset-all 'core.sshCommand' || :"
Backend Tests	Post Checkout	2026-10-07T05:44:33.4379092Z [command]/usr/bin/git config --local --name-only --get-regexp http\.https\:\/\/github\.com\/\.extraheader
Backend Tests	Post Checkout	2026-10-07T05:44:33.4404486Z http.https://github.com/.extraheader
Backend Tests	Post Checkout	2026-10-07T05:44:33.4410666Z [command]/usr/bin/git config --local --unset-all http.https://github.com/.extraheader
Backend Tests	Post Checkout	2026-10-07T05:44:33.4440816Z [command]/usr/bin/git submodule foreach --recursive sh -c "git config --local --name-only --get-regexp 'http\.https\:\/\/github\.com\/\.extraheader' && git config --local --unset-all 'http.https://github.com/.extraheader' || :"
Backend Tests	Post Checkout	2026-10-07T05:44:33.4680781Z [command]/usr/bin/git config --local --name-only --get-regexp ^includeIf\.gitdir:
Backend Tests	Post Checkout	2026-10-07T05:44:33.4715817Z [command]/usr/bin/git submodule foreach --recursive git config --local --show-origin --name-only --get-regexp remote.origin.url
Backend Tests	Stop containers	﻿2026-10-07T05:44:33.5029934Z Print service container logs: 30eeeb32a01c4152a85d10f61e245873_postgres16alpine_13fab3
Backend Tests	Stop containers	2026-10-07T05:44:33.5033527Z ##[command]/usr/bin/docker logs --details 01621a06ffdc24a1909743287b006e636287af847af694f8ba8ffaefe3d884da
Backend Tests	Stop containers	2026-10-07T05:44:33.5142834Z  The files belonging to this database system will be owned by user "postgres".
Backend Tests	Stop containers	2026-10-07T05:44:33.5143438Z  This user must also own the server process.
Backend Tests	Stop containers	2026-10-07T05:44:33.5144082Z  
Backend Tests	Stop containers	2026-10-07T05:44:33.5144425Z  The database cluster will be initialized with locale "en_US.utf8".
Backend Tests	Stop containers	2026-10-07T05:44:33.5145668Z  sh: locale: not found
Backend Tests	Stop containers	2026-10-07T05:44:33.5145955Z  2026-10-07 05:41:16.119 UTC [34] WARNING:  no usable system locales were found
Backend Tests	Stop containers	2026-10-07T05:44:33.5146324Z  initdb: warning: enabling "trust" authentication for local connections
Backend Tests	Stop containers	2026-10-07T05:44:33.5147037Z  initdb: hint: You can change this by editing pg_hba.conf or using the option -A, or --auth-local and --auth-host, the next time you run initdb.
Backend Tests	Stop containers	2026-10-07T05:44:33.5147690Z  2026-10-07 05:41:17.219 UTC [1] LOG:  starting PostgreSQL 16.15 on x86_64-pc-linux-musl, compiled by gcc (Alpine 15.2.0) 15.2.0, 64-bit
Backend Tests	Stop containers	2026-10-07T05:44:33.5148213Z  2026-10-07 05:41:17.219 UTC [1] LOG:  listening on IPv4 address "0.0.0.0", port 5432
Backend Tests	Stop containers	2026-10-07T05:44:33.5148561Z  2026-10-07 05:41:17.219 UTC [1] LOG:  listening on IPv6 address "::", port 5432
Backend Tests	Stop containers	2026-10-07T05:44:33.5149097Z  The default database encoding has accordingly been set to "UTF8".
Backend Tests	Stop containers	2026-10-07T05:44:33.5149636Z  The default text search configuration will be set to "english".
Backend Tests	Stop containers	2026-10-07T05:44:33.5150037Z  
Backend Tests	Stop containers	2026-10-07T05:44:33.5150275Z  Data page checksums are disabled.
Backend Tests	Stop containers	2026-10-07T05:44:33.5150575Z  
Backend Tests	Stop containers	2026-10-07T05:44:33.5150936Z  fixing permissions on existing directory /var/lib/postgresql/data ... ok
Backend Tests	Stop containers	2026-10-07T05:44:33.5151427Z  creating subdirectories ... ok
Backend Tests	Stop containers	2026-10-07T05:44:33.5151821Z  selecting dynamic shared memory implementation ... posix
Backend Tests	Stop containers	2026-10-07T05:44:33.5152267Z  selecting default max_connections ... 100
Backend Tests	Stop containers	2026-10-07T05:44:33.5152631Z  selecting default shared_buffers ... 128MB
Backend Tests	Stop containers	2026-10-07T05:44:33.5152989Z  selecting default time zone ... UTC
Backend Tests	Stop containers	2026-10-07T05:44:33.5153322Z  creating configuration files ... ok
Backend Tests	Stop containers	2026-10-07T05:44:33.5153647Z  running bootstrap script ... ok
Backend Tests	Stop containers	2026-10-07T05:44:33.5154004Z  performing post-bootstrap initialization ... ok
Backend Tests	Stop containers	2026-10-07T05:44:33.5154374Z  syncing data to disk ... ok
Backend Tests	Stop containers	2026-10-07T05:44:33.5154653Z  
Backend Tests	Stop containers	2026-10-07T05:44:33.5154854Z  
Backend Tests	Stop containers	2026-10-07T05:44:33.5155122Z  Success. You can now start the database server using:
Backend Tests	Stop containers	2026-10-07T05:44:33.5155475Z  
Backend Tests	Stop containers	2026-10-07T05:44:33.5155741Z      pg_ctl -D /var/lib/postgresql/data -l logfile start
Backend Tests	Stop containers	2026-10-07T05:44:33.5156109Z  
Backend Tests	Stop containers	2026-10-07T05:44:33.5156913Z  waiting for server to start....2026-10-07 05:41:16.850 UTC [40] LOG:  starting PostgreSQL 16.15 on x86_64-pc-linux-musl, compiled by gcc (Alpine 15.2.0) 15.2.0, 64-bit
Backend Tests	Stop containers	2026-10-07T05:44:33.5157950Z  2026-10-07 05:41:16.851 UTC [40] LOG:  listening on Unix socket "/var/run/postgresql/.s.PGSQL.5432"
Backend Tests	Stop containers	2026-10-07T05:44:33.5158666Z  2026-10-07 05:41:16.853 UTC [43] LOG:  database system was shut down at 2026-10-07 05:41:16 UTC
Backend Tests	Stop containers	2026-10-07T05:44:33.5159303Z  2026-10-07 05:41:16.856 UTC [40] LOG:  database system is ready to accept connections
Backend Tests	Stop containers	2026-10-07T05:44:33.5159918Z   done
Backend Tests	Stop containers	2026-10-07T05:44:33.5160138Z  server started
Backend Tests	Stop containers	2026-10-07T05:44:33.5160356Z  CREATE DATABASE
Backend Tests	Stop containers	2026-10-07T05:44:33.5160565Z  
Backend Tests	Stop containers	2026-10-07T05:44:33.5160752Z  
Backend Tests	Stop containers	2026-10-07T05:44:33.5161067Z  /usr/local/bin/docker-entrypoint.sh: ignoring /docker-entrypoint-initdb.d/*
Backend Tests	Stop containers	2026-10-07T05:44:33.5161387Z  
Backend Tests	Stop containers	2026-10-07T05:44:33.5161675Z  waiting for server to shut down....2026-10-07 05:41:17.001 UTC [40] LOG:  received fast shutdown request
Backend Tests	Stop containers	2026-10-07T05:44:33.5162080Z  2026-10-07 05:41:17.001 UTC [40] LOG:  aborting any active transactions
Backend Tests	Stop containers	2026-10-07T05:44:33.5162510Z  2026-10-07 05:41:17.003 UTC [40] LOG:  background worker "logical replication launcher" (PID 46) exited with exit code 1
Backend Tests	Stop containers	2026-10-07T05:44:33.5162906Z  2026-10-07 05:41:17.004 UTC [41] LOG:  shutting down
Backend Tests	Stop containers	2026-10-07T05:44:33.5163195Z  2026-10-07 05:41:17.004 UTC [41] LOG:  checkpoint starting: shutdown immediate
Backend Tests	Stop containers	2026-10-07T05:44:33.5164259Z  2026-10-07 05:41:17.121 UTC [41] LOG:  checkpoint complete: wrote 926 buffers (5.7%); 0 WAL file(s) added, 0 removed, 0 recycled; write=0.070 s, sync=0.010 s, total=0.118 s; sync files=301, longest=0.009 s, average=0.001 s; distance=4283 kB, estimate=4283 kB; lsn=0/1925D68, redo lsn=0/1925D68
Backend Tests	Stop containers	2026-10-07T05:44:33.5165183Z  2026-10-07 05:41:17.128 UTC [40] LOG:  database system is shut down
Backend Tests	Stop containers	2026-10-07T05:44:33.5165430Z   done
Backend Tests	Stop containers	2026-10-07T05:44:33.5165581Z  server stopped
Backend Tests	Stop containers	2026-10-07T05:44:33.5165737Z  
Backend Tests	Stop containers	2026-10-07T05:44:33.5165930Z  PostgreSQL init process complete; ready for start up.
Backend Tests	Stop containers	2026-10-07T05:44:33.5166166Z  
Backend Tests	Stop containers	2026-10-07T05:44:33.5166439Z  2026-10-07 05:41:17.220 UTC [1] LOG:  listening on Unix socket "/var/run/postgresql/.s.PGSQL.5432"
Backend Tests	Stop containers	2026-10-07T05:44:33.5167038Z  2026-10-07 05:41:17.222 UTC [56] LOG:  database system was shut down at 2026-10-07 05:41:17 UTC
Backend Tests	Stop containers	2026-10-07T05:44:33.5167439Z  2026-10-07 05:41:17.256 UTC [1] LOG:  database system is ready to accept connections
Backend Tests	Stop containers	2026-10-07T05:44:33.5171474Z Stop and remove container: 30eeeb32a01c4152a85d10f61e245873_postgres16alpine_13fab3
Backend Tests	Stop containers	2026-10-07T05:44:33.5175710Z ##[command]/usr/bin/docker rm --force 01621a06ffdc24a1909743287b006e636287af847af694f8ba8ffaefe3d884da
Backend Tests	Stop containers	2026-10-07T05:44:33.8302013Z 01621a06ffdc24a1909743287b006e636287af847af694f8ba8ffaefe3d884da
Backend Tests	Stop containers	2026-10-07T05:44:33.8331377Z Remove container network: github_network_06cd415778834cd5b3b8646f94702dfb
Backend Tests	Stop containers	2026-10-07T05:44:33.8335057Z ##[command]/usr/bin/docker network rm github_network_06cd415778834cd5b3b8646f94702dfb
Backend Tests	Stop containers	2026-10-07T05:44:34.0206273Z github_network_06cd415778834cd5b3b8646f94702dfb
Backend Tests	Complete job	﻿2026-10-07T05:44:34.0267529Z Cleaning up orphan processes
Backend Tests	Complete job	2026-10-07T05:44:34.0542359Z ##[warning]Node.js 20 is deprecated. The following actions target Node.js 20 but are being forced to run on Node.js 24: actions/checkout@v4, actions/setup-node@v4. For more information see: https://github.blog/changelog/2025-09-19-deprecation-of-node-20-on-github-actions-runners/
