Classify Database Inputs	Set up job	﻿2026-10-08T22:49:34.5332262Z Current runner version: '2.337.0'
Classify Database Inputs	Set up job	2026-10-08T22:49:34.5357420Z ##[group]Runner Image Provisioner
Classify Database Inputs	Set up job	2026-10-08T22:49:34.5358633Z Hosted Compute Agent
Classify Database Inputs	Set up job	2026-10-08T22:49:34.5359372Z Version: 20261002.596
Classify Database Inputs	Set up job	2026-10-08T22:49:34.5360038Z Commit: c3d12f3313a95f25162a1503be624f3b0617f8c0
Classify Database Inputs	Set up job	2026-10-08T22:49:34.5360799Z Build Date: 2026-10-02T22:28:27Z
Classify Database Inputs	Set up job	2026-10-08T22:49:34.5361514Z Worker ID: {44aa31f3-82b5-46a8-84fe-13058ad3c34c}
Classify Database Inputs	Set up job	2026-10-08T22:49:34.5362217Z Region: eastus2
Classify Database Inputs	Set up job	2026-10-08T22:49:34.5362808Z Cloud: Azure
Classify Database Inputs	Set up job	2026-10-08T22:49:34.5363403Z ##[endgroup]
Classify Database Inputs	Set up job	2026-10-08T22:49:34.5365039Z ##[group]Operating System
Classify Database Inputs	Set up job	2026-10-08T22:49:34.5365713Z Ubuntu
Classify Database Inputs	Set up job	2026-10-08T22:49:34.5366233Z 24.04.5
Classify Database Inputs	Set up job	2026-10-08T22:49:34.5366795Z LTS
Classify Database Inputs	Set up job	2026-10-08T22:49:34.5367516Z ##[endgroup]
Classify Database Inputs	Set up job	2026-10-08T22:49:34.5368624Z ##[group]Runner Image
Classify Database Inputs	Set up job	2026-10-08T22:49:34.5369683Z Image: ubuntu-24.04
Classify Database Inputs	Set up job	2026-10-08T22:49:34.5370560Z Version: 20261004.327.1
Classify Database Inputs	Set up job	2026-10-08T22:49:34.5372291Z Included Software: https://github.com/actions/runner-images/blob/ubuntu24/20261004.327/images/ubuntu/Ubuntu2404-Readme.md
Classify Database Inputs	Set up job	2026-10-08T22:49:34.5374144Z Image Release: https://github.com/actions/runner-images/releases/tag/ubuntu24%2F20261004.327
Classify Database Inputs	Set up job	2026-10-08T22:49:34.5375253Z ##[endgroup]
Classify Database Inputs	Set up job	2026-10-08T22:49:34.5376461Z ##[group]GITHUB_TOKEN Permissions
Classify Database Inputs	Set up job	2026-10-08T22:49:34.5379486Z Contents: read
Classify Database Inputs	Set up job	2026-10-08T22:49:34.5380211Z Metadata: read
Classify Database Inputs	Set up job	2026-10-08T22:49:34.5380923Z PullRequests: read
Classify Database Inputs	Set up job	2026-10-08T22:49:34.5381497Z ##[endgroup]
Classify Database Inputs	Set up job	2026-10-08T22:49:34.5383536Z Secret source: Actions
Classify Database Inputs	Set up job	2026-10-08T22:49:34.5384603Z Cache mode: write
Classify Database Inputs	Set up job	2026-10-08T22:49:34.5385596Z Prepare workflow directory
Classify Database Inputs	Set up job	2026-10-08T22:49:34.5716486Z Prepare all required actions
Classify Database Inputs	Set up job	2026-10-08T22:49:34.5765215Z Getting action download info
Classify Database Inputs	Set up job	2026-10-08T22:49:34.7913800Z Download action repository 'dorny/paths-filter@v3' (SHA:0e4a8c6effa4802afeda77dc8d303f8176d7dfad)
Classify Database Inputs	Set up job	2026-10-08T22:49:35.1193399Z Complete job name: Classify Database Inputs
Classify Database Inputs	Detect affected database surfaces	﻿2026-10-08T22:49:35.1970728Z ##[group]Run dorny/paths-filter@v3
Classify Database Inputs	Detect affected database surfaces	2026-10-08T22:49:35.1971692Z with:
Classify Database Inputs	Detect affected database surfaces	2026-10-08T22:49:35.1975731Z   filters: database:
Classify Database Inputs	Detect affected database surfaces	  - '.github/workflows/database-upgrade.yml'
Classify Database Inputs	Detect affected database surfaces	  - 'backend/package.json'
Classify Database Inputs	Detect affected database surfaces	  - 'backend/package-lock.json'
Classify Database Inputs	Detect affected database surfaces	  - 'backend/prisma.config.ts'
Classify Database Inputs	Detect affected database surfaces	  - 'backend/prisma/**'
Classify Database Inputs	Detect affected database surfaces	  - 'backend/src/config/database.ts'
Classify Database Inputs	Detect affected database surfaces	  - 'backend/src/config/databaseUtils.ts'
Classify Database Inputs	Detect affected database surfaces	  - 'backend/src/observability.ts'
Classify Database Inputs	Detect affected database surfaces	  - 'backend/src/services/materializedWeightTrend.ts'
Classify Database Inputs	Detect affected database surfaces	  - 'backend/src/services/weightTrend*.ts'
Classify Database Inputs	Detect affected database surfaces	  - 'backend/src/utils/date.ts'
Classify Database Inputs	Detect affected database surfaces	  - 'backend/tsconfig.json'
Classify Database Inputs	Detect affected database surfaces	  - 'deploy/backup/**'
Classify Database Inputs	Detect affected database surfaces	  - 'scripts/postgres-*.mjs'
Classify Database Inputs	Detect affected database surfaces	  - 'shared/weightTrend*.ts'
Classify Database Inputs	Detect affected database surfaces	migrations:
Classify Database Inputs	Detect affected database surfaces	  - '.github/workflows/database-upgrade.yml'
Classify Database Inputs	Detect affected database surfaces	  - 'backend/prisma/migrations/**'
Classify Database Inputs	Detect affected database surfaces	  - 'scripts/postgres-rollback-smoke.mjs'
Classify Database Inputs	Detect affected database surfaces	  - 'scripts/postgres-rollback-smoke.test.mjs'
Classify Database Inputs	Detect affected database surfaces	
Classify Database Inputs	Detect affected database surfaces	2026-10-08T22:49:35.1983605Z   token: ***
Classify Database Inputs	Detect affected database surfaces	2026-10-08T22:49:35.1984045Z   list-files: none
Classify Database Inputs	Detect affected database surfaces	2026-10-08T22:49:35.1984501Z   initial-fetch-depth: 100
Classify Database Inputs	Detect affected database surfaces	2026-10-08T22:49:35.1985014Z   predicate-quantifier: some
Classify Database Inputs	Detect affected database surfaces	2026-10-08T22:49:35.1986028Z ##[endgroup]
Classify Database Inputs	Detect affected database surfaces	2026-10-08T22:49:35.2900916Z ##[group]Fetching list of changed files for PR#453 from Github API
Classify Database Inputs	Detect affected database surfaces	2026-10-08T22:49:35.2902004Z Invoking listFiles(pull_number: 453, per_page: 100)
Classify Database Inputs	Detect affected database surfaces	2026-10-08T22:49:35.6616681Z Received 23 items
Classify Database Inputs	Detect affected database surfaces	2026-10-08T22:49:35.6618429Z [added] backend/prisma/migrations/0046_dormant_account_deletion/migration.sql
Classify Database Inputs	Detect affected database surfaces	2026-10-08T22:49:35.6619976Z [added] backend/prisma/rollback/0046_dormant_account_deletion.sql
Classify Database Inputs	Detect affected database surfaces	2026-10-08T22:49:35.6621024Z [added] backend/prisma/rollback/account-deletion-contract.md
Classify Database Inputs	Detect affected database surfaces	2026-10-08T22:49:35.6621910Z [modified] backend/prisma/schema.prisma
Classify Database Inputs	Detect affected database surfaces	2026-10-08T22:49:35.6622620Z [modified] backend/src/index.ts
Classify Database Inputs	Detect affected database surfaces	2026-10-08T22:49:35.6623274Z [modified] backend/src/routes/auth.ts
Classify Database Inputs	Detect affected database surfaces	2026-10-08T22:49:35.6624028Z [modified] backend/src/services/accountAccess.ts
Classify Database Inputs	Detect affected database surfaces	2026-10-08T22:49:35.6624937Z [added] backend/src/services/accountDeletion.ts
Classify Database Inputs	Detect affected database surfaces	2026-10-08T22:49:35.6625756Z [modified] backend/src/services/accountTokens.ts
Classify Database Inputs	Detect affected database surfaces	2026-10-08T22:49:35.6626561Z [modified] backend/src/services/mcpOAuth.ts
Classify Database Inputs	Detect affected database surfaces	2026-10-08T22:49:35.6627316Z [modified] backend/src/services/mobileAuth.ts
Classify Database Inputs	Detect affected database surfaces	2026-10-08T22:49:35.6629129Z [modified] backend/src/utils/accountAccessSerialization.ts
Classify Database Inputs	Detect affected database surfaces	2026-10-08T22:49:35.6630328Z [modified] backend/src/utils/postgresSessionStore.ts
Classify Database Inputs	Detect affected database surfaces	2026-10-08T22:49:35.6631248Z [modified] backend/test/account-access.test.js
Classify Database Inputs	Detect affected database surfaces	2026-10-08T22:49:35.6632024Z [added] backend/test/account-deletion-postgres.test.js
Classify Database Inputs	Detect affected database surfaces	2026-10-08T22:49:35.6632747Z [added] backend/test/account-deletion.test.js
Classify Database Inputs	Detect affected database surfaces	2026-10-08T22:49:35.6633454Z [modified] backend/test/food-tracking.test.js
Classify Database Inputs	Detect affected database surfaces	2026-10-08T22:49:35.6634116Z [modified] backend/test/mcp-oauth.test.js
Classify Database Inputs	Detect affected database surfaces	2026-10-08T22:49:35.6634800Z [modified] backend/test/mobile-auth.test.js
Classify Database Inputs	Detect affected database surfaces	2026-10-08T22:49:35.6659704Z [modified] backend/test/routes-auth-mobile.test.js
Classify Database Inputs	Detect affected database surfaces	2026-10-08T22:49:35.6683322Z [modified] knip.json
Classify Database Inputs	Detect affected database surfaces	2026-10-08T22:49:35.6684267Z [modified] scripts/postgres-rollback-smoke.mjs
Classify Database Inputs	Detect affected database surfaces	2026-10-08T22:49:35.6685325Z [modified] scripts/postgres-rollback-smoke.test.mjs
Classify Database Inputs	Detect affected database surfaces	2026-10-08T22:49:35.6688264Z ##[endgroup]
Classify Database Inputs	Detect affected database surfaces	2026-10-08T22:49:35.6688858Z Detected 23 changed files
Classify Database Inputs	Detect affected database surfaces	2026-10-08T22:49:35.6689463Z Results:
Classify Database Inputs	Detect affected database surfaces	2026-10-08T22:49:35.6690354Z ##[group]Filter database = true
Classify Database Inputs	Detect affected database surfaces	2026-10-08T22:49:35.6690907Z Matching files:
Classify Database Inputs	Detect affected database surfaces	2026-10-08T22:49:35.6691689Z backend/prisma/migrations/0046_dormant_account_deletion/migration.sql [added]
Classify Database Inputs	Detect affected database surfaces	2026-10-08T22:49:35.6692717Z backend/prisma/rollback/0046_dormant_account_deletion.sql [added]
Classify Database Inputs	Detect affected database surfaces	2026-10-08T22:49:35.6693627Z backend/prisma/rollback/account-deletion-contract.md [added]
Classify Database Inputs	Detect affected database surfaces	2026-10-08T22:49:35.6694382Z backend/prisma/schema.prisma [modified]
Classify Database Inputs	Detect affected database surfaces	2026-10-08T22:49:35.6695203Z scripts/postgres-rollback-smoke.mjs [modified]
Classify Database Inputs	Detect affected database surfaces	2026-10-08T22:49:35.6695956Z scripts/postgres-rollback-smoke.test.mjs [modified]
Classify Database Inputs	Detect affected database surfaces	2026-10-08T22:49:35.6696939Z ##[endgroup]
Classify Database Inputs	Detect affected database surfaces	2026-10-08T22:49:35.6697720Z ##[group]Filter migrations = true
Classify Database Inputs	Detect affected database surfaces	2026-10-08T22:49:35.6698608Z Matching files:
Classify Database Inputs	Detect affected database surfaces	2026-10-08T22:49:35.6699349Z backend/prisma/migrations/0046_dormant_account_deletion/migration.sql [added]
Classify Database Inputs	Detect affected database surfaces	2026-10-08T22:49:35.6700571Z scripts/postgres-rollback-smoke.mjs [modified]
Classify Database Inputs	Detect affected database surfaces	2026-10-08T22:49:35.6701302Z scripts/postgres-rollback-smoke.test.mjs [modified]
Classify Database Inputs	Detect affected database surfaces	2026-10-08T22:49:35.6702298Z ##[endgroup]
Classify Database Inputs	Detect affected database surfaces	2026-10-08T22:49:35.6702826Z Changes output set to ["database","migrations"]
Classify Database Inputs	Select database execution	﻿2026-10-08T22:49:35.7005982Z ##[group]Run echo "database=${DATABASE_CHANGED}" >> "${GITHUB_OUTPUT}"
Classify Database Inputs	Select database execution	2026-10-08T22:49:35.7007080Z ^[[36;1mecho "database=${DATABASE_CHANGED}" >> "${GITHUB_OUTPUT}"^[[0m
Classify Database Inputs	Select database execution	2026-10-08T22:49:35.7008352Z ^[[36;1mecho "migrations=${MIGRATIONS_CHANGED}" >> "${GITHUB_OUTPUT}"^[[0m
Classify Database Inputs	Select database execution	2026-10-08T22:49:35.7255491Z shell: /usr/bin/bash --noprofile --norc -e -o pipefail {0}
Classify Database Inputs	Select database execution	2026-10-08T22:49:35.7256308Z env:
Classify Database Inputs	Select database execution	2026-10-08T22:49:35.7256781Z   DATABASE_CHANGED: true
Classify Database Inputs	Select database execution	2026-10-08T22:49:35.7257352Z   MIGRATIONS_CHANGED: true
Classify Database Inputs	Select database execution	2026-10-08T22:49:35.7257915Z ##[endgroup]
Classify Database Inputs	Complete job	﻿2026-10-08T22:49:35.7455623Z Evaluate and set job outputs
Classify Database Inputs	Complete job	2026-10-08T22:49:35.7462046Z Set output 'database'
Classify Database Inputs	Complete job	2026-10-08T22:49:35.7464063Z Set output 'migrations'
Classify Database Inputs	Complete job	2026-10-08T22:49:35.7465682Z Cleaning up orphan processes
Classify Database Inputs	Complete job	2026-10-08T22:49:35.7814542Z ##[warning]Node.js 20 is deprecated. The following actions target Node.js 20 but are being forced to run on Node.js 24: dorny/paths-filter@v3. For more information see: https://github.blog/changelog/2025-09-19-deprecation-of-node-20-on-github-actions-runners/
Populated Postgres Upgrade	Set up job	﻿2026-10-08T22:49:40.5866808Z Current runner version: '2.337.0'
Populated Postgres Upgrade	Set up job	2026-10-08T22:49:40.5884425Z ##[group]Runner Image Provisioner
Populated Postgres Upgrade	Set up job	2026-10-08T22:49:40.5885302Z Hosted Compute Agent
Populated Postgres Upgrade	Set up job	2026-10-08T22:49:40.5885729Z Version: 20261002.596
Populated Postgres Upgrade	Set up job	2026-10-08T22:49:40.5886181Z Commit: c3d12f3313a95f25162a1503be624f3b0617f8c0
Populated Postgres Upgrade	Set up job	2026-10-08T22:49:40.5886604Z Build Date: 2026-10-02T22:28:27Z
Populated Postgres Upgrade	Set up job	2026-10-08T22:49:40.5887061Z Worker ID: {1f0b9b4c-32d4-4e14-8f1e-d01d34a5abd2}
Populated Postgres Upgrade	Set up job	2026-10-08T22:49:40.5887484Z Region: westus2
Populated Postgres Upgrade	Set up job	2026-10-08T22:49:40.5887847Z Cloud: Azure
Populated Postgres Upgrade	Set up job	2026-10-08T22:49:40.5888187Z ##[endgroup]
Populated Postgres Upgrade	Set up job	2026-10-08T22:49:40.5889015Z ##[group]Operating System
Populated Postgres Upgrade	Set up job	2026-10-08T22:49:40.5889422Z Ubuntu
Populated Postgres Upgrade	Set up job	2026-10-08T22:49:40.5889742Z 24.04.5
Populated Postgres Upgrade	Set up job	2026-10-08T22:49:40.5890044Z LTS
Populated Postgres Upgrade	Set up job	2026-10-08T22:49:40.5890467Z ##[endgroup]
Populated Postgres Upgrade	Set up job	2026-10-08T22:49:40.5890799Z ##[group]Runner Image
Populated Postgres Upgrade	Set up job	2026-10-08T22:49:40.5891311Z Image: ubuntu-24.04
Populated Postgres Upgrade	Set up job	2026-10-08T22:49:40.5891659Z Version: 20261004.327.1
Populated Postgres Upgrade	Set up job	2026-10-08T22:49:40.5892278Z Included Software: https://github.com/actions/runner-images/blob/ubuntu24/20261004.327/images/ubuntu/Ubuntu2404-Readme.md
Populated Postgres Upgrade	Set up job	2026-10-08T22:49:40.5893392Z Image Release: https://github.com/actions/runner-images/releases/tag/ubuntu24%2F20261004.327
Populated Postgres Upgrade	Set up job	2026-10-08T22:49:40.5893994Z ##[endgroup]
Populated Postgres Upgrade	Set up job	2026-10-08T22:49:40.5894643Z ##[group]GITHUB_TOKEN Permissions
Populated Postgres Upgrade	Set up job	2026-10-08T22:49:40.5895889Z Contents: read
Populated Postgres Upgrade	Set up job	2026-10-08T22:49:40.5896271Z Metadata: read
Populated Postgres Upgrade	Set up job	2026-10-08T22:49:40.5896601Z ##[endgroup]
Populated Postgres Upgrade	Set up job	2026-10-08T22:49:40.5898228Z Secret source: Actions
Populated Postgres Upgrade	Set up job	2026-10-08T22:49:40.5898785Z Cache mode: write
Populated Postgres Upgrade	Set up job	2026-10-08T22:49:40.5899299Z Prepare workflow directory
Populated Postgres Upgrade	Set up job	2026-10-08T22:49:40.6168286Z Prepare all required actions
Populated Postgres Upgrade	Set up job	2026-10-08T22:49:40.6199457Z Getting action download info
Populated Postgres Upgrade	Set up job	2026-10-08T22:49:40.9569044Z Download action repository 'actions/checkout@v4' (SHA:11d5960a326750d5838078e36cf38b85af677262)
Populated Postgres Upgrade	Set up job	2026-10-08T22:49:41.0386141Z Download action repository 'actions/setup-node@v4' (SHA:49933ea5288caeca8642d1e84afbd3f7d6820020)
Populated Postgres Upgrade	Set up job	2026-10-08T22:49:41.2235498Z Complete job name: Populated Postgres Upgrade
Populated Postgres Upgrade	Initialize containers	﻿2026-10-08T22:49:41.2562068Z ##[group]Checking docker version
Populated Postgres Upgrade	Initialize containers	2026-10-08T22:49:41.2570443Z ##[command]/usr/bin/docker version --format '{{.Server.APIVersion}}'
Populated Postgres Upgrade	Initialize containers	2026-10-08T22:49:41.3378226Z '1.48'
Populated Postgres Upgrade	Initialize containers	2026-10-08T22:49:41.3391581Z Docker daemon API version: '1.48'
Populated Postgres Upgrade	Initialize containers	2026-10-08T22:49:41.3392047Z ##[command]/usr/bin/docker version --format '{{.Client.APIVersion}}'
Populated Postgres Upgrade	Initialize containers	2026-10-08T22:49:41.3522259Z '1.48'
Populated Postgres Upgrade	Initialize containers	2026-10-08T22:49:41.3533529Z Docker client API version: '1.48'
Populated Postgres Upgrade	Initialize containers	2026-10-08T22:49:41.3537683Z ##[endgroup]
Populated Postgres Upgrade	Initialize containers	2026-10-08T22:49:41.3539540Z ##[group]Clean up resources from previous jobs
Populated Postgres Upgrade	Initialize containers	2026-10-08T22:49:41.3543758Z ##[command]/usr/bin/docker ps --all --quiet --no-trunc --filter "label=af3334"
Populated Postgres Upgrade	Initialize containers	2026-10-08T22:49:41.3647913Z ##[command]/usr/bin/docker network prune --force --filter "label=af3334"
Populated Postgres Upgrade	Initialize containers	2026-10-08T22:49:41.3741823Z ##[endgroup]
Populated Postgres Upgrade	Initialize containers	2026-10-08T22:49:41.3742128Z ##[group]Create local container network
Populated Postgres Upgrade	Initialize containers	2026-10-08T22:49:41.3748309Z ##[command]/usr/bin/docker network create --label af3334 github_network_15dd549ef29c4653a66e488b2f008178
Populated Postgres Upgrade	Initialize containers	2026-10-08T22:49:41.4134746Z f6df4774cca26dd6acd5eb5c61b4def3078ef9f465eddb13224c6210dba2b70a
Populated Postgres Upgrade	Initialize containers	2026-10-08T22:49:41.4152455Z ##[endgroup]
Populated Postgres Upgrade	Initialize containers	2026-10-08T22:49:41.4170147Z ##[group]Starting postgres service container
Populated Postgres Upgrade	Initialize containers	2026-10-08T22:49:41.4185019Z ##[command]/usr/bin/docker pull postgres:15-alpine
Populated Postgres Upgrade	Initialize containers	2026-10-08T22:49:42.3253911Z 15-alpine: Pulling from library/postgres
Populated Postgres Upgrade	Initialize containers	2026-10-08T22:49:42.5885112Z e2de96513ba9: Already exists
Populated Postgres Upgrade	Initialize containers	2026-10-08T22:49:42.5907362Z 2c2e40dd947e: Pulling fs layer
Populated Postgres Upgrade	Initialize containers	2026-10-08T22:49:42.5907915Z 2e9987a42d41: Pulling fs layer
Populated Postgres Upgrade	Initialize containers	2026-10-08T22:49:42.5908169Z 3f49193fd82d: Pulling fs layer
Populated Postgres Upgrade	Initialize containers	2026-10-08T22:49:42.5908449Z bc2205dd5a3a: Pulling fs layer
Populated Postgres Upgrade	Initialize containers	2026-10-08T22:49:42.5908732Z e9516be90840: Pulling fs layer
Populated Postgres Upgrade	Initialize containers	2026-10-08T22:49:42.5908906Z 4f83103187f5: Pulling fs layer
Populated Postgres Upgrade	Initialize containers	2026-10-08T22:49:42.5909088Z c020dab2e853: Pulling fs layer
Populated Postgres Upgrade	Initialize containers	2026-10-08T22:49:42.5909248Z 0976f43b012c: Pulling fs layer
Populated Postgres Upgrade	Initialize containers	2026-10-08T22:49:42.5909416Z 6ba2251a51ae: Pulling fs layer
Populated Postgres Upgrade	Initialize containers	2026-10-08T22:49:42.5909692Z 277e2289225f: Pulling fs layer
Populated Postgres Upgrade	Initialize containers	2026-10-08T22:49:42.5909991Z bc2205dd5a3a: Waiting
Populated Postgres Upgrade	Initialize containers	2026-10-08T22:49:42.5910614Z e9516be90840: Waiting
Populated Postgres Upgrade	Initialize containers	2026-10-08T22:49:42.5910840Z 4f83103187f5: Waiting
Populated Postgres Upgrade	Initialize containers	2026-10-08T22:49:42.5911545Z c020dab2e853: Waiting
Populated Postgres Upgrade	Initialize containers	2026-10-08T22:49:42.5911780Z 0976f43b012c: Waiting
Populated Postgres Upgrade	Initialize containers	2026-10-08T22:49:42.5912044Z 6ba2251a51ae: Waiting
Populated Postgres Upgrade	Initialize containers	2026-10-08T22:49:42.5912268Z 277e2289225f: Waiting
Populated Postgres Upgrade	Initialize containers	2026-10-08T22:49:42.8742535Z 2c2e40dd947e: Verifying Checksum
Populated Postgres Upgrade	Initialize containers	2026-10-08T22:49:42.8743721Z 2c2e40dd947e: Download complete
Populated Postgres Upgrade	Initialize containers	2026-10-08T22:49:42.8765451Z 3f49193fd82d: Verifying Checksum
Populated Postgres Upgrade	Initialize containers	2026-10-08T22:49:42.8765791Z 3f49193fd82d: Download complete
Populated Postgres Upgrade	Initialize containers	2026-10-08T22:49:42.9230515Z 2c2e40dd947e: Pull complete
Populated Postgres Upgrade	Initialize containers	2026-10-08T22:49:42.9375869Z 2e9987a42d41: Verifying Checksum
Populated Postgres Upgrade	Initialize containers	2026-10-08T22:49:42.9684790Z 2e9987a42d41: Pull complete
Populated Postgres Upgrade	Initialize containers	2026-10-08T22:49:42.9777913Z 3f49193fd82d: Pull complete
Populated Postgres Upgrade	Initialize containers	2026-10-08T22:49:43.1082417Z bc2205dd5a3a: Verifying Checksum
Populated Postgres Upgrade	Initialize containers	2026-10-08T22:49:43.1084484Z bc2205dd5a3a: Download complete
Populated Postgres Upgrade	Initialize containers	2026-10-08T22:49:43.1198581Z bc2205dd5a3a: Pull complete
Populated Postgres Upgrade	Initialize containers	2026-10-08T22:49:43.1604014Z 4f83103187f5: Download complete
Populated Postgres Upgrade	Initialize containers	2026-10-08T22:49:43.3303538Z c020dab2e853: Verifying Checksum
Populated Postgres Upgrade	Initialize containers	2026-10-08T22:49:43.3304753Z c020dab2e853: Download complete
Populated Postgres Upgrade	Initialize containers	2026-10-08T22:49:43.3886257Z 0976f43b012c: Verifying Checksum
Populated Postgres Upgrade	Initialize containers	2026-10-08T22:49:43.3886797Z 0976f43b012c: Download complete
Populated Postgres Upgrade	Initialize containers	2026-10-08T22:49:43.4440116Z e9516be90840: Download complete
Populated Postgres Upgrade	Initialize containers	2026-10-08T22:49:43.5627050Z 6ba2251a51ae: Verifying Checksum
Populated Postgres Upgrade	Initialize containers	2026-10-08T22:49:43.5627951Z 6ba2251a51ae: Download complete
Populated Postgres Upgrade	Initialize containers	2026-10-08T22:49:43.6335209Z 277e2289225f: Verifying Checksum
Populated Postgres Upgrade	Initialize containers	2026-10-08T22:49:43.6336812Z 277e2289225f: Download complete
Populated Postgres Upgrade	Initialize containers	2026-10-08T22:49:46.3616374Z e9516be90840: Pull complete
Populated Postgres Upgrade	Initialize containers	2026-10-08T22:49:46.3727436Z 4f83103187f5: Pull complete
Populated Postgres Upgrade	Initialize containers	2026-10-08T22:49:46.3806124Z c020dab2e853: Pull complete
Populated Postgres Upgrade	Initialize containers	2026-10-08T22:49:46.4022868Z 0976f43b012c: Pull complete
Populated Postgres Upgrade	Initialize containers	2026-10-08T22:49:46.4107047Z 6ba2251a51ae: Pull complete
Populated Postgres Upgrade	Initialize containers	2026-10-08T22:49:46.4175046Z 277e2289225f: Pull complete
Populated Postgres Upgrade	Initialize containers	2026-10-08T22:49:46.4206807Z Digest: sha256:f7d23353e1b15400d22ebe31189f4d314b87a4c129cc400c8c2d8d4ca127bf81
Populated Postgres Upgrade	Initialize containers	2026-10-08T22:49:46.4220876Z Status: Downloaded newer image for postgres:15-alpine
Populated Postgres Upgrade	Initialize containers	2026-10-08T22:49:46.4226319Z docker.io/library/postgres:15-alpine
Populated Postgres Upgrade	Initialize containers	2026-10-08T22:49:46.4276418Z ##[command]/usr/bin/docker create --name 27e6d73d36f44beca576f8377a17bb62_postgres15alpine_63904a --label af3334 --network github_network_15dd549ef29c4653a66e488b2f008178 --network-alias postgres -p 5432:5432 --health-cmd "pg_isready -U calibrate -d calibrate" --health-interval 2s --health-timeout 5s --health-retries 10 -e "POSTGRES_USER=calibrate" -e "POSTGRES_PASSWORD=calibrate" -e "POSTGRES_DB=calibrate" -e GITHUB_ACTIONS=true -e CI=true postgres:15-alpine
Populated Postgres Upgrade	Initialize containers	2026-10-08T22:49:46.4476084Z 5bee715791d3e58d4ad19c17042c6a3d2248438756eda1b95f93f017466ee085
Populated Postgres Upgrade	Initialize containers	2026-10-08T22:49:46.4492884Z ##[command]/usr/bin/docker start 5bee715791d3e58d4ad19c17042c6a3d2248438756eda1b95f93f017466ee085
Populated Postgres Upgrade	Initialize containers	2026-10-08T22:49:46.6313879Z 5bee715791d3e58d4ad19c17042c6a3d2248438756eda1b95f93f017466ee085
Populated Postgres Upgrade	Initialize containers	2026-10-08T22:49:46.6330603Z ##[command]/usr/bin/docker ps --all --filter id=5bee715791d3e58d4ad19c17042c6a3d2248438756eda1b95f93f017466ee085 --filter status=running --no-trunc --format "{{.ID}} {{.Status}}"
Populated Postgres Upgrade	Initialize containers	2026-10-08T22:49:46.6434471Z 5bee715791d3e58d4ad19c17042c6a3d2248438756eda1b95f93f017466ee085 Up Less than a second (health: starting)
Populated Postgres Upgrade	Initialize containers	2026-10-08T22:49:46.6454222Z ##[command]/usr/bin/docker port 5bee715791d3e58d4ad19c17042c6a3d2248438756eda1b95f93f017466ee085
Populated Postgres Upgrade	Initialize containers	2026-10-08T22:49:46.6555336Z 5432/tcp -> 0.0.0.0:5432
Populated Postgres Upgrade	Initialize containers	2026-10-08T22:49:46.6555794Z 5432/tcp -> [::]:5432
Populated Postgres Upgrade	Initialize containers	2026-10-08T22:49:46.6590288Z ##[endgroup]
Populated Postgres Upgrade	Initialize containers	2026-10-08T22:49:46.6596531Z ##[group]Waiting for all services to be ready
Populated Postgres Upgrade	Initialize containers	2026-10-08T22:49:46.6607478Z ##[command]/usr/bin/docker inspect --format="{{if .Config.Healthcheck}}{{print .State.Health.Status}}{{end}}" 5bee715791d3e58d4ad19c17042c6a3d2248438756eda1b95f93f017466ee085
Populated Postgres Upgrade	Initialize containers	2026-10-08T22:49:46.6710108Z starting
Populated Postgres Upgrade	Initialize containers	2026-10-08T22:49:46.6728874Z postgres service is starting, waiting 2 seconds before checking again.
Populated Postgres Upgrade	Initialize containers	2026-10-08T22:49:48.6724637Z ##[command]/usr/bin/docker inspect --format="{{if .Config.Healthcheck}}{{print .State.Health.Status}}{{end}}" 5bee715791d3e58d4ad19c17042c6a3d2248438756eda1b95f93f017466ee085
Populated Postgres Upgrade	Initialize containers	2026-10-08T22:49:48.6813313Z healthy
Populated Postgres Upgrade	Initialize containers	2026-10-08T22:49:48.6827305Z postgres service is healthy.
Populated Postgres Upgrade	Initialize containers	2026-10-08T22:49:48.6827577Z ##[endgroup]
Populated Postgres Upgrade	Checkout	﻿2026-10-08T22:49:48.7070052Z ##[group]Run actions/checkout@v4
Populated Postgres Upgrade	Checkout	2026-10-08T22:49:48.7070314Z with:
Populated Postgres Upgrade	Checkout	2026-10-08T22:49:48.7070457Z   ref: d4b6d9f8f96226cbe9fdc4530ab0e0c329d7b661
Populated Postgres Upgrade	Checkout	2026-10-08T22:49:48.7070645Z   repository: MChartier/calibrate-health
Populated Postgres Upgrade	Checkout	2026-10-08T22:49:48.7072436Z   token: ***
Populated Postgres Upgrade	Checkout	2026-10-08T22:49:48.7072554Z   ssh-strict: true
Populated Postgres Upgrade	Checkout	2026-10-08T22:49:48.7072668Z   ssh-user: git
Populated Postgres Upgrade	Checkout	2026-10-08T22:49:48.7072789Z   persist-credentials: true
Populated Postgres Upgrade	Checkout	2026-10-08T22:49:48.7072925Z   clean: true
Populated Postgres Upgrade	Checkout	2026-10-08T22:49:48.7073049Z   sparse-checkout-cone-mode: true
Populated Postgres Upgrade	Checkout	2026-10-08T22:49:48.7073194Z   fetch-depth: 1
Populated Postgres Upgrade	Checkout	2026-10-08T22:49:48.7073306Z   fetch-tags: false
Populated Postgres Upgrade	Checkout	2026-10-08T22:49:48.7073422Z   show-progress: true
Populated Postgres Upgrade	Checkout	2026-10-08T22:49:48.7073539Z   lfs: false
Populated Postgres Upgrade	Checkout	2026-10-08T22:49:48.7073654Z   submodules: false
Populated Postgres Upgrade	Checkout	2026-10-08T22:49:48.7073775Z   set-safe-directory: true
Populated Postgres Upgrade	Checkout	2026-10-08T22:49:48.7073916Z   allow-unsafe-pr-checkout: false
Populated Postgres Upgrade	Checkout	2026-10-08T22:49:48.7074140Z env:
Populated Postgres Upgrade	Checkout	2026-10-08T22:49:48.7074429Z   DATABASE_URL: ***localhost:5432/calibrate?schema=public
Populated Postgres Upgrade	Checkout	2026-10-08T22:49:48.7074605Z ##[endgroup]
Populated Postgres Upgrade	Checkout	2026-10-08T22:49:48.7776044Z Syncing repository: MChartier/calibrate-health
Populated Postgres Upgrade	Checkout	2026-10-08T22:49:48.7777032Z ##[group]Getting Git version info
Populated Postgres Upgrade	Checkout	2026-10-08T22:49:48.7777381Z Working directory is '/home/runner/work/calibrate-health/calibrate-health'
Populated Postgres Upgrade	Checkout	2026-10-08T22:49:48.7777934Z [command]/usr/bin/git version
Populated Postgres Upgrade	Checkout	2026-10-08T22:49:48.7850645Z git version 2.55.0
Populated Postgres Upgrade	Checkout	2026-10-08T22:49:48.7865965Z ##[endgroup]
Populated Postgres Upgrade	Checkout	2026-10-08T22:49:48.7878210Z Temporarily overriding HOME='/home/runner/work/_temp/62358caa-048a-4a53-bd55-9bc2e7028056' before making global git config changes
Populated Postgres Upgrade	Checkout	2026-10-08T22:49:48.7878800Z Adding repository directory to the temporary git global config as a safe directory
Populated Postgres Upgrade	Checkout	2026-10-08T22:49:48.7882788Z [command]/usr/bin/git config --global --add safe.directory /home/runner/work/calibrate-health/calibrate-health
Populated Postgres Upgrade	Checkout	2026-10-08T22:49:48.7930644Z Deleting the contents of '/home/runner/work/calibrate-health/calibrate-health'
Populated Postgres Upgrade	Checkout	2026-10-08T22:49:48.7934316Z ##[group]Initializing the repository
Populated Postgres Upgrade	Checkout	2026-10-08T22:49:48.7937918Z [command]/usr/bin/git init /home/runner/work/calibrate-health/calibrate-health
Populated Postgres Upgrade	Checkout	2026-10-08T22:49:48.8045629Z hint: Using 'master' as the name for the initial branch. This default branch name
Populated Postgres Upgrade	Checkout	2026-10-08T22:49:48.8046178Z hint: will change to "main" in Git 3.0. To configure the initial branch name
Populated Postgres Upgrade	Checkout	2026-10-08T22:49:48.8046485Z hint: to use in all of your new repositories, which will suppress this warning,
Populated Postgres Upgrade	Checkout	2026-10-08T22:49:48.8046695Z hint: call:
Populated Postgres Upgrade	Checkout	2026-10-08T22:49:48.8046812Z hint:
Populated Postgres Upgrade	Checkout	2026-10-08T22:49:48.8047042Z hint: 	git config --global init.defaultBranch <name>
Populated Postgres Upgrade	Checkout	2026-10-08T22:49:48.8047226Z hint:
Populated Postgres Upgrade	Checkout	2026-10-08T22:49:48.8047393Z hint: Names commonly chosen instead of 'master' are 'main', 'trunk' and
Populated Postgres Upgrade	Checkout	2026-10-08T22:49:48.8047671Z hint: 'development'. The just-created branch can be renamed via this command:
Populated Postgres Upgrade	Checkout	2026-10-08T22:49:48.8047901Z hint:
Populated Postgres Upgrade	Checkout	2026-10-08T22:49:48.8048019Z hint: 	git branch -m <name>
Populated Postgres Upgrade	Checkout	2026-10-08T22:49:48.8048148Z hint:
Populated Postgres Upgrade	Checkout	2026-10-08T22:49:48.8048333Z hint: Disable this message with "git config set advice.defaultBranchName false"
Populated Postgres Upgrade	Checkout	2026-10-08T22:49:48.8054666Z Initialized empty Git repository in /home/runner/work/calibrate-health/calibrate-health/.git/
Populated Postgres Upgrade	Checkout	2026-10-08T22:49:48.8068469Z [command]/usr/bin/git remote add origin https://github.com/MChartier/calibrate-health
Populated Postgres Upgrade	Checkout	2026-10-08T22:49:48.8110422Z ##[endgroup]
Populated Postgres Upgrade	Checkout	2026-10-08T22:49:48.8110815Z ##[group]Disabling automatic garbage collection
Populated Postgres Upgrade	Checkout	2026-10-08T22:49:48.8113826Z [command]/usr/bin/git config --local gc.auto 0
Populated Postgres Upgrade	Checkout	2026-10-08T22:49:48.8143552Z ##[endgroup]
Populated Postgres Upgrade	Checkout	2026-10-08T22:49:48.8143925Z ##[group]Setting up auth
Populated Postgres Upgrade	Checkout	2026-10-08T22:49:48.8149066Z [command]/usr/bin/git config --local --name-only --get-regexp core\.sshCommand
Populated Postgres Upgrade	Checkout	2026-10-08T22:49:48.8179691Z [command]/usr/bin/git submodule foreach --recursive sh -c "git config --local --name-only --get-regexp 'core\.sshCommand' && git config --local --unset-all 'core.sshCommand' || :"
Populated Postgres Upgrade	Checkout	2026-10-08T22:49:48.8471269Z [command]/usr/bin/git config --local --name-only --get-regexp http\.https\:\/\/github\.com\/\.extraheader
Populated Postgres Upgrade	Checkout	2026-10-08T22:49:48.8499677Z [command]/usr/bin/git submodule foreach --recursive sh -c "git config --local --name-only --get-regexp 'http\.https\:\/\/github\.com\/\.extraheader' && git config --local --unset-all 'http.https://github.com/.extraheader' || :"
Populated Postgres Upgrade	Checkout	2026-10-08T22:49:48.8673367Z [command]/usr/bin/git config --local --name-only --get-regexp ^includeIf\.gitdir:
Populated Postgres Upgrade	Checkout	2026-10-08T22:49:48.8700873Z [command]/usr/bin/git submodule foreach --recursive git config --local --show-origin --name-only --get-regexp remote.origin.url
Populated Postgres Upgrade	Checkout	2026-10-08T22:49:48.8876454Z [command]/usr/bin/git config --local http.https://github.com/.extraheader AUTHORIZATION: basic ***
Populated Postgres Upgrade	Checkout	2026-10-08T22:49:48.8909092Z ##[endgroup]
Populated Postgres Upgrade	Checkout	2026-10-08T22:49:48.8909460Z ##[group]Fetching the repository
Populated Postgres Upgrade	Checkout	2026-10-08T22:49:48.8915618Z [command]/usr/bin/git -c protocol.version=2 fetch --no-tags --prune --no-recurse-submodules --depth=1 origin d4b6d9f8f96226cbe9fdc4530ab0e0c329d7b661
Populated Postgres Upgrade	Checkout	2026-10-08T22:49:50.8078201Z From https://github.com/MChartier/calibrate-health
Populated Postgres Upgrade	Checkout	2026-10-08T22:49:50.8078699Z  * branch            d4b6d9f8f96226cbe9fdc4530ab0e0c329d7b661 -> FETCH_HEAD
Populated Postgres Upgrade	Checkout	2026-10-08T22:49:50.8089051Z ##[endgroup]
Populated Postgres Upgrade	Checkout	2026-10-08T22:49:50.8089279Z ##[group]Determining the checkout info
Populated Postgres Upgrade	Checkout	2026-10-08T22:49:50.8089508Z ##[endgroup]
Populated Postgres Upgrade	Checkout	2026-10-08T22:49:50.8090756Z [command]/usr/bin/git sparse-checkout disable
Populated Postgres Upgrade	Checkout	2026-10-08T22:49:50.8137127Z [command]/usr/bin/git config --local --unset-all extensions.worktreeConfig
Populated Postgres Upgrade	Checkout	2026-10-08T22:49:50.8164842Z ##[group]Checking out the ref
Populated Postgres Upgrade	Checkout	2026-10-08T22:49:50.8167761Z [command]/usr/bin/git checkout --progress --force d4b6d9f8f96226cbe9fdc4530ab0e0c329d7b661
Populated Postgres Upgrade	Checkout	2026-10-08T22:49:50.9601650Z Note: switching to 'd4b6d9f8f96226cbe9fdc4530ab0e0c329d7b661'.
Populated Postgres Upgrade	Checkout	2026-10-08T22:49:50.9601980Z 
Populated Postgres Upgrade	Checkout	2026-10-08T22:49:50.9602201Z You are in 'detached HEAD' state. You can look around, make experimental
Populated Postgres Upgrade	Checkout	2026-10-08T22:49:50.9602605Z changes and commit them, and you can discard any commits you make in this
Populated Postgres Upgrade	Checkout	2026-10-08T22:49:50.9603025Z state without impacting any branches by switching back to a branch.
Populated Postgres Upgrade	Checkout	2026-10-08T22:49:50.9603272Z 
Populated Postgres Upgrade	Checkout	2026-10-08T22:49:50.9603438Z If you want to create a new branch to retain commits you create, you may
Populated Postgres Upgrade	Checkout	2026-10-08T22:49:50.9603813Z do so (now or later) by using -c with the switch command. Example:
Populated Postgres Upgrade	Checkout	2026-10-08T22:49:50.9604023Z 
Populated Postgres Upgrade	Checkout	2026-10-08T22:49:50.9604088Z   git switch -c <new-branch-name>
Populated Postgres Upgrade	Checkout	2026-10-08T22:49:50.9604185Z 
Populated Postgres Upgrade	Checkout	2026-10-08T22:49:50.9604244Z Or undo this operation with:
Populated Postgres Upgrade	Checkout	2026-10-08T22:49:50.9604332Z 
Populated Postgres Upgrade	Checkout	2026-10-08T22:49:50.9604384Z   git switch -
Populated Postgres Upgrade	Checkout	2026-10-08T22:49:50.9604457Z 
Populated Postgres Upgrade	Checkout	2026-10-08T22:49:50.9604573Z Turn off this advice by setting config variable advice.detachedHead to false
Populated Postgres Upgrade	Checkout	2026-10-08T22:49:50.9604734Z 
Populated Postgres Upgrade	Checkout	2026-10-08T22:49:50.9604860Z HEAD is now at d4b6d9f Prepare durable dormant account deletion with fenced recovery
Populated Postgres Upgrade	Checkout	2026-10-08T22:49:50.9614002Z ##[endgroup]
Populated Postgres Upgrade	Checkout	2026-10-08T22:49:50.9654590Z [command]/usr/bin/git log -1 --format=%H
Populated Postgres Upgrade	Checkout	2026-10-08T22:49:50.9676736Z d4b6d9f8f96226cbe9fdc4530ab0e0c329d7b661
Populated Postgres Upgrade	Setup Node	﻿2026-10-08T22:49:50.9854427Z ##[group]Run actions/setup-node@v4
Populated Postgres Upgrade	Setup Node	2026-10-08T22:49:50.9854588Z with:
Populated Postgres Upgrade	Setup Node	2026-10-08T22:49:50.9854701Z   node-version: 20
Populated Postgres Upgrade	Setup Node	2026-10-08T22:49:50.9854813Z   cache: npm
Populated Postgres Upgrade	Setup Node	2026-10-08T22:49:50.9854951Z   cache-dependency-path: backend/package-lock.json
Populated Postgres Upgrade	Setup Node	2026-10-08T22:49:50.9855128Z   always-auth: false
Populated Postgres Upgrade	Setup Node	2026-10-08T22:49:50.9855251Z   check-latest: false
Populated Postgres Upgrade	Setup Node	2026-10-08T22:49:50.9856674Z   token: ***
Populated Postgres Upgrade	Setup Node	2026-10-08T22:49:50.9856780Z env:
Populated Postgres Upgrade	Setup Node	2026-10-08T22:49:50.9857056Z   DATABASE_URL: ***localhost:5432/calibrate?schema=public
Populated Postgres Upgrade	Setup Node	2026-10-08T22:49:50.9857231Z ##[endgroup]
Populated Postgres Upgrade	Setup Node	2026-10-08T22:49:51.0750044Z Attempting to download 20...
Populated Postgres Upgrade	Setup Node	2026-10-08T22:49:51.0817626Z (node:2476) [DEP0040] DeprecationWarning: The `punycode` module is deprecated. Please use a userland alternative instead.
Populated Postgres Upgrade	Setup Node	2026-10-08T22:49:51.0818195Z (Use `node --trace-deprecation ...` to show where the warning was created)
Populated Postgres Upgrade	Setup Node	2026-10-08T22:49:51.5260834Z Acquiring 20.20.2 - x64 from https://github.com/actions/node-versions/releases/download/20.20.2-23521894959/node-20.20.2-linux-x64.tar.gz
Populated Postgres Upgrade	Setup Node	2026-10-08T22:49:52.0652603Z Extracting ...
Populated Postgres Upgrade	Setup Node	2026-10-08T22:49:52.0733662Z [command]/usr/bin/tar xz --strip 1 --warning=no-unknown-keyword --overwrite -C /home/runner/work/_temp/cae154ff-bbc3-4e85-9907-e088e2fb7a53 -f /home/runner/work/_temp/7e539370-d6ff-44bb-bab1-78e6d0c86a24
Populated Postgres Upgrade	Setup Node	2026-10-08T22:49:52.8314319Z Adding to the cache ...
Populated Postgres Upgrade	Setup Node	2026-10-08T22:49:54.3534054Z ##[group]Environment details
Populated Postgres Upgrade	Setup Node	2026-10-08T22:49:54.4986324Z node: v20.20.2
Populated Postgres Upgrade	Setup Node	2026-10-08T22:49:54.4986623Z npm: 10.8.2
Populated Postgres Upgrade	Setup Node	2026-10-08T22:49:54.4986803Z yarn: 1.22.22
Populated Postgres Upgrade	Setup Node	2026-10-08T22:49:54.4987278Z ##[endgroup]
Populated Postgres Upgrade	Setup Node	2026-10-08T22:49:54.4998498Z [command]/opt/hostedtoolcache/node/20.20.2/x64/bin/npm config get cache
Populated Postgres Upgrade	Setup Node	2026-10-08T22:49:54.5661802Z /home/runner/.npm
Populated Postgres Upgrade	Setup Node	2026-10-08T22:49:54.8335622Z npm cache is not found
Populated Postgres Upgrade	Install backend dependencies	﻿2026-10-08T22:49:54.8479758Z ##[group]Run npm --prefix backend ci --no-audit --fund=false
Populated Postgres Upgrade	Install backend dependencies	2026-10-08T22:49:54.8480061Z ^[[36;1mnpm --prefix backend ci --no-audit --fund=false^[[0m
Populated Postgres Upgrade	Install backend dependencies	2026-10-08T22:49:54.8659526Z shell: /usr/bin/bash -e {0}
Populated Postgres Upgrade	Install backend dependencies	2026-10-08T22:49:54.8659688Z env:
Populated Postgres Upgrade	Install backend dependencies	2026-10-08T22:49:54.8660049Z   DATABASE_URL: ***localhost:5432/calibrate?schema=public
Populated Postgres Upgrade	Install backend dependencies	2026-10-08T22:49:54.8660225Z ##[endgroup]
Populated Postgres Upgrade	Install backend dependencies	2026-10-08T22:49:55.1178313Z npm warn EBADENGINE Unsupported engine {
Populated Postgres Upgrade	Install backend dependencies	2026-10-08T22:49:55.1179086Z npm warn EBADENGINE   package: '@prisma/streams-local@0.1.11',
Populated Postgres Upgrade	Install backend dependencies	2026-10-08T22:49:55.1179918Z npm warn EBADENGINE   required: { bun: '>=1.2.0', node: '>=22.0.0' },
Populated Postgres Upgrade	Install backend dependencies	2026-10-08T22:49:55.1180599Z npm warn EBADENGINE   current: { node: 'v20.20.2', npm: '10.8.2' }
Populated Postgres Upgrade	Install backend dependencies	2026-10-08T22:49:55.1181543Z npm warn EBADENGINE }
Populated Postgres Upgrade	Install backend dependencies	2026-10-08T22:50:00.2089679Z 
Populated Postgres Upgrade	Install backend dependencies	2026-10-08T22:50:00.2090275Z added 430 packages in 5s
Populated Postgres Upgrade	Generate Prisma client	﻿2026-10-08T22:50:00.2326367Z ##[group]Run npm run prisma:generate
Populated Postgres Upgrade	Generate Prisma client	2026-10-08T22:50:00.2326595Z ^[[36;1mnpm run prisma:generate^[[0m
Populated Postgres Upgrade	Generate Prisma client	2026-10-08T22:50:00.2385296Z shell: /usr/bin/bash -e {0}
Populated Postgres Upgrade	Generate Prisma client	2026-10-08T22:50:00.2385452Z env:
Populated Postgres Upgrade	Generate Prisma client	2026-10-08T22:50:00.2385803Z   DATABASE_URL: ***localhost:5432/calibrate?schema=public
Populated Postgres Upgrade	Generate Prisma client	2026-10-08T22:50:00.2385982Z ##[endgroup]
Populated Postgres Upgrade	Generate Prisma client	2026-10-08T22:50:00.3159085Z 
Populated Postgres Upgrade	Generate Prisma client	2026-10-08T22:50:00.3159794Z > cal-io@0.37.0 prisma:generate
Populated Postgres Upgrade	Generate Prisma client	2026-10-08T22:50:00.3160077Z > npm --prefix backend run prisma:generate
Populated Postgres Upgrade	Generate Prisma client	2026-10-08T22:50:00.3160200Z 
Populated Postgres Upgrade	Generate Prisma client	2026-10-08T22:50:00.3876391Z 
Populated Postgres Upgrade	Generate Prisma client	2026-10-08T22:50:00.3877292Z > backend@0.37.0 prisma:generate
Populated Postgres Upgrade	Generate Prisma client	2026-10-08T22:50:00.3877766Z > prisma generate
Populated Postgres Upgrade	Generate Prisma client	2026-10-08T22:50:00.3877923Z 
Populated Postgres Upgrade	Generate Prisma client	2026-10-08T22:50:01.0110636Z Loaded Prisma config from prisma.config.ts.
Populated Postgres Upgrade	Generate Prisma client	2026-10-08T22:50:01.0110875Z 
Populated Postgres Upgrade	Generate Prisma client	2026-10-08T22:50:01.1084452Z Prisma schema loaded from prisma/schema.prisma.
Populated Postgres Upgrade	Generate Prisma client	2026-10-08T22:50:01.6266111Z 
Populated Postgres Upgrade	Generate Prisma client	2026-10-08T22:50:01.6267387Z ✔ Generated Prisma Client (v7.9.0) to ./node_modules/@prisma/client in 348ms
Populated Postgres Upgrade	Generate Prisma client	2026-10-08T22:50:01.6267724Z 
Populated Postgres Upgrade	Generate Prisma client	2026-10-08T22:50:01.6267937Z Start by importing your Prisma Client (See: https://pris.ly/d/importing-client)
Populated Postgres Upgrade	Generate Prisma client	2026-10-08T22:50:01.6268138Z 
Populated Postgres Upgrade	Generate Prisma client	2026-10-08T22:50:01.6268142Z 
Populated Postgres Upgrade	Validate upgrade-smoke helpers	﻿2026-10-08T22:50:01.6616684Z ##[group]Run node --test scripts/postgres-populated-upgrade-smoke.test.mjs
Populated Postgres Upgrade	Validate upgrade-smoke helpers	2026-10-08T22:50:01.6617229Z ^[[36;1mnode --test scripts/postgres-populated-upgrade-smoke.test.mjs^[[0m
Populated Postgres Upgrade	Validate upgrade-smoke helpers	2026-10-08T22:50:01.6672986Z shell: /usr/bin/bash -e {0}
Populated Postgres Upgrade	Validate upgrade-smoke helpers	2026-10-08T22:50:01.6673152Z env:
Populated Postgres Upgrade	Validate upgrade-smoke helpers	2026-10-08T22:50:01.6673530Z   DATABASE_URL: ***localhost:5432/calibrate?schema=public
Populated Postgres Upgrade	Validate upgrade-smoke helpers	2026-10-08T22:50:01.6673713Z ##[endgroup]
Populated Postgres Upgrade	Validate upgrade-smoke helpers	2026-10-08T22:50:01.6986654Z TAP version 13
Populated Postgres Upgrade	Validate upgrade-smoke helpers	2026-10-08T22:50:01.7471565Z # Subtest: migrationOrdinal accepts tracked ordinal names and rejects malformed names
Populated Postgres Upgrade	Validate upgrade-smoke helpers	2026-10-08T22:50:01.7475715Z ok 1 - migrationOrdinal accepts tracked ordinal names and rejects malformed names
Populated Postgres Upgrade	Validate upgrade-smoke helpers	2026-10-08T22:50:01.7476157Z   ---
Populated Postgres Upgrade	Validate upgrade-smoke helpers	2026-10-08T22:50:01.7476365Z   duration_ms: 0.935372
Populated Postgres Upgrade	Validate upgrade-smoke helpers	2026-10-08T22:50:01.7476572Z   ...
Populated Postgres Upgrade	Validate upgrade-smoke helpers	2026-10-08T22:50:01.7480482Z # Subtest: databaseUrlForSchema preserves connection options while replacing schema
Populated Postgres Upgrade	Validate upgrade-smoke helpers	2026-10-08T22:50:01.7481414Z ok 2 - databaseUrlForSchema preserves connection options while replacing schema
Populated Postgres Upgrade	Validate upgrade-smoke helpers	2026-10-08T22:50:01.7482274Z   ---
Populated Postgres Upgrade	Validate upgrade-smoke helpers	2026-10-08T22:50:01.7482542Z   duration_ms: 0.584172
Populated Postgres Upgrade	Validate upgrade-smoke helpers	2026-10-08T22:50:01.7482757Z   ...
Populated Postgres Upgrade	Validate upgrade-smoke helpers	2026-10-08T22:50:01.7483475Z # Subtest: legacy migration tree includes every migration through 0020 and no native migrations
Populated Postgres Upgrade	Validate upgrade-smoke helpers	2026-10-08T22:50:01.7484433Z ok 3 - legacy migration tree includes every migration through 0020 and no native migrations
Populated Postgres Upgrade	Validate upgrade-smoke helpers	2026-10-08T22:50:01.7484994Z   ---
Populated Postgres Upgrade	Validate upgrade-smoke helpers	2026-10-08T22:50:01.7485190Z   duration_ms: 19.052039
Populated Postgres Upgrade	Validate upgrade-smoke helpers	2026-10-08T22:50:01.7485411Z   ...
Populated Postgres Upgrade	Validate upgrade-smoke helpers	2026-10-08T22:50:01.7535861Z 1..3
Populated Postgres Upgrade	Validate upgrade-smoke helpers	2026-10-08T22:50:01.7536061Z # tests 3
Populated Postgres Upgrade	Validate upgrade-smoke helpers	2026-10-08T22:50:01.7536263Z # suites 0
Populated Postgres Upgrade	Validate upgrade-smoke helpers	2026-10-08T22:50:01.7536546Z # pass 3
Populated Postgres Upgrade	Validate upgrade-smoke helpers	2026-10-08T22:50:01.7536849Z # fail 0
Populated Postgres Upgrade	Validate upgrade-smoke helpers	2026-10-08T22:50:01.7537147Z # cancelled 0
Populated Postgres Upgrade	Validate upgrade-smoke helpers	2026-10-08T22:50:01.7537356Z # skipped 0
Populated Postgres Upgrade	Validate upgrade-smoke helpers	2026-10-08T22:50:01.7537597Z # todo 0
Populated Postgres Upgrade	Validate upgrade-smoke helpers	2026-10-08T22:50:01.7540585Z # duration_ms 60.433698
Populated Postgres Upgrade	Upgrade populated schema from 0020 through current	﻿2026-10-08T22:50:01.7589878Z ##[group]Run node scripts/postgres-populated-upgrade-smoke.mjs
Populated Postgres Upgrade	Upgrade populated schema from 0020 through current	2026-10-08T22:50:01.7590173Z ^[[36;1mnode scripts/postgres-populated-upgrade-smoke.mjs^[[0m
Populated Postgres Upgrade	Upgrade populated schema from 0020 through current	2026-10-08T22:50:01.7643264Z shell: /usr/bin/bash -e {0}
Populated Postgres Upgrade	Upgrade populated schema from 0020 through current	2026-10-08T22:50:01.7643404Z env:
Populated Postgres Upgrade	Upgrade populated schema from 0020 through current	2026-10-08T22:50:01.7643742Z   DATABASE_URL: ***localhost:5432/calibrate?schema=public
Populated Postgres Upgrade	Upgrade populated schema from 0020 through current	2026-10-08T22:50:01.7643921Z ##[endgroup]
Populated Postgres Upgrade	Upgrade populated schema from 0020 through current	2026-10-08T22:50:01.8444028Z [db-upgrade-smoke] Applying 24 migrations through 0020.
Populated Postgres Upgrade	Upgrade populated schema from 0020 through current	2026-10-08T22:50:02.3132868Z Loaded Prisma config from prisma.config.ts.
Populated Postgres Upgrade	Upgrade populated schema from 0020 through current	2026-10-08T22:50:02.3133334Z 
Populated Postgres Upgrade	Upgrade populated schema from 0020 through current	2026-10-08T22:50:02.3892724Z Prisma schema loaded from ../../../../../../tmp/calibrate-upgrade-U8vbY1/prisma/schema.prisma.
Populated Postgres Upgrade	Upgrade populated schema from 0020 through current	2026-10-08T22:50:02.3921152Z Datasource "db": PostgreSQL database "calibrate", schema "calibrate_upgrade_smoke_2731_aff51da41752" at "localhost:5432"
Populated Postgres Upgrade	Upgrade populated schema from 0020 through current	2026-10-08T22:50:02.4406148Z 
Populated Postgres Upgrade	Upgrade populated schema from 0020 through current	2026-10-08T22:50:02.4406730Z 24 migrations found in prisma/migrations
Populated Postgres Upgrade	Upgrade populated schema from 0020 through current	2026-10-08T22:50:02.4406917Z 
Populated Postgres Upgrade	Upgrade populated schema from 0020 through current	2026-10-08T22:50:02.5447959Z Applying migration `0001_init`
Populated Postgres Upgrade	Upgrade populated schema from 0020 through current	2026-10-08T22:50:02.5671732Z Applying migration `0002_weight_units_grams`
Populated Postgres Upgrade	Upgrade populated schema from 0020 through current	2026-10-08T22:50:02.5761430Z Applying migration `0003_bodymetric_date_only`
Populated Postgres Upgrade	Upgrade populated schema from 0020 through current	2026-10-08T22:50:02.5839809Z Applying migration `0004_add_profile_fields`
Populated Postgres Upgrade	Upgrade populated schema from 0020 through current	2026-10-08T22:50:02.5873758Z Applying migration `0005_add_user_timezone`
Populated Postgres Upgrade	Upgrade populated schema from 0020 through current	2026-10-08T22:50:02.5896071Z Applying migration `0006_foodlog_local_date`
Populated Postgres Upgrade	Upgrade populated schema from 0020 through current	2026-10-08T22:50:02.5935532Z Applying migration `0007_height_unit_preference`
Populated Postgres Upgrade	Upgrade populated schema from 0020 through current	2026-10-08T22:50:02.5969275Z Applying migration `0008_meal_period_enum`
Populated Postgres Upgrade	Upgrade populated schema from 0020 through current	2026-10-08T22:50:02.6048271Z Applying migration `0009_add_user_profile_image`
Populated Postgres Upgrade	Upgrade populated schema from 0020 through current	2026-10-08T22:50:02.6068449Z Applying migration `0010_my_foods`
Populated Postgres Upgrade	Upgrade populated schema from 0020 through current	2026-10-08T22:50:02.6235620Z Applying migration `0011_add_user_language`
Populated Postgres Upgrade	Upgrade populated schema from 0020 through current	2026-10-08T22:50:02.6258406Z Applying migration `0012_session_store`
Populated Postgres Upgrade	Upgrade populated schema from 0020 through current	2026-10-08T22:50:02.6305448Z Applying migration `0013_food_log_day_completion`
Populated Postgres Upgrade	Upgrade populated schema from 0020 through current	2026-10-08T22:50:02.6509910Z Applying migration `0013_push_subscriptions`
Populated Postgres Upgrade	Upgrade populated schema from 0020 through current	2026-10-08T22:50:02.6606106Z Applying migration `0014_push_subscription_reminders`
Populated Postgres Upgrade	Upgrade populated schema from 0020 through current	2026-10-08T22:50:02.6627811Z Applying migration `0014_push_subscription_user_endpoint_uniqueness`
Populated Postgres Upgrade	Upgrade populated schema from 0020 through current	2026-10-08T22:50:02.6668133Z Applying migration `0015_reminder_preference_flags`
Populated Postgres Upgrade	Upgrade populated schema from 0020 through current	2026-10-08T22:50:02.6695102Z Applying migration `0016_bodymetric_trend_precompute`
Populated Postgres Upgrade	Upgrade populated schema from 0020 through current	2026-10-08T22:50:02.6756277Z Applying migration `0016_in_app_notifications`
Populated Postgres Upgrade	Upgrade populated schema from 0020 through current	2026-10-08T22:50:02.6848714Z Applying migration `0017_haptics_preference`
Populated Postgres Upgrade	Upgrade populated schema from 0020 through current	2026-10-08T22:50:02.6870029Z Applying migration `0017_notification_delivery_channels`
Populated Postgres Upgrade	Upgrade populated schema from 0020 through current	2026-10-08T22:50:02.6922621Z Applying migration `0018_food_log_external_snapshots`
Populated Postgres Upgrade	Upgrade populated schema from 0020 through current	2026-10-08T22:50:02.6947114Z Applying migration `0019_backend_server_audit_indexes`
Populated Postgres Upgrade	Upgrade populated schema from 0020 through current	2026-10-08T22:50:02.6973023Z Applying migration `0020_goal_active_lookup_index`
Populated Postgres Upgrade	Upgrade populated schema from 0020 through current	2026-10-08T22:50:02.6994580Z 
Populated Postgres Upgrade	Upgrade populated schema from 0020 through current	2026-10-08T22:50:02.7004314Z The following migration(s) have been applied:
Populated Postgres Upgrade	Upgrade populated schema from 0020 through current	2026-10-08T22:50:02.7004545Z 
Populated Postgres Upgrade	Upgrade populated schema from 0020 through current	2026-10-08T22:50:02.7004878Z migrations/
Populated Postgres Upgrade	Upgrade populated schema from 0020 through current	2026-10-08T22:50:02.7005450Z   └─ 0001_init/
Populated Postgres Upgrade	Upgrade populated schema from 0020 through current	2026-10-08T22:50:02.7005659Z     └─ migration.sql
Populated Postgres Upgrade	Upgrade populated schema from 0020 through current	2026-10-08T22:50:02.7005936Z   └─ 0002_weight_units_grams/
Populated Postgres Upgrade	Upgrade populated schema from 0020 through current	2026-10-08T22:50:02.7006454Z     └─ migration.sql
Populated Postgres Upgrade	Upgrade populated schema from 0020 through current	2026-10-08T22:50:02.7006707Z   └─ 0003_bodymetric_date_only/
Populated Postgres Upgrade	Upgrade populated schema from 0020 through current	2026-10-08T22:50:02.7006952Z     └─ migration.sql
Populated Postgres Upgrade	Upgrade populated schema from 0020 through current	2026-10-08T22:50:02.7007179Z   └─ 0004_add_profile_fields/
Populated Postgres Upgrade	Upgrade populated schema from 0020 through current	2026-10-08T22:50:02.7007417Z     └─ migration.sql
Populated Postgres Upgrade	Upgrade populated schema from 0020 through current	2026-10-08T22:50:02.7007639Z   └─ 0005_add_user_timezone/
Populated Postgres Upgrade	Upgrade populated schema from 0020 through current	2026-10-08T22:50:02.7007871Z     └─ migration.sql
Populated Postgres Upgrade	Upgrade populated schema from 0020 through current	2026-10-08T22:50:02.7008095Z   └─ 0006_foodlog_local_date/
Populated Postgres Upgrade	Upgrade populated schema from 0020 through current	2026-10-08T22:50:02.7008332Z     └─ migration.sql
Populated Postgres Upgrade	Upgrade populated schema from 0020 through current	2026-10-08T22:50:02.7008581Z   └─ 0007_height_unit_preference/
Populated Postgres Upgrade	Upgrade populated schema from 0020 through current	2026-10-08T22:50:02.7008847Z     └─ migration.sql
Populated Postgres Upgrade	Upgrade populated schema from 0020 through current	2026-10-08T22:50:02.7009064Z   └─ 0008_meal_period_enum/
Populated Postgres Upgrade	Upgrade populated schema from 0020 through current	2026-10-08T22:50:02.7009298Z     └─ migration.sql
Populated Postgres Upgrade	Upgrade populated schema from 0020 through current	2026-10-08T22:50:02.7009556Z   └─ 0009_add_user_profile_image/
Populated Postgres Upgrade	Upgrade populated schema from 0020 through current	2026-10-08T22:50:02.7009805Z     └─ migration.sql
Populated Postgres Upgrade	Upgrade populated schema from 0020 through current	2026-10-08T22:50:02.7010015Z   └─ 0010_my_foods/
Populated Postgres Upgrade	Upgrade populated schema from 0020 through current	2026-10-08T22:50:02.7010222Z     └─ migration.sql
Populated Postgres Upgrade	Upgrade populated schema from 0020 through current	2026-10-08T22:50:02.7010451Z   └─ 0011_add_user_language/
Populated Postgres Upgrade	Upgrade populated schema from 0020 through current	2026-10-08T22:50:02.7010874Z     └─ migration.sql
Populated Postgres Upgrade	Upgrade populated schema from 0020 through current	2026-10-08T22:50:02.7011674Z   └─ 0012_session_store/
Populated Postgres Upgrade	Upgrade populated schema from 0020 through current	2026-10-08T22:50:02.7011888Z     └─ migration.sql
Populated Postgres Upgrade	Upgrade populated schema from 0020 through current	2026-10-08T22:50:02.7012139Z   └─ 0013_food_log_day_completion/
Populated Postgres Upgrade	Upgrade populated schema from 0020 through current	2026-10-08T22:50:02.7012388Z     └─ migration.sql
Populated Postgres Upgrade	Upgrade populated schema from 0020 through current	2026-10-08T22:50:02.7012616Z   └─ 0013_push_subscriptions/
Populated Postgres Upgrade	Upgrade populated schema from 0020 through current	2026-10-08T22:50:02.7012850Z     └─ migration.sql
Populated Postgres Upgrade	Upgrade populated schema from 0020 through current	2026-10-08T22:50:02.7013105Z   └─ 0014_push_subscription_reminders/
Populated Postgres Upgrade	Upgrade populated schema from 0020 through current	2026-10-08T22:50:02.7013357Z     └─ migration.sql
Populated Postgres Upgrade	Upgrade populated schema from 0020 through current	2026-10-08T22:50:02.7013652Z   └─ 0014_push_subscription_user_endpoint_uniqueness/
Populated Postgres Upgrade	Upgrade populated schema from 0020 through current	2026-10-08T22:50:02.7013931Z     └─ migration.sql
Populated Postgres Upgrade	Upgrade populated schema from 0020 through current	2026-10-08T22:50:02.7014173Z   └─ 0015_reminder_preference_flags/
Populated Postgres Upgrade	Upgrade populated schema from 0020 through current	2026-10-08T22:50:02.7014438Z     └─ migration.sql
Populated Postgres Upgrade	Upgrade populated schema from 0020 through current	2026-10-08T22:50:02.7014715Z   └─ 0016_bodymetric_trend_precompute/
Populated Postgres Upgrade	Upgrade populated schema from 0020 through current	2026-10-08T22:50:02.7014964Z     └─ migration.sql
Populated Postgres Upgrade	Upgrade populated schema from 0020 through current	2026-10-08T22:50:02.7015202Z   └─ 0016_in_app_notifications/
Populated Postgres Upgrade	Upgrade populated schema from 0020 through current	2026-10-08T22:50:02.7015441Z     └─ migration.sql
Populated Postgres Upgrade	Upgrade populated schema from 0020 through current	2026-10-08T22:50:02.7015707Z   └─ 0017_haptics_preference/
Populated Postgres Upgrade	Upgrade populated schema from 0020 through current	2026-10-08T22:50:02.7015980Z     └─ migration.sql
Populated Postgres Upgrade	Upgrade populated schema from 0020 through current	2026-10-08T22:50:02.7016273Z   └─ 0017_notification_delivery_channels/
Populated Postgres Upgrade	Upgrade populated schema from 0020 through current	2026-10-08T22:50:02.7016532Z     └─ migration.sql
Populated Postgres Upgrade	Upgrade populated schema from 0020 through current	2026-10-08T22:50:02.7016805Z   └─ 0018_food_log_external_snapshots/
Populated Postgres Upgrade	Upgrade populated schema from 0020 through current	2026-10-08T22:50:02.7017051Z     └─ migration.sql
Populated Postgres Upgrade	Upgrade populated schema from 0020 through current	2026-10-08T22:50:02.7017294Z   └─ 0019_backend_server_audit_indexes/
Populated Postgres Upgrade	Upgrade populated schema from 0020 through current	2026-10-08T22:50:02.7017561Z     └─ migration.sql
Populated Postgres Upgrade	Upgrade populated schema from 0020 through current	2026-10-08T22:50:02.7017813Z   └─ 0020_goal_active_lookup_index/
Populated Postgres Upgrade	Upgrade populated schema from 0020 through current	2026-10-08T22:50:02.7018089Z     └─ migration.sql
Populated Postgres Upgrade	Upgrade populated schema from 0020 through current	2026-10-08T22:50:02.7018224Z 
Populated Postgres Upgrade	Upgrade populated schema from 0020 through current	2026-10-08T22:50:02.7018388Z All migrations have been successfully applied.
Populated Postgres Upgrade	Upgrade populated schema from 0020 through current	2026-10-08T22:50:02.7254823Z [db-upgrade-smoke] Applying migrations 0021-0046 to populated data.
Populated Postgres Upgrade	Upgrade populated schema from 0020 through current	2026-10-08T22:50:03.2529978Z Loaded Prisma config from prisma.config.ts.
Populated Postgres Upgrade	Upgrade populated schema from 0020 through current	2026-10-08T22:50:03.2530334Z 
Populated Postgres Upgrade	Upgrade populated schema from 0020 through current	2026-10-08T22:50:03.3372487Z Prisma schema loaded from prisma/schema.prisma.
Populated Postgres Upgrade	Upgrade populated schema from 0020 through current	2026-10-08T22:50:03.3399471Z Datasource "db": PostgreSQL database "calibrate", schema "calibrate_upgrade_smoke_2731_aff51da41752" at "localhost:5432"
Populated Postgres Upgrade	Upgrade populated schema from 0020 through current	2026-10-08T22:50:03.3937272Z 
Populated Postgres Upgrade	Upgrade populated schema from 0020 through current	2026-10-08T22:50:03.3937976Z 49 migrations found in prisma/migrations
Populated Postgres Upgrade	Upgrade populated schema from 0020 through current	2026-10-08T22:50:03.3938244Z 
Populated Postgres Upgrade	Upgrade populated schema from 0020 through current	2026-10-08T22:50:03.4478880Z Applying migration `0021_mobile_native_client`
Populated Postgres Upgrade	Upgrade populated schema from 0020 through current	2026-10-08T22:50:03.4746724Z Applying migration `0022_bind_native_push_to_mobile_session`
Populated Postgres Upgrade	Upgrade populated schema from 0020 through current	2026-10-08T22:50:03.4837618Z Applying migration `0023_client_sync_foundation`
Populated Postgres Upgrade	Upgrade populated schema from 0020 through current	2026-10-08T22:50:03.4989834Z Applying migration `0024_account_lifecycle`
Populated Postgres Upgrade	Upgrade populated schema from 0020 through current	2026-10-08T22:50:03.5336485Z Applying migration `0025_my_food_pinning`
Populated Postgres Upgrade	Upgrade populated schema from 0020 through current	2026-10-08T22:50:03.5374833Z Applying migration `0026_health_connect_activity`
Populated Postgres Upgrade	Upgrade populated schema from 0020 through current	2026-10-08T22:50:03.5693196Z Applying migration `0027_wear_os_pairing`
Populated Postgres Upgrade	Upgrade populated schema from 0020 through current	2026-10-08T22:50:03.5834563Z Applying migration `0028_watch_operation_provenance`
Populated Postgres Upgrade	Upgrade populated schema from 0020 through current	2026-10-08T22:50:03.5882771Z Applying migration `0029_push_subscription_endpoint_ownership`
Populated Postgres Upgrade	Upgrade populated schema from 0020 through current	2026-10-08T22:50:03.5943668Z Applying migration `0030_day_resolution_and_tracking_pauses`
Populated Postgres Upgrade	Upgrade populated schema from 0020 through current	2026-10-08T22:50:03.6062073Z Applying migration `0031_calibration_insights`
Populated Postgres Upgrade	Upgrade populated schema from 0020 through current	2026-10-08T22:50:03.6258093Z Applying migration `0032_weight_trend_v2`
Populated Postgres Upgrade	Upgrade populated schema from 0020 through current	2026-10-08T22:50:03.6283773Z Applying migration `0033_weight_trend_source_revision`
Populated Postgres Upgrade	Upgrade populated schema from 0020 through current	2026-10-08T22:50:03.6303391Z Applying migration `0034_calorie_safety_policy`
Populated Postgres Upgrade	Upgrade populated schema from 0020 through current	2026-10-08T22:50:03.6994054Z Applying migration `0035_account_verification_and_legal_consent`
Populated Postgres Upgrade	Upgrade populated schema from 0020 through current	2026-10-08T22:50:03.7173188Z Applying migration `0036_atomic_onboarding`
Populated Postgres Upgrade	Upgrade populated schema from 0020 through current	2026-10-08T22:50:03.7246783Z Applying migration `0037_saved_foods_library`
Populated Postgres Upgrade	Upgrade populated schema from 0020 through current	2026-10-08T22:50:03.7277585Z Applying migration `0038_settings_trust_center`
Populated Postgres Upgrade	Upgrade populated schema from 0020 through current	2026-10-08T22:50:03.7524313Z Applying migration `0039_mcp_oauth`
Populated Postgres Upgrade	Upgrade populated schema from 0020 through current	2026-10-08T22:50:03.7940270Z Applying migration `0040_ios_native_support`
Populated Postgres Upgrade	Upgrade populated schema from 0020 through current	2026-10-08T22:50:03.7959553Z Applying migration `0041_server_settings`
Populated Postgres Upgrade	Upgrade populated schema from 0020 through current	2026-10-08T22:50:03.7994676Z Applying migration `0043_food_day_comparison`
Populated Postgres Upgrade	Upgrade populated schema from 0020 through current	2026-10-08T22:50:03.8016442Z Applying migration `0044_goal_pace_history`
Populated Postgres Upgrade	Upgrade populated schema from 0020 through current	2026-10-08T22:50:03.8035642Z Applying migration `0045_firebase_identity_foundation`
Populated Postgres Upgrade	Upgrade populated schema from 0020 through current	2026-10-08T22:50:04.0428782Z Applying migration `0046_dormant_account_deletion`
Populated Postgres Upgrade	Upgrade populated schema from 0020 through current	2026-10-08T22:50:04.0556493Z 
Populated Postgres Upgrade	Upgrade populated schema from 0020 through current	2026-10-08T22:50:04.0579890Z ┌─────────────────────────────────────────────────────────┐
Populated Postgres Upgrade	Upgrade populated schema from 0020 through current	2026-10-08T22:50:04.0580811Z │  Update available 7.9.0 -> 8.0.0-rc.22                  │
Populated Postgres Upgrade	Upgrade populated schema from 0020 through current	2026-10-08T22:50:04.0581595Z │                                                         │
Populated Postgres Upgrade	Upgrade populated schema from 0020 through current	2026-10-08T22:50:04.0582259Z │  This is a major update - please follow the guide at    │
Populated Postgres Upgrade	Upgrade populated schema from 0020 through current	2026-10-08T22:50:04.0582931Z │  https://pris.ly/d/major-version-upgrade                │
Populated Postgres Upgrade	Upgrade populated schema from 0020 through current	2026-10-08T22:50:04.0583490Z │                                                         │
Populated Postgres Upgrade	Upgrade populated schema from 0020 through current	2026-10-08T22:50:04.0584051Z │  Run the following to update                            │
Populated Postgres Upgrade	Upgrade populated schema from 0020 through current	2026-10-08T22:50:04.0584678Z │    npm i --save-dev prisma@latest                       │
Populated Postgres Upgrade	Upgrade populated schema from 0020 through current	2026-10-08T22:50:04.0585336Z │    npm i @prisma/client@latest                          │
Populated Postgres Upgrade	Upgrade populated schema from 0020 through current	2026-10-08T22:50:04.0585905Z └─────────────────────────────────────────────────────────┘
Populated Postgres Upgrade	Upgrade populated schema from 0020 through current	2026-10-08T22:50:04.0591748Z The following migration(s) have been applied:
Populated Postgres Upgrade	Upgrade populated schema from 0020 through current	2026-10-08T22:50:04.0591985Z 
Populated Postgres Upgrade	Upgrade populated schema from 0020 through current	2026-10-08T22:50:04.0592079Z migrations/
Populated Postgres Upgrade	Upgrade populated schema from 0020 through current	2026-10-08T22:50:04.0592379Z   └─ 0021_mobile_native_client/
Populated Postgres Upgrade	Upgrade populated schema from 0020 through current	2026-10-08T22:50:04.0592629Z     └─ migration.sql
Populated Postgres Upgrade	Upgrade populated schema from 0020 through current	2026-10-08T22:50:04.0592939Z   └─ 0022_bind_native_push_to_mobile_session/
Populated Postgres Upgrade	Upgrade populated schema from 0020 through current	2026-10-08T22:50:04.0593210Z     └─ migration.sql
Populated Postgres Upgrade	Upgrade populated schema from 0020 through current	2026-10-08T22:50:04.0593464Z   └─ 0023_client_sync_foundation/
Populated Postgres Upgrade	Upgrade populated schema from 0020 through current	2026-10-08T22:50:04.0593721Z     └─ migration.sql
Populated Postgres Upgrade	Upgrade populated schema from 0020 through current	2026-10-08T22:50:04.0593968Z   └─ 0024_account_lifecycle/
Populated Postgres Upgrade	Upgrade populated schema from 0020 through current	2026-10-08T22:50:04.0594224Z     └─ migration.sql
Populated Postgres Upgrade	Upgrade populated schema from 0020 through current	2026-10-08T22:50:04.0594452Z   └─ 0025_my_food_pinning/
Populated Postgres Upgrade	Upgrade populated schema from 0020 through current	2026-10-08T22:50:04.0594674Z     └─ migration.sql
Populated Postgres Upgrade	Upgrade populated schema from 0020 through current	2026-10-08T22:50:04.0594907Z   └─ 0026_health_connect_activity/
Populated Postgres Upgrade	Upgrade populated schema from 0020 through current	2026-10-08T22:50:04.0595071Z     └─ migration.sql
Populated Postgres Upgrade	Upgrade populated schema from 0020 through current	2026-10-08T22:50:04.0595213Z   └─ 0027_wear_os_pairing/
Populated Postgres Upgrade	Upgrade populated schema from 0020 through current	2026-10-08T22:50:04.0595356Z     └─ migration.sql
Populated Postgres Upgrade	Upgrade populated schema from 0020 through current	2026-10-08T22:50:04.0595527Z   └─ 0028_watch_operation_provenance/
Populated Postgres Upgrade	Upgrade populated schema from 0020 through current	2026-10-08T22:50:04.0595691Z     └─ migration.sql
Populated Postgres Upgrade	Upgrade populated schema from 0020 through current	2026-10-08T22:50:04.0595885Z   └─ 0029_push_subscription_endpoint_ownership/
Populated Postgres Upgrade	Upgrade populated schema from 0020 through current	2026-10-08T22:50:04.0596070Z     └─ migration.sql
Populated Postgres Upgrade	Upgrade populated schema from 0020 through current	2026-10-08T22:50:04.0596242Z   └─ 0030_day_resolution_and_tracking_pauses/
Populated Postgres Upgrade	Upgrade populated schema from 0020 through current	2026-10-08T22:50:04.0596428Z     └─ migration.sql
Populated Postgres Upgrade	Upgrade populated schema from 0020 through current	2026-10-08T22:50:04.0596583Z   └─ 0031_calibration_insights/
Populated Postgres Upgrade	Upgrade populated schema from 0020 through current	2026-10-08T22:50:04.0596751Z     └─ migration.sql
Populated Postgres Upgrade	Upgrade populated schema from 0020 through current	2026-10-08T22:50:04.0596908Z   └─ 0032_weight_trend_v2/
Populated Postgres Upgrade	Upgrade populated schema from 0020 through current	2026-10-08T22:50:04.0597063Z     └─ migration.sql
Populated Postgres Upgrade	Upgrade populated schema from 0020 through current	2026-10-08T22:50:04.0597223Z   └─ 0033_weight_trend_source_revision/
Populated Postgres Upgrade	Upgrade populated schema from 0020 through current	2026-10-08T22:50:04.0597384Z     └─ migration.sql
Populated Postgres Upgrade	Upgrade populated schema from 0020 through current	2026-10-08T22:50:04.0597542Z   └─ 0034_calorie_safety_policy/
Populated Postgres Upgrade	Upgrade populated schema from 0020 through current	2026-10-08T22:50:04.0597695Z     └─ migration.sql
Populated Postgres Upgrade	Upgrade populated schema from 0020 through current	2026-10-08T22:50:04.0597869Z   └─ 0035_account_verification_and_legal_consent/
Populated Postgres Upgrade	Upgrade populated schema from 0020 through current	2026-10-08T22:50:04.0598046Z     └─ migration.sql
Populated Postgres Upgrade	Upgrade populated schema from 0020 through current	2026-10-08T22:50:04.0598187Z   └─ 0036_atomic_onboarding/
Populated Postgres Upgrade	Upgrade populated schema from 0020 through current	2026-10-08T22:50:04.0598330Z     └─ migration.sql
Populated Postgres Upgrade	Upgrade populated schema from 0020 through current	2026-10-08T22:50:04.0598488Z   └─ 0037_saved_foods_library/
Populated Postgres Upgrade	Upgrade populated schema from 0020 through current	2026-10-08T22:50:04.0598642Z     └─ migration.sql
Populated Postgres Upgrade	Upgrade populated schema from 0020 through current	2026-10-08T22:50:04.0598797Z   └─ 0038_settings_trust_center/
Populated Postgres Upgrade	Upgrade populated schema from 0020 through current	2026-10-08T22:50:04.0599358Z     └─ migration.sql
Populated Postgres Upgrade	Upgrade populated schema from 0020 through current	2026-10-08T22:50:04.0599561Z   └─ 0039_mcp_oauth/
Populated Postgres Upgrade	Upgrade populated schema from 0020 through current	2026-10-08T22:50:04.0599762Z     └─ migration.sql
Populated Postgres Upgrade	Upgrade populated schema from 0020 through current	2026-10-08T22:50:04.0599984Z   └─ 0040_ios_native_support/
Populated Postgres Upgrade	Upgrade populated schema from 0020 through current	2026-10-08T22:50:04.0600224Z     └─ migration.sql
Populated Postgres Upgrade	Upgrade populated schema from 0020 through current	2026-10-08T22:50:04.0600477Z   └─ 0041_server_settings/
Populated Postgres Upgrade	Upgrade populated schema from 0020 through current	2026-10-08T22:50:04.0600699Z     └─ migration.sql
Populated Postgres Upgrade	Upgrade populated schema from 0020 through current	2026-10-08T22:50:04.0600927Z   └─ 0043_food_day_comparison/
Populated Postgres Upgrade	Upgrade populated schema from 0020 through current	2026-10-08T22:50:04.0601302Z     └─ migration.sql
Populated Postgres Upgrade	Upgrade populated schema from 0020 through current	2026-10-08T22:50:04.0601510Z   └─ 0044_goal_pace_history/
Populated Postgres Upgrade	Upgrade populated schema from 0020 through current	2026-10-08T22:50:04.0601733Z     └─ migration.sql
Populated Postgres Upgrade	Upgrade populated schema from 0020 through current	2026-10-08T22:50:04.0601973Z   └─ 0045_firebase_identity_foundation/
Populated Postgres Upgrade	Upgrade populated schema from 0020 through current	2026-10-08T22:50:04.0602219Z     └─ migration.sql
Populated Postgres Upgrade	Upgrade populated schema from 0020 through current	2026-10-08T22:50:04.0602456Z   └─ 0046_dormant_account_deletion/
Populated Postgres Upgrade	Upgrade populated schema from 0020 through current	2026-10-08T22:50:04.0602677Z     └─ migration.sql
Populated Postgres Upgrade	Upgrade populated schema from 0020 through current	2026-10-08T22:50:04.0602791Z 
Populated Postgres Upgrade	Upgrade populated schema from 0020 through current	2026-10-08T22:50:04.0602941Z All migrations have been successfully applied.
Populated Postgres Upgrade	Upgrade populated schema from 0020 through current	2026-10-08T22:50:04.1198130Z [db-upgrade-smoke] PASS: immutable mapping, local deletion cascade and monotonic credential security version.
Populated Postgres Upgrade	Upgrade populated schema from 0020 through current	2026-10-08T22:50:04.1200021Z [db-upgrade-smoke] PASS: retained core data across 49 migrations.
Populated Postgres Upgrade	Serialize concurrent weight-trend materialization	﻿2026-10-08T22:50:04.3018509Z ##[group]Run node scripts/postgres-weight-trend-concurrency-smoke.mjs
Populated Postgres Upgrade	Serialize concurrent weight-trend materialization	2026-10-08T22:50:04.3018842Z ^[[36;1mnode scripts/postgres-weight-trend-concurrency-smoke.mjs^[[0m
Populated Postgres Upgrade	Serialize concurrent weight-trend materialization	2026-10-08T22:50:04.3070740Z shell: /usr/bin/bash -e {0}
Populated Postgres Upgrade	Serialize concurrent weight-trend materialization	2026-10-08T22:50:04.3070892Z env:
Populated Postgres Upgrade	Serialize concurrent weight-trend materialization	2026-10-08T22:50:04.3071556Z   DATABASE_URL: ***localhost:5432/calibrate?schema=public
Populated Postgres Upgrade	Serialize concurrent weight-trend materialization	2026-10-08T22:50:04.3071734Z ##[endgroup]
Populated Postgres Upgrade	Serialize concurrent weight-trend materialization	2026-10-08T22:50:04.8839164Z Loaded Prisma config from prisma.config.ts.
Populated Postgres Upgrade	Serialize concurrent weight-trend materialization	2026-10-08T22:50:04.8839410Z 
Populated Postgres Upgrade	Serialize concurrent weight-trend materialization	2026-10-08T22:50:04.9732168Z Prisma schema loaded from prisma/schema.prisma.
Populated Postgres Upgrade	Serialize concurrent weight-trend materialization	2026-10-08T22:50:04.9757156Z Datasource "db": PostgreSQL database "calibrate", schema "calibrate_upgrade_smoke_weight_trend_2841_e9a392ac5b52" at "localhost:5432"
Populated Postgres Upgrade	Serialize concurrent weight-trend materialization	2026-10-08T22:50:05.0276145Z 
Populated Postgres Upgrade	Serialize concurrent weight-trend materialization	2026-10-08T22:50:05.0276606Z 49 migrations found in prisma/migrations
Populated Postgres Upgrade	Serialize concurrent weight-trend materialization	2026-10-08T22:50:05.0276808Z 
Populated Postgres Upgrade	Serialize concurrent weight-trend materialization	2026-10-08T22:50:05.0897421Z Applying migration `0001_init`
Populated Postgres Upgrade	Serialize concurrent weight-trend materialization	2026-10-08T22:50:05.1107815Z Applying migration `0002_weight_units_grams`
Populated Postgres Upgrade	Serialize concurrent weight-trend materialization	2026-10-08T22:50:05.1373195Z Applying migration `0003_bodymetric_date_only`
Populated Postgres Upgrade	Serialize concurrent weight-trend materialization	2026-10-08T22:50:05.1459387Z Applying migration `0004_add_profile_fields`
Populated Postgres Upgrade	Serialize concurrent weight-trend materialization	2026-10-08T22:50:05.1492880Z Applying migration `0005_add_user_timezone`
Populated Postgres Upgrade	Serialize concurrent weight-trend materialization	2026-10-08T22:50:05.1515277Z Applying migration `0006_foodlog_local_date`
Populated Postgres Upgrade	Serialize concurrent weight-trend materialization	2026-10-08T22:50:05.1554280Z Applying migration `0007_height_unit_preference`
Populated Postgres Upgrade	Serialize concurrent weight-trend materialization	2026-10-08T22:50:05.1591298Z Applying migration `0008_meal_period_enum`
Populated Postgres Upgrade	Serialize concurrent weight-trend materialization	2026-10-08T22:50:05.1676870Z Applying migration `0009_add_user_profile_image`
Populated Postgres Upgrade	Serialize concurrent weight-trend materialization	2026-10-08T22:50:05.1699758Z Applying migration `0010_my_foods`
Populated Postgres Upgrade	Serialize concurrent weight-trend materialization	2026-10-08T22:50:05.1867758Z Applying migration `0011_add_user_language`
Populated Postgres Upgrade	Serialize concurrent weight-trend materialization	2026-10-08T22:50:05.1889328Z Applying migration `0012_session_store`
Populated Postgres Upgrade	Serialize concurrent weight-trend materialization	2026-10-08T22:50:05.1946471Z Applying migration `0013_food_log_day_completion`
Populated Postgres Upgrade	Serialize concurrent weight-trend materialization	2026-10-08T22:50:05.2010926Z Applying migration `0013_push_subscriptions`
Populated Postgres Upgrade	Serialize concurrent weight-trend materialization	2026-10-08T22:50:05.2092574Z Applying migration `0014_push_subscription_reminders`
Populated Postgres Upgrade	Serialize concurrent weight-trend materialization	2026-10-08T22:50:05.2111873Z Applying migration `0014_push_subscription_user_endpoint_uniqueness`
Populated Postgres Upgrade	Serialize concurrent weight-trend materialization	2026-10-08T22:50:05.2146341Z Applying migration `0015_reminder_preference_flags`
Populated Postgres Upgrade	Serialize concurrent weight-trend materialization	2026-10-08T22:50:05.2172733Z Applying migration `0016_bodymetric_trend_precompute`
Populated Postgres Upgrade	Serialize concurrent weight-trend materialization	2026-10-08T22:50:05.2234612Z Applying migration `0016_in_app_notifications`
Populated Postgres Upgrade	Serialize concurrent weight-trend materialization	2026-10-08T22:50:05.2330921Z Applying migration `0017_haptics_preference`
Populated Postgres Upgrade	Serialize concurrent weight-trend materialization	2026-10-08T22:50:05.2352885Z Applying migration `0017_notification_delivery_channels`
Populated Postgres Upgrade	Serialize concurrent weight-trend materialization	2026-10-08T22:50:05.2411596Z Applying migration `0018_food_log_external_snapshots`
Populated Postgres Upgrade	Serialize concurrent weight-trend materialization	2026-10-08T22:50:05.2437904Z Applying migration `0019_backend_server_audit_indexes`
Populated Postgres Upgrade	Serialize concurrent weight-trend materialization	2026-10-08T22:50:05.2468215Z Applying migration `0020_goal_active_lookup_index`
Populated Postgres Upgrade	Serialize concurrent weight-trend materialization	2026-10-08T22:50:05.2486489Z Applying migration `0021_mobile_native_client`
Populated Postgres Upgrade	Serialize concurrent weight-trend materialization	2026-10-08T22:50:05.2694217Z Applying migration `0022_bind_native_push_to_mobile_session`
Populated Postgres Upgrade	Serialize concurrent weight-trend materialization	2026-10-08T22:50:05.2781446Z Applying migration `0023_client_sync_foundation`
Populated Postgres Upgrade	Serialize concurrent weight-trend materialization	2026-10-08T22:50:05.2931481Z Applying migration `0024_account_lifecycle`
Populated Postgres Upgrade	Serialize concurrent weight-trend materialization	2026-10-08T22:50:05.3112341Z Applying migration `0025_my_food_pinning`
Populated Postgres Upgrade	Serialize concurrent weight-trend materialization	2026-10-08T22:50:05.3148648Z Applying migration `0026_health_connect_activity`
Populated Postgres Upgrade	Serialize concurrent weight-trend materialization	2026-10-08T22:50:05.3665160Z Applying migration `0027_wear_os_pairing`
Populated Postgres Upgrade	Serialize concurrent weight-trend materialization	2026-10-08T22:50:05.3804059Z Applying migration `0028_watch_operation_provenance`
Populated Postgres Upgrade	Serialize concurrent weight-trend materialization	2026-10-08T22:50:05.3850405Z Applying migration `0029_push_subscription_endpoint_ownership`
Populated Postgres Upgrade	Serialize concurrent weight-trend materialization	2026-10-08T22:50:05.3910305Z Applying migration `0030_day_resolution_and_tracking_pauses`
Populated Postgres Upgrade	Serialize concurrent weight-trend materialization	2026-10-08T22:50:05.4035363Z Applying migration `0031_calibration_insights`
Populated Postgres Upgrade	Serialize concurrent weight-trend materialization	2026-10-08T22:50:05.4249704Z Applying migration `0032_weight_trend_v2`
Populated Postgres Upgrade	Serialize concurrent weight-trend materialization	2026-10-08T22:50:05.4280320Z Applying migration `0033_weight_trend_source_revision`
Populated Postgres Upgrade	Serialize concurrent weight-trend materialization	2026-10-08T22:50:05.4303296Z Applying migration `0034_calorie_safety_policy`
Populated Postgres Upgrade	Serialize concurrent weight-trend materialization	2026-10-08T22:50:05.4544906Z Applying migration `0035_account_verification_and_legal_consent`
Populated Postgres Upgrade	Serialize concurrent weight-trend materialization	2026-10-08T22:50:05.4722144Z Applying migration `0036_atomic_onboarding`
Populated Postgres Upgrade	Serialize concurrent weight-trend materialization	2026-10-08T22:50:05.4752656Z Applying migration `0037_saved_foods_library`
Populated Postgres Upgrade	Serialize concurrent weight-trend materialization	2026-10-08T22:50:05.4782396Z Applying migration `0038_settings_trust_center`
Populated Postgres Upgrade	Serialize concurrent weight-trend materialization	2026-10-08T22:50:05.5019487Z Applying migration `0039_mcp_oauth`
Populated Postgres Upgrade	Serialize concurrent weight-trend materialization	2026-10-08T22:50:05.5424350Z Applying migration `0040_ios_native_support`
Populated Postgres Upgrade	Serialize concurrent weight-trend materialization	2026-10-08T22:50:05.5446542Z Applying migration `0041_server_settings`
Populated Postgres Upgrade	Serialize concurrent weight-trend materialization	2026-10-08T22:50:05.5482374Z Applying migration `0043_food_day_comparison`
Populated Postgres Upgrade	Serialize concurrent weight-trend materialization	2026-10-08T22:50:05.5505724Z Applying migration `0044_goal_pace_history`
Populated Postgres Upgrade	Serialize concurrent weight-trend materialization	2026-10-08T22:50:05.5697949Z Applying migration `0045_firebase_identity_foundation`
Populated Postgres Upgrade	Serialize concurrent weight-trend materialization	2026-10-08T22:50:05.5806598Z Applying migration `0046_dormant_account_deletion`
Populated Postgres Upgrade	Serialize concurrent weight-trend materialization	2026-10-08T22:50:05.5942214Z 
Populated Postgres Upgrade	Serialize concurrent weight-trend materialization	2026-10-08T22:50:05.5950319Z The following migration(s) have been applied:
Populated Postgres Upgrade	Serialize concurrent weight-trend materialization	2026-10-08T22:50:05.5950855Z 
Populated Postgres Upgrade	Serialize concurrent weight-trend materialization	2026-10-08T22:50:05.5951236Z migrations/
Populated Postgres Upgrade	Serialize concurrent weight-trend materialization	2026-10-08T22:50:05.5951951Z   └─ 0001_init/
Populated Postgres Upgrade	Serialize concurrent weight-trend materialization	2026-10-08T22:50:05.5952200Z     └─ migration.sql
Populated Postgres Upgrade	Serialize concurrent weight-trend materialization	2026-10-08T22:50:05.5952512Z   └─ 0002_weight_units_grams/
Populated Postgres Upgrade	Serialize concurrent weight-trend materialization	2026-10-08T22:50:05.5952791Z     └─ migration.sql
Populated Postgres Upgrade	Serialize concurrent weight-trend materialization	2026-10-08T22:50:05.5953054Z   └─ 0003_bodymetric_date_only/
Populated Postgres Upgrade	Serialize concurrent weight-trend materialization	2026-10-08T22:50:05.5953343Z     └─ migration.sql
Populated Postgres Upgrade	Serialize concurrent weight-trend materialization	2026-10-08T22:50:05.5953603Z   └─ 0004_add_profile_fields/
Populated Postgres Upgrade	Serialize concurrent weight-trend materialization	2026-10-08T22:50:05.5953860Z     └─ migration.sql
Populated Postgres Upgrade	Serialize concurrent weight-trend materialization	2026-10-08T22:50:05.5954083Z   └─ 0005_add_user_timezone/
Populated Postgres Upgrade	Serialize concurrent weight-trend materialization	2026-10-08T22:50:05.5954309Z     └─ migration.sql
Populated Postgres Upgrade	Serialize concurrent weight-trend materialization	2026-10-08T22:50:05.5954527Z   └─ 0006_foodlog_local_date/
Populated Postgres Upgrade	Serialize concurrent weight-trend materialization	2026-10-08T22:50:05.5954753Z     └─ migration.sql
Populated Postgres Upgrade	Serialize concurrent weight-trend materialization	2026-10-08T22:50:05.5954997Z   └─ 0007_height_unit_preference/
Populated Postgres Upgrade	Serialize concurrent weight-trend materialization	2026-10-08T22:50:05.5955236Z     └─ migration.sql
Populated Postgres Upgrade	Serialize concurrent weight-trend materialization	2026-10-08T22:50:05.5955451Z   └─ 0008_meal_period_enum/
Populated Postgres Upgrade	Serialize concurrent weight-trend materialization	2026-10-08T22:50:05.5955673Z     └─ migration.sql
Populated Postgres Upgrade	Serialize concurrent weight-trend materialization	2026-10-08T22:50:05.5955909Z   └─ 0009_add_user_profile_image/
Populated Postgres Upgrade	Serialize concurrent weight-trend materialization	2026-10-08T22:50:05.5956145Z     └─ migration.sql
Populated Postgres Upgrade	Serialize concurrent weight-trend materialization	2026-10-08T22:50:05.5956348Z   └─ 0010_my_foods/
Populated Postgres Upgrade	Serialize concurrent weight-trend materialization	2026-10-08T22:50:05.5956549Z     └─ migration.sql
Populated Postgres Upgrade	Serialize concurrent weight-trend materialization	2026-10-08T22:50:05.5956765Z   └─ 0011_add_user_language/
Populated Postgres Upgrade	Serialize concurrent weight-trend materialization	2026-10-08T22:50:05.5957003Z     └─ migration.sql
Populated Postgres Upgrade	Serialize concurrent weight-trend materialization	2026-10-08T22:50:05.5957206Z   └─ 0012_session_store/
Populated Postgres Upgrade	Serialize concurrent weight-trend materialization	2026-10-08T22:50:05.5957448Z     └─ migration.sql
Populated Postgres Upgrade	Serialize concurrent weight-trend materialization	2026-10-08T22:50:05.5957721Z   └─ 0013_food_log_day_completion/
Populated Postgres Upgrade	Serialize concurrent weight-trend materialization	2026-10-08T22:50:05.5957969Z     └─ migration.sql
Populated Postgres Upgrade	Serialize concurrent weight-trend materialization	2026-10-08T22:50:05.5958193Z   └─ 0013_push_subscriptions/
Populated Postgres Upgrade	Serialize concurrent weight-trend materialization	2026-10-08T22:50:05.5958424Z     └─ migration.sql
Populated Postgres Upgrade	Serialize concurrent weight-trend materialization	2026-10-08T22:50:05.5958667Z   └─ 0014_push_subscription_reminders/
Populated Postgres Upgrade	Serialize concurrent weight-trend materialization	2026-10-08T22:50:05.5958916Z     └─ migration.sql
Populated Postgres Upgrade	Serialize concurrent weight-trend materialization	2026-10-08T22:50:05.5959216Z   └─ 0014_push_subscription_user_endpoint_uniqueness/
Populated Postgres Upgrade	Serialize concurrent weight-trend materialization	2026-10-08T22:50:05.5959502Z     └─ migration.sql
Populated Postgres Upgrade	Serialize concurrent weight-trend materialization	2026-10-08T22:50:05.5959743Z   └─ 0015_reminder_preference_flags/
Populated Postgres Upgrade	Serialize concurrent weight-trend materialization	2026-10-08T22:50:05.5959985Z     └─ migration.sql
Populated Postgres Upgrade	Serialize concurrent weight-trend materialization	2026-10-08T22:50:05.5960260Z   └─ 0016_bodymetric_trend_precompute/
Populated Postgres Upgrade	Serialize concurrent weight-trend materialization	2026-10-08T22:50:05.5960513Z     └─ migration.sql
Populated Postgres Upgrade	Serialize concurrent weight-trend materialization	2026-10-08T22:50:05.5960750Z   └─ 0016_in_app_notifications/
Populated Postgres Upgrade	Serialize concurrent weight-trend materialization	2026-10-08T22:50:05.5961121Z     └─ migration.sql
Populated Postgres Upgrade	Serialize concurrent weight-trend materialization	2026-10-08T22:50:05.5961368Z   └─ 0017_haptics_preference/
Populated Postgres Upgrade	Serialize concurrent weight-trend materialization	2026-10-08T22:50:05.5961880Z     └─ migration.sql
Populated Postgres Upgrade	Serialize concurrent weight-trend materialization	2026-10-08T22:50:05.5962049Z   └─ 0017_notification_delivery_channels/
Populated Postgres Upgrade	Serialize concurrent weight-trend materialization	2026-10-08T22:50:05.5962214Z     └─ migration.sql
Populated Postgres Upgrade	Serialize concurrent weight-trend materialization	2026-10-08T22:50:05.5962379Z   └─ 0018_food_log_external_snapshots/
Populated Postgres Upgrade	Serialize concurrent weight-trend materialization	2026-10-08T22:50:05.5962617Z     └─ migration.sql
Populated Postgres Upgrade	Serialize concurrent weight-trend materialization	2026-10-08T22:50:05.5962788Z   └─ 0019_backend_server_audit_indexes/
Populated Postgres Upgrade	Serialize concurrent weight-trend materialization	2026-10-08T22:50:05.5962948Z     └─ migration.sql
Populated Postgres Upgrade	Serialize concurrent weight-trend materialization	2026-10-08T22:50:05.5963111Z   └─ 0020_goal_active_lookup_index/
Populated Postgres Upgrade	Serialize concurrent weight-trend materialization	2026-10-08T22:50:05.5963267Z     └─ migration.sql
Populated Postgres Upgrade	Serialize concurrent weight-trend materialization	2026-10-08T22:50:05.5963419Z   └─ 0021_mobile_native_client/
Populated Postgres Upgrade	Serialize concurrent weight-trend materialization	2026-10-08T22:50:05.5963568Z     └─ migration.sql
Populated Postgres Upgrade	Serialize concurrent weight-trend materialization	2026-10-08T22:50:05.5963738Z   └─ 0022_bind_native_push_to_mobile_session/
Populated Postgres Upgrade	Serialize concurrent weight-trend materialization	2026-10-08T22:50:05.5963912Z     └─ migration.sql
Populated Postgres Upgrade	Serialize concurrent weight-trend materialization	2026-10-08T22:50:05.5964070Z   └─ 0023_client_sync_foundation/
Populated Postgres Upgrade	Serialize concurrent weight-trend materialization	2026-10-08T22:50:05.5964221Z     └─ migration.sql
Populated Postgres Upgrade	Serialize concurrent weight-trend materialization	2026-10-08T22:50:05.5964364Z   └─ 0024_account_lifecycle/
Populated Postgres Upgrade	Serialize concurrent weight-trend materialization	2026-10-08T22:50:05.5964513Z     └─ migration.sql
Populated Postgres Upgrade	Serialize concurrent weight-trend materialization	2026-10-08T22:50:05.5964653Z   └─ 0025_my_food_pinning/
Populated Postgres Upgrade	Serialize concurrent weight-trend materialization	2026-10-08T22:50:05.5964807Z     └─ migration.sql
Populated Postgres Upgrade	Serialize concurrent weight-trend materialization	2026-10-08T22:50:05.5964962Z   └─ 0026_health_connect_activity/
Populated Postgres Upgrade	Serialize concurrent weight-trend materialization	2026-10-08T22:50:05.5965117Z     └─ migration.sql
Populated Postgres Upgrade	Serialize concurrent weight-trend materialization	2026-10-08T22:50:05.5965405Z   └─ 0027_wear_os_pairing/
Populated Postgres Upgrade	Serialize concurrent weight-trend materialization	2026-10-08T22:50:05.5965548Z     └─ migration.sql
Populated Postgres Upgrade	Serialize concurrent weight-trend materialization	2026-10-08T22:50:05.5965708Z   └─ 0028_watch_operation_provenance/
Populated Postgres Upgrade	Serialize concurrent weight-trend materialization	2026-10-08T22:50:05.5965868Z     └─ migration.sql
Populated Postgres Upgrade	Serialize concurrent weight-trend materialization	2026-10-08T22:50:05.5966045Z   └─ 0029_push_subscription_endpoint_ownership/
Populated Postgres Upgrade	Serialize concurrent weight-trend materialization	2026-10-08T22:50:05.5966224Z     └─ migration.sql
Populated Postgres Upgrade	Serialize concurrent weight-trend materialization	2026-10-08T22:50:05.5966391Z   └─ 0030_day_resolution_and_tracking_pauses/
Populated Postgres Upgrade	Serialize concurrent weight-trend materialization	2026-10-08T22:50:05.5966564Z     └─ migration.sql
Populated Postgres Upgrade	Serialize concurrent weight-trend materialization	2026-10-08T22:50:05.5966715Z   └─ 0031_calibration_insights/
Populated Postgres Upgrade	Serialize concurrent weight-trend materialization	2026-10-08T22:50:05.5966865Z     └─ migration.sql
Populated Postgres Upgrade	Serialize concurrent weight-trend materialization	2026-10-08T22:50:05.5967028Z   └─ 0032_weight_trend_v2/
Populated Postgres Upgrade	Serialize concurrent weight-trend materialization	2026-10-08T22:50:05.5967181Z     └─ migration.sql
Populated Postgres Upgrade	Serialize concurrent weight-trend materialization	2026-10-08T22:50:05.5967339Z   └─ 0033_weight_trend_source_revision/
Populated Postgres Upgrade	Serialize concurrent weight-trend materialization	2026-10-08T22:50:05.5967500Z     └─ migration.sql
Populated Postgres Upgrade	Serialize concurrent weight-trend materialization	2026-10-08T22:50:05.5967654Z   └─ 0034_calorie_safety_policy/
Populated Postgres Upgrade	Serialize concurrent weight-trend materialization	2026-10-08T22:50:05.5967813Z     └─ migration.sql
Populated Postgres Upgrade	Serialize concurrent weight-trend materialization	2026-10-08T22:50:05.5967990Z   └─ 0035_account_verification_and_legal_consent/
Populated Postgres Upgrade	Serialize concurrent weight-trend materialization	2026-10-08T22:50:05.5968177Z     └─ migration.sql
Populated Postgres Upgrade	Serialize concurrent weight-trend materialization	2026-10-08T22:50:05.5968316Z   └─ 0036_atomic_onboarding/
Populated Postgres Upgrade	Serialize concurrent weight-trend materialization	2026-10-08T22:50:05.5968464Z     └─ migration.sql
Populated Postgres Upgrade	Serialize concurrent weight-trend materialization	2026-10-08T22:50:05.5968613Z   └─ 0037_saved_foods_library/
Populated Postgres Upgrade	Serialize concurrent weight-trend materialization	2026-10-08T22:50:05.5968873Z     └─ migration.sql
Populated Postgres Upgrade	Serialize concurrent weight-trend materialization	2026-10-08T22:50:05.5969128Z   └─ 0038_settings_trust_center/
Populated Postgres Upgrade	Serialize concurrent weight-trend materialization	2026-10-08T22:50:05.5969470Z     └─ migration.sql
Populated Postgres Upgrade	Serialize concurrent weight-trend materialization	2026-10-08T22:50:05.5969689Z   └─ 0039_mcp_oauth/
Populated Postgres Upgrade	Serialize concurrent weight-trend materialization	2026-10-08T22:50:05.5969950Z     └─ migration.sql
Populated Postgres Upgrade	Serialize concurrent weight-trend materialization	2026-10-08T22:50:05.5970219Z   └─ 0040_ios_native_support/
Populated Postgres Upgrade	Serialize concurrent weight-trend materialization	2026-10-08T22:50:05.5970441Z     └─ migration.sql
Populated Postgres Upgrade	Serialize concurrent weight-trend materialization	2026-10-08T22:50:05.5970680Z   └─ 0041_server_settings/
Populated Postgres Upgrade	Serialize concurrent weight-trend materialization	2026-10-08T22:50:05.5970907Z     └─ migration.sql
Populated Postgres Upgrade	Serialize concurrent weight-trend materialization	2026-10-08T22:50:05.5971328Z   └─ 0043_food_day_comparison/
Populated Postgres Upgrade	Serialize concurrent weight-trend materialization	2026-10-08T22:50:05.5971616Z     └─ migration.sql
Populated Postgres Upgrade	Serialize concurrent weight-trend materialization	2026-10-08T22:50:05.5971835Z   └─ 0044_goal_pace_history/
Populated Postgres Upgrade	Serialize concurrent weight-trend materialization	2026-10-08T22:50:05.5984927Z     └─ migration.sql
Populated Postgres Upgrade	Serialize concurrent weight-trend materialization	2026-10-08T22:50:05.5985199Z   └─ 0045_firebase_identity_foundation/
Populated Postgres Upgrade	Serialize concurrent weight-trend materialization	2026-10-08T22:50:05.5985460Z     └─ migration.sql
Populated Postgres Upgrade	Serialize concurrent weight-trend materialization	2026-10-08T22:50:05.5985716Z   └─ 0046_dormant_account_deletion/
Populated Postgres Upgrade	Serialize concurrent weight-trend materialization	2026-10-08T22:50:05.5985979Z     └─ migration.sql
Populated Postgres Upgrade	Serialize concurrent weight-trend materialization	2026-10-08T22:50:05.5986094Z 
Populated Postgres Upgrade	Serialize concurrent weight-trend materialization	2026-10-08T22:50:05.5986244Z All migrations have been successfully applied.
Populated Postgres Upgrade	Serialize concurrent weight-trend materialization	2026-10-08T22:50:06.2989808Z [weight-trend-concurrency-smoke] PASS: two same-user recomputations queued on the advisory lock and produced one 12-row source revision.
Populated Postgres Upgrade	Verify goal pace continuity and concurrent saves	﻿2026-10-08T22:50:06.4910460Z ##[group]Run node scripts/postgres-goal-pace-smoke.mjs
Populated Postgres Upgrade	Verify goal pace continuity and concurrent saves	2026-10-08T22:50:06.4910727Z ^[[36;1mnode scripts/postgres-goal-pace-smoke.mjs^[[0m
Populated Postgres Upgrade	Verify goal pace continuity and concurrent saves	2026-10-08T22:50:06.4962831Z shell: /usr/bin/bash -e {0}
Populated Postgres Upgrade	Verify goal pace continuity and concurrent saves	2026-10-08T22:50:06.4962982Z env:
Populated Postgres Upgrade	Verify goal pace continuity and concurrent saves	2026-10-08T22:50:06.4963331Z   DATABASE_URL: ***localhost:5432/calibrate?schema=public
Populated Postgres Upgrade	Verify goal pace continuity and concurrent saves	2026-10-08T22:50:06.4963508Z ##[endgroup]
Populated Postgres Upgrade	Verify goal pace continuity and concurrent saves	2026-10-08T22:50:07.0557632Z Loaded Prisma config from prisma.config.ts.
Populated Postgres Upgrade	Verify goal pace continuity and concurrent saves	2026-10-08T22:50:07.0558160Z 
Populated Postgres Upgrade	Verify goal pace continuity and concurrent saves	2026-10-08T22:50:07.1362660Z Prisma schema loaded from prisma/schema.prisma.
Populated Postgres Upgrade	Verify goal pace continuity and concurrent saves	2026-10-08T22:50:07.1449039Z Datasource "db": PostgreSQL database "calibrate", schema "calibrate_upgrade_smoke_goal_pace_63e6f1f6e7f90f3f" at "localhost:5432"
Populated Postgres Upgrade	Verify goal pace continuity and concurrent saves	2026-10-08T22:50:07.1980046Z 
Populated Postgres Upgrade	Verify goal pace continuity and concurrent saves	2026-10-08T22:50:07.1980657Z 49 migrations found in prisma/migrations
Populated Postgres Upgrade	Verify goal pace continuity and concurrent saves	2026-10-08T22:50:07.1980887Z 
Populated Postgres Upgrade	Verify goal pace continuity and concurrent saves	2026-10-08T22:50:07.3165501Z Applying migration `0001_init`
Populated Postgres Upgrade	Verify goal pace continuity and concurrent saves	2026-10-08T22:50:07.7272739Z Applying migration `0002_weight_units_grams`
Populated Postgres Upgrade	Verify goal pace continuity and concurrent saves	2026-10-08T22:50:07.7555832Z Applying migration `0003_bodymetric_date_only`
Populated Postgres Upgrade	Verify goal pace continuity and concurrent saves	2026-10-08T22:50:07.8083725Z Applying migration `0004_add_profile_fields`
Populated Postgres Upgrade	Verify goal pace continuity and concurrent saves	2026-10-08T22:50:07.8116448Z Applying migration `0005_add_user_timezone`
Populated Postgres Upgrade	Verify goal pace continuity and concurrent saves	2026-10-08T22:50:07.8138412Z Applying migration `0006_foodlog_local_date`
Populated Postgres Upgrade	Verify goal pace continuity and concurrent saves	2026-10-08T22:50:07.8189162Z Applying migration `0007_height_unit_preference`
Populated Postgres Upgrade	Verify goal pace continuity and concurrent saves	2026-10-08T22:50:07.8227102Z Applying migration `0008_meal_period_enum`
Populated Postgres Upgrade	Verify goal pace continuity and concurrent saves	2026-10-08T22:50:07.8308696Z Applying migration `0009_add_user_profile_image`
Populated Postgres Upgrade	Verify goal pace continuity and concurrent saves	2026-10-08T22:50:07.8328201Z Applying migration `0010_my_foods`
Populated Postgres Upgrade	Verify goal pace continuity and concurrent saves	2026-10-08T22:50:07.8498250Z Applying migration `0011_add_user_language`
Populated Postgres Upgrade	Verify goal pace continuity and concurrent saves	2026-10-08T22:50:07.8519042Z Applying migration `0012_session_store`
Populated Postgres Upgrade	Verify goal pace continuity and concurrent saves	2026-10-08T22:50:07.8751942Z Applying migration `0013_food_log_day_completion`
Populated Postgres Upgrade	Verify goal pace continuity and concurrent saves	2026-10-08T22:50:07.8815020Z Applying migration `0013_push_subscriptions`
Populated Postgres Upgrade	Verify goal pace continuity and concurrent saves	2026-10-08T22:50:07.8894934Z Applying migration `0014_push_subscription_reminders`
Populated Postgres Upgrade	Verify goal pace continuity and concurrent saves	2026-10-08T22:50:07.8913292Z Applying migration `0014_push_subscription_user_endpoint_uniqueness`
Populated Postgres Upgrade	Verify goal pace continuity and concurrent saves	2026-10-08T22:50:07.8949028Z Applying migration `0015_reminder_preference_flags`
Populated Postgres Upgrade	Verify goal pace continuity and concurrent saves	2026-10-08T22:50:07.8974435Z Applying migration `0016_bodymetric_trend_precompute`
Populated Postgres Upgrade	Verify goal pace continuity and concurrent saves	2026-10-08T22:50:07.9033888Z Applying migration `0016_in_app_notifications`
Populated Postgres Upgrade	Verify goal pace continuity and concurrent saves	2026-10-08T22:50:07.9126939Z Applying migration `0017_haptics_preference`
Populated Postgres Upgrade	Verify goal pace continuity and concurrent saves	2026-10-08T22:50:07.9148718Z Applying migration `0017_notification_delivery_channels`
Populated Postgres Upgrade	Verify goal pace continuity and concurrent saves	2026-10-08T22:50:07.9202865Z Applying migration `0018_food_log_external_snapshots`
Populated Postgres Upgrade	Verify goal pace continuity and concurrent saves	2026-10-08T22:50:07.9228739Z Applying migration `0019_backend_server_audit_indexes`
Populated Postgres Upgrade	Verify goal pace continuity and concurrent saves	2026-10-08T22:50:07.9255986Z Applying migration `0020_goal_active_lookup_index`
Populated Postgres Upgrade	Verify goal pace continuity and concurrent saves	2026-10-08T22:50:07.9272446Z Applying migration `0021_mobile_native_client`
Populated Postgres Upgrade	Verify goal pace continuity and concurrent saves	2026-10-08T22:50:07.9470540Z Applying migration `0022_bind_native_push_to_mobile_session`
Populated Postgres Upgrade	Verify goal pace continuity and concurrent saves	2026-10-08T22:50:07.9548573Z Applying migration `0023_client_sync_foundation`
Populated Postgres Upgrade	Verify goal pace continuity and concurrent saves	2026-10-08T22:50:07.9696894Z Applying migration `0024_account_lifecycle`
Populated Postgres Upgrade	Verify goal pace continuity and concurrent saves	2026-10-08T22:50:07.9868537Z Applying migration `0025_my_food_pinning`
Populated Postgres Upgrade	Verify goal pace continuity and concurrent saves	2026-10-08T22:50:07.9902071Z Applying migration `0026_health_connect_activity`
Populated Postgres Upgrade	Verify goal pace continuity and concurrent saves	2026-10-08T22:50:08.0189978Z Applying migration `0027_wear_os_pairing`
Populated Postgres Upgrade	Verify goal pace continuity and concurrent saves	2026-10-08T22:50:08.0320601Z Applying migration `0028_watch_operation_provenance`
Populated Postgres Upgrade	Verify goal pace continuity and concurrent saves	2026-10-08T22:50:08.0364698Z Applying migration `0029_push_subscription_endpoint_ownership`
Populated Postgres Upgrade	Verify goal pace continuity and concurrent saves	2026-10-08T22:50:08.0422572Z Applying migration `0030_day_resolution_and_tracking_pauses`
Populated Postgres Upgrade	Verify goal pace continuity and concurrent saves	2026-10-08T22:50:08.0534569Z Applying migration `0031_calibration_insights`
Populated Postgres Upgrade	Verify goal pace continuity and concurrent saves	2026-10-08T22:50:08.0727156Z Applying migration `0032_weight_trend_v2`
Populated Postgres Upgrade	Verify goal pace continuity and concurrent saves	2026-10-08T22:50:08.0752414Z Applying migration `0033_weight_trend_source_revision`
Populated Postgres Upgrade	Verify goal pace continuity and concurrent saves	2026-10-08T22:50:08.0771376Z Applying migration `0034_calorie_safety_policy`
Populated Postgres Upgrade	Verify goal pace continuity and concurrent saves	2026-10-08T22:50:08.1132911Z Applying migration `0035_account_verification_and_legal_consent`
Populated Postgres Upgrade	Verify goal pace continuity and concurrent saves	2026-10-08T22:50:08.1305022Z Applying migration `0036_atomic_onboarding`
Populated Postgres Upgrade	Verify goal pace continuity and concurrent saves	2026-10-08T22:50:08.1334182Z Applying migration `0037_saved_foods_library`
Populated Postgres Upgrade	Verify goal pace continuity and concurrent saves	2026-10-08T22:50:08.1363045Z Applying migration `0038_settings_trust_center`
Populated Postgres Upgrade	Verify goal pace continuity and concurrent saves	2026-10-08T22:50:08.1588922Z Applying migration `0039_mcp_oauth`
Populated Postgres Upgrade	Verify goal pace continuity and concurrent saves	2026-10-08T22:50:08.1977845Z Applying migration `0040_ios_native_support`
Populated Postgres Upgrade	Verify goal pace continuity and concurrent saves	2026-10-08T22:50:08.1997880Z Applying migration `0041_server_settings`
Populated Postgres Upgrade	Verify goal pace continuity and concurrent saves	2026-10-08T22:50:08.2033508Z Applying migration `0043_food_day_comparison`
Populated Postgres Upgrade	Verify goal pace continuity and concurrent saves	2026-10-08T22:50:08.2055900Z Applying migration `0044_goal_pace_history`
Populated Postgres Upgrade	Verify goal pace continuity and concurrent saves	2026-10-08T22:50:08.2073840Z Applying migration `0045_firebase_identity_foundation`
Populated Postgres Upgrade	Verify goal pace continuity and concurrent saves	2026-10-08T22:50:08.2171247Z Applying migration `0046_dormant_account_deletion`
Populated Postgres Upgrade	Verify goal pace continuity and concurrent saves	2026-10-08T22:50:08.2301916Z 
Populated Postgres Upgrade	Verify goal pace continuity and concurrent saves	2026-10-08T22:50:08.2310099Z The following migration(s) have been applied:
Populated Postgres Upgrade	Verify goal pace continuity and concurrent saves	2026-10-08T22:50:08.2310643Z 
Populated Postgres Upgrade	Verify goal pace continuity and concurrent saves	2026-10-08T22:50:08.2311238Z migrations/
Populated Postgres Upgrade	Verify goal pace continuity and concurrent saves	2026-10-08T22:50:08.2311772Z   └─ 0001_init/
Populated Postgres Upgrade	Verify goal pace continuity and concurrent saves	2026-10-08T22:50:08.2312026Z     └─ migration.sql
Populated Postgres Upgrade	Verify goal pace continuity and concurrent saves	2026-10-08T22:50:08.2312295Z   └─ 0002_weight_units_grams/
Populated Postgres Upgrade	Verify goal pace continuity and concurrent saves	2026-10-08T22:50:08.2312536Z     └─ migration.sql
Populated Postgres Upgrade	Verify goal pace continuity and concurrent saves	2026-10-08T22:50:08.2312806Z   └─ 0003_bodymetric_date_only/
Populated Postgres Upgrade	Verify goal pace continuity and concurrent saves	2026-10-08T22:50:08.2313039Z     └─ migration.sql
Populated Postgres Upgrade	Verify goal pace continuity and concurrent saves	2026-10-08T22:50:08.2313299Z   └─ 0004_add_profile_fields/
Populated Postgres Upgrade	Verify goal pace continuity and concurrent saves	2026-10-08T22:50:08.2313516Z     └─ migration.sql
Populated Postgres Upgrade	Verify goal pace continuity and concurrent saves	2026-10-08T22:50:08.2313761Z   └─ 0005_add_user_timezone/
Populated Postgres Upgrade	Verify goal pace continuity and concurrent saves	2026-10-08T22:50:08.2313989Z     └─ migration.sql
Populated Postgres Upgrade	Verify goal pace continuity and concurrent saves	2026-10-08T22:50:08.2314198Z   └─ 0006_foodlog_local_date/
Populated Postgres Upgrade	Verify goal pace continuity and concurrent saves	2026-10-08T22:50:08.2314411Z     └─ migration.sql
Populated Postgres Upgrade	Verify goal pace continuity and concurrent saves	2026-10-08T22:50:08.2314643Z   └─ 0007_height_unit_preference/
Populated Postgres Upgrade	Verify goal pace continuity and concurrent saves	2026-10-08T22:50:08.2314874Z     └─ migration.sql
Populated Postgres Upgrade	Verify goal pace continuity and concurrent saves	2026-10-08T22:50:08.2315132Z   └─ 0008_meal_period_enum/
Populated Postgres Upgrade	Verify goal pace continuity and concurrent saves	2026-10-08T22:50:08.2315358Z     └─ migration.sql
Populated Postgres Upgrade	Verify goal pace continuity and concurrent saves	2026-10-08T22:50:08.2315582Z   └─ 0009_add_user_profile_image/
Populated Postgres Upgrade	Verify goal pace continuity and concurrent saves	2026-10-08T22:50:08.2315805Z     └─ migration.sql
Populated Postgres Upgrade	Verify goal pace continuity and concurrent saves	2026-10-08T22:50:08.2316000Z   └─ 0010_my_foods/
Populated Postgres Upgrade	Verify goal pace continuity and concurrent saves	2026-10-08T22:50:08.2316231Z     └─ migration.sql
Populated Postgres Upgrade	Verify goal pace continuity and concurrent saves	2026-10-08T22:50:08.2316474Z   └─ 0011_add_user_language/
Populated Postgres Upgrade	Verify goal pace continuity and concurrent saves	2026-10-08T22:50:08.2316705Z     └─ migration.sql
Populated Postgres Upgrade	Verify goal pace continuity and concurrent saves	2026-10-08T22:50:08.2316916Z   └─ 0012_session_store/
Populated Postgres Upgrade	Verify goal pace continuity and concurrent saves	2026-10-08T22:50:08.2317163Z     └─ migration.sql
Populated Postgres Upgrade	Verify goal pace continuity and concurrent saves	2026-10-08T22:50:08.2317430Z   └─ 0013_food_log_day_completion/
Populated Postgres Upgrade	Verify goal pace continuity and concurrent saves	2026-10-08T22:50:08.2317714Z     └─ migration.sql
Populated Postgres Upgrade	Verify goal pace continuity and concurrent saves	2026-10-08T22:50:08.2317932Z   └─ 0013_push_subscriptions/
Populated Postgres Upgrade	Verify goal pace continuity and concurrent saves	2026-10-08T22:50:08.2318157Z     └─ migration.sql
Populated Postgres Upgrade	Verify goal pace continuity and concurrent saves	2026-10-08T22:50:08.2318404Z   └─ 0014_push_subscription_reminders/
Populated Postgres Upgrade	Verify goal pace continuity and concurrent saves	2026-10-08T22:50:08.2318654Z     └─ migration.sql
Populated Postgres Upgrade	Verify goal pace continuity and concurrent saves	2026-10-08T22:50:08.2318945Z   └─ 0014_push_subscription_user_endpoint_uniqueness/
Populated Postgres Upgrade	Verify goal pace continuity and concurrent saves	2026-10-08T22:50:08.2319229Z     └─ migration.sql
Populated Postgres Upgrade	Verify goal pace continuity and concurrent saves	2026-10-08T22:50:08.2319464Z   └─ 0015_reminder_preference_flags/
Populated Postgres Upgrade	Verify goal pace continuity and concurrent saves	2026-10-08T22:50:08.2319718Z     └─ migration.sql
Populated Postgres Upgrade	Verify goal pace continuity and concurrent saves	2026-10-08T22:50:08.2319961Z   └─ 0016_bodymetric_trend_precompute/
Populated Postgres Upgrade	Verify goal pace continuity and concurrent saves	2026-10-08T22:50:08.2320198Z     └─ migration.sql
Populated Postgres Upgrade	Verify goal pace continuity and concurrent saves	2026-10-08T22:50:08.2320429Z   └─ 0016_in_app_notifications/
Populated Postgres Upgrade	Verify goal pace continuity and concurrent saves	2026-10-08T22:50:08.2320653Z     └─ migration.sql
Populated Postgres Upgrade	Verify goal pace continuity and concurrent saves	2026-10-08T22:50:08.2320889Z   └─ 0017_haptics_preference/
Populated Postgres Upgrade	Verify goal pace continuity and concurrent saves	2026-10-08T22:50:08.2321222Z     └─ migration.sql
Populated Postgres Upgrade	Verify goal pace continuity and concurrent saves	2026-10-08T22:50:08.2321479Z   └─ 0017_notification_delivery_channels/
Populated Postgres Upgrade	Verify goal pace continuity and concurrent saves	2026-10-08T22:50:08.2321731Z     └─ migration.sql
Populated Postgres Upgrade	Verify goal pace continuity and concurrent saves	2026-10-08T22:50:08.2321970Z   └─ 0018_food_log_external_snapshots/
Populated Postgres Upgrade	Verify goal pace continuity and concurrent saves	2026-10-08T22:50:08.2322267Z     └─ migration.sql
Populated Postgres Upgrade	Verify goal pace continuity and concurrent saves	2026-10-08T22:50:08.2322511Z   └─ 0019_backend_server_audit_indexes/
Populated Postgres Upgrade	Verify goal pace continuity and concurrent saves	2026-10-08T22:50:08.2322755Z     └─ migration.sql
Populated Postgres Upgrade	Verify goal pace continuity and concurrent saves	2026-10-08T22:50:08.2322996Z   └─ 0020_goal_active_lookup_index/
Populated Postgres Upgrade	Verify goal pace continuity and concurrent saves	2026-10-08T22:50:08.2323232Z     └─ migration.sql
Populated Postgres Upgrade	Verify goal pace continuity and concurrent saves	2026-10-08T22:50:08.2323452Z   └─ 0021_mobile_native_client/
Populated Postgres Upgrade	Verify goal pace continuity and concurrent saves	2026-10-08T22:50:08.2323668Z     └─ migration.sql
Populated Postgres Upgrade	Verify goal pace continuity and concurrent saves	2026-10-08T22:50:08.2324530Z   └─ 0022_bind_native_push_to_mobile_session/
Populated Postgres Upgrade	Verify goal pace continuity and concurrent saves	2026-10-08T22:50:08.2324786Z     └─ migration.sql
Populated Postgres Upgrade	Verify goal pace continuity and concurrent saves	2026-10-08T22:50:08.2325014Z   └─ 0023_client_sync_foundation/
Populated Postgres Upgrade	Verify goal pace continuity and concurrent saves	2026-10-08T22:50:08.2325276Z     └─ migration.sql
Populated Postgres Upgrade	Verify goal pace continuity and concurrent saves	2026-10-08T22:50:08.2325495Z   └─ 0024_account_lifecycle/
Populated Postgres Upgrade	Verify goal pace continuity and concurrent saves	2026-10-08T22:50:08.2325715Z     └─ migration.sql
Populated Postgres Upgrade	Verify goal pace continuity and concurrent saves	2026-10-08T22:50:08.2325924Z   └─ 0025_my_food_pinning/
Populated Postgres Upgrade	Verify goal pace continuity and concurrent saves	2026-10-08T22:50:08.2326136Z     └─ migration.sql
Populated Postgres Upgrade	Verify goal pace continuity and concurrent saves	2026-10-08T22:50:08.2326363Z   └─ 0026_health_connect_activity/
Populated Postgres Upgrade	Verify goal pace continuity and concurrent saves	2026-10-08T22:50:08.2326518Z     └─ migration.sql
Populated Postgres Upgrade	Verify goal pace continuity and concurrent saves	2026-10-08T22:50:08.2326657Z   └─ 0027_wear_os_pairing/
Populated Postgres Upgrade	Verify goal pace continuity and concurrent saves	2026-10-08T22:50:08.2326968Z     └─ migration.sql
Populated Postgres Upgrade	Verify goal pace continuity and concurrent saves	2026-10-08T22:50:08.2327124Z   └─ 0028_watch_operation_provenance/
Populated Postgres Upgrade	Verify goal pace continuity and concurrent saves	2026-10-08T22:50:08.2327282Z     └─ migration.sql
Populated Postgres Upgrade	Verify goal pace continuity and concurrent saves	2026-10-08T22:50:08.2327456Z   └─ 0029_push_subscription_endpoint_ownership/
Populated Postgres Upgrade	Verify goal pace continuity and concurrent saves	2026-10-08T22:50:08.2327631Z     └─ migration.sql
Populated Postgres Upgrade	Verify goal pace continuity and concurrent saves	2026-10-08T22:50:08.2327799Z   └─ 0030_day_resolution_and_tracking_pauses/
Populated Postgres Upgrade	Verify goal pace continuity and concurrent saves	2026-10-08T22:50:08.2327969Z     └─ migration.sql
Populated Postgres Upgrade	Verify goal pace continuity and concurrent saves	2026-10-08T22:50:08.2328129Z   └─ 0031_calibration_insights/
Populated Postgres Upgrade	Verify goal pace continuity and concurrent saves	2026-10-08T22:50:08.2328278Z     └─ migration.sql
Populated Postgres Upgrade	Verify goal pace continuity and concurrent saves	2026-10-08T22:50:08.2328414Z   └─ 0032_weight_trend_v2/
Populated Postgres Upgrade	Verify goal pace continuity and concurrent saves	2026-10-08T22:50:08.2328555Z     └─ migration.sql
Populated Postgres Upgrade	Verify goal pace continuity and concurrent saves	2026-10-08T22:50:08.2328716Z   └─ 0033_weight_trend_source_revision/
Populated Postgres Upgrade	Verify goal pace continuity and concurrent saves	2026-10-08T22:50:08.2328875Z     └─ migration.sql
Populated Postgres Upgrade	Verify goal pace continuity and concurrent saves	2026-10-08T22:50:08.2329024Z   └─ 0034_calorie_safety_policy/
Populated Postgres Upgrade	Verify goal pace continuity and concurrent saves	2026-10-08T22:50:08.2329175Z     └─ migration.sql
Populated Postgres Upgrade	Verify goal pace continuity and concurrent saves	2026-10-08T22:50:08.2329346Z   └─ 0035_account_verification_and_legal_consent/
Populated Postgres Upgrade	Verify goal pace continuity and concurrent saves	2026-10-08T22:50:08.2329522Z     └─ migration.sql
Populated Postgres Upgrade	Verify goal pace continuity and concurrent saves	2026-10-08T22:50:08.2329674Z   └─ 0036_atomic_onboarding/
Populated Postgres Upgrade	Verify goal pace continuity and concurrent saves	2026-10-08T22:50:08.2329818Z     └─ migration.sql
Populated Postgres Upgrade	Verify goal pace continuity and concurrent saves	2026-10-08T22:50:08.2329968Z   └─ 0037_saved_foods_library/
Populated Postgres Upgrade	Verify goal pace continuity and concurrent saves	2026-10-08T22:50:08.2330113Z     └─ migration.sql
Populated Postgres Upgrade	Verify goal pace continuity and concurrent saves	2026-10-08T22:50:08.2330262Z   └─ 0038_settings_trust_center/
Populated Postgres Upgrade	Verify goal pace continuity and concurrent saves	2026-10-08T22:50:08.2330409Z     └─ migration.sql
Populated Postgres Upgrade	Verify goal pace continuity and concurrent saves	2026-10-08T22:50:08.2330542Z   └─ 0039_mcp_oauth/
Populated Postgres Upgrade	Verify goal pace continuity and concurrent saves	2026-10-08T22:50:08.2330673Z     └─ migration.sql
Populated Postgres Upgrade	Verify goal pace continuity and concurrent saves	2026-10-08T22:50:08.2330822Z   └─ 0040_ios_native_support/
Populated Postgres Upgrade	Verify goal pace continuity and concurrent saves	2026-10-08T22:50:08.2331132Z     └─ migration.sql
Populated Postgres Upgrade	Verify goal pace continuity and concurrent saves	2026-10-08T22:50:08.2331316Z   └─ 0041_server_settings/
Populated Postgres Upgrade	Verify goal pace continuity and concurrent saves	2026-10-08T22:50:08.2331457Z     └─ migration.sql
Populated Postgres Upgrade	Verify goal pace continuity and concurrent saves	2026-10-08T22:50:08.2331627Z   └─ 0043_food_day_comparison/
Populated Postgres Upgrade	Verify goal pace continuity and concurrent saves	2026-10-08T22:50:08.2331777Z     └─ migration.sql
Populated Postgres Upgrade	Verify goal pace continuity and concurrent saves	2026-10-08T22:50:08.2331916Z   └─ 0044_goal_pace_history/
Populated Postgres Upgrade	Verify goal pace continuity and concurrent saves	2026-10-08T22:50:08.2332061Z     └─ migration.sql
Populated Postgres Upgrade	Verify goal pace continuity and concurrent saves	2026-10-08T22:50:08.2332218Z   └─ 0045_firebase_identity_foundation/
Populated Postgres Upgrade	Verify goal pace continuity and concurrent saves	2026-10-08T22:50:08.2332377Z     └─ migration.sql
Populated Postgres Upgrade	Verify goal pace continuity and concurrent saves	2026-10-08T22:50:08.2332530Z   └─ 0046_dormant_account_deletion/
Populated Postgres Upgrade	Verify goal pace continuity and concurrent saves	2026-10-08T22:50:08.2332693Z     └─ migration.sql
Populated Postgres Upgrade	Verify goal pace continuity and concurrent saves	2026-10-08T22:50:08.2332764Z 
Populated Postgres Upgrade	Verify goal pace continuity and concurrent saves	2026-10-08T22:50:08.2332869Z All migrations have been successfully applied.
Populated Postgres Upgrade	Verify goal pace continuity and concurrent saves	2026-10-08T22:50:09.2771189Z [goal-pace-smoke] PASS: overlapping weight route commits; stale pace returns409 with no revision.
Populated Postgres Upgrade	Verify goal pace continuity and concurrent saves	2026-10-08T22:50:09.3072162Z [goal-pace-smoke] PASS: overlapping timezone route commits; stale pace returns409 with no revision.
Populated Postgres Upgrade	Verify goal pace continuity and concurrent saves	2026-10-08T22:50:09.3708876Z [goal-pace-smoke] PASS: pace-first profile conflict returns retryable409, rolls back, and succeeds on fresh retry.
Populated Postgres Upgrade	Verify goal pace continuity and concurrent saves	2026-10-08T22:50:09.4193201Z [goal-pace-smoke] PASS: pace-first overlap makes the later weight safety check review the accepted pace.
Populated Postgres Upgrade	Verify goal pace continuity and concurrent saves	2026-10-08T22:50:09.4217892Z [goal-pace-smoke] PASS: real Postgres continuity, receipt replay, concurrent stale-editor rejection, immutable completed comparison and intentional new identity.
Populated Postgres Upgrade	Post Setup Node	﻿2026-10-08T22:50:09.6098519Z Post job cleanup.
Populated Postgres Upgrade	Post Setup Node	2026-10-08T22:50:09.6893492Z (node:3010) [DEP0040] DeprecationWarning: The `punycode` module is deprecated. Please use a userland alternative instead.
Populated Postgres Upgrade	Post Setup Node	2026-10-08T22:50:09.6894010Z (Use `node --trace-deprecation ...` to show where the warning was created)
Populated Postgres Upgrade	Post Setup Node	2026-10-08T22:50:09.7038996Z [command]/usr/bin/tar --posix -cf cache.tzst --exclude cache.tzst -P -C /home/runner/work/calibrate-health/calibrate-health --files-from manifest.txt --use-compress-program zstdmt
Populated Postgres Upgrade	Post Setup Node	2026-10-08T22:50:10.0759057Z Failed to save: Unable to reserve cache with key node-cache-Linux-x64-npm-9ad1fc3d02200f097d647c965e5a2c426e45ead6e22fb282009302d8eeb7a3d3, another job may be creating this cache.
Populated Postgres Upgrade	Post Checkout	﻿2026-10-08T22:50:10.0968797Z Post job cleanup.
Populated Postgres Upgrade	Post Checkout	2026-10-08T22:50:10.1520412Z [command]/usr/bin/git version
Populated Postgres Upgrade	Post Checkout	2026-10-08T22:50:10.1553453Z git version 2.55.0
Populated Postgres Upgrade	Post Checkout	2026-10-08T22:50:10.1576699Z Temporarily overriding HOME='/home/runner/work/_temp/b78aa642-a050-4489-bcd8-21d8ecdd5cba' before making global git config changes
Populated Postgres Upgrade	Post Checkout	2026-10-08T22:50:10.1577489Z Adding repository directory to the temporary git global config as a safe directory
Populated Postgres Upgrade	Post Checkout	2026-10-08T22:50:10.1580786Z [command]/usr/bin/git config --global --add safe.directory /home/runner/work/calibrate-health/calibrate-health
Populated Postgres Upgrade	Post Checkout	2026-10-08T22:50:10.1611750Z [command]/usr/bin/git config --local --name-only --get-regexp core\.sshCommand
Populated Postgres Upgrade	Post Checkout	2026-10-08T22:50:10.1672833Z [command]/usr/bin/git submodule foreach --recursive sh -c "git config --local --name-only --get-regexp 'core\.sshCommand' && git config --local --unset-all 'core.sshCommand' || :"
Populated Postgres Upgrade	Post Checkout	2026-10-08T22:50:10.1870486Z [command]/usr/bin/git config --local --name-only --get-regexp http\.https\:\/\/github\.com\/\.extraheader
Populated Postgres Upgrade	Post Checkout	2026-10-08T22:50:10.1896948Z http.https://github.com/.extraheader
Populated Postgres Upgrade	Post Checkout	2026-10-08T22:50:10.1905242Z [command]/usr/bin/git config --local --unset-all http.https://github.com/.extraheader
Populated Postgres Upgrade	Post Checkout	2026-10-08T22:50:10.1935959Z [command]/usr/bin/git submodule foreach --recursive sh -c "git config --local --name-only --get-regexp 'http\.https\:\/\/github\.com\/\.extraheader' && git config --local --unset-all 'http.https://github.com/.extraheader' || :"
Populated Postgres Upgrade	Post Checkout	2026-10-08T22:50:10.2132194Z [command]/usr/bin/git config --local --name-only --get-regexp ^includeIf\.gitdir:
Populated Postgres Upgrade	Post Checkout	2026-10-08T22:50:10.2163621Z [command]/usr/bin/git submodule foreach --recursive git config --local --show-origin --name-only --get-regexp remote.origin.url
Populated Postgres Upgrade	Stop containers	﻿2026-10-08T22:50:10.2435865Z Print service container logs: 27e6d73d36f44beca576f8377a17bb62_postgres15alpine_63904a
Populated Postgres Upgrade	Stop containers	2026-10-08T22:50:10.2438692Z ##[command]/usr/bin/docker logs --details 5bee715791d3e58d4ad19c17042c6a3d2248438756eda1b95f93f017466ee085
Populated Postgres Upgrade	Stop containers	2026-10-08T22:50:10.2531146Z  sh: locale: not found
Populated Postgres Upgrade	Stop containers	2026-10-08T22:50:10.2531503Z  2026-10-08 22:49:46.963 UTC [35] WARNING:  no usable system locales were found
Populated Postgres Upgrade	Stop containers	2026-10-08T22:50:10.2532002Z  initdb: warning: enabling "trust" authentication for local connections
Populated Postgres Upgrade	Stop containers	2026-10-08T22:50:10.2541583Z  initdb: hint: You can change this by editing pg_hba.conf or using the option -A, or --auth-local and --auth-host, the next time you run initdb.
Populated Postgres Upgrade	Stop containers	2026-10-08T22:50:10.2542382Z  2026-10-08 22:49:47.883 UTC [1] LOG:  starting PostgreSQL 15.19 on x86_64-pc-linux-musl, compiled by gcc (Alpine 15.2.0) 15.2.0, 64-bit
Populated Postgres Upgrade	Stop containers	2026-10-08T22:50:10.2542950Z  2026-10-08 22:49:47.883 UTC [1] LOG:  listening on IPv4 address "0.0.0.0", port 5432
Populated Postgres Upgrade	Stop containers	2026-10-08T22:50:10.2543371Z  2026-10-08 22:49:47.883 UTC [1] LOG:  listening on IPv6 address "::", port 5432
Populated Postgres Upgrade	Stop containers	2026-10-08T22:50:10.2543889Z  2026-10-08 22:49:47.884 UTC [1] LOG:  listening on Unix socket "/var/run/postgresql/.s.PGSQL.5432"
Populated Postgres Upgrade	Stop containers	2026-10-08T22:50:10.2544398Z  2026-10-08 22:49:47.886 UTC [57] LOG:  database system was shut down at 2026-10-08 22:49:47 UTC
Populated Postgres Upgrade	Stop containers	2026-10-08T22:50:10.2544860Z  2026-10-08 22:49:47.890 UTC [1] LOG:  database system is ready to accept connections
Populated Postgres Upgrade	Stop containers	2026-10-08T22:50:10.2545279Z  2026-10-08 22:50:04.099 UTC [109] ERROR:  Firebase identity mapping is immutable
Populated Postgres Upgrade	Stop containers	2026-10-08T22:50:10.2545930Z  2026-10-08 22:50:04.099 UTC [109] CONTEXT:  PL/pgSQL function calibrate_upgrade_smoke_2731_aff51da41752.calibrate_immutable_firebase_identity() line 15 at RAISE
Populated Postgres Upgrade	Stop containers	2026-10-08T22:50:10.2546837Z  2026-10-08 22:50:04.099 UTC [109] STATEMENT:  UPDATE "calibrate_upgrade_smoke_2731_aff51da41752"."FirebaseIdentity" SET "uid" = 'changed-uid' WHERE "user_id" = $1
Populated Postgres Upgrade	Stop containers	2026-10-08T22:50:10.2547554Z  2026-10-08 22:50:04.100 UTC [109] ERROR:  Firebase identity mapping cannot be removed from a live account
Populated Postgres Upgrade	Stop containers	2026-10-08T22:50:10.2548277Z  2026-10-08 22:50:04.100 UTC [109] CONTEXT:  PL/pgSQL function calibrate_upgrade_smoke_2731_aff51da41752.calibrate_immutable_firebase_identity() line 8 at RAISE
Populated Postgres Upgrade	Stop containers	2026-10-08T22:50:10.2549368Z  2026-10-08 22:50:04.100 UTC [109] STATEMENT:  DELETE FROM "calibrate_upgrade_smoke_2731_aff51da41752"."FirebaseIdentity" WHERE "user_id" = $1
Populated Postgres Upgrade	Stop containers	2026-10-08T22:50:10.2550096Z  2026-10-08 22:50:04.102 UTC [109] ERROR:  duplicate key value violates unique constraint "FirebaseIdentity_project_id_uid_key"
Populated Postgres Upgrade	Stop containers	2026-10-08T22:50:10.2550739Z  2026-10-08 22:50:04.102 UTC [109] DETAIL:  Key (project_id, uid)=(synthetic-project, synthetic-uid) already exists.
Populated Postgres Upgrade	Stop containers	2026-10-08T22:50:10.2560422Z  2026-10-08 22:50:04.102 UTC [109] STATEMENT:  INSERT INTO "calibrate_upgrade_smoke_2731_aff51da41752"."FirebaseIdentity" ("user_id", "installation_id", "source_id", "project_id", "uid")
Populated Postgres Upgrade	Stop containers	2026-10-08T22:50:10.2561583Z  	      VALUES ($1, 'synthetic-install', 'synthetic-source', 'synthetic-project', 'synthetic-uid')
Populated Postgres Upgrade	Stop containers	2026-10-08T22:50:10.2562127Z  2026-10-08 22:50:04.118 UTC [109] ERROR:  Credential security version cannot decrease
Populated Postgres Upgrade	Stop containers	2026-10-08T22:50:10.2562638Z  The files belonging to this database system will be owned by user "postgres".
Populated Postgres Upgrade	Stop containers	2026-10-08T22:50:10.2562908Z  This user must also own the server process.
Populated Postgres Upgrade	Stop containers	2026-10-08T22:50:10.2563056Z  
Populated Postgres Upgrade	Stop containers	2026-10-08T22:50:10.2563263Z  The database cluster will be initialized with locale "en_US.utf8".
Populated Postgres Upgrade	Stop containers	2026-10-08T22:50:10.2563618Z  The default database encoding has accordingly been set to "UTF8".
Populated Postgres Upgrade	Stop containers	2026-10-08T22:50:10.2563966Z  The default text search configuration will be set to "english".
Populated Postgres Upgrade	Stop containers	2026-10-08T22:50:10.2564216Z  
Populated Postgres Upgrade	Stop containers	2026-10-08T22:50:10.2564327Z  Data page checksums are disabled.
Populated Postgres Upgrade	Stop containers	2026-10-08T22:50:10.2564580Z  
Populated Postgres Upgrade	Stop containers	2026-10-08T22:50:10.2564923Z  fixing permissions on existing directory /var/lib/postgresql/data ... ok
Populated Postgres Upgrade	Stop containers	2026-10-08T22:50:10.2565230Z  creating subdirectories ... ok
Populated Postgres Upgrade	Stop containers	2026-10-08T22:50:10.2575871Z  selecting dynamic shared memory implementation ... posix
Populated Postgres Upgrade	Stop containers	2026-10-08T22:50:10.2576086Z  selecting default max_connections ... 100
Populated Postgres Upgrade	Stop containers	2026-10-08T22:50:10.2576472Z  selecting default shared_buffers ... 128MB
Populated Postgres Upgrade	Stop containers	2026-10-08T22:50:10.2576630Z  selecting default time zone ... UTC
Populated Postgres Upgrade	Stop containers	2026-10-08T22:50:10.2576780Z  creating configuration files ... ok
Populated Postgres Upgrade	Stop containers	2026-10-08T22:50:10.2576926Z  running bootstrap script ... ok
Populated Postgres Upgrade	Stop containers	2026-10-08T22:50:10.2577093Z  performing post-bootstrap initialization ... ok
Populated Postgres Upgrade	Stop containers	2026-10-08T22:50:10.2577261Z  syncing data to disk ... ok
Populated Postgres Upgrade	Stop containers	2026-10-08T22:50:10.2577384Z  
Populated Postgres Upgrade	Stop containers	2026-10-08T22:50:10.2577474Z  
Populated Postgres Upgrade	Stop containers	2026-10-08T22:50:10.2577598Z  Success. You can now start the database server using:
Populated Postgres Upgrade	Stop containers	2026-10-08T22:50:10.2577759Z  
Populated Postgres Upgrade	Stop containers	2026-10-08T22:50:10.2577888Z      pg_ctl -D /var/lib/postgresql/data -l logfile start
Populated Postgres Upgrade	Stop containers	2026-10-08T22:50:10.2578050Z  
Populated Postgres Upgrade	Stop containers	2026-10-08T22:50:10.2578375Z  waiting for server to start....2026-10-08 22:49:47.617 UTC [41] LOG:  starting PostgreSQL 15.19 on x86_64-pc-linux-musl, compiled by gcc (Alpine 15.2.0) 15.2.0, 64-bit
Populated Postgres Upgrade	Stop containers	2026-10-08T22:50:10.2578795Z  2026-10-08 22:49:47.618 UTC [41] LOG:  listening on Unix socket "/var/run/postgresql/.s.PGSQL.5432"
Populated Postgres Upgrade	Stop containers	2026-10-08T22:50:10.2579096Z  2026-10-08 22:49:47.620 UTC [44] LOG:  database system was shut down at 2026-10-08 22:49:47 UTC
Populated Postgres Upgrade	Stop containers	2026-10-08T22:50:10.2579367Z  2026-10-08 22:49:47.623 UTC [41] LOG:  database system is ready to accept connections
Populated Postgres Upgrade	Stop containers	2026-10-08T22:50:10.2579566Z   done
Populated Postgres Upgrade	Stop containers	2026-10-08T22:50:10.2579666Z  server started
Populated Postgres Upgrade	Stop containers	2026-10-08T22:50:10.2579776Z  CREATE DATABASE
Populated Postgres Upgrade	Stop containers	2026-10-08T22:50:10.2579879Z  
Populated Postgres Upgrade	Stop containers	2026-10-08T22:50:10.2579970Z  
Populated Postgres Upgrade	Stop containers	2026-10-08T22:50:10.2580139Z  /usr/local/bin/docker-entrypoint.sh: ignoring /docker-entrypoint-initdb.d/*
Populated Postgres Upgrade	Stop containers	2026-10-08T22:50:10.2580344Z  
Populated Postgres Upgrade	Stop containers	2026-10-08T22:50:10.2580536Z  waiting for server to shut down....2026-10-08 22:49:47.757 UTC [41] LOG:  received fast shutdown request
Populated Postgres Upgrade	Stop containers	2026-10-08T22:50:10.2580813Z  2026-10-08 22:49:47.757 UTC [41] LOG:  aborting any active transactions
Populated Postgres Upgrade	Stop containers	2026-10-08T22:50:10.2581282Z  2026-10-08 22:49:47.760 UTC [41] LOG:  background worker "logical replication launcher" (PID 47) exited with exit code 1
Populated Postgres Upgrade	Stop containers	2026-10-08T22:50:10.2581567Z  2026-10-08 22:49:47.761 UTC [42] LOG:  shutting down
Populated Postgres Upgrade	Stop containers	2026-10-08T22:50:10.2581777Z  2026-10-08 22:49:47.761 UTC [42] LOG:  checkpoint starting: shutdown immediate
Populated Postgres Upgrade	Stop containers	2026-10-08T22:50:10.2582422Z  2026-10-08 22:49:47.834 UTC [42] LOG:  checkpoint complete: wrote 922 buffers (5.6%); 0 WAL file(s) added, 0 removed, 0 recycled; write=0.065 s, sync=0.008 s, total=0.074 s; sync files=301, longest=0.007 s, average=0.001 s; distance=4249 kB, estimate=4249 kB
Populated Postgres Upgrade	Stop containers	2026-10-08T22:50:10.2582918Z  2026-10-08 22:49:47.840 UTC [41] LOG:  database system is shut down
Populated Postgres Upgrade	Stop containers	2026-10-08T22:50:10.2583092Z   done
Populated Postgres Upgrade	Stop containers	2026-10-08T22:50:10.2583193Z  server stopped
Populated Postgres Upgrade	Stop containers	2026-10-08T22:50:10.2583297Z  
Populated Postgres Upgrade	Stop containers	2026-10-08T22:50:10.2583427Z  PostgreSQL init process complete; ready for start up.
Populated Postgres Upgrade	Stop containers	2026-10-08T22:50:10.2583587Z  
Populated Postgres Upgrade	Stop containers	2026-10-08T22:50:10.2583886Z  2026-10-08 22:50:04.118 UTC [109] CONTEXT:  PL/pgSQL function calibrate_upgrade_smoke_2731_aff51da41752.calibrate_credential_security_version() line 4 at RAISE
Populated Postgres Upgrade	Stop containers	2026-10-08T22:50:10.2584393Z  2026-10-08 22:50:04.118 UTC [109] STATEMENT:  UPDATE "calibrate_upgrade_smoke_2731_aff51da41752"."User" SET "credential_security_version" = 0 WHERE "id" = $1
Populated Postgres Upgrade	Stop containers	2026-10-08T22:50:10.2584821Z  2026-10-08 22:50:06.243 UTC [135] ERROR:  duplicate key value violates unique constraint "BodyMetricTrend_pkey"
Populated Postgres Upgrade	Stop containers	2026-10-08T22:50:10.2585128Z  2026-10-08 22:50:06.243 UTC [135] DETAIL:  Key (metric_id)=(1700000000) already exists.
Populated Postgres Upgrade	Stop containers	2026-10-08T22:50:10.2586402Z  2026-10-08 22:50:06.243 UTC [135] STATEMENT:  INSERT INTO "calibrate_upgrade_smoke_weight_trend_2841_e9a392ac5b52"."BodyMetricTrend" ("metric_id","user_id","date","trend_weight_grams","trend_ci_lower_grams","trend_ci_upper_grams","trend_std_grams","trend_rate_grams_per_day","trend_rate_std_grams_per_day","model_version","source_revision","computed_at") VALUES ($1,$2,$3,$4,$5,$6,$7,$8,$9,$10,$11,$12), ($13,$14,$15,$16,$17,$18,$19,$20,$21,$22,$23,$24), ($25,$26,$27,$28,$29,$30,$31,$32,$33,$34,$35,$36), ($37,$38,$39,$40,$41,$42,$43,$44,$45,$46,$47,$48), ($49,$50,$51,$52,$53,$54,$55,$56,$57,$58,$59,$60), ($61,$62,$63,$64,$65,$66,$67,$68,$69,$70,$71,$72), ($73,$74,$75,$76,$77,$78,$79,$80,$81,$82,$83,$84), ($85,$86,$87,$88,$89,$90,$91,$92,$93,$94,$95,$96), ($97,$98,$99,$100,$101,$102,$103,$104,$105,$106,$107,$108), ($109,$110,$111,$112,$113,$114,$115,$116,$117,$118,$119,$120), ($121,$122,$123,$124,$125,$126,$127,$128,$129,$130,$131,$132), ($133,$134,$135,$136,$137,$138,$139,$140,$141,$142,$143,$144)
Populated Postgres Upgrade	Stop containers	2026-10-08T22:50:10.2587855Z  2026-10-08 22:50:09.144 UTC [152] ERROR:  duplicate key value violates unique constraint "ClientOperation_user_id_operation_id_key"
Populated Postgres Upgrade	Stop containers	2026-10-08T22:50:10.2588264Z  2026-10-08 22:50:09.144 UTC [152] DETAIL:  Key (user_id, operation_id)=(1, 52e39118-d26d-46a2-bce5-62bd88697a07) already exists.
Populated Postgres Upgrade	Stop containers	2026-10-08T22:50:10.2590219Z  2026-10-08 22:50:09.144 UTC [152] STATEMENT:  INSERT INTO "calibrate_upgrade_smoke_goal_pace_63e6f1f6e7f90f3f"."ClientOperation" ("user_id","operation_id","operation_kind","request_hash","created_at") VALUES ($1,$2,$3,$4,$5) RETURNING "calibrate_upgrade_smoke_goal_pace_63e6f1f6e7f90f3f"."ClientOperation"."id", "calibrate_upgrade_smoke_goal_pace_63e6f1f6e7f90f3f"."ClientOperation"."user_id", "calibrate_upgrade_smoke_goal_pace_63e6f1f6e7f90f3f"."ClientOperation"."mobile_auth_session_id", "calibrate_upgrade_smoke_goal_pace_63e6f1f6e7f90f3f"."ClientOperation"."operation_id", "calibrate_upgrade_smoke_goal_pace_63e6f1f6e7f90f3f"."ClientOperation"."operation_kind", "calibrate_upgrade_smoke_goal_pace_63e6f1f6e7f90f3f"."ClientOperation"."request_hash", "calibrate_upgrade_smoke_goal_pace_63e6f1f6e7f90f3f"."ClientOperation"."response_status", "calibrate_upgrade_smoke_goal_pace_63e6f1f6e7f90f3f"."ClientOperation"."response_body", "calibrate_upgrade_smoke_goal_pace_63e6f1f6e7f90f3f"."ClientOperation"."created_at", "calibrate_upgrade_smoke_goal_pace_63e6f1f6e7f90f3f"."ClientOperation"."completed_at"
Populated Postgres Upgrade	Stop containers	2026-10-08T22:50:10.2592388Z  2026-10-08 22:50:09.226 UTC [154] ERROR:  could not serialize access due to read/write dependencies among transactions
Populated Postgres Upgrade	Stop containers	2026-10-08T22:50:10.2592746Z  2026-10-08 22:50:09.226 UTC [154] DETAIL:  Reason code: Canceled on conflict out to pivot 1918, during read.
Populated Postgres Upgrade	Stop containers	2026-10-08T22:50:10.2593042Z  2026-10-08 22:50:09.226 UTC [154] HINT:  The transaction might succeed if retried.
Populated Postgres Upgrade	Stop containers	2026-10-08T22:50:10.2593560Z  2026-10-08 22:50:09.226 UTC [154] CONTEXT:  SQL statement "SELECT 1 FROM ONLY "calibrate_upgrade_smoke_goal_pace_63e6f1f6e7f90f3f"."User" x WHERE "id" OPERATOR(pg_catalog.=) $1 FOR KEY SHARE OF x"
Populated Postgres Upgrade	Stop containers	2026-10-08T22:50:10.2595609Z  2026-10-08 22:50:09.226 UTC [154] STATEMENT:  INSERT INTO "calibrate_upgrade_smoke_goal_pace_63e6f1f6e7f90f3f"."ClientOperation" ("user_id","operation_id","operation_kind","request_hash","created_at") VALUES ($1,$2,$3,$4,$5) RETURNING "calibrate_upgrade_smoke_goal_pace_63e6f1f6e7f90f3f"."ClientOperation"."id", "calibrate_upgrade_smoke_goal_pace_63e6f1f6e7f90f3f"."ClientOperation"."user_id", "calibrate_upgrade_smoke_goal_pace_63e6f1f6e7f90f3f"."ClientOperation"."mobile_auth_session_id", "calibrate_upgrade_smoke_goal_pace_63e6f1f6e7f90f3f"."ClientOperation"."operation_id", "calibrate_upgrade_smoke_goal_pace_63e6f1f6e7f90f3f"."ClientOperation"."operation_kind", "calibrate_upgrade_smoke_goal_pace_63e6f1f6e7f90f3f"."ClientOperation"."request_hash", "calibrate_upgrade_smoke_goal_pace_63e6f1f6e7f90f3f"."ClientOperation"."response_status", "calibrate_upgrade_smoke_goal_pace_63e6f1f6e7f90f3f"."ClientOperation"."response_body", "calibrate_upgrade_smoke_goal_pace_63e6f1f6e7f90f3f"."ClientOperation"."created_at", "calibrate_upgrade_smoke_goal_pace_63e6f1f6e7f90f3f"."ClientOperation"."completed_at"
Populated Postgres Upgrade	Stop containers	2026-10-08T22:50:10.2597610Z  2026-10-08 22:50:09.261 UTC [152] ERROR:  could not serialize access due to concurrent update
Populated Postgres Upgrade	Stop containers	2026-10-08T22:50:10.2597911Z  2026-10-08 22:50:09.261 UTC [152] STATEMENT:  UPDATE "User" SET "timezone" = "timezone" WHERE "id" = $1
Populated Postgres Upgrade	Stop containers	2026-10-08T22:50:10.2598214Z  2026-10-08 22:50:09.305 UTC [152] ERROR:  could not serialize access due to concurrent update
Populated Postgres Upgrade	Stop containers	2026-10-08T22:50:10.2598513Z  2026-10-08 22:50:09.305 UTC [152] STATEMENT:  UPDATE "User" SET "timezone" = "timezone" WHERE "id" = $1
Populated Postgres Upgrade	Stop containers	2026-10-08T22:50:10.2598888Z  2026-10-08 22:50:09.358 UTC [154] ERROR:  could not serialize access due to concurrent update
Populated Postgres Upgrade	Stop containers	2026-10-08T22:50:10.2602269Z  2026-10-08 22:50:09.358 UTC [154] STATEMENT:  UPDATE "calibrate_upgrade_smoke_goal_pace_63e6f1f6e7f90f3f"."User" SET "timezone" = $1 WHERE ("calibrate_upgrade_smoke_goal_pace_63e6f1f6e7f90f3f"."User"."id" = $2 AND 1=1) RETURNING "calibrate_upgrade_smoke_goal_pace_63e6f1f6e7f90f3f"."User"."id", "calibrate_upgrade_smoke_goal_pace_63e6f1f6e7f90f3f"."User"."email", "calibrate_upgrade_smoke_goal_pace_63e6f1f6e7f90f3f"."User"."created_at", "calibrate_upgrade_smoke_goal_pace_63e6f1f6e7f90f3f"."User"."onboarding_completed_at", "calibrate_upgrade_smoke_goal_pace_63e6f1f6e7f90f3f"."User"."weight_unit"::text, "calibrate_upgrade_smoke_goal_pace_63e6f1f6e7f90f3f"."User"."height_unit"::text, "calibrate_upgrade_smoke_goal_pace_63e6f1f6e7f90f3f"."User"."timezone", "calibrate_upgrade_smoke_goal_pace_63e6f1f6e7f90f3f"."User"."language", "calibrate_upgrade_smoke_goal_pace_63e6f1f6e7f90f3f"."User"."reminder_log_weight_enabled", "calibrate_upgrade_smoke_goal_pace_63e6f1f6e7f90f3f"."User"."reminder_log_food_enabled", "calibrate_upgrade_smoke_goal_pace_63e6f1f6e7f90f3f"."User"."reminder_log_weight_minute", "calibrate_upgrade_smoke_goal_pace_63e6f1f6e7f90f3f"."User"."reminder_log_food_minute", "calibrate_upgrade_smoke_goal_pace_63e6f1f6e7f90f3f"."User"."reminder_quiet_hours_start_minute", "calibrate_upgrade_smoke_goal_pace_63e6f1f6e7f90f3f"."User"."reminder_quiet_hours_end_minute", "calibrate_upgrade_smoke_goal_pace_63e6f1f6e7f90f3f"."User"."haptics_enabled", "calibrate_upgrade_smoke_goal_pace_63e6f1f6e7f90f3f"."User"."date_of_birth", "calibrate_upgrade_smoke_goal_pace_63e6f1f6e7f90f3f"."User"."sex"::text, "calibrate_upgrade_smoke_goal_pace_63e6f1f6e7f90f3f"."User"."height_mm", "calibrate_upgrade_smoke_goal_pace_63e6f1f6e7f90f3f"."User"."activity_level"::text, "calibrate_upgrade_smoke_goal_pace_63e6f1f6e7f90f3f"."User"."profile_image", "calibrate_upgrade_smoke_goal_pace_63e6f1f6e7f90f3f"."User"."profile_image_mime_type", "calibrate_upgrade_smoke_goal_pace_63e6f1f6e7f90f3f"."User"."email_verified_at"
Populated Postgres Upgrade	Stop containers	2026-10-08T22:50:10.2609098Z Stop and remove container: 27e6d73d36f44beca576f8377a17bb62_postgres15alpine_63904a
Populated Postgres Upgrade	Stop containers	2026-10-08T22:50:10.2613020Z ##[command]/usr/bin/docker rm --force 5bee715791d3e58d4ad19c17042c6a3d2248438756eda1b95f93f017466ee085
Populated Postgres Upgrade	Stop containers	2026-10-08T22:50:15.1794435Z 5bee715791d3e58d4ad19c17042c6a3d2248438756eda1b95f93f017466ee085
Populated Postgres Upgrade	Stop containers	2026-10-08T22:50:15.1818991Z Remove container network: github_network_15dd549ef29c4653a66e488b2f008178
Populated Postgres Upgrade	Stop containers	2026-10-08T22:50:15.1821708Z ##[command]/usr/bin/docker network rm github_network_15dd549ef29c4653a66e488b2f008178
Populated Postgres Upgrade	Stop containers	2026-10-08T22:50:15.2719556Z github_network_15dd549ef29c4653a66e488b2f008178
Populated Postgres Upgrade	Complete job	﻿2026-10-08T22:50:15.2772893Z Cleaning up orphan processes
Populated Postgres Upgrade	Complete job	2026-10-08T22:50:15.2970672Z ##[warning]Node.js 20 is deprecated. The following actions target Node.js 20 but are being forced to run on Node.js 24: actions/checkout@v4, actions/setup-node@v4. For more information see: https://github.blog/changelog/2025-09-19-deprecation-of-node-20-on-github-actions-runners/
v0.14.0 Upgrade and Encrypted Rollback	Set up job	﻿2026-10-08T22:49:41.7554612Z Current runner version: '2.337.0'
v0.14.0 Upgrade and Encrypted Rollback	Set up job	2026-10-08T22:49:41.7578593Z ##[group]Runner Image Provisioner
v0.14.0 Upgrade and Encrypted Rollback	Set up job	2026-10-08T22:49:41.7579580Z Hosted Compute Agent
v0.14.0 Upgrade and Encrypted Rollback	Set up job	2026-10-08T22:49:41.7580253Z Version: 20261002.596
v0.14.0 Upgrade and Encrypted Rollback	Set up job	2026-10-08T22:49:41.7580894Z Commit: c3d12f3313a95f25162a1503be624f3b0617f8c0
v0.14.0 Upgrade and Encrypted Rollback	Set up job	2026-10-08T22:49:41.7581727Z Build Date: 2026-10-02T22:28:27Z
v0.14.0 Upgrade and Encrypted Rollback	Set up job	2026-10-08T22:49:41.7582454Z Worker ID: {2302a7db-f1c9-4f65-ab32-40dac78547b9}
v0.14.0 Upgrade and Encrypted Rollback	Set up job	2026-10-08T22:49:41.7583247Z Region: centralus
v0.14.0 Upgrade and Encrypted Rollback	Set up job	2026-10-08T22:49:41.7584341Z Cloud: Azure
v0.14.0 Upgrade and Encrypted Rollback	Set up job	2026-10-08T22:49:41.7584949Z ##[endgroup]
v0.14.0 Upgrade and Encrypted Rollback	Set up job	2026-10-08T22:49:41.7586534Z ##[group]Operating System
v0.14.0 Upgrade and Encrypted Rollback	Set up job	2026-10-08T22:49:41.7587196Z Ubuntu
v0.14.0 Upgrade and Encrypted Rollback	Set up job	2026-10-08T22:49:41.7587737Z 24.04.5
v0.14.0 Upgrade and Encrypted Rollback	Set up job	2026-10-08T22:49:41.7588408Z LTS
v0.14.0 Upgrade and Encrypted Rollback	Set up job	2026-10-08T22:49:41.7588975Z ##[endgroup]
v0.14.0 Upgrade and Encrypted Rollback	Set up job	2026-10-08T22:49:41.7589607Z ##[group]Runner Image
v0.14.0 Upgrade and Encrypted Rollback	Set up job	2026-10-08T22:49:41.7590323Z Image: ubuntu-24.04
v0.14.0 Upgrade and Encrypted Rollback	Set up job	2026-10-08T22:49:41.7590928Z Version: 20261004.327.1
v0.14.0 Upgrade and Encrypted Rollback	Set up job	2026-10-08T22:49:41.7592119Z Included Software: https://github.com/actions/runner-images/blob/ubuntu24/20261004.327/images/ubuntu/Ubuntu2404-Readme.md
v0.14.0 Upgrade and Encrypted Rollback	Set up job	2026-10-08T22:49:41.7594090Z Image Release: https://github.com/actions/runner-images/releases/tag/ubuntu24%2F20261004.327
v0.14.0 Upgrade and Encrypted Rollback	Set up job	2026-10-08T22:49:41.7595148Z ##[endgroup]
v0.14.0 Upgrade and Encrypted Rollback	Set up job	2026-10-08T22:49:41.7596342Z ##[group]GITHUB_TOKEN Permissions
v0.14.0 Upgrade and Encrypted Rollback	Set up job	2026-10-08T22:49:41.7598564Z Contents: read
v0.14.0 Upgrade and Encrypted Rollback	Set up job	2026-10-08T22:49:41.7599232Z Metadata: read
v0.14.0 Upgrade and Encrypted Rollback	Set up job	2026-10-08T22:49:41.7599984Z ##[endgroup]
v0.14.0 Upgrade and Encrypted Rollback	Set up job	2026-10-08T22:49:41.7601963Z Secret source: Actions
v0.14.0 Upgrade and Encrypted Rollback	Set up job	2026-10-08T22:49:41.7603066Z Cache mode: write
v0.14.0 Upgrade and Encrypted Rollback	Set up job	2026-10-08T22:49:41.7604193Z Prepare workflow directory
v0.14.0 Upgrade and Encrypted Rollback	Set up job	2026-10-08T22:49:41.8140587Z Prepare all required actions
v0.14.0 Upgrade and Encrypted Rollback	Set up job	2026-10-08T22:49:41.8188214Z Getting action download info
v0.14.0 Upgrade and Encrypted Rollback	Set up job	2026-10-08T22:49:42.0980884Z Download action repository 'actions/checkout@v4' (SHA:11d5960a326750d5838078e36cf38b85af677262)
v0.14.0 Upgrade and Encrypted Rollback	Set up job	2026-10-08T22:49:42.2228352Z Download action repository 'actions/setup-node@v4' (SHA:49933ea5288caeca8642d1e84afbd3f7d6820020)
v0.14.0 Upgrade and Encrypted Rollback	Set up job	2026-10-08T22:49:42.4110607Z Complete job name: v0.14.0 Upgrade and Encrypted Rollback
v0.14.0 Upgrade and Encrypted Rollback	Checkout candidate C with immutable base tag	﻿2026-10-08T22:49:42.4806934Z ##[group]Run actions/checkout@v4
v0.14.0 Upgrade and Encrypted Rollback	Checkout candidate C with immutable base tag	2026-10-08T22:49:42.4807827Z with:
v0.14.0 Upgrade and Encrypted Rollback	Checkout candidate C with immutable base tag	2026-10-08T22:49:42.4808264Z   fetch-depth: 0
v0.14.0 Upgrade and Encrypted Rollback	Checkout candidate C with immutable base tag	2026-10-08T22:49:42.4808799Z   ref: d4b6d9f8f96226cbe9fdc4530ab0e0c329d7b661
v0.14.0 Upgrade and Encrypted Rollback	Checkout candidate C with immutable base tag	2026-10-08T22:49:42.4809501Z   repository: MChartier/calibrate-health
v0.14.0 Upgrade and Encrypted Rollback	Checkout candidate C with immutable base tag	2026-10-08T22:49:42.4813461Z   token: ***
v0.14.0 Upgrade and Encrypted Rollback	Checkout candidate C with immutable base tag	2026-10-08T22:49:42.4814176Z   ssh-strict: true
v0.14.0 Upgrade and Encrypted Rollback	Checkout candidate C with immutable base tag	2026-10-08T22:49:42.4814679Z   ssh-user: git
v0.14.0 Upgrade and Encrypted Rollback	Checkout candidate C with immutable base tag	2026-10-08T22:49:42.4815235Z   persist-credentials: true
v0.14.0 Upgrade and Encrypted Rollback	Checkout candidate C with immutable base tag	2026-10-08T22:49:42.4815783Z   clean: true
v0.14.0 Upgrade and Encrypted Rollback	Checkout candidate C with immutable base tag	2026-10-08T22:49:42.4816232Z   sparse-checkout-cone-mode: true
v0.14.0 Upgrade and Encrypted Rollback	Checkout candidate C with immutable base tag	2026-10-08T22:49:42.4816751Z   fetch-tags: false
v0.14.0 Upgrade and Encrypted Rollback	Checkout candidate C with immutable base tag	2026-10-08T22:49:42.4817198Z   show-progress: true
v0.14.0 Upgrade and Encrypted Rollback	Checkout candidate C with immutable base tag	2026-10-08T22:49:42.4817641Z   lfs: false
v0.14.0 Upgrade and Encrypted Rollback	Checkout candidate C with immutable base tag	2026-10-08T22:49:42.4818053Z   submodules: false
v0.14.0 Upgrade and Encrypted Rollback	Checkout candidate C with immutable base tag	2026-10-08T22:49:42.4818500Z   set-safe-directory: true
v0.14.0 Upgrade and Encrypted Rollback	Checkout candidate C with immutable base tag	2026-10-08T22:49:42.4819003Z   allow-unsafe-pr-checkout: false
v0.14.0 Upgrade and Encrypted Rollback	Checkout candidate C with immutable base tag	2026-10-08T22:49:42.4819761Z env:
v0.14.0 Upgrade and Encrypted Rollback	Checkout candidate C with immutable base tag	2026-10-08T22:49:42.4820349Z   CALIBRATE_SOURCE_COMMIT: d4b6d9f8f96226cbe9fdc4530ab0e0c329d7b661
v0.14.0 Upgrade and Encrypted Rollback	Checkout candidate C with immutable base tag	2026-10-08T22:49:42.4821109Z ##[endgroup]
v0.14.0 Upgrade and Encrypted Rollback	Checkout candidate C with immutable base tag	2026-10-08T22:49:42.5826397Z Syncing repository: MChartier/calibrate-health
v0.14.0 Upgrade and Encrypted Rollback	Checkout candidate C with immutable base tag	2026-10-08T22:49:42.5829128Z ##[group]Getting Git version info
v0.14.0 Upgrade and Encrypted Rollback	Checkout candidate C with immutable base tag	2026-10-08T22:49:42.5830079Z Working directory is '/home/runner/work/calibrate-health/calibrate-health'
v0.14.0 Upgrade and Encrypted Rollback	Checkout candidate C with immutable base tag	2026-10-08T22:49:42.5831364Z [command]/usr/bin/git version
v0.14.0 Upgrade and Encrypted Rollback	Checkout candidate C with immutable base tag	2026-10-08T22:49:42.5910671Z git version 2.55.0
v0.14.0 Upgrade and Encrypted Rollback	Checkout candidate C with immutable base tag	2026-10-08T22:49:42.5967925Z ##[endgroup]
v0.14.0 Upgrade and Encrypted Rollback	Checkout candidate C with immutable base tag	2026-10-08T22:49:42.5986271Z Temporarily overriding HOME='/home/runner/work/_temp/b05de074-3985-4a0a-935c-8b9a468006af' before making global git config changes
v0.14.0 Upgrade and Encrypted Rollback	Checkout candidate C with immutable base tag	2026-10-08T22:49:42.5989249Z Adding repository directory to the temporary git global config as a safe directory
v0.14.0 Upgrade and Encrypted Rollback	Checkout candidate C with immutable base tag	2026-10-08T22:49:42.5996323Z [command]/usr/bin/git config --global --add safe.directory /home/runner/work/calibrate-health/calibrate-health
v0.14.0 Upgrade and Encrypted Rollback	Checkout candidate C with immutable base tag	2026-10-08T22:49:42.6058251Z Deleting the contents of '/home/runner/work/calibrate-health/calibrate-health'
v0.14.0 Upgrade and Encrypted Rollback	Checkout candidate C with immutable base tag	2026-10-08T22:49:42.6060715Z ##[group]Initializing the repository
v0.14.0 Upgrade and Encrypted Rollback	Checkout candidate C with immutable base tag	2026-10-08T22:49:42.6066412Z [command]/usr/bin/git init /home/runner/work/calibrate-health/calibrate-health
v0.14.0 Upgrade and Encrypted Rollback	Checkout candidate C with immutable base tag	2026-10-08T22:49:42.6211580Z hint: Using 'master' as the name for the initial branch. This default branch name
v0.14.0 Upgrade and Encrypted Rollback	Checkout candidate C with immutable base tag	2026-10-08T22:49:42.6213944Z hint: will change to "main" in Git 3.0. To configure the initial branch name
v0.14.0 Upgrade and Encrypted Rollback	Checkout candidate C with immutable base tag	2026-10-08T22:49:42.6216066Z hint: to use in all of your new repositories, which will suppress this warning,
v0.14.0 Upgrade and Encrypted Rollback	Checkout candidate C with immutable base tag	2026-10-08T22:49:42.6217456Z hint: call:
v0.14.0 Upgrade and Encrypted Rollback	Checkout candidate C with immutable base tag	2026-10-08T22:49:42.6218270Z hint:
v0.14.0 Upgrade and Encrypted Rollback	Checkout candidate C with immutable base tag	2026-10-08T22:49:42.6219237Z hint: 	git config --global init.defaultBranch <name>
v0.14.0 Upgrade and Encrypted Rollback	Checkout candidate C with immutable base tag	2026-10-08T22:49:42.6220452Z hint:
v0.14.0 Upgrade and Encrypted Rollback	Checkout candidate C with immutable base tag	2026-10-08T22:49:42.6221523Z hint: Names commonly chosen instead of 'master' are 'main', 'trunk' and
v0.14.0 Upgrade and Encrypted Rollback	Checkout candidate C with immutable base tag	2026-10-08T22:49:42.6223266Z hint: 'development'. The just-created branch can be renamed via this command:
v0.14.0 Upgrade and Encrypted Rollback	Checkout candidate C with immutable base tag	2026-10-08T22:49:42.6224977Z hint:
v0.14.0 Upgrade and Encrypted Rollback	Checkout candidate C with immutable base tag	2026-10-08T22:49:42.6225719Z hint: 	git branch -m <name>
v0.14.0 Upgrade and Encrypted Rollback	Checkout candidate C with immutable base tag	2026-10-08T22:49:42.6226535Z hint:
v0.14.0 Upgrade and Encrypted Rollback	Checkout candidate C with immutable base tag	2026-10-08T22:49:42.6227607Z hint: Disable this message with "git config set advice.defaultBranchName false"
v0.14.0 Upgrade and Encrypted Rollback	Checkout candidate C with immutable base tag	2026-10-08T22:49:42.6229771Z Initialized empty Git repository in /home/runner/work/calibrate-health/calibrate-health/.git/
v0.14.0 Upgrade and Encrypted Rollback	Checkout candidate C with immutable base tag	2026-10-08T22:49:42.6234957Z [command]/usr/bin/git remote add origin https://github.com/MChartier/calibrate-health
v0.14.0 Upgrade and Encrypted Rollback	Checkout candidate C with immutable base tag	2026-10-08T22:49:42.6300077Z ##[endgroup]
v0.14.0 Upgrade and Encrypted Rollback	Checkout candidate C with immutable base tag	2026-10-08T22:49:42.6301292Z ##[group]Disabling automatic garbage collection
v0.14.0 Upgrade and Encrypted Rollback	Checkout candidate C with immutable base tag	2026-10-08T22:49:42.6304444Z [command]/usr/bin/git config --local gc.auto 0
v0.14.0 Upgrade and Encrypted Rollback	Checkout candidate C with immutable base tag	2026-10-08T22:49:42.6338399Z ##[endgroup]
v0.14.0 Upgrade and Encrypted Rollback	Checkout candidate C with immutable base tag	2026-10-08T22:49:42.6339525Z ##[group]Setting up auth
v0.14.0 Upgrade and Encrypted Rollback	Checkout candidate C with immutable base tag	2026-10-08T22:49:42.6354227Z [command]/usr/bin/git config --local --name-only --get-regexp core\.sshCommand
v0.14.0 Upgrade and Encrypted Rollback	Checkout candidate C with immutable base tag	2026-10-08T22:49:42.6383796Z [command]/usr/bin/git submodule foreach --recursive sh -c "git config --local --name-only --get-regexp 'core\.sshCommand' && git config --local --unset-all 'core.sshCommand' || :"
v0.14.0 Upgrade and Encrypted Rollback	Checkout candidate C with immutable base tag	2026-10-08T22:49:42.6793517Z [command]/usr/bin/git config --local --name-only --get-regexp http\.https\:\/\/github\.com\/\.extraheader
v0.14.0 Upgrade and Encrypted Rollback	Checkout candidate C with immutable base tag	2026-10-08T22:49:42.6830563Z [command]/usr/bin/git submodule foreach --recursive sh -c "git config --local --name-only --get-regexp 'http\.https\:\/\/github\.com\/\.extraheader' && git config --local --unset-all 'http.https://github.com/.extraheader' || :"
v0.14.0 Upgrade and Encrypted Rollback	Checkout candidate C with immutable base tag	2026-10-08T22:49:42.7056149Z [command]/usr/bin/git config --local --name-only --get-regexp ^includeIf\.gitdir:
v0.14.0 Upgrade and Encrypted Rollback	Checkout candidate C with immutable base tag	2026-10-08T22:49:42.7094872Z [command]/usr/bin/git submodule foreach --recursive git config --local --show-origin --name-only --get-regexp remote.origin.url
v0.14.0 Upgrade and Encrypted Rollback	Checkout candidate C with immutable base tag	2026-10-08T22:49:42.7328765Z [command]/usr/bin/git config --local http.https://github.com/.extraheader AUTHORIZATION: basic ***
v0.14.0 Upgrade and Encrypted Rollback	Checkout candidate C with immutable base tag	2026-10-08T22:49:42.7370122Z ##[endgroup]
v0.14.0 Upgrade and Encrypted Rollback	Checkout candidate C with immutable base tag	2026-10-08T22:49:42.7371260Z ##[group]Fetching the repository
v0.14.0 Upgrade and Encrypted Rollback	Checkout candidate C with immutable base tag	2026-10-08T22:49:42.7380331Z [command]/usr/bin/git -c protocol.version=2 fetch --prune --no-recurse-submodules origin +refs/heads/*:refs/remotes/origin/* +refs/tags/*:refs/tags/*
v0.14.0 Upgrade and Encrypted Rollback	Checkout candidate C with immutable base tag	2026-10-08T22:49:46.4788772Z From https://github.com/MChartier/calibrate-health
v0.14.0 Upgrade and Encrypted Rollback	Checkout candidate C with immutable base tag	2026-10-08T22:49:46.4791542Z  * [new branch]        MChartier-patch-1       -> origin/MChartier-patch-1
v0.14.0 Upgrade and Encrypted Rollback	Checkout candidate C with immutable base tag	2026-10-08T22:49:46.4793958Z  * [new branch]        add-test-coverage       -> origin/add-test-coverage
v0.14.0 Upgrade and Encrypted Rollback	Checkout candidate C with immutable base tag	2026-10-08T22:49:46.4797785Z  * [new branch]        agents-md-update        -> origin/agents-md-update
v0.14.0 Upgrade and Encrypted Rollback	Checkout candidate C with immutable base tag	2026-10-08T22:49:46.4799257Z  * [new branch]        alpha                   -> origin/alpha
v0.14.0 Upgrade and Encrypted Rollback	Checkout candidate C with immutable base tag	2026-10-08T22:49:46.4800604Z  * [new branch]        archive/pr415-pre-scope-cleanup-ed4a2a7 -> origin/archive/pr415-pre-scope-cleanup-ed4a2a7
v0.14.0 Upgrade and Encrypted Rollback	Checkout candidate C with immutable base tag	2026-10-08T22:49:46.4802046Z  * [new branch]        athletic-data-theme     -> origin/athletic-data-theme
v0.14.0 Upgrade and Encrypted Rollback	Checkout candidate C with immutable base tag	2026-10-08T22:49:46.4806013Z  * [new branch]        auto-start-dev-server   -> origin/auto-start-dev-server
v0.14.0 Upgrade and Encrypted Rollback	Checkout candidate C with immutable base tag	2026-10-08T22:49:46.4807101Z  * [new branch]        aws-deploy-ec2-rds      -> origin/aws-deploy-ec2-rds
v0.14.0 Upgrade and Encrypted Rollback	Checkout candidate C with immutable base tag	2026-10-08T22:49:46.4808007Z  * [new branch]        barcode-scanner         -> origin/barcode-scanner
v0.14.0 Upgrade and Encrypted Rollback	Checkout candidate C with immutable base tag	2026-10-08T22:49:46.4808905Z  * [new branch]        barcode-scanner-fix     -> origin/barcode-scanner-fix
v0.14.0 Upgrade and Encrypted Rollback	Checkout candidate C with immutable base tag	2026-10-08T22:49:46.4810654Z  * [new branch]        beta                    -> origin/beta
v0.14.0 Upgrade and Encrypted Rollback	Checkout candidate C with immutable base tag	2026-10-08T22:49:46.4812018Z  * [new branch]        build-image-fix         -> origin/build-image-fix
v0.14.0 Upgrade and Encrypted Rollback	Checkout candidate C with immutable base tag	2026-10-08T22:49:46.4814012Z  * [new branch]        calorie-target-card-profile-autosave -> origin/calorie-target-card-profile-autosave
v0.14.0 Upgrade and Encrypted Rollback	Checkout candidate C with immutable base tag	2026-10-08T22:49:46.4815206Z  * [new branch]        ci-actions              -> origin/ci-actions
v0.14.0 Upgrade and Encrypted Rollback	Checkout candidate C with immutable base tag	2026-10-08T22:49:46.4816306Z  * [new branch]        ci-fix-prod-deploy-on-master -> origin/ci-fix-prod-deploy-on-master
v0.14.0 Upgrade and Encrypted Rollback	Checkout candidate C with immutable base tag	2026-10-08T22:49:46.4817472Z  * [new branch]        ci/build-deploy-release-trigger -> origin/ci/build-deploy-release-trigger
v0.14.0 Upgrade and Encrypted Rollback	Checkout candidate C with immutable base tag	2026-10-08T22:49:46.4818602Z  * [new branch]        ci/cut-release-tag-workflow -> origin/ci/cut-release-tag-workflow
v0.14.0 Upgrade and Encrypted Rollback	Checkout candidate C with immutable base tag	2026-10-08T22:49:46.4819629Z  * [new branch]        ci/ecs-wait-stable-longer -> origin/ci/ecs-wait-stable-longer
v0.14.0 Upgrade and Encrypted Rollback	Checkout candidate C with immutable base tag	2026-10-08T22:49:46.4820640Z  * [new branch]        ci/pr-only-lint-tests   -> origin/ci/pr-only-lint-tests
v0.14.0 Upgrade and Encrypted Rollback	Checkout candidate C with immutable base tag	2026-10-08T22:49:46.4821832Z  * [new branch]        ci/prod-smoke-tests     -> origin/ci/prod-smoke-tests
v0.14.0 Upgrade and Encrypted Rollback	Checkout candidate C with immutable base tag	2026-10-08T22:49:46.4823108Z  * [new branch]        ci/staging-oidc-branch-deploy -> origin/ci/staging-oidc-branch-deploy
v0.14.0 Upgrade and Encrypted Rollback	Checkout candidate C with immutable base tag	2026-10-08T22:49:46.4825127Z  * [new branch]        ci/staging-smoke-tests  -> origin/ci/staging-smoke-tests
v0.14.0 Upgrade and Encrypted Rollback	Checkout candidate C with immutable base tag	2026-10-08T22:49:46.4826822Z  * [new branch]        codex-devcontainer-auth -> origin/codex-devcontainer-auth
v0.14.0 Upgrade and Encrypted Rollback	Checkout candidate C with immutable base tag	2026-10-08T22:49:46.4828177Z  * [new branch]        codex-init              -> origin/codex-init
v0.14.0 Upgrade and Encrypted Rollback	Checkout candidate C with immutable base tag	2026-10-08T22:49:46.4830206Z  * [new branch]        codex/add-persisted-unit-preference-functionality -> origin/codex/add-persisted-unit-preference-functionality
v0.14.0 Upgrade and Encrypted Rollback	Checkout candidate C with immutable base tag	2026-10-08T22:49:46.4832767Z  * [new branch]        codex/dismiss-keyboard-after-food-input -> origin/codex/dismiss-keyboard-after-food-input
v0.14.0 Upgrade and Encrypted Rollback	Checkout candidate C with immutable base tag	2026-10-08T22:49:46.4835550Z  * [new branch]        codex/enforce-server-side-goal-deficit-validation -> origin/codex/enforce-server-side-goal-deficit-validation
v0.14.0 Upgrade and Encrypted Rollback	Checkout candidate C with immutable base tag	2026-10-08T22:49:46.4837777Z  * [new branch]        codex/enhance-log-page-with-daily-summary -> origin/codex/enhance-log-page-with-daily-summary
v0.14.0 Upgrade and Encrypted Rollback	Checkout candidate C with immutable base tag	2026-10-08T22:49:46.4839123Z  * [new branch]        codex/fix-frontend-audit-187 -> origin/codex/fix-frontend-audit-187
v0.14.0 Upgrade and Encrypted Rollback	Checkout candidate C with immutable base tag	2026-10-08T22:49:46.4840317Z  * [new branch]        codex/fix-open-github-issues -> origin/codex/fix-open-github-issues
v0.14.0 Upgrade and Encrypted Rollback	Checkout candidate C with immutable base tag	2026-10-08T22:49:46.4841391Z  * [new branch]        codex/fix-vite-build-warnings -> origin/codex/fix-vite-build-warnings
v0.14.0 Upgrade and Encrypted Rollback	Checkout candidate C with immutable base tag	2026-10-08T22:49:46.4842716Z  * [new branch]        codex/harden-authentication-and-session-storage -> origin/codex/harden-authentication-and-session-storage
v0.14.0 Upgrade and Encrypted Rollback	Checkout candidate C with immutable base tag	2026-10-08T22:49:46.4844401Z  * [new branch]        codex/notification-sse-stream -> origin/codex/notification-sse-stream
v0.14.0 Upgrade and Encrypted Rollback	Checkout candidate C with immutable base tag	2026-10-08T22:49:46.4845721Z  * [new branch]        codex/pr-assets-weight-trend-preview-axes -> origin/codex/pr-assets-weight-trend-preview-axes
v0.14.0 Upgrade and Encrypted Rollback	Checkout candidate C with immutable base tag	2026-10-08T22:49:46.4848041Z  * [new branch]        codex/ui-ux-improvements -> origin/codex/ui-ux-improvements
v0.14.0 Upgrade and Encrypted Rollback	Checkout candidate C with immutable base tag	2026-10-08T22:49:46.4849489Z  * [new branch]        coverage/add-c8-tooling -> origin/coverage/add-c8-tooling
v0.14.0 Upgrade and Encrypted Rollback	Checkout candidate C with immutable base tag	2026-10-08T22:49:46.4850979Z  * [new branch]        dark-mode               -> origin/dark-mode
v0.14.0 Upgrade and Encrypted Rollback	Checkout candidate C with immutable base tag	2026-10-08T22:49:46.4854315Z  * [new branch]        date-picker-padding-fixes -> origin/date-picker-padding-fixes
v0.14.0 Upgrade and Encrypted Rollback	Checkout candidate C with immutable base tag	2026-10-08T22:49:46.4855972Z  * [new branch]        db-push-reset           -> origin/db-push-reset
v0.14.0 Upgrade and Encrypted Rollback	Checkout candidate C with immutable base tag	2026-10-08T22:49:46.4857601Z  * [new branch]        default-meal-period     -> origin/default-meal-period
v0.14.0 Upgrade and Encrypted Rollback	Checkout candidate C with immutable base tag	2026-10-08T22:49:46.4859293Z  * [new branch]        delta                   -> origin/delta
v0.14.0 Upgrade and Encrypted Rollback	Checkout candidate C with immutable base tag	2026-10-08T22:49:46.4860881Z  * [new branch]        deploy-logging          -> origin/deploy-logging
v0.14.0 Upgrade and Encrypted Rollback	Checkout candidate C with immutable base tag	2026-10-08T22:49:46.4862662Z  * [new branch]        deploy-script-loading-fix -> origin/deploy-script-loading-fix
v0.14.0 Upgrade and Encrypted Rollback	Checkout candidate C with immutable base tag	2026-10-08T22:49:46.4864814Z  * [new branch]        dev-seed-varied-food-logs -> origin/dev-seed-varied-food-logs
v0.14.0 Upgrade and Encrypted Rollback	Checkout candidate C with immutable base tag	2026-10-08T22:49:46.4867068Z  * [new branch]        devcontainer-cli-scripts -> origin/devcontainer-cli-scripts
v0.14.0 Upgrade and Encrypted Rollback	Checkout candidate C with immutable base tag	2026-10-08T22:49:46.4869690Z  * [new branch]        devcontainer-import-skills -> origin/devcontainer-import-skills
v0.14.0 Upgrade and Encrypted Rollback	Checkout candidate C with immutable base tag	2026-10-08T22:49:46.4872663Z  * [new branch]        devcontainer-test-users-avatar-onboarding -> origin/devcontainer-test-users-avatar-onboarding
v0.14.0 Upgrade and Encrypted Rollback	Checkout candidate C with immutable base tag	2026-10-08T22:49:46.4875688Z  * [new branch]        ec2-deploy-fix          -> origin/ec2-deploy-fix
v0.14.0 Upgrade and Encrypted Rollback	Checkout candidate C with immutable base tag	2026-10-08T22:49:46.4877287Z  * [new branch]        edit-logged-entries     -> origin/edit-logged-entries
v0.14.0 Upgrade and Encrypted Rollback	Checkout candidate C with immutable base tag	2026-10-08T22:49:46.4879079Z  * [new branch]        evidence/451-deletion-d4b6d9f -> origin/evidence/451-deletion-d4b6d9f
v0.14.0 Upgrade and Encrypted Rollback	Checkout candidate C with immutable base tag	2026-10-08T22:49:46.4881477Z  * [new branch]        evidence/auth431-exact-byte-correction-20261008 -> origin/evidence/auth431-exact-byte-correction-20261008
v0.14.0 Upgrade and Encrypted Rollback	Checkout candidate C with immutable base tag	2026-10-08T22:49:46.4884047Z  * [new branch]        evidence/issue412-communication-archive-20261006 -> origin/evidence/issue412-communication-archive-20261006
v0.14.0 Upgrade and Encrypted Rollback	Checkout candidate C with immutable base tag	2026-10-08T22:49:46.4886050Z  * [new branch]        evidence/issue412-master-c5f149a -> origin/evidence/issue412-master-c5f149a
v0.14.0 Upgrade and Encrypted Rollback	Checkout candidate C with immutable base tag	2026-10-08T22:49:46.4887666Z  * [new branch]        evidence/issue413-clean-1af6ca9 -> origin/evidence/issue413-clean-1af6ca9
v0.14.0 Upgrade and Encrypted Rollback	Checkout candidate C with immutable base tag	2026-10-08T22:49:46.4889882Z  * [new branch]        evidence/issue414-master-25e90e19 -> origin/evidence/issue414-master-25e90e19
v0.14.0 Upgrade and Encrypted Rollback	Checkout candidate C with immutable base tag	2026-10-08T22:49:46.4891732Z  * [new branch]        evidence/issue421-preparation-d8a2ac14 -> origin/evidence/issue421-preparation-d8a2ac14
v0.14.0 Upgrade and Encrypted Rollback	Checkout candidate C with immutable base tag	2026-10-08T22:49:46.4893427Z  * [new branch]        evidence/issue422-sql-3b2ccd7 -> origin/evidence/issue422-sql-3b2ccd7
v0.14.0 Upgrade and Encrypted Rollback	Checkout candidate C with immutable base tag	2026-10-08T22:49:46.4895218Z  * [new branch]        evidence/issue433-ci-gate-9f8359c -> origin/evidence/issue433-ci-gate-9f8359c
v0.14.0 Upgrade and Encrypted Rollback	Checkout candidate C with immutable base tag	2026-10-08T22:49:46.4896700Z  * [new branch]        evidence/issue435-3ac32ffa -> origin/evidence/issue435-3ac32ffa
v0.14.0 Upgrade and Encrypted Rollback	Checkout candidate C with immutable base tag	2026-10-08T22:49:46.4898207Z  * [new branch]        evidence/issue446-baseline -> origin/evidence/issue446-baseline
v0.14.0 Upgrade and Encrypted Rollback	Checkout candidate C with immutable base tag	2026-10-08T22:49:46.4900448Z  * [new branch]        evidence/issue447-preparation-a8539c3b -> origin/evidence/issue447-preparation-a8539c3b
v0.14.0 Upgrade and Encrypted Rollback	Checkout candidate C with immutable base tag	2026-10-08T22:49:46.4903288Z  * [new branch]        evidence/managed-438-01a11c7b -> origin/evidence/managed-438-01a11c7b
v0.14.0 Upgrade and Encrypted Rollback	Checkout candidate C with immutable base tag	2026-10-08T22:49:46.4905036Z  * [new branch]        evidence/pr401-original-0f53ed82 -> origin/evidence/pr401-original-0f53ed82
v0.14.0 Upgrade and Encrypted Rollback	Checkout candidate C with immutable base tag	2026-10-08T22:49:46.4906503Z  * [new branch]        evidence/pr401-recovery-records -> origin/evidence/pr401-recovery-records
v0.14.0 Upgrade and Encrypted Rollback	Checkout candidate C with immutable base tag	2026-10-08T22:49:46.4907935Z  * [new branch]        evidence/pr401-source-001fcaa -> origin/evidence/pr401-source-001fcaa
v0.14.0 Upgrade and Encrypted Rollback	Checkout candidate C with immutable base tag	2026-10-08T22:49:46.4909453Z  * [new branch]        evidence/pr402-capture-build-7da08240 -> origin/evidence/pr402-capture-build-7da08240
v0.14.0 Upgrade and Encrypted Rollback	Checkout candidate C with immutable base tag	2026-10-08T22:49:46.4911137Z  * [new branch]        evidence/pr402-original-a341dcf2 -> origin/evidence/pr402-original-a341dcf2
v0.14.0 Upgrade and Encrypted Rollback	Checkout candidate C with immutable base tag	2026-10-08T22:49:46.4913960Z  * [new branch]        evidence/pr402-recovery-record-20261007 -> origin/evidence/pr402-recovery-record-20261007
v0.14.0 Upgrade and Encrypted Rollback	Checkout candidate C with immutable base tag	2026-10-08T22:49:46.4915772Z  * [new branch]        evidence/pr410-base-to-final-4728d4f -> origin/evidence/pr410-base-to-final-4728d4f
v0.14.0 Upgrade and Encrypted Rollback	Checkout candidate C with immutable base tag	2026-10-08T22:49:46.4917351Z  * [new branch]        evidence/pr410-integrated-4728d4f -> origin/evidence/pr410-integrated-4728d4f
v0.14.0 Upgrade and Encrypted Rollback	Checkout candidate C with immutable base tag	2026-10-08T22:49:46.4918775Z  * [new branch]        evidence/pr410-reviewed-d8e55c -> origin/evidence/pr410-reviewed-d8e55c
v0.14.0 Upgrade and Encrypted Rollback	Checkout candidate C with immutable base tag	2026-10-08T22:49:46.4920284Z  * [new branch]        evidence/pr415-rail-integration-oct05 -> origin/evidence/pr415-rail-integration-oct05
v0.14.0 Upgrade and Encrypted Rollback	Checkout candidate C with immutable base tag	2026-10-08T22:49:46.4921786Z  * [new branch]        evidence/pr415-reviewed-a1df146 -> origin/evidence/pr415-reviewed-a1df146
v0.14.0 Upgrade and Encrypted Rollback	Checkout candidate C with immutable base tag	2026-10-08T22:49:46.4923168Z  * [new branch]        evidence/pr416-reviewed-0406e96 -> origin/evidence/pr416-reviewed-0406e96
v0.14.0 Upgrade and Encrypted Rollback	Checkout candidate C with immutable base tag	2026-10-08T22:49:46.4925100Z  * [new branch]        evidence/pr417-guard-recovery-4dcad2c -> origin/evidence/pr417-guard-recovery-4dcad2c
v0.14.0 Upgrade and Encrypted Rollback	Checkout candidate C with immutable base tag	2026-10-08T22:49:46.4926751Z  * [new branch]        evidence/pr417-offline-recovery-3c743b4 -> origin/evidence/pr417-offline-recovery-3c743b4
v0.14.0 Upgrade and Encrypted Rollback	Checkout candidate C with immutable base tag	2026-10-08T22:49:46.4928585Z  * [new branch]        evidence/pr417-refresh-recovery-123bab9 -> origin/evidence/pr417-refresh-recovery-123bab9
v0.14.0 Upgrade and Encrypted Rollback	Checkout candidate C with immutable base tag	2026-10-08T22:49:46.4930077Z  * [new branch]        evidence/pr417-reviewed-736a86c -> origin/evidence/pr417-reviewed-736a86c
v0.14.0 Upgrade and Encrypted Rollback	Checkout candidate C with immutable base tag	2026-10-08T22:49:46.4931432Z  * [new branch]        evidence/pr418-reviewed-fbb74a9 -> origin/evidence/pr418-reviewed-fbb74a9
v0.14.0 Upgrade and Encrypted Rollback	Checkout candidate C with immutable base tag	2026-10-08T22:49:46.4932784Z  * [new branch]        evidence/pr419-reviewed-fba1baf -> origin/evidence/pr419-reviewed-fba1baf
v0.14.0 Upgrade and Encrypted Rollback	Checkout candidate C with immutable base tag	2026-10-08T22:49:46.4934560Z  * [new branch]        evidence/pr424-scope-cleanup-oct05 -> origin/evidence/pr424-scope-cleanup-oct05
v0.14.0 Upgrade and Encrypted Rollback	Checkout candidate C with immutable base tag	2026-10-08T22:49:46.4936101Z  * [new branch]        evidence/pr427-general-route-95c4ce82 -> origin/evidence/pr427-general-route-95c4ce82
v0.14.0 Upgrade and Encrypted Rollback	Checkout candidate C with immutable base tag	2026-10-08T22:49:46.4937812Z  * [new branch]        evidence/pr431-independent-reassessment-20261008 -> origin/evidence/pr431-independent-reassessment-20261008
v0.14.0 Upgrade and Encrypted Rollback	Checkout candidate C with immutable base tag	2026-10-08T22:49:46.4939511Z  * [new branch]        evidence/pr431-qa-target9dc-20261008 -> origin/evidence/pr431-qa-target9dc-20261008
v0.14.0 Upgrade and Encrypted Rollback	Checkout candidate C with immutable base tag	2026-10-08T22:49:46.4941038Z  * [new branch]        evidence/pr434-independent-qa-9f8359c -> origin/evidence/pr434-independent-qa-9f8359c
v0.14.0 Upgrade and Encrypted Rollback	Checkout candidate C with immutable base tag	2026-10-08T22:49:46.4942913Z  * [new branch]        evidence/pr436-independent-qa-d94a34d0-20261007 -> origin/evidence/pr436-independent-qa-d94a34d0-20261007
v0.14.0 Upgrade and Encrypted Rollback	Checkout candidate C with immutable base tag	2026-10-08T22:49:46.4945123Z  * [new branch]        evidence/pr437-independent-reassessment-20261008 -> origin/evidence/pr437-independent-reassessment-20261008
v0.14.0 Upgrade and Encrypted Rollback	Checkout candidate C with immutable base tag	2026-10-08T22:49:46.4947093Z  * [new branch]        evidence/pr437-native-linkage-final-20261008 -> origin/evidence/pr437-native-linkage-final-20261008
v0.14.0 Upgrade and Encrypted Rollback	Checkout candidate C with immutable base tag	2026-10-08T22:49:46.4948957Z  * [new branch]        evidence/pr437-native-linkage-ready-20261008 -> origin/evidence/pr437-native-linkage-ready-20261008
v0.14.0 Upgrade and Encrypted Rollback	Checkout candidate C with immutable base tag	2026-10-08T22:49:46.4950792Z  * [new branch]        evidence/pr437-qa-target9dc-20261008 -> origin/evidence/pr437-qa-target9dc-20261008
v0.14.0 Upgrade and Encrypted Rollback	Checkout candidate C with immutable base tag	2026-10-08T22:49:46.4952618Z  * [new branch]        evidence/pr439-browser-20261007 -> origin/evidence/pr439-browser-20261007
v0.14.0 Upgrade and Encrypted Rollback	Checkout candidate C with immutable base tag	2026-10-08T22:49:46.4955751Z  * [new branch]        evidence/pr439-qa-20261007-01a114c0 -> origin/evidence/pr439-qa-20261007-01a114c0
v0.14.0 Upgrade and Encrypted Rollback	Checkout candidate C with immutable base tag	2026-10-08T22:49:46.4958503Z  * [new branch]        evidence/pr441-independent-qa-0c26cea -> origin/evidence/pr441-independent-qa-0c26cea
v0.14.0 Upgrade and Encrypted Rollback	Checkout candidate C with immutable base tag	2026-10-08T22:49:46.4961401Z  * [new branch]        evidence/pr441-qa-target9dc-20261008 -> origin/evidence/pr441-qa-target9dc-20261008
v0.14.0 Upgrade and Encrypted Rollback	Checkout candidate C with immutable base tag	2026-10-08T22:49:46.4964892Z  * [new branch]        evidence/pr442-independent-reassessment-20261008 -> origin/evidence/pr442-independent-reassessment-20261008
v0.14.0 Upgrade and Encrypted Rollback	Checkout candidate C with immutable base tag	2026-10-08T22:49:46.4968195Z  * [new branch]        evidence/pr442-native-linkage-final-20261008 -> origin/evidence/pr442-native-linkage-final-20261008
v0.14.0 Upgrade and Encrypted Rollback	Checkout candidate C with immutable base tag	2026-10-08T22:49:46.4971268Z  * [new branch]        evidence/pr442-qa-target9dc-20261008 -> origin/evidence/pr442-qa-target9dc-20261008
v0.14.0 Upgrade and Encrypted Rollback	Checkout candidate C with immutable base tag	2026-10-08T22:49:46.4972926Z  * [new branch]        evidence/pr449-independent-qa-20261008 -> origin/evidence/pr449-independent-qa-20261008
v0.14.0 Upgrade and Encrypted Rollback	Checkout candidate C with immutable base tag	2026-10-08T22:49:46.4975238Z  * [new branch]        evidence/pr449-independent-qa-final-description-20261008 -> origin/evidence/pr449-independent-qa-final-description-20261008
v0.14.0 Upgrade and Encrypted Rollback	Checkout candidate C with immutable base tag	2026-10-08T22:49:46.4977180Z  * [new branch]        evidence/pr450-independent-qa-20261008 -> origin/evidence/pr450-independent-qa-20261008
v0.14.0 Upgrade and Encrypted Rollback	Checkout candidate C with immutable base tag	2026-10-08T22:49:46.4979529Z  * [new branch]        evidence/pr450-independent-qa-current-target-20261008 -> origin/evidence/pr450-independent-qa-current-target-20261008
v0.14.0 Upgrade and Encrypted Rollback	Checkout candidate C with immutable base tag	2026-10-08T22:49:46.4982178Z  * [new branch]        evidence/pr450-independent-qa-drift-20261008 -> origin/evidence/pr450-independent-qa-drift-20261008
v0.14.0 Upgrade and Encrypted Rollback	Checkout candidate C with immutable base tag	2026-10-08T22:49:46.4984206Z  * [new branch]        evidence/pr450-qa-r1-recheck-20261008 -> origin/evidence/pr450-qa-r1-recheck-20261008
v0.14.0 Upgrade and Encrypted Rollback	Checkout candidate C with immutable base tag	2026-10-08T22:49:46.4985626Z  * [new branch]        evidence/qa-issue421-pr431-v1 -> origin/evidence/qa-issue421-pr431-v1
v0.14.0 Upgrade and Encrypted Rollback	Checkout candidate C with immutable base tag	2026-10-08T22:49:46.4986921Z  * [new branch]        evidence/qa-issue421-pr431-v2 -> origin/evidence/qa-issue421-pr431-v2
v0.14.0 Upgrade and Encrypted Rollback	Checkout candidate C with immutable base tag	2026-10-08T22:49:46.4988520Z  * [new branch]        evidence/qa-issue421-pr431-v3 -> origin/evidence/qa-issue421-pr431-v3
v0.14.0 Upgrade and Encrypted Rollback	Checkout candidate C with immutable base tag	2026-10-08T22:49:46.4989975Z  * [new branch]        evidence/qa-issue421-pr431-v4 -> origin/evidence/qa-issue421-pr431-v4
v0.14.0 Upgrade and Encrypted Rollback	Checkout candidate C with immutable base tag	2026-10-08T22:49:46.4991705Z  * [new branch]        evidence/qa-issue421-pr431-v5 -> origin/evidence/qa-issue421-pr431-v5
v0.14.0 Upgrade and Encrypted Rollback	Checkout candidate C with immutable base tag	2026-10-08T22:49:46.4994477Z  * [new branch]        evidence/qa-issue421-pr437-v1 -> origin/evidence/qa-issue421-pr437-v1
v0.14.0 Upgrade and Encrypted Rollback	Checkout candidate C with immutable base tag	2026-10-08T22:49:46.4996922Z  * [new branch]        evidence/qa-issue421-pr442-v1 -> origin/evidence/qa-issue421-pr442-v1
v0.14.0 Upgrade and Encrypted Rollback	Checkout candidate C with immutable base tag	2026-10-08T22:49:46.4999789Z  * [new branch]        evidence/serial-qa-target9dc-handoff-20261008 -> origin/evidence/serial-qa-target9dc-handoff-20261008
v0.14.0 Upgrade and Encrypted Rollback	Checkout candidate C with immutable base tag	2026-10-08T22:49:46.5003372Z  * [new branch]        evidence/serial-qa-trusted-handoff-20261008 -> origin/evidence/serial-qa-trusted-handoff-20261008
v0.14.0 Upgrade and Encrypted Rollback	Checkout candidate C with immutable base tag	2026-10-08T22:49:46.5006738Z  * [new branch]        evidence/trusted-qa-final-receipts-20261008 -> origin/evidence/trusted-qa-final-receipts-20261008
v0.14.0 Upgrade and Encrypted Rollback	Checkout candidate C with immutable base tag	2026-10-08T22:49:46.5009417Z  * [new branch]        fab-space-on-log        -> origin/fab-space-on-log
v0.14.0 Upgrade and Encrypted Rollback	Checkout candidate C with immutable base tag	2026-10-08T22:49:46.5010736Z  * [new branch]        fatsecret-barcode-oauth -> origin/fatsecret-barcode-oauth
v0.14.0 Upgrade and Encrypted Rollback	Checkout candidate C with immutable base tag	2026-10-08T22:49:46.5011851Z  * [new branch]        fatsecret-provider      -> origin/fatsecret-provider
v0.14.0 Upgrade and Encrypted Rollback	Checkout candidate C with immutable base tag	2026-10-08T22:49:46.5013138Z  * [new branch]        feat/barcode-scanner-zxing-fallback -> origin/feat/barcode-scanner-zxing-fallback
v0.14.0 Upgrade and Encrypted Rollback	Checkout candidate C with immutable base tag	2026-10-08T22:49:46.5014969Z  * [new branch]        feat/birthday-emoji-log-summary -> origin/feat/birthday-emoji-log-summary
v0.14.0 Upgrade and Encrypted Rollback	Checkout candidate C with immutable base tag	2026-10-08T22:49:46.5016339Z  * [new branch]        feat/i18n-language-preference -> origin/feat/i18n-language-preference
v0.14.0 Upgrade and Encrypted Rollback	Checkout candidate C with immutable base tag	2026-10-08T22:49:46.5018073Z  * [new branch]        feat/my-foods-recipes   -> origin/feat/my-foods-recipes
v0.14.0 Upgrade and Encrypted Rollback	Checkout candidate C with immutable base tag	2026-10-08T22:49:46.5019946Z  * [new branch]        feat/profile-photo-avatar -> origin/feat/profile-photo-avatar
v0.14.0 Upgrade and Encrypted Rollback	Checkout candidate C with immutable base tag	2026-10-08T22:49:46.5021175Z  * [new branch]        feat/public-landing-page -> origin/feat/public-landing-page
v0.14.0 Upgrade and Encrypted Rollback	Checkout candidate C with immutable base tag	2026-10-08T22:49:46.5022617Z  * [new branch]        fix-broken-frontend-build -> origin/fix-broken-frontend-build
v0.14.0 Upgrade and Encrypted Rollback	Checkout candidate C with immutable base tag	2026-10-08T22:49:46.5024281Z  * [new branch]        fix/issue-84-pwa-backstack-login -> origin/fix/issue-84-pwa-backstack-login
v0.14.0 Upgrade and Encrypted Rollback	Checkout candidate C with immutable base tag	2026-10-08T22:49:46.5025725Z  * [new branch]        fix/mifflin-st-jeor-age-clamp -> origin/fix/mifflin-st-jeor-age-clamp
v0.14.0 Upgrade and Encrypted Rollback	Checkout candidate C with immutable base tag	2026-10-08T22:49:46.5027124Z  * [new branch]        fix/prisma-db-url-from-db-env -> origin/fix/prisma-db-url-from-db-env
v0.14.0 Upgrade and Encrypted Rollback	Checkout candidate C with immutable base tag	2026-10-08T22:49:46.5028502Z  * [new branch]        fix/pwa-session-persistence -> origin/fix/pwa-session-persistence
v0.14.0 Upgrade and Encrypted Rollback	Checkout candidate C with immutable base tag	2026-10-08T22:49:46.5029776Z  * [new branch]        fix/rds-sslmode-require -> origin/fix/rds-sslmode-require
v0.14.0 Upgrade and Encrypted Rollback	Checkout candidate C with immutable base tag	2026-10-08T22:49:46.5030983Z  * [new branch]        fix/rds-sslmode-require-2 -> origin/fix/rds-sslmode-require-2
v0.14.0 Upgrade and Encrypted Rollback	Checkout candidate C with immutable base tag	2026-10-08T22:49:46.5032203Z  * [new branch]        fixed-meal-categories   -> origin/fixed-meal-categories
v0.14.0 Upgrade and Encrypted Rollback	Checkout candidate C with immutable base tag	2026-10-08T22:49:46.5104533Z  * [new branch]        friendly-log-date       -> origin/friendly-log-date
v0.14.0 Upgrade and Encrypted Rollback	Checkout candidate C with immutable base tag	2026-10-08T22:49:46.5105904Z  * [new branch]        gh-auth                 -> origin/gh-auth
v0.14.0 Upgrade and Encrypted Rollback	Checkout candidate C with immutable base tag	2026-10-08T22:49:46.5107154Z  * [new branch]        goal-and-log-improvements -> origin/goal-and-log-improvements
v0.14.0 Upgrade and Encrypted Rollback	Checkout candidate C with immutable base tag	2026-10-08T22:49:46.5108353Z  * [new branch]        goal-tracker            -> origin/goal-tracker
v0.14.0 Upgrade and Encrypted Rollback	Checkout candidate C with immutable base tag	2026-10-08T22:49:46.5109586Z  * [new branch]        goals-compact-goal-tracker -> origin/goals-compact-goal-tracker
v0.14.0 Upgrade and Encrypted Rollback	Checkout candidate C with immutable base tag	2026-10-08T22:49:46.5110967Z  * [new branch]        goals-weight-history-legend -> origin/goals-weight-history-legend
v0.14.0 Upgrade and Encrypted Rollback	Checkout candidate C with immutable base tag	2026-10-08T22:49:46.5112276Z  * [new branch]        infra-ecs-fargate-alb   -> origin/infra-ecs-fargate-alb
v0.14.0 Upgrade and Encrypted Rollback	Checkout candidate C with immutable base tag	2026-10-08T22:49:46.5113376Z  * [new branch]        issue/162               -> origin/issue/162
v0.14.0 Upgrade and Encrypted Rollback	Checkout candidate C with immutable base tag	2026-10-08T22:49:46.5114734Z  * [new branch]        local-service-worker    -> origin/local-service-worker
v0.14.0 Upgrade and Encrypted Rollback	Checkout candidate C with immutable base tag	2026-10-08T22:49:46.5115956Z  * [new branch]        log-date-navigation-ux  -> origin/log-date-navigation-ux
v0.14.0 Upgrade and Encrypted Rollback	Checkout candidate C with immutable base tag	2026-10-08T22:49:46.5117570Z  * [new branch]        log-date-picker-overlay-button -> origin/log-date-picker-overlay-button
v0.14.0 Upgrade and Encrypted Rollback	Checkout candidate C with immutable base tag	2026-10-08T22:49:46.5118914Z  * [new branch]        log-summary-header      -> origin/log-summary-header
v0.14.0 Upgrade and Encrypted Rollback	Checkout candidate C with immutable base tag	2026-10-08T22:49:46.5120118Z  * [new branch]        log-weight-entry-ux     -> origin/log-weight-entry-ux
v0.14.0 Upgrade and Encrypted Rollback	Checkout candidate C with immutable base tag	2026-10-08T22:49:46.5121272Z  * [new branch]        lose-it-import          -> origin/lose-it-import
v0.14.0 Upgrade and Encrypted Rollback	Checkout candidate C with immutable base tag	2026-10-08T22:49:46.5122390Z  * [new branch]        lowercase-ghcr-image    -> origin/lowercase-ghcr-image
v0.14.0 Upgrade and Encrypted Rollback	Checkout candidate C with immutable base tag	2026-10-08T22:49:46.5123514Z  * [new branch]        master                  -> origin/master
v0.14.0 Upgrade and Encrypted Rollback	Checkout candidate C with immutable base tag	2026-10-08T22:49:46.5125167Z  * [new branch]        mchartier/atomic-browser-login-421 -> origin/mchartier/atomic-browser-login-421
v0.14.0 Upgrade and Encrypted Rollback	Checkout candidate C with immutable base tag	2026-10-08T22:49:46.5126836Z  * [new branch]        mchartier/atomic-native-login-421 -> origin/mchartier/atomic-native-login-421
v0.14.0 Upgrade and Encrypted Rollback	Checkout candidate C with immutable base tag	2026-10-08T22:49:46.5128548Z  * [new branch]        mchartier/credential-verification-421 -> origin/mchartier/credential-verification-421
v0.14.0 Upgrade and Encrypted Rollback	Checkout candidate C with immutable base tag	2026-10-08T22:49:46.5129985Z  * [new branch]        mchartier/dev           -> origin/mchartier/dev
v0.14.0 Upgrade and Encrypted Rollback	Checkout candidate C with immutable base tag	2026-10-08T22:49:46.5131032Z  * [new branch]        mchartier/dev2          -> origin/mchartier/dev2
v0.14.0 Upgrade and Encrypted Rollback	Checkout candidate C with immutable base tag	2026-10-08T22:49:46.5132338Z  * [new branch]        mchartier/devcontainer-key-setup -> origin/mchartier/devcontainer-key-setup
v0.14.0 Upgrade and Encrypted Rollback	Checkout candidate C with immutable base tag	2026-10-08T22:49:46.5134291Z  * [new branch]        mchartier/dormant-account-deletion-421 -> origin/mchartier/dormant-account-deletion-421
v0.14.0 Upgrade and Encrypted Rollback	Checkout candidate C with immutable base tag	2026-10-08T22:49:46.5136013Z  * [new branch]        mchartier/goal-pace-continuity -> origin/mchartier/goal-pace-continuity
v0.14.0 Upgrade and Encrypted Rollback	Checkout candidate C with immutable base tag	2026-10-08T22:49:46.5137519Z  * [new branch]        mchartier/goal-start-weight-446 -> origin/mchartier/goal-start-weight-446
v0.14.0 Upgrade and Encrypted Rollback	Checkout candidate C with immutable base tag	2026-10-08T22:49:46.5139049Z  * [new branch]        mchartier/local-release-scripts -> origin/mchartier/local-release-scripts
v0.14.0 Upgrade and Encrypted Rollback	Checkout candidate C with immutable base tag	2026-10-08T22:49:46.5140547Z  * [new branch]        mchartier/managed-438-01a11c7b -> origin/mchartier/managed-438-01a11c7b
v0.14.0 Upgrade and Encrypted Rollback	Checkout candidate C with immutable base tag	2026-10-08T22:49:46.5142010Z  * [new branch]        mchartier/managed-self-hosting -> origin/mchartier/managed-self-hosting
v0.14.0 Upgrade and Encrypted Rollback	Checkout candidate C with immutable base tag	2026-10-08T22:49:46.5144086Z  * [new branch]        mchartier/paused-weigh-in-divider -> origin/mchartier/paused-weigh-in-divider
v0.14.0 Upgrade and Encrypted Rollback	Checkout candidate C with immutable base tag	2026-10-08T22:49:46.5145785Z  * [new branch]        mchartier/pilot-query-diagnostics -> origin/mchartier/pilot-query-diagnostics
v0.14.0 Upgrade and Encrypted Rollback	Checkout candidate C with immutable base tag	2026-10-08T22:49:46.5147446Z  * [new branch]        mchartier/planned-pause-visibility -> origin/mchartier/planned-pause-visibility
v0.14.0 Upgrade and Encrypted Rollback	Checkout candidate C with immutable base tag	2026-10-08T22:49:46.5149224Z  * [new branch]        mchartier/planned-pause-visibility-clean -> origin/mchartier/planned-pause-visibility-clean
v0.14.0 Upgrade and Encrypted Rollback	Checkout candidate C with immutable base tag	2026-10-08T22:49:46.5151063Z  * [new branch]        mchartier/preserve-android-wip-20260711 -> origin/mchartier/preserve-android-wip-20260711
v0.14.0 Upgrade and Encrypted Rollback	Checkout candidate C with immutable base tag	2026-10-08T22:49:46.5152859Z  * [new branch]        mchartier/release-entrypoints-recovery -> origin/mchartier/release-entrypoints-recovery
v0.14.0 Upgrade and Encrypted Rollback	Checkout candidate C with immutable base tag	2026-10-08T22:49:46.5155110Z  * [new branch]        mchartier/remove-instance-release-actions -> origin/mchartier/remove-instance-release-actions
v0.14.0 Upgrade and Encrypted Rollback	Checkout candidate C with immutable base tag	2026-10-08T22:49:46.5157160Z  * [new branch]        mchartier/remove-notification-history -> origin/mchartier/remove-notification-history
v0.14.0 Upgrade and Encrypted Rollback	Checkout candidate C with immutable base tag	2026-10-08T22:49:46.5158720Z  * [new branch]        mchartier/self-hosting-438 -> origin/mchartier/self-hosting-438
v0.14.0 Upgrade and Encrypted Rollback	Checkout candidate C with immutable base tag	2026-10-08T22:49:46.5160094Z  * [new branch]        mchartier/simplify-repository -> origin/mchartier/simplify-repository
v0.14.0 Upgrade and Encrypted Rollback	Checkout candidate C with immutable base tag	2026-10-08T22:49:46.5161562Z  * [new branch]        mchartier/streamline-deployment -> origin/mchartier/streamline-deployment
v0.14.0 Upgrade and Encrypted Rollback	Checkout candidate C with immutable base tag	2026-10-08T22:49:46.5163039Z  * [new branch]        mchartier/unified-release-447 -> origin/mchartier/unified-release-447
v0.14.0 Upgrade and Encrypted Rollback	Checkout candidate C with immutable base tag	2026-10-08T22:49:46.5164518Z  * [new branch]        mobile-logout           -> origin/mobile-logout
v0.14.0 Upgrade and Encrypted Rollback	Checkout candidate C with immutable base tag	2026-10-08T22:49:46.5165793Z  * [new branch]        mobile-ui-compact       -> origin/mobile-ui-compact
v0.14.0 Upgrade and Encrypted Rollback	Checkout candidate C with immutable base tag	2026-10-08T22:49:46.5167016Z  * [new branch]        new-logo                -> origin/new-logo
v0.14.0 Upgrade and Encrypted Rollback	Checkout candidate C with immutable base tag	2026-10-08T22:49:46.5167991Z  * [new branch]        notif/126               -> origin/notif/126
v0.14.0 Upgrade and Encrypted Rollback	Checkout candidate C with immutable base tag	2026-10-08T22:49:46.5169184Z  * [new branch]        notif/127               -> origin/notif/127
v0.14.0 Upgrade and Encrypted Rollback	Checkout candidate C with immutable base tag	2026-10-08T22:49:46.5170223Z  * [new branch]        notif/128               -> origin/notif/128
v0.14.0 Upgrade and Encrypted Rollback	Checkout candidate C with immutable base tag	2026-10-08T22:49:46.5171351Z  * [new branch]        notif/131-dedupe-fixes  -> origin/notif/131-dedupe-fixes
v0.14.0 Upgrade and Encrypted Rollback	Checkout candidate C with immutable base tag	2026-10-08T22:49:46.5172740Z  * [new branch]        notif/132-endpoint-ownership-guard -> origin/notif/132-endpoint-ownership-guard
v0.14.0 Upgrade and Encrypted Rollback	Checkout candidate C with immutable base tag	2026-10-08T22:49:46.5174717Z  * [new branch]        notifications           -> origin/notifications
v0.14.0 Upgrade and Encrypted Rollback	Checkout candidate C with immutable base tag	2026-10-08T22:49:46.5176101Z  * [new branch]        onboarding-guided-wizard -> origin/onboarding-guided-wizard
v0.14.0 Upgrade and Encrypted Rollback	Checkout candidate C with immutable base tag	2026-10-08T22:49:46.5177294Z  * [new branch]        peacock-rainbow         -> origin/peacock-rainbow
v0.14.0 Upgrade and Encrypted Rollback	Checkout candidate C with immutable base tag	2026-10-08T22:49:46.5178479Z  * [new branch]        perf/landing-mobile-scroll -> origin/perf/landing-mobile-scroll
v0.14.0 Upgrade and Encrypted Rollback	Checkout candidate C with immutable base tag	2026-10-08T22:49:46.5179815Z  * [new branch]        persistent-fab          -> origin/persistent-fab
v0.14.0 Upgrade and Encrypted Rollback	Checkout candidate C with immutable base tag	2026-10-08T22:49:46.5181085Z  * [new branch]        privacy-policy          -> origin/privacy-policy
v0.14.0 Upgrade and Encrypted Rollback	Checkout candidate C with immutable base tag	2026-10-08T22:49:46.5182338Z  * [new branch]        profile-account-management -> origin/profile-account-management
v0.14.0 Upgrade and Encrypted Rollback	Checkout candidate C with immutable base tag	2026-10-08T22:49:46.5183537Z  * [new branch]        profile-icon            -> origin/profile-icon
v0.14.0 Upgrade and Encrypted Rollback	Checkout candidate C with immutable base tag	2026-10-08T22:49:46.5185077Z  * [new branch]        profile-settings-separation -> origin/profile-settings-separation
v0.14.0 Upgrade and Encrypted Rollback	Checkout candidate C with immutable base tag	2026-10-08T22:49:46.5186311Z  * [new branch]        public-readme           -> origin/public-readme
v0.14.0 Upgrade and Encrypted Rollback	Checkout candidate C with immutable base tag	2026-10-08T22:49:46.5187536Z  * [new branch]        pwa-action-navigate-existing -> origin/pwa-action-navigate-existing
v0.14.0 Upgrade and Encrypted Rollback	Checkout candidate C with immutable base tag	2026-10-08T22:49:46.5188755Z  * [new branch]        pwa-icon-fix            -> origin/pwa-icon-fix
v0.14.0 Upgrade and Encrypted Rollback	Checkout candidate C with immutable base tag	2026-10-08T22:49:46.5189815Z  * [new branch]        pwa-launch-actions      -> origin/pwa-launch-actions
v0.14.0 Upgrade and Encrypted Rollback	Checkout candidate C with immutable base tag	2026-10-08T22:49:46.5190926Z  * [new branch]        pwa-manifest-polish     -> origin/pwa-manifest-polish
v0.14.0 Upgrade and Encrypted Rollback	Checkout candidate C with immutable base tag	2026-10-08T22:49:46.5191970Z  * [new branch]        pwa-setup               -> origin/pwa-setup
v0.14.0 Upgrade and Encrypted Rollback	Checkout candidate C with immutable base tag	2026-10-08T22:49:46.5193180Z  * [new branch]        rebrand-calibrate       -> origin/rebrand-calibrate
v0.14.0 Upgrade and Encrypted Rollback	Checkout candidate C with immutable base tag	2026-10-08T22:49:46.5194406Z  * [new branch]        release/v0.34.0         -> origin/release/v0.34.0
v0.14.0 Upgrade and Encrypted Rollback	Checkout candidate C with immutable base tag	2026-10-08T22:49:46.5195433Z  * [new branch]        release/v0.34.1         -> origin/release/v0.34.1
v0.14.0 Upgrade and Encrypted Rollback	Checkout candidate C with immutable base tag	2026-10-08T22:49:46.5196450Z  * [new branch]        release/v0.35.0         -> origin/release/v0.35.0
v0.14.0 Upgrade and Encrypted Rollback	Checkout candidate C with immutable base tag	2026-10-08T22:49:46.5197461Z  * [new branch]        release/v0.36.0         -> origin/release/v0.36.0
v0.14.0 Upgrade and Encrypted Rollback	Checkout candidate C with immutable base tag	2026-10-08T22:49:46.5198471Z  * [new branch]        release/v0.37.0         -> origin/release/v0.37.0
v0.14.0 Upgrade and Encrypted Rollback	Checkout candidate C with immutable base tag	2026-10-08T22:49:46.5199472Z  * [new branch]        release/v0.38.0         -> origin/release/v0.38.0
v0.14.0 Upgrade and Encrypted Rollback	Checkout candidate C with immutable base tag	2026-10-08T22:49:46.5200618Z  * [new branch]        rolling-average-weight-log -> origin/rolling-average-weight-log
v0.14.0 Upgrade and Encrypted Rollback	Checkout candidate C with immutable base tag	2026-10-08T22:49:46.5201755Z  * [new branch]        safe-areas              -> origin/safe-areas
v0.14.0 Upgrade and Encrypted Rollback	Checkout candidate C with immutable base tag	2026-10-08T22:49:46.5202739Z  * [new branch]        search-results          -> origin/search-results
v0.14.0 Upgrade and Encrypted Rollback	Checkout candidate C with immutable base tag	2026-10-08T22:49:46.5203915Z  * [new branch]        session-store-model     -> origin/session-store-model
v0.14.0 Upgrade and Encrypted Rollback	Checkout candidate C with immutable base tag	2026-10-08T22:49:46.5205023Z  * [new branch]        sidebar-item-style      -> origin/sidebar-item-style
v0.14.0 Upgrade and Encrypted Rollback	Checkout candidate C with immutable base tag	2026-10-08T22:49:46.5206075Z  * [new branch]        store-timezone          -> origin/store-timezone
v0.14.0 Upgrade and Encrypted Rollback	Checkout candidate C with immutable base tag	2026-10-08T22:49:46.5207079Z  * [new branch]        terraform-fix           -> origin/terraform-fix
v0.14.0 Upgrade and Encrypted Rollback	Checkout candidate C with immutable base tag	2026-10-08T22:49:46.5208092Z  * [new branch]        terraform-fixes         -> origin/terraform-fixes
v0.14.0 Upgrade and Encrypted Rollback	Checkout candidate C with immutable base tag	2026-10-08T22:49:46.5209087Z  * [new branch]        test-user               -> origin/test-user
v0.14.0 Upgrade and Encrypted Rollback	Checkout candidate C with immutable base tag	2026-10-08T22:49:46.5210184Z  * [new branch]        test/backend-unit-coverage -> origin/test/backend-unit-coverage
v0.14.0 Upgrade and Encrypted Rollback	Checkout candidate C with immutable base tag	2026-10-08T22:49:46.5211345Z  * [new branch]        tf-rds-rotation         -> origin/tf-rds-rotation
v0.14.0 Upgrade and Encrypted Rollback	Checkout candidate C with immutable base tag	2026-10-08T22:49:46.5212392Z  * [new branch]        tf-repo-rename-fix      -> origin/tf-repo-rename-fix
v0.14.0 Upgrade and Encrypted Rollback	Checkout candidate C with immutable base tag	2026-10-08T22:49:46.5213810Z  * [new branch]        timezone-picker-mui-autocomplete -> origin/timezone-picker-mui-autocomplete
v0.14.0 Upgrade and Encrypted Rollback	Checkout candidate C with immutable base tag	2026-10-08T22:49:46.5215611Z  * [new branch]        units-separate-controls-inline-status -> origin/units-separate-controls-inline-status
v0.14.0 Upgrade and Encrypted Rollback	Checkout candidate C with immutable base tag	2026-10-08T22:49:46.5216976Z  * [new branch]        update-comments         -> origin/update-comments
v0.14.0 Upgrade and Encrypted Rollback	Checkout candidate C with immutable base tag	2026-10-08T22:49:46.5217990Z  * [new branch]        update-docs             -> origin/update-docs
v0.14.0 Upgrade and Encrypted Rollback	Checkout candidate C with immutable base tag	2026-10-08T22:49:46.5219065Z  * [new branch]        vertical-spacing-fixes  -> origin/vertical-spacing-fixes
v0.14.0 Upgrade and Encrypted Rollback	Checkout candidate C with immutable base tag	2026-10-08T22:49:46.5220217Z  * [new branch]        weight-history-scale    -> origin/weight-history-scale
v0.14.0 Upgrade and Encrypted Rollback	Checkout candidate C with immutable base tag	2026-10-08T22:49:46.5221297Z  * [new branch]        worktree-colors         -> origin/worktree-colors
v0.14.0 Upgrade and Encrypted Rollback	Checkout candidate C with immutable base tag	2026-10-08T22:49:46.5222382Z  * [new branch]        worktree-reset          -> origin/worktree-reset
v0.14.0 Upgrade and Encrypted Rollback	Checkout candidate C with immutable base tag	2026-10-08T22:49:46.5223485Z  * [new branch]        worktree-script         -> origin/worktree-script
v0.14.0 Upgrade and Encrypted Rollback	Checkout candidate C with immutable base tag	2026-10-08T22:49:46.5224729Z  * [new tag]           v0.1.0                  -> v0.1.0
v0.14.0 Upgrade and Encrypted Rollback	Checkout candidate C with immutable base tag	2026-10-08T22:49:46.5225540Z  * [new tag]           v0.10.0                 -> v0.10.0
v0.14.0 Upgrade and Encrypted Rollback	Checkout candidate C with immutable base tag	2026-10-08T22:49:46.5226352Z  * [new tag]           v0.11.0                 -> v0.11.0
v0.14.0 Upgrade and Encrypted Rollback	Checkout candidate C with immutable base tag	2026-10-08T22:49:46.5227136Z  * [new tag]           v0.12.0                 -> v0.12.0
v0.14.0 Upgrade and Encrypted Rollback	Checkout candidate C with immutable base tag	2026-10-08T22:49:46.5227922Z  * [new tag]           v0.12.1                 -> v0.12.1
v0.14.0 Upgrade and Encrypted Rollback	Checkout candidate C with immutable base tag	2026-10-08T22:49:46.5228712Z  * [new tag]           v0.12.10                -> v0.12.10
v0.14.0 Upgrade and Encrypted Rollback	Checkout candidate C with immutable base tag	2026-10-08T22:49:46.5229508Z  * [new tag]           v0.12.11                -> v0.12.11
v0.14.0 Upgrade and Encrypted Rollback	Checkout candidate C with immutable base tag	2026-10-08T22:49:46.5230306Z  * [new tag]           v0.12.12                -> v0.12.12
v0.14.0 Upgrade and Encrypted Rollback	Checkout candidate C with immutable base tag	2026-10-08T22:49:46.5231100Z  * [new tag]           v0.12.13                -> v0.12.13
v0.14.0 Upgrade and Encrypted Rollback	Checkout candidate C with immutable base tag	2026-10-08T22:49:46.5231889Z  * [new tag]           v0.12.14                -> v0.12.14
v0.14.0 Upgrade and Encrypted Rollback	Checkout candidate C with immutable base tag	2026-10-08T22:49:46.5232667Z  * [new tag]           v0.12.15                -> v0.12.15
v0.14.0 Upgrade and Encrypted Rollback	Checkout candidate C with immutable base tag	2026-10-08T22:49:46.5233454Z  * [new tag]           v0.12.16                -> v0.12.16
v0.14.0 Upgrade and Encrypted Rollback	Checkout candidate C with immutable base tag	2026-10-08T22:49:46.5234375Z  * [new tag]           v0.12.17                -> v0.12.17
v0.14.0 Upgrade and Encrypted Rollback	Checkout candidate C with immutable base tag	2026-10-08T22:49:46.5235375Z  * [new tag]           v0.12.18                -> v0.12.18
v0.14.0 Upgrade and Encrypted Rollback	Checkout candidate C with immutable base tag	2026-10-08T22:49:46.5236160Z  * [new tag]           v0.12.19                -> v0.12.19
v0.14.0 Upgrade and Encrypted Rollback	Checkout candidate C with immutable base tag	2026-10-08T22:49:46.5236946Z  * [new tag]           v0.12.2                 -> v0.12.2
v0.14.0 Upgrade and Encrypted Rollback	Checkout candidate C with immutable base tag	2026-10-08T22:49:46.5237738Z  * [new tag]           v0.12.3                 -> v0.12.3
v0.14.0 Upgrade and Encrypted Rollback	Checkout candidate C with immutable base tag	2026-10-08T22:49:46.5238517Z  * [new tag]           v0.12.4                 -> v0.12.4
v0.14.0 Upgrade and Encrypted Rollback	Checkout candidate C with immutable base tag	2026-10-08T22:49:46.5239299Z  * [new tag]           v0.12.5                 -> v0.12.5
v0.14.0 Upgrade and Encrypted Rollback	Checkout candidate C with immutable base tag	2026-10-08T22:49:46.5240075Z  * [new tag]           v0.12.6                 -> v0.12.6
v0.14.0 Upgrade and Encrypted Rollback	Checkout candidate C with immutable base tag	2026-10-08T22:49:46.5240856Z  * [new tag]           v0.12.7                 -> v0.12.7
v0.14.0 Upgrade and Encrypted Rollback	Checkout candidate C with immutable base tag	2026-10-08T22:49:46.5241627Z  * [new tag]           v0.12.8                 -> v0.12.8
v0.14.0 Upgrade and Encrypted Rollback	Checkout candidate C with immutable base tag	2026-10-08T22:49:46.5242413Z  * [new tag]           v0.12.9                 -> v0.12.9
v0.14.0 Upgrade and Encrypted Rollback	Checkout candidate C with immutable base tag	2026-10-08T22:49:46.5243187Z  * [new tag]           v0.13.0                 -> v0.13.0
v0.14.0 Upgrade and Encrypted Rollback	Checkout candidate C with immutable base tag	2026-10-08T22:49:46.5244126Z  * [new tag]           v0.13.1                 -> v0.13.1
v0.14.0 Upgrade and Encrypted Rollback	Checkout candidate C with immutable base tag	2026-10-08T22:49:46.5244918Z  * [new tag]           v0.13.2                 -> v0.13.2
v0.14.0 Upgrade and Encrypted Rollback	Checkout candidate C with immutable base tag	2026-10-08T22:49:46.5245692Z  * [new tag]           v0.13.3                 -> v0.13.3
v0.14.0 Upgrade and Encrypted Rollback	Checkout candidate C with immutable base tag	2026-10-08T22:49:46.5246453Z  * [new tag]           v0.14.0                 -> v0.14.0
v0.14.0 Upgrade and Encrypted Rollback	Checkout candidate C with immutable base tag	2026-10-08T22:49:46.5247224Z  * [new tag]           v0.2.0                  -> v0.2.0
v0.14.0 Upgrade and Encrypted Rollback	Checkout candidate C with immutable base tag	2026-10-08T22:49:46.5247994Z  * [new tag]           v0.2.1                  -> v0.2.1
v0.14.0 Upgrade and Encrypted Rollback	Checkout candidate C with immutable base tag	2026-10-08T22:49:46.5248756Z  * [new tag]           v0.2.2                  -> v0.2.2
v0.14.0 Upgrade and Encrypted Rollback	Checkout candidate C with immutable base tag	2026-10-08T22:49:46.5249524Z  * [new tag]           v0.2.3                  -> v0.2.3
v0.14.0 Upgrade and Encrypted Rollback	Checkout candidate C with immutable base tag	2026-10-08T22:49:46.5250289Z  * [new tag]           v0.2.4                  -> v0.2.4
v0.14.0 Upgrade and Encrypted Rollback	Checkout candidate C with immutable base tag	2026-10-08T22:49:46.5251056Z  * [new tag]           v0.3.0                  -> v0.3.0
v0.14.0 Upgrade and Encrypted Rollback	Checkout candidate C with immutable base tag	2026-10-08T22:49:46.5251834Z  * [new tag]           v0.3.1                  -> v0.3.1
v0.14.0 Upgrade and Encrypted Rollback	Checkout candidate C with immutable base tag	2026-10-08T22:49:46.5252612Z  * [new tag]           v0.33.10                -> v0.33.10
v0.14.0 Upgrade and Encrypted Rollback	Checkout candidate C with immutable base tag	2026-10-08T22:49:46.5253399Z  * [new tag]           v0.33.11                -> v0.33.11
v0.14.0 Upgrade and Encrypted Rollback	Checkout candidate C with immutable base tag	2026-10-08T22:49:46.5254488Z  * [new tag]           v0.33.5                 -> v0.33.5
v0.14.0 Upgrade and Encrypted Rollback	Checkout candidate C with immutable base tag	2026-10-08T22:49:46.5255271Z  * [new tag]           v0.33.6                 -> v0.33.6
v0.14.0 Upgrade and Encrypted Rollback	Checkout candidate C with immutable base tag	2026-10-08T22:49:46.5256035Z  * [new tag]           v0.33.9                 -> v0.33.9
v0.14.0 Upgrade and Encrypted Rollback	Checkout candidate C with immutable base tag	2026-10-08T22:49:46.5256800Z  * [new tag]           v0.34.0                 -> v0.34.0
v0.14.0 Upgrade and Encrypted Rollback	Checkout candidate C with immutable base tag	2026-10-08T22:49:46.5257567Z  * [new tag]           v0.34.1                 -> v0.34.1
v0.14.0 Upgrade and Encrypted Rollback	Checkout candidate C with immutable base tag	2026-10-08T22:49:46.5258338Z  * [new tag]           v0.35.0                 -> v0.35.0
v0.14.0 Upgrade and Encrypted Rollback	Checkout candidate C with immutable base tag	2026-10-08T22:49:46.5259109Z  * [new tag]           v0.36.0                 -> v0.36.0
v0.14.0 Upgrade and Encrypted Rollback	Checkout candidate C with immutable base tag	2026-10-08T22:49:46.5259880Z  * [new tag]           v0.37.0                 -> v0.37.0
v0.14.0 Upgrade and Encrypted Rollback	Checkout candidate C with immutable base tag	2026-10-08T22:49:46.5260643Z  * [new tag]           v0.38.0                 -> v0.38.0
v0.14.0 Upgrade and Encrypted Rollback	Checkout candidate C with immutable base tag	2026-10-08T22:49:46.5261421Z  * [new tag]           v0.4.0                  -> v0.4.0
v0.14.0 Upgrade and Encrypted Rollback	Checkout candidate C with immutable base tag	2026-10-08T22:49:46.5262195Z  * [new tag]           v0.4.1                  -> v0.4.1
v0.14.0 Upgrade and Encrypted Rollback	Checkout candidate C with immutable base tag	2026-10-08T22:49:46.5262962Z  * [new tag]           v0.4.2                  -> v0.4.2
v0.14.0 Upgrade and Encrypted Rollback	Checkout candidate C with immutable base tag	2026-10-08T22:49:46.5263847Z  * [new tag]           v0.5.0                  -> v0.5.0
v0.14.0 Upgrade and Encrypted Rollback	Checkout candidate C with immutable base tag	2026-10-08T22:49:46.5264802Z  * [new tag]           v0.6.0                  -> v0.6.0
v0.14.0 Upgrade and Encrypted Rollback	Checkout candidate C with immutable base tag	2026-10-08T22:49:46.5265585Z  * [new tag]           v0.7.0                  -> v0.7.0
v0.14.0 Upgrade and Encrypted Rollback	Checkout candidate C with immutable base tag	2026-10-08T22:49:46.5266345Z  * [new tag]           v0.7.1                  -> v0.7.1
v0.14.0 Upgrade and Encrypted Rollback	Checkout candidate C with immutable base tag	2026-10-08T22:49:46.5267105Z  * [new tag]           v0.7.2                  -> v0.7.2
v0.14.0 Upgrade and Encrypted Rollback	Checkout candidate C with immutable base tag	2026-10-08T22:49:46.5267863Z  * [new tag]           v0.7.3                  -> v0.7.3
v0.14.0 Upgrade and Encrypted Rollback	Checkout candidate C with immutable base tag	2026-10-08T22:49:46.5268622Z  * [new tag]           v0.8.0                  -> v0.8.0
v0.14.0 Upgrade and Encrypted Rollback	Checkout candidate C with immutable base tag	2026-10-08T22:49:46.5269376Z  * [new tag]           v0.9.0                  -> v0.9.0
v0.14.0 Upgrade and Encrypted Rollback	Checkout candidate C with immutable base tag	2026-10-08T22:49:46.5270144Z  * [new tag]           v0.9.1                  -> v0.9.1
v0.14.0 Upgrade and Encrypted Rollback	Checkout candidate C with immutable base tag	2026-10-08T22:49:46.5272162Z [command]/usr/bin/git rev-parse --verify --quiet d4b6d9f8f96226cbe9fdc4530ab0e0c329d7b661^{object}
v0.14.0 Upgrade and Encrypted Rollback	Checkout candidate C with immutable base tag	2026-10-08T22:49:46.5273373Z d4b6d9f8f96226cbe9fdc4530ab0e0c329d7b661
v0.14.0 Upgrade and Encrypted Rollback	Checkout candidate C with immutable base tag	2026-10-08T22:49:46.5275310Z ##[endgroup]
v0.14.0 Upgrade and Encrypted Rollback	Checkout candidate C with immutable base tag	2026-10-08T22:49:46.5276116Z ##[group]Determining the checkout info
v0.14.0 Upgrade and Encrypted Rollback	Checkout candidate C with immutable base tag	2026-10-08T22:49:46.5277032Z ##[endgroup]
v0.14.0 Upgrade and Encrypted Rollback	Checkout candidate C with immutable base tag	2026-10-08T22:49:46.5277557Z [command]/usr/bin/git sparse-checkout disable
v0.14.0 Upgrade and Encrypted Rollback	Checkout candidate C with immutable base tag	2026-10-08T22:49:46.5279076Z [command]/usr/bin/git config --local --unset-all extensions.worktreeConfig
v0.14.0 Upgrade and Encrypted Rollback	Checkout candidate C with immutable base tag	2026-10-08T22:49:46.5280884Z ##[group]Checking out the ref
v0.14.0 Upgrade and Encrypted Rollback	Checkout candidate C with immutable base tag	2026-10-08T22:49:46.5281873Z [command]/usr/bin/git checkout --progress --force d4b6d9f8f96226cbe9fdc4530ab0e0c329d7b661
v0.14.0 Upgrade and Encrypted Rollback	Checkout candidate C with immutable base tag	2026-10-08T22:49:46.7164116Z Note: switching to 'd4b6d9f8f96226cbe9fdc4530ab0e0c329d7b661'.
v0.14.0 Upgrade and Encrypted Rollback	Checkout candidate C with immutable base tag	2026-10-08T22:49:46.7165709Z 
v0.14.0 Upgrade and Encrypted Rollback	Checkout candidate C with immutable base tag	2026-10-08T22:49:46.7166669Z You are in 'detached HEAD' state. You can look around, make experimental
v0.14.0 Upgrade and Encrypted Rollback	Checkout candidate C with immutable base tag	2026-10-08T22:49:46.7168904Z changes and commit them, and you can discard any commits you make in this
v0.14.0 Upgrade and Encrypted Rollback	Checkout candidate C with immutable base tag	2026-10-08T22:49:46.7171157Z state without impacting any branches by switching back to a branch.
v0.14.0 Upgrade and Encrypted Rollback	Checkout candidate C with immutable base tag	2026-10-08T22:49:46.7172498Z 
v0.14.0 Upgrade and Encrypted Rollback	Checkout candidate C with immutable base tag	2026-10-08T22:49:46.7173362Z If you want to create a new branch to retain commits you create, you may
v0.14.0 Upgrade and Encrypted Rollback	Checkout candidate C with immutable base tag	2026-10-08T22:49:46.7175766Z do so (now or later) by using -c with the switch command. Example:
v0.14.0 Upgrade and Encrypted Rollback	Checkout candidate C with immutable base tag	2026-10-08T22:49:46.7177068Z 
v0.14.0 Upgrade and Encrypted Rollback	Checkout candidate C with immutable base tag	2026-10-08T22:49:46.7177594Z   git switch -c <new-branch-name>
v0.14.0 Upgrade and Encrypted Rollback	Checkout candidate C with immutable base tag	2026-10-08T22:49:46.7178473Z 
v0.14.0 Upgrade and Encrypted Rollback	Checkout candidate C with immutable base tag	2026-10-08T22:49:46.7178965Z Or undo this operation with:
v0.14.0 Upgrade and Encrypted Rollback	Checkout candidate C with immutable base tag	2026-10-08T22:49:46.7179798Z 
v0.14.0 Upgrade and Encrypted Rollback	Checkout candidate C with immutable base tag	2026-10-08T22:49:46.7180259Z   git switch -
v0.14.0 Upgrade and Encrypted Rollback	Checkout candidate C with immutable base tag	2026-10-08T22:49:46.7180863Z 
v0.14.0 Upgrade and Encrypted Rollback	Checkout candidate C with immutable base tag	2026-10-08T22:49:46.7181911Z Turn off this advice by setting config variable advice.detachedHead to false
v0.14.0 Upgrade and Encrypted Rollback	Checkout candidate C with immutable base tag	2026-10-08T22:49:46.7183801Z 
v0.14.0 Upgrade and Encrypted Rollback	Checkout candidate C with immutable base tag	2026-10-08T22:49:46.7185111Z HEAD is now at d4b6d9f8 Prepare durable dormant account deletion with fenced recovery
v0.14.0 Upgrade and Encrypted Rollback	Checkout candidate C with immutable base tag	2026-10-08T22:49:46.7192940Z ##[endgroup]
v0.14.0 Upgrade and Encrypted Rollback	Checkout candidate C with immutable base tag	2026-10-08T22:49:46.7240561Z [command]/usr/bin/git log -1 --format=%H
v0.14.0 Upgrade and Encrypted Rollback	Checkout candidate C with immutable base tag	2026-10-08T22:49:46.7270011Z d4b6d9f8f96226cbe9fdc4530ab0e0c329d7b661
v0.14.0 Upgrade and Encrypted Rollback	Setup Node	﻿2026-10-08T22:49:46.7626934Z ##[group]Run actions/setup-node@v4
v0.14.0 Upgrade and Encrypted Rollback	Setup Node	2026-10-08T22:49:46.7628063Z with:
v0.14.0 Upgrade and Encrypted Rollback	Setup Node	2026-10-08T22:49:46.7628834Z   node-version: 20
v0.14.0 Upgrade and Encrypted Rollback	Setup Node	2026-10-08T22:49:46.7629864Z   cache: npm
v0.14.0 Upgrade and Encrypted Rollback	Setup Node	2026-10-08T22:49:46.7630838Z   cache-dependency-path: backend/package-lock.json
v0.14.0 Upgrade and Encrypted Rollback	Setup Node	2026-10-08T22:49:46.7632113Z   always-auth: false
v0.14.0 Upgrade and Encrypted Rollback	Setup Node	2026-10-08T22:49:46.7632998Z   check-latest: false
v0.14.0 Upgrade and Encrypted Rollback	Setup Node	2026-10-08T22:49:46.7642908Z   token: ***
v0.14.0 Upgrade and Encrypted Rollback	Setup Node	2026-10-08T22:49:46.7643861Z env:
v0.14.0 Upgrade and Encrypted Rollback	Setup Node	2026-10-08T22:49:46.7644974Z   CALIBRATE_SOURCE_COMMIT: d4b6d9f8f96226cbe9fdc4530ab0e0c329d7b661
v0.14.0 Upgrade and Encrypted Rollback	Setup Node	2026-10-08T22:49:46.7646409Z ##[endgroup]
v0.14.0 Upgrade and Encrypted Rollback	Setup Node	2026-10-08T22:49:46.9069883Z Attempting to download 20...
v0.14.0 Upgrade and Encrypted Rollback	Setup Node	2026-10-08T22:49:46.9176596Z (node:2270) [DEP0040] DeprecationWarning: The `punycode` module is deprecated. Please use a userland alternative instead.
v0.14.0 Upgrade and Encrypted Rollback	Setup Node	2026-10-08T22:49:46.9181831Z (Use `node --trace-deprecation ...` to show where the warning was created)
v0.14.0 Upgrade and Encrypted Rollback	Setup Node	2026-10-08T22:49:47.6527573Z Acquiring 20.20.2 - x64 from https://github.com/actions/node-versions/releases/download/20.20.2-23521894959/node-20.20.2-linux-x64.tar.gz
v0.14.0 Upgrade and Encrypted Rollback	Setup Node	2026-10-08T22:49:48.1264195Z Extracting ...
v0.14.0 Upgrade and Encrypted Rollback	Setup Node	2026-10-08T22:49:48.1378734Z [command]/usr/bin/tar xz --strip 1 --warning=no-unknown-keyword --overwrite -C /home/runner/work/_temp/a2951b6a-9fe7-4feb-889b-6120b7523d72 -f /home/runner/work/_temp/ebaba68d-e0db-4f1a-8968-838331028018
v0.14.0 Upgrade and Encrypted Rollback	Setup Node	2026-10-08T22:49:49.1562803Z Adding to the cache ...
v0.14.0 Upgrade and Encrypted Rollback	Setup Node	2026-10-08T22:49:52.2997027Z ##[group]Environment details
v0.14.0 Upgrade and Encrypted Rollback	Setup Node	2026-10-08T22:49:52.5842598Z node: v20.20.2
v0.14.0 Upgrade and Encrypted Rollback	Setup Node	2026-10-08T22:49:52.5843105Z npm: 10.8.2
v0.14.0 Upgrade and Encrypted Rollback	Setup Node	2026-10-08T22:49:52.5843326Z yarn: 1.22.22
v0.14.0 Upgrade and Encrypted Rollback	Setup Node	2026-10-08T22:49:52.5844062Z ##[endgroup]
v0.14.0 Upgrade and Encrypted Rollback	Setup Node	2026-10-08T22:49:52.5864413Z [command]/opt/hostedtoolcache/node/20.20.2/x64/bin/npm config get cache
v0.14.0 Upgrade and Encrypted Rollback	Setup Node	2026-10-08T22:49:52.6903273Z /home/runner/.npm
v0.14.0 Upgrade and Encrypted Rollback	Setup Node	2026-10-08T22:49:52.8539124Z npm cache is not found
v0.14.0 Upgrade and Encrypted Rollback	Install backend dependencies	﻿2026-10-08T22:49:52.8726395Z ##[group]Run npm --prefix backend ci --no-audit --fund=false
v0.14.0 Upgrade and Encrypted Rollback	Install backend dependencies	2026-10-08T22:49:52.8726960Z ^[[36;1mnpm --prefix backend ci --no-audit --fund=false^[[0m
v0.14.0 Upgrade and Encrypted Rollback	Install backend dependencies	2026-10-08T22:49:52.9018310Z shell: /usr/bin/bash -e {0}
v0.14.0 Upgrade and Encrypted Rollback	Install backend dependencies	2026-10-08T22:49:52.9018673Z env:
v0.14.0 Upgrade and Encrypted Rollback	Install backend dependencies	2026-10-08T22:49:52.9019013Z   CALIBRATE_SOURCE_COMMIT: d4b6d9f8f96226cbe9fdc4530ab0e0c329d7b661
v0.14.0 Upgrade and Encrypted Rollback	Install backend dependencies	2026-10-08T22:49:52.9019429Z ##[endgroup]
v0.14.0 Upgrade and Encrypted Rollback	Install backend dependencies	2026-10-08T22:49:53.3508000Z npm warn EBADENGINE Unsupported engine {
v0.14.0 Upgrade and Encrypted Rollback	Install backend dependencies	2026-10-08T22:49:53.3508639Z npm warn EBADENGINE   package: '@prisma/streams-local@0.1.11',
v0.14.0 Upgrade and Encrypted Rollback	Install backend dependencies	2026-10-08T22:49:53.3509203Z npm warn EBADENGINE   required: { bun: '>=1.2.0', node: '>=22.0.0' },
v0.14.0 Upgrade and Encrypted Rollback	Install backend dependencies	2026-10-08T22:49:53.3509742Z npm warn EBADENGINE   current: { node: 'v20.20.2', npm: '10.8.2' }
v0.14.0 Upgrade and Encrypted Rollback	Install backend dependencies	2026-10-08T22:49:53.3510128Z npm warn EBADENGINE }
v0.14.0 Upgrade and Encrypted Rollback	Install backend dependencies	2026-10-08T22:50:01.7435789Z 
v0.14.0 Upgrade and Encrypted Rollback	Install backend dependencies	2026-10-08T22:50:01.7436353Z added 430 packages in 9s
v0.14.0 Upgrade and Encrypted Rollback	Validate rollback rehearsal helpers	﻿2026-10-08T22:50:01.7695717Z ##[group]Run npm run test:db:rollback:unit
v0.14.0 Upgrade and Encrypted Rollback	Validate rollback rehearsal helpers	2026-10-08T22:50:01.7696108Z ^[[36;1mnpm run test:db:rollback:unit^[[0m
v0.14.0 Upgrade and Encrypted Rollback	Validate rollback rehearsal helpers	2026-10-08T22:50:01.7761720Z shell: /usr/bin/bash -e {0}
v0.14.0 Upgrade and Encrypted Rollback	Validate rollback rehearsal helpers	2026-10-08T22:50:01.7762000Z env:
v0.14.0 Upgrade and Encrypted Rollback	Validate rollback rehearsal helpers	2026-10-08T22:50:01.7762342Z   CALIBRATE_SOURCE_COMMIT: d4b6d9f8f96226cbe9fdc4530ab0e0c329d7b661
v0.14.0 Upgrade and Encrypted Rollback	Validate rollback rehearsal helpers	2026-10-08T22:50:01.7762741Z ##[endgroup]
v0.14.0 Upgrade and Encrypted Rollback	Validate rollback rehearsal helpers	2026-10-08T22:50:01.8877672Z 
v0.14.0 Upgrade and Encrypted Rollback	Validate rollback rehearsal helpers	2026-10-08T22:50:01.8879069Z > cal-io@0.37.0 test:db:rollback:unit
v0.14.0 Upgrade and Encrypted Rollback	Validate rollback rehearsal helpers	2026-10-08T22:50:01.8880037Z > node --test scripts/postgres-rollback-smoke.test.mjs
v0.14.0 Upgrade and Encrypted Rollback	Validate rollback rehearsal helpers	2026-10-08T22:50:01.8880594Z 
v0.14.0 Upgrade and Encrypted Rollback	Validate rollback rehearsal helpers	2026-10-08T22:50:01.9259446Z TAP version 13
v0.14.0 Upgrade and Encrypted Rollback	Validate rollback rehearsal helpers	2026-10-08T22:50:01.9921044Z # Subtest: resource plan owns only generated Docker and database names
v0.14.0 Upgrade and Encrypted Rollback	Validate rollback rehearsal helpers	2026-10-08T22:50:01.9934910Z ok 1 - resource plan owns only generated Docker and database names
v0.14.0 Upgrade and Encrypted Rollback	Validate rollback rehearsal helpers	2026-10-08T22:50:01.9935870Z   ---
v0.14.0 Upgrade and Encrypted Rollback	Validate rollback rehearsal helpers	2026-10-08T22:50:01.9936503Z   duration_ms: 5.489899
v0.14.0 Upgrade and Encrypted Rollback	Validate rollback rehearsal helpers	2026-10-08T22:50:01.9937113Z   ...
v0.14.0 Upgrade and Encrypted Rollback	Validate rollback rehearsal helpers	2026-10-08T22:50:01.9944820Z # Subtest: published database ports must be loopback-only and singular
v0.14.0 Upgrade and Encrypted Rollback	Validate rollback rehearsal helpers	2026-10-08T22:50:01.9946455Z ok 2 - published database ports must be loopback-only and singular
v0.14.0 Upgrade and Encrypted Rollback	Validate rollback rehearsal helpers	2026-10-08T22:50:01.9947354Z   ---
v0.14.0 Upgrade and Encrypted Rollback	Validate rollback rehearsal helpers	2026-10-08T22:50:01.9947726Z   duration_ms: 0.343245
v0.14.0 Upgrade and Encrypted Rollback	Validate rollback rehearsal helpers	2026-10-08T22:50:01.9948117Z   ...
v0.14.0 Upgrade and Encrypted Rollback	Validate rollback rehearsal helpers	2026-10-08T22:50:01.9951242Z # Subtest: database URLs cannot escape the generated loopback target
v0.14.0 Upgrade and Encrypted Rollback	Validate rollback rehearsal helpers	2026-10-08T22:50:01.9953065Z ok 3 - database URLs cannot escape the generated loopback target
v0.14.0 Upgrade and Encrypted Rollback	Validate rollback rehearsal helpers	2026-10-08T22:50:01.9954313Z   ---
v0.14.0 Upgrade and Encrypted Rollback	Validate rollback rehearsal helpers	2026-10-08T22:50:01.9954687Z   duration_ms: 1.445888
v0.14.0 Upgrade and Encrypted Rollback	Validate rollback rehearsal helpers	2026-10-08T22:50:01.9955646Z   ...
v0.14.0 Upgrade and Encrypted Rollback	Validate rollback rehearsal helpers	2026-10-08T22:50:01.9957391Z # Subtest: Postgres launch is private, disposable, labeled, and loopback-published
v0.14.0 Upgrade and Encrypted Rollback	Validate rollback rehearsal helpers	2026-10-08T22:50:01.9959081Z ok 4 - Postgres launch is private, disposable, labeled, and loopback-published
v0.14.0 Upgrade and Encrypted Rollback	Validate rollback rehearsal helpers	2026-10-08T22:50:01.9959903Z   ---
v0.14.0 Upgrade and Encrypted Rollback	Validate rollback rehearsal helpers	2026-10-08T22:50:01.9960279Z   duration_ms: 0.3618
v0.14.0 Upgrade and Encrypted Rollback	Validate rollback rehearsal helpers	2026-10-08T22:50:01.9960552Z   ...
v0.14.0 Upgrade and Encrypted Rollback	Validate rollback rehearsal helpers	2026-10-08T22:50:01.9967386Z # Subtest: migration contract pins exact v0.14.0 and candidate ledgers
v0.14.0 Upgrade and Encrypted Rollback	Validate rollback rehearsal helpers	2026-10-08T22:50:01.9969674Z ok 5 - migration contract pins exact v0.14.0 and candidate ledgers
v0.14.0 Upgrade and Encrypted Rollback	Validate rollback rehearsal helpers	2026-10-08T22:50:01.9970339Z   ---
v0.14.0 Upgrade and Encrypted Rollback	Validate rollback rehearsal helpers	2026-10-08T22:50:02.0004477Z   duration_ms: 8.720803
v0.14.0 Upgrade and Encrypted Rollback	Validate rollback rehearsal helpers	2026-10-08T22:50:02.0004915Z   ...
v0.14.0 Upgrade and Encrypted Rollback	Validate rollback rehearsal helpers	2026-10-08T22:50:02.0005812Z # Subtest: hosted source binding accepts only the checked-out lowercase full SHA
v0.14.0 Upgrade and Encrypted Rollback	Validate rollback rehearsal helpers	2026-10-08T22:50:02.0007144Z ok 6 - hosted source binding accepts only the checked-out lowercase full SHA
v0.14.0 Upgrade and Encrypted Rollback	Validate rollback rehearsal helpers	2026-10-08T22:50:02.0007982Z   ---
v0.14.0 Upgrade and Encrypted Rollback	Validate rollback rehearsal helpers	2026-10-08T22:50:02.0008363Z   duration_ms: 0.297669
v0.14.0 Upgrade and Encrypted Rollback	Validate rollback rehearsal helpers	2026-10-08T22:50:02.0008867Z   ...
v0.14.0 Upgrade and Encrypted Rollback	Validate rollback rehearsal helpers	2026-10-08T22:50:02.0009684Z # Subtest: source resolver binds the actual checkout to the workflow candidate
v0.14.0 Upgrade and Encrypted Rollback	Validate rollback rehearsal helpers	2026-10-08T22:50:02.0011113Z ok 7 - source resolver binds the actual checkout to the workflow candidate
v0.14.0 Upgrade and Encrypted Rollback	Validate rollback rehearsal helpers	2026-10-08T22:50:02.0034822Z   ---
v0.14.0 Upgrade and Encrypted Rollback	Validate rollback rehearsal helpers	2026-10-08T22:50:02.0035212Z   duration_ms: 0.282922
v0.14.0 Upgrade and Encrypted Rollback	Validate rollback rehearsal helpers	2026-10-08T22:50:02.0044373Z   ...
v0.14.0 Upgrade and Encrypted Rollback	Validate rollback rehearsal helpers	2026-10-08T22:50:02.0045293Z # Subtest: representative snapshots distinguish base from the intentional candidate transform
v0.14.0 Upgrade and Encrypted Rollback	Validate rollback rehearsal helpers	2026-10-08T22:50:02.0046635Z ok 8 - representative snapshots distinguish base from the intentional candidate transform
v0.14.0 Upgrade and Encrypted Rollback	Validate rollback rehearsal helpers	2026-10-08T22:50:02.0047437Z   ---
v0.14.0 Upgrade and Encrypted Rollback	Validate rollback rehearsal helpers	2026-10-08T22:50:02.0047968Z   duration_ms: 0.347494
v0.14.0 Upgrade and Encrypted Rollback	Validate rollback rehearsal helpers	2026-10-08T22:50:02.0048351Z   ...
v0.14.0 Upgrade and Encrypted Rollback	Validate rollback rehearsal helpers	2026-10-08T22:50:02.0048989Z # Subtest: diagnostics redact credentials and absolute host paths
v0.14.0 Upgrade and Encrypted Rollback	Validate rollback rehearsal helpers	2026-10-08T22:50:02.0049883Z ok 9 - diagnostics redact credentials and absolute host paths
v0.14.0 Upgrade and Encrypted Rollback	Validate rollback rehearsal helpers	2026-10-08T22:50:02.0050461Z   ---
v0.14.0 Upgrade and Encrypted Rollback	Validate rollback rehearsal helpers	2026-10-08T22:50:02.0050802Z   duration_ms: 0.5905
v0.14.0 Upgrade and Encrypted Rollback	Validate rollback rehearsal helpers	2026-10-08T22:50:02.0051170Z   ...
v0.14.0 Upgrade and Encrypted Rollback	Validate rollback rehearsal helpers	2026-10-08T22:50:02.0052060Z # Subtest: success evidence is sanitized, exact, and contains no resource target
v0.14.0 Upgrade and Encrypted Rollback	Validate rollback rehearsal helpers	2026-10-08T22:50:02.0053181Z ok 10 - success evidence is sanitized, exact, and contains no resource target
v0.14.0 Upgrade and Encrypted Rollback	Validate rollback rehearsal helpers	2026-10-08T22:50:02.0054257Z   ---
v0.14.0 Upgrade and Encrypted Rollback	Validate rollback rehearsal helpers	2026-10-08T22:50:02.0054891Z   duration_ms: 0.507274
v0.14.0 Upgrade and Encrypted Rollback	Validate rollback rehearsal helpers	2026-10-08T22:50:02.0057643Z   ...
v0.14.0 Upgrade and Encrypted Rollback	Validate rollback rehearsal helpers	2026-10-08T22:50:02.0058759Z # Subtest: failed evidence remains bound to the checked-out candidate
v0.14.0 Upgrade and Encrypted Rollback	Validate rollback rehearsal helpers	2026-10-08T22:50:02.0059793Z ok 11 - failed evidence remains bound to the checked-out candidate
v0.14.0 Upgrade and Encrypted Rollback	Validate rollback rehearsal helpers	2026-10-08T22:50:02.0060815Z   ---
v0.14.0 Upgrade and Encrypted Rollback	Validate rollback rehearsal helpers	2026-10-08T22:50:02.0061185Z   duration_ms: 0.277933
v0.14.0 Upgrade and Encrypted Rollback	Validate rollback rehearsal helpers	2026-10-08T22:50:02.0061597Z   ...
v0.14.0 Upgrade and Encrypted Rollback	Validate rollback rehearsal helpers	2026-10-08T22:50:02.0062389Z # Subtest: schema names, arguments, and evidence path are fixed and guarded
v0.14.0 Upgrade and Encrypted Rollback	Validate rollback rehearsal helpers	2026-10-08T22:50:02.0063834Z ok 12 - schema names, arguments, and evidence path are fixed and guarded
v0.14.0 Upgrade and Encrypted Rollback	Validate rollback rehearsal helpers	2026-10-08T22:50:02.0064553Z   ---
v0.14.0 Upgrade and Encrypted Rollback	Validate rollback rehearsal helpers	2026-10-08T22:50:02.0064942Z   duration_ms: 0.305043
v0.14.0 Upgrade and Encrypted Rollback	Validate rollback rehearsal helpers	2026-10-08T22:50:02.0065373Z   ...
v0.14.0 Upgrade and Encrypted Rollback	Validate rollback rehearsal helpers	2026-10-08T22:50:02.0066463Z # Subtest: command encoding defaults to text while preserving explicit spawn encodings
v0.14.0 Upgrade and Encrypted Rollback	Validate rollback rehearsal helpers	2026-10-08T22:50:02.0068133Z ok 13 - command encoding defaults to text while preserving explicit spawn encodings
v0.14.0 Upgrade and Encrypted Rollback	Validate rollback rehearsal helpers	2026-10-08T22:50:02.0068957Z   ---
v0.14.0 Upgrade and Encrypted Rollback	Validate rollback rehearsal helpers	2026-10-08T22:50:02.0069352Z   duration_ms: 0.159008
v0.14.0 Upgrade and Encrypted Rollback	Validate rollback rehearsal helpers	2026-10-08T22:50:02.0069769Z   ...
v0.14.0 Upgrade and Encrypted Rollback	Validate rollback rehearsal helpers	2026-10-08T22:50:02.0070886Z # Subtest: script contract uses production backup/restore and cleanup without external DATABASE_URL
v0.14.0 Upgrade and Encrypted Rollback	Validate rollback rehearsal helpers	2026-10-08T22:50:02.0072309Z ok 14 - script contract uses production backup/restore and cleanup without external DATABASE_URL
v0.14.0 Upgrade and Encrypted Rollback	Validate rollback rehearsal helpers	2026-10-08T22:50:02.0073201Z   ---
v0.14.0 Upgrade and Encrypted Rollback	Validate rollback rehearsal helpers	2026-10-08T22:50:02.0073540Z   duration_ms: 0.646475
v0.14.0 Upgrade and Encrypted Rollback	Validate rollback rehearsal helpers	2026-10-08T22:50:02.0074236Z   ...
v0.14.0 Upgrade and Encrypted Rollback	Validate rollback rehearsal helpers	2026-10-08T22:50:02.0133398Z 1..14
v0.14.0 Upgrade and Encrypted Rollback	Validate rollback rehearsal helpers	2026-10-08T22:50:02.0134380Z # tests 14
v0.14.0 Upgrade and Encrypted Rollback	Validate rollback rehearsal helpers	2026-10-08T22:50:02.0135017Z # suites 0
v0.14.0 Upgrade and Encrypted Rollback	Validate rollback rehearsal helpers	2026-10-08T22:50:02.0135834Z # pass 14
v0.14.0 Upgrade and Encrypted Rollback	Validate rollback rehearsal helpers	2026-10-08T22:50:02.0137759Z # fail 0
v0.14.0 Upgrade and Encrypted Rollback	Validate rollback rehearsal helpers	2026-10-08T22:50:02.0138671Z # cancelled 0
v0.14.0 Upgrade and Encrypted Rollback	Validate rollback rehearsal helpers	2026-10-08T22:50:02.0139413Z # skipped 0
v0.14.0 Upgrade and Encrypted Rollback	Validate rollback rehearsal helpers	2026-10-08T22:50:02.0140134Z # todo 0
v0.14.0 Upgrade and Encrypted Rollback	Validate rollback rehearsal helpers	2026-10-08T22:50:02.0149095Z # duration_ms 96.507218
v0.14.0 Upgrade and Encrypted Rollback	Upgrade from v0.14.0, restore, and re-upgrade	﻿2026-10-08T22:50:02.0311897Z ##[group]Run npm run test:db:rollback
v0.14.0 Upgrade and Encrypted Rollback	Upgrade from v0.14.0, restore, and re-upgrade	2026-10-08T22:50:02.0312232Z ^[[36;1mnpm run test:db:rollback^[[0m
v0.14.0 Upgrade and Encrypted Rollback	Upgrade from v0.14.0, restore, and re-upgrade	2026-10-08T22:50:02.0375467Z shell: /usr/bin/bash -e {0}
v0.14.0 Upgrade and Encrypted Rollback	Upgrade from v0.14.0, restore, and re-upgrade	2026-10-08T22:50:02.0375734Z env:
v0.14.0 Upgrade and Encrypted Rollback	Upgrade from v0.14.0, restore, and re-upgrade	2026-10-08T22:50:02.0376038Z   CALIBRATE_SOURCE_COMMIT: d4b6d9f8f96226cbe9fdc4530ab0e0c329d7b661
v0.14.0 Upgrade and Encrypted Rollback	Upgrade from v0.14.0, restore, and re-upgrade	2026-10-08T22:50:02.0376422Z ##[endgroup]
v0.14.0 Upgrade and Encrypted Rollback	Upgrade from v0.14.0, restore, and re-upgrade	2026-10-08T22:50:02.1471549Z 
v0.14.0 Upgrade and Encrypted Rollback	Upgrade from v0.14.0, restore, and re-upgrade	2026-10-08T22:50:02.1472092Z > cal-io@0.37.0 test:db:rollback
v0.14.0 Upgrade and Encrypted Rollback	Upgrade from v0.14.0, restore, and re-upgrade	2026-10-08T22:50:02.1472744Z > node scripts/postgres-rollback-smoke.mjs
v0.14.0 Upgrade and Encrypted Rollback	Upgrade from v0.14.0, restore, and re-upgrade	2026-10-08T22:50:02.1473014Z 
v0.14.0 Upgrade and Encrypted Rollback	Upgrade from v0.14.0, restore, and re-upgrade	2026-10-08T22:50:14.0870774Z [postgres-rollback-smoke] Applying immutable v0.14.0 migration ledger.
v0.14.0 Upgrade and Encrypted Rollback	Upgrade from v0.14.0, restore, and re-upgrade	2026-10-08T22:50:17.4371519Z [postgres-rollback-smoke] Applying candidate migrations through 0046_dormant_account_deletion.
v0.14.0 Upgrade and Encrypted Rollback	Upgrade from v0.14.0, restore, and re-upgrade	2026-10-08T22:50:19.2601123Z [postgres-rollback-smoke] Restoring the encrypted predecessor backup into the owned empty target.
v0.14.0 Upgrade and Encrypted Rollback	Upgrade from v0.14.0, restore, and re-upgrade	2026-10-08T22:50:19.7527269Z [postgres-rollback-smoke] Re-applying the candidate ledger to the restored predecessor data.
v0.14.0 Upgrade and Encrypted Rollback	Upgrade from v0.14.0, restore, and re-upgrade	2026-10-08T22:50:21.6878298Z [postgres-rollback-smoke] PASS: restored v0.14.0, verified its exact data/ledger, and re-upgraded through 0046_dormant_account_deletion.
v0.14.0 Upgrade and Encrypted Rollback	Post Setup Node	﻿2026-10-08T22:50:21.7067007Z Post job cleanup.
v0.14.0 Upgrade and Encrypted Rollback	Post Setup Node	2026-10-08T22:50:21.8274615Z (node:4502) [DEP0040] DeprecationWarning: The `punycode` module is deprecated. Please use a userland alternative instead.
v0.14.0 Upgrade and Encrypted Rollback	Post Setup Node	2026-10-08T22:50:21.8275598Z (Use `node --trace-deprecation ...` to show where the warning was created)
v0.14.0 Upgrade and Encrypted Rollback	Post Setup Node	2026-10-08T22:50:21.8484376Z [command]/usr/bin/tar --posix -cf cache.tzst --exclude cache.tzst -P -C /home/runner/work/calibrate-health/calibrate-health --files-from manifest.txt --use-compress-program zstdmt
v0.14.0 Upgrade and Encrypted Rollback	Post Setup Node	2026-10-08T22:50:22.2659077Z Failed to save: Unable to reserve cache with key node-cache-Linux-x64-npm-9ad1fc3d02200f097d647c965e5a2c426e45ead6e22fb282009302d8eeb7a3d3, another job may be creating this cache.
v0.14.0 Upgrade and Encrypted Rollback	Post Checkout candidate C with immutable base tag	﻿2026-10-08T22:50:22.2907931Z Post job cleanup.
v0.14.0 Upgrade and Encrypted Rollback	Post Checkout candidate C with immutable base tag	2026-10-08T22:50:22.3734113Z [command]/usr/bin/git version
v0.14.0 Upgrade and Encrypted Rollback	Post Checkout candidate C with immutable base tag	2026-10-08T22:50:22.3778721Z git version 2.55.0
v0.14.0 Upgrade and Encrypted Rollback	Post Checkout candidate C with immutable base tag	2026-10-08T22:50:22.3822299Z Temporarily overriding HOME='/home/runner/work/_temp/e48251ee-6a4c-4485-881a-4b6e566aeb55' before making global git config changes
v0.14.0 Upgrade and Encrypted Rollback	Post Checkout candidate C with immutable base tag	2026-10-08T22:50:22.3823238Z Adding repository directory to the temporary git global config as a safe directory
v0.14.0 Upgrade and Encrypted Rollback	Post Checkout candidate C with immutable base tag	2026-10-08T22:50:22.3828605Z [command]/usr/bin/git config --global --add safe.directory /home/runner/work/calibrate-health/calibrate-health
v0.14.0 Upgrade and Encrypted Rollback	Post Checkout candidate C with immutable base tag	2026-10-08T22:50:22.3867847Z [command]/usr/bin/git config --local --name-only --get-regexp core\.sshCommand
v0.14.0 Upgrade and Encrypted Rollback	Post Checkout candidate C with immutable base tag	2026-10-08T22:50:22.3903153Z [command]/usr/bin/git submodule foreach --recursive sh -c "git config --local --name-only --get-regexp 'core\.sshCommand' && git config --local --unset-all 'core.sshCommand' || :"
v0.14.0 Upgrade and Encrypted Rollback	Post Checkout candidate C with immutable base tag	2026-10-08T22:50:22.4190997Z [command]/usr/bin/git config --local --name-only --get-regexp http\.https\:\/\/github\.com\/\.extraheader
v0.14.0 Upgrade and Encrypted Rollback	Post Checkout candidate C with immutable base tag	2026-10-08T22:50:22.4225771Z http.https://github.com/.extraheader
v0.14.0 Upgrade and Encrypted Rollback	Post Checkout candidate C with immutable base tag	2026-10-08T22:50:22.4245760Z [command]/usr/bin/git config --local --unset-all http.https://github.com/.extraheader
v0.14.0 Upgrade and Encrypted Rollback	Post Checkout candidate C with immutable base tag	2026-10-08T22:50:22.4309889Z [command]/usr/bin/git submodule foreach --recursive sh -c "git config --local --name-only --get-regexp 'http\.https\:\/\/github\.com\/\.extraheader' && git config --local --unset-all 'http.https://github.com/.extraheader' || :"
v0.14.0 Upgrade and Encrypted Rollback	Post Checkout candidate C with immutable base tag	2026-10-08T22:50:22.4567772Z [command]/usr/bin/git config --local --name-only --get-regexp ^includeIf\.gitdir:
v0.14.0 Upgrade and Encrypted Rollback	Post Checkout candidate C with immutable base tag	2026-10-08T22:50:22.4611071Z [command]/usr/bin/git submodule foreach --recursive git config --local --show-origin --name-only --get-regexp remote.origin.url
v0.14.0 Upgrade and Encrypted Rollback	Complete job	﻿2026-10-08T22:50:22.5045935Z Cleaning up orphan processes
v0.14.0 Upgrade and Encrypted Rollback	Complete job	2026-10-08T22:50:22.5513461Z ##[warning]Node.js 20 is deprecated. The following actions target Node.js 20 but are being forced to run on Node.js 24: actions/checkout@v4, actions/setup-node@v4. For more information see: https://github.blog/changelog/2025-09-19-deprecation-of-node-20-on-github-actions-runners/
