Backend Tests	Set up job	∩╗┐2026-10-07T03:07:24.3568245Z Current runner version: '2.337.0'
Backend Tests	Set up job	2026-10-07T03:07:24.3591336Z ##[group]Runner Image Provisioner
Backend Tests	Set up job	2026-10-07T03:07:24.3592321Z Hosted Compute Agent
Backend Tests	Set up job	2026-10-07T03:07:24.3592899Z Version: 20260901.588
Backend Tests	Set up job	2026-10-07T03:07:24.3593490Z Commit: f88ec8081b781fac6c440065ac7ff9e710ce3d0b
Backend Tests	Set up job	2026-10-07T03:07:24.3594211Z Build Date: 2026-09-01T19:56:44Z
Backend Tests	Set up job	2026-10-07T03:07:24.3594912Z Worker ID: {76dcf2ee-7062-416d-a5d0-8f3380d023b8}
Backend Tests	Set up job	2026-10-07T03:07:24.3595573Z Azure Region: westcentralus
Backend Tests	Set up job	2026-10-07T03:07:24.3596173Z ##[endgroup]
Backend Tests	Set up job	2026-10-07T03:07:24.3597368Z ##[group]Operating System
Backend Tests	Set up job	2026-10-07T03:07:24.3597999Z Ubuntu
Backend Tests	Set up job	2026-10-07T03:07:24.3598511Z 24.04.5
Backend Tests	Set up job	2026-10-07T03:07:24.3598985Z LTS
Backend Tests	Set up job	2026-10-07T03:07:24.3599505Z ##[endgroup]
Backend Tests	Set up job	2026-10-07T03:07:24.3600015Z ##[group]Runner Image
Backend Tests	Set up job	2026-10-07T03:07:24.3600588Z Image: ubuntu-24.04
Backend Tests	Set up job	2026-10-07T03:07:24.3601335Z Version: 20260927.320.1
Backend Tests	Set up job	2026-10-07T03:07:24.3602314Z Included Software: https://github.com/actions/runner-images/blob/ubuntu24/20260927.320/images/ubuntu/Ubuntu2404-Readme.md
Backend Tests	Set up job	2026-10-07T03:07:24.3603919Z Image Release: https://github.com/actions/runner-images/releases/tag/ubuntu24%2F20260927.320
Backend Tests	Set up job	2026-10-07T03:07:24.3604806Z ##[endgroup]
Backend Tests	Set up job	2026-10-07T03:07:24.3605884Z ##[group]GITHUB_TOKEN Permissions
Backend Tests	Set up job	2026-10-07T03:07:24.3607750Z Contents: read
Backend Tests	Set up job	2026-10-07T03:07:24.3608306Z Metadata: read
Backend Tests	Set up job	2026-10-07T03:07:24.3608827Z ##[endgroup]
Backend Tests	Set up job	2026-10-07T03:07:24.3611489Z Secret source: Actions
Backend Tests	Set up job	2026-10-07T03:07:24.3612416Z Cache mode: write
Backend Tests	Set up job	2026-10-07T03:07:24.3613122Z Prepare workflow directory
Backend Tests	Set up job	2026-10-07T03:07:24.4023005Z Prepare all required actions
Backend Tests	Set up job	2026-10-07T03:07:24.4069539Z Getting action download info
Backend Tests	Set up job	2026-10-07T03:07:24.6580765Z Download action repository 'actions/checkout@v4' (SHA:11d5960a326750d5838078e36cf38b85af677262)
Backend Tests	Set up job	2026-10-07T03:07:24.7728552Z Download action repository 'actions/setup-node@v4' (SHA:49933ea5288caeca8642d1e84afbd3f7d6820020)
Backend Tests	Set up job	2026-10-07T03:07:24.9700342Z Complete job name: Backend Tests
Backend Tests	Initialize containers	∩╗┐2026-10-07T03:07:25.0126974Z ##[group]Checking docker version
Backend Tests	Initialize containers	2026-10-07T03:07:25.0139119Z ##[command]/usr/bin/docker version --format '{{.Server.APIVersion}}'
Backend Tests	Initialize containers	2026-10-07T03:07:25.1042323Z '1.48'
Backend Tests	Initialize containers	2026-10-07T03:07:25.1053204Z Docker daemon API version: '1.48'
Backend Tests	Initialize containers	2026-10-07T03:07:25.1054188Z ##[command]/usr/bin/docker version --format '{{.Client.APIVersion}}'
Backend Tests	Initialize containers	2026-10-07T03:07:25.1217044Z '1.48'
Backend Tests	Initialize containers	2026-10-07T03:07:25.1226838Z Docker client API version: '1.48'
Backend Tests	Initialize containers	2026-10-07T03:07:25.1232245Z ##[endgroup]
Backend Tests	Initialize containers	2026-10-07T03:07:25.1235136Z ##[group]Clean up resources from previous jobs
Backend Tests	Initialize containers	2026-10-07T03:07:25.1240330Z ##[command]/usr/bin/docker ps --all --quiet --no-trunc --filter "label=0e608e"
Backend Tests	Initialize containers	2026-10-07T03:07:25.1381990Z ##[command]/usr/bin/docker network prune --force --filter "label=0e608e"
Backend Tests	Initialize containers	2026-10-07T03:07:25.1504951Z ##[endgroup]
Backend Tests	Initialize containers	2026-10-07T03:07:25.1505535Z ##[group]Create local container network
Backend Tests	Initialize containers	2026-10-07T03:07:25.1515358Z ##[command]/usr/bin/docker network create --label 0e608e github_network_6d5fd8dc75724be5a213cdedac88e0f9
Backend Tests	Initialize containers	2026-10-07T03:07:25.1964471Z 2be9b5232fa93ea56600d276e16a0ee8b45f563e5c87a0a5725b2cb39ff47983
Backend Tests	Initialize containers	2026-10-07T03:07:25.1979485Z ##[endgroup]
Backend Tests	Initialize containers	2026-10-07T03:07:25.2006694Z ##[group]Starting postgres service container
Backend Tests	Initialize containers	2026-10-07T03:07:25.2027312Z ##[command]/usr/bin/docker pull postgres:16-alpine
Backend Tests	Initialize containers	2026-10-07T03:07:25.9126880Z 16-alpine: Pulling from library/postgres
Backend Tests	Initialize containers	2026-10-07T03:07:26.1097412Z e2de96513ba9: Already exists
Backend Tests	Initialize containers	2026-10-07T03:07:26.1136055Z 1b7f9cd581ee: Pulling fs layer
Backend Tests	Initialize containers	2026-10-07T03:07:26.1137353Z 210b280f9556: Pulling fs layer
Backend Tests	Initialize containers	2026-10-07T03:07:26.1138292Z 81717818649a: Pulling fs layer
Backend Tests	Initialize containers	2026-10-07T03:07:26.1141748Z 3ae6141cfd99: Pulling fs layer
Backend Tests	Initialize containers	2026-10-07T03:07:26.1142913Z 25b77f59fd95: Pulling fs layer
Backend Tests	Initialize containers	2026-10-07T03:07:26.1144138Z 6c25da34e03f: Pulling fs layer
Backend Tests	Initialize containers	2026-10-07T03:07:26.1146095Z a88782f92806: Pulling fs layer
Backend Tests	Initialize containers	2026-10-07T03:07:26.1147377Z d8d21be4bf02: Pulling fs layer
Backend Tests	Initialize containers	2026-10-07T03:07:26.1148450Z 6117bd39f23f: Pulling fs layer
Backend Tests	Initialize containers	2026-10-07T03:07:26.1149360Z 509688edf37b: Pulling fs layer
Backend Tests	Initialize containers	2026-10-07T03:07:26.1150203Z a88782f92806: Waiting
Backend Tests	Initialize containers	2026-10-07T03:07:26.1151323Z d8d21be4bf02: Waiting
Backend Tests	Initialize containers	2026-10-07T03:07:26.1152511Z 3ae6141cfd99: Waiting
Backend Tests	Initialize containers	2026-10-07T03:07:26.1153388Z 25b77f59fd95: Waiting
Backend Tests	Initialize containers	2026-10-07T03:07:26.1154203Z 6117bd39f23f: Waiting
Backend Tests	Initialize containers	2026-10-07T03:07:26.1154974Z 509688edf37b: Waiting
Backend Tests	Initialize containers	2026-10-07T03:07:26.1155749Z 6c25da34e03f: Waiting
Backend Tests	Initialize containers	2026-10-07T03:07:26.3509315Z 1b7f9cd581ee: Verifying Checksum
Backend Tests	Initialize containers	2026-10-07T03:07:26.3517718Z 1b7f9cd581ee: Download complete
Backend Tests	Initialize containers	2026-10-07T03:07:26.3519396Z 81717818649a: Download complete
Backend Tests	Initialize containers	2026-10-07T03:07:26.4085648Z 1b7f9cd581ee: Pull complete
Backend Tests	Initialize containers	2026-10-07T03:07:26.4569150Z 210b280f9556: Download complete
Backend Tests	Initialize containers	2026-10-07T03:07:26.4920470Z 210b280f9556: Pull complete
Backend Tests	Initialize containers	2026-10-07T03:07:26.5056997Z 81717818649a: Pull complete
Backend Tests	Initialize containers	2026-10-07T03:07:26.5457257Z 3ae6141cfd99: Verifying Checksum
Backend Tests	Initialize containers	2026-10-07T03:07:26.5459823Z 3ae6141cfd99: Download complete
Backend Tests	Initialize containers	2026-10-07T03:07:26.5564849Z 3ae6141cfd99: Pull complete
Backend Tests	Initialize containers	2026-10-07T03:07:26.6446073Z 6c25da34e03f: Verifying Checksum
Backend Tests	Initialize containers	2026-10-07T03:07:26.6448021Z 6c25da34e03f: Download complete
Backend Tests	Initialize containers	2026-10-07T03:07:26.7411919Z a88782f92806: Verifying Checksum
Backend Tests	Initialize containers	2026-10-07T03:07:26.7415267Z a88782f92806: Download complete
Backend Tests	Initialize containers	2026-10-07T03:07:26.8364820Z d8d21be4bf02: Verifying Checksum
Backend Tests	Initialize containers	2026-10-07T03:07:26.8366881Z d8d21be4bf02: Download complete
Backend Tests	Initialize containers	2026-10-07T03:07:26.9234594Z 6117bd39f23f: Verifying Checksum
Backend Tests	Initialize containers	2026-10-07T03:07:26.9235826Z 6117bd39f23f: Download complete
Backend Tests	Initialize containers	2026-10-07T03:07:27.0326572Z 509688edf37b: Verifying Checksum
Backend Tests	Initialize containers	2026-10-07T03:07:27.0327397Z 509688edf37b: Download complete
Backend Tests	Initialize containers	2026-10-07T03:07:27.0415152Z 25b77f59fd95: Verifying Checksum
Backend Tests	Initialize containers	2026-10-07T03:07:27.0415838Z 25b77f59fd95: Download complete
Backend Tests	Initialize containers	2026-10-07T03:07:30.6379920Z 25b77f59fd95: Pull complete
Backend Tests	Initialize containers	2026-10-07T03:07:30.6529657Z 6c25da34e03f: Pull complete
Backend Tests	Initialize containers	2026-10-07T03:07:30.6631898Z a88782f92806: Pull complete
Backend Tests	Initialize containers	2026-10-07T03:07:30.6764558Z d8d21be4bf02: Pull complete
Backend Tests	Initialize containers	2026-10-07T03:07:30.6863750Z 6117bd39f23f: Pull complete
Backend Tests	Initialize containers	2026-10-07T03:07:30.6962245Z 509688edf37b: Pull complete
Backend Tests	Initialize containers	2026-10-07T03:07:30.7007881Z Digest: sha256:721873c34ceb9f8d8fc265984940dc982404c105f19ad51be9fdc5970a6080ea
Backend Tests	Initialize containers	2026-10-07T03:07:30.7024528Z Status: Downloaded newer image for postgres:16-alpine
Backend Tests	Initialize containers	2026-10-07T03:07:30.7036637Z docker.io/library/postgres:16-alpine
Backend Tests	Initialize containers	2026-10-07T03:07:30.7090429Z ##[command]/usr/bin/docker create --name 2d1234e7846f4d569ec63042352a023e_postgres16alpine_e2f8bb --label 0e608e --network github_network_6d5fd8dc75724be5a213cdedac88e0f9 --network-alias postgres -p 5432:5432 --health-cmd "pg_isready -U calibrate_ci -d calibrate_ci" --health-interval 5s --health-timeout 5s --health-retries 10 -e "POSTGRES_USER=calibrate_ci" -e "POSTGRES_PASSWORD=calibrate_ci" -e "POSTGRES_DB=calibrate_ci" -e GITHUB_ACTIONS=true -e CI=true postgres:16-alpine
Backend Tests	Initialize containers	2026-10-07T03:07:30.7354766Z 1f55962ffd7bf4f1efa42ce98c3cfdc55cb023025627992ec8889015574b7c5e
Backend Tests	Initialize containers	2026-10-07T03:07:30.7371955Z ##[command]/usr/bin/docker start 1f55962ffd7bf4f1efa42ce98c3cfdc55cb023025627992ec8889015574b7c5e
Backend Tests	Initialize containers	2026-10-07T03:07:30.9419786Z 1f55962ffd7bf4f1efa42ce98c3cfdc55cb023025627992ec8889015574b7c5e
Backend Tests	Initialize containers	2026-10-07T03:07:30.9438131Z ##[command]/usr/bin/docker ps --all --filter id=1f55962ffd7bf4f1efa42ce98c3cfdc55cb023025627992ec8889015574b7c5e --filter status=running --no-trunc --format "{{.ID}} {{.Status}}"
Backend Tests	Initialize containers	2026-10-07T03:07:30.9573497Z 1f55962ffd7bf4f1efa42ce98c3cfdc55cb023025627992ec8889015574b7c5e Up Less than a second (health: starting)
Backend Tests	Initialize containers	2026-10-07T03:07:30.9611144Z ##[command]/usr/bin/docker port 1f55962ffd7bf4f1efa42ce98c3cfdc55cb023025627992ec8889015574b7c5e
Backend Tests	Initialize containers	2026-10-07T03:07:30.9742654Z 5432/tcp -> 0.0.0.0:5432
Backend Tests	Initialize containers	2026-10-07T03:07:30.9743519Z 5432/tcp -> [::]:5432
Backend Tests	Initialize containers	2026-10-07T03:07:30.9781303Z ##[endgroup]
Backend Tests	Initialize containers	2026-10-07T03:07:30.9789838Z ##[group]Waiting for all services to be ready
Backend Tests	Initialize containers	2026-10-07T03:07:30.9803850Z ##[command]/usr/bin/docker inspect --format="{{if .Config.Healthcheck}}{{print .State.Health.Status}}{{end}}" 1f55962ffd7bf4f1efa42ce98c3cfdc55cb023025627992ec8889015574b7c5e
Backend Tests	Initialize containers	2026-10-07T03:07:30.9942975Z starting
Backend Tests	Initialize containers	2026-10-07T03:07:30.9957791Z postgres service is starting, waiting 2 seconds before checking again.
Backend Tests	Initialize containers	2026-10-07T03:07:32.9960034Z ##[command]/usr/bin/docker inspect --format="{{if .Config.Healthcheck}}{{print .State.Health.Status}}{{end}}" 1f55962ffd7bf4f1efa42ce98c3cfdc55cb023025627992ec8889015574b7c5e
Backend Tests	Initialize containers	2026-10-07T03:07:33.0095049Z starting
Backend Tests	Initialize containers	2026-10-07T03:07:33.0103769Z postgres service is starting, waiting 4 seconds before checking again.
Backend Tests	Initialize containers	2026-10-07T03:07:37.0595118Z ##[command]/usr/bin/docker inspect --format="{{if .Config.Healthcheck}}{{print .State.Health.Status}}{{end}}" 1f55962ffd7bf4f1efa42ce98c3cfdc55cb023025627992ec8889015574b7c5e
Backend Tests	Initialize containers	2026-10-07T03:07:37.0728901Z healthy
Backend Tests	Initialize containers	2026-10-07T03:07:37.0742322Z postgres service is healthy.
Backend Tests	Initialize containers	2026-10-07T03:07:37.0742974Z ##[endgroup]
Backend Tests	Checkout	∩╗┐2026-10-07T03:07:37.1037494Z ##[group]Run actions/checkout@v4
Backend Tests	Checkout	2026-10-07T03:07:37.1038315Z with:
Backend Tests	Checkout	2026-10-07T03:07:37.1038701Z   ref: a0fdefe8bca51c25306f36cccc8181bd35672341
Backend Tests	Checkout	2026-10-07T03:07:37.1039112Z   repository: MChartier/calibrate-health
Backend Tests	Checkout	2026-10-07T03:07:37.1041764Z   token: ***
Backend Tests	Checkout	2026-10-07T03:07:37.1042133Z   ssh-strict: true
Backend Tests	Checkout	2026-10-07T03:07:37.1042418Z   ssh-user: git
Backend Tests	Checkout	2026-10-07T03:07:37.1042736Z   persist-credentials: true
Backend Tests	Checkout	2026-10-07T03:07:37.1043064Z   clean: true
Backend Tests	Checkout	2026-10-07T03:07:37.1043365Z   sparse-checkout-cone-mode: true
Backend Tests	Checkout	2026-10-07T03:07:37.1043760Z   fetch-depth: 1
Backend Tests	Checkout	2026-10-07T03:07:37.1044038Z   fetch-tags: false
Backend Tests	Checkout	2026-10-07T03:07:37.1044326Z   show-progress: true
Backend Tests	Checkout	2026-10-07T03:07:37.1044622Z   lfs: false
Backend Tests	Checkout	2026-10-07T03:07:37.1044894Z   submodules: false
Backend Tests	Checkout	2026-10-07T03:07:37.1045221Z   set-safe-directory: true
Backend Tests	Checkout	2026-10-07T03:07:37.1045546Z   allow-unsafe-pr-checkout: false
Backend Tests	Checkout	2026-10-07T03:07:37.1046087Z ##[endgroup]
Backend Tests	Checkout	2026-10-07T03:07:37.2011418Z Syncing repository: MChartier/calibrate-health
Backend Tests	Checkout	2026-10-07T03:07:37.2013315Z ##[group]Getting Git version info
Backend Tests	Checkout	2026-10-07T03:07:37.2014061Z Working directory is '/home/runner/work/calibrate-health/calibrate-health'
Backend Tests	Checkout	2026-10-07T03:07:37.2014864Z [command]/usr/bin/git version
Backend Tests	Checkout	2026-10-07T03:07:37.2084316Z git version 2.55.0
Backend Tests	Checkout	2026-10-07T03:07:37.2108338Z ##[endgroup]
Backend Tests	Checkout	2026-10-07T03:07:37.2128930Z Temporarily overriding HOME='/home/runner/work/_temp/5e9d5df9-9115-477e-b51c-52fc62bee808' before making global git config changes
Backend Tests	Checkout	2026-10-07T03:07:37.2132663Z Adding repository directory to the temporary git global config as a safe directory
Backend Tests	Checkout	2026-10-07T03:07:37.2138963Z [command]/usr/bin/git config --global --add safe.directory /home/runner/work/calibrate-health/calibrate-health
Backend Tests	Checkout	2026-10-07T03:07:37.2187974Z Deleting the contents of '/home/runner/work/calibrate-health/calibrate-health'
Backend Tests	Checkout	2026-10-07T03:07:37.2194457Z ##[group]Initializing the repository
Backend Tests	Checkout	2026-10-07T03:07:37.2198057Z [command]/usr/bin/git init /home/runner/work/calibrate-health/calibrate-health
Backend Tests	Checkout	2026-10-07T03:07:37.2319324Z hint: Using 'master' as the name for the initial branch. This default branch name
Backend Tests	Checkout	2026-10-07T03:07:37.2320778Z hint: will change to "main" in Git 3.0. To configure the initial branch name
Backend Tests	Checkout	2026-10-07T03:07:37.2321923Z hint: to use in all of your new repositories, which will suppress this warning,
Backend Tests	Checkout	2026-10-07T03:07:37.2322726Z hint: call:
Backend Tests	Checkout	2026-10-07T03:07:37.2323293Z hint:
Backend Tests	Checkout	2026-10-07T03:07:37.2323986Z hint: 	git config --global init.defaultBranch <name>
Backend Tests	Checkout	2026-10-07T03:07:37.2324681Z hint:
Backend Tests	Checkout	2026-10-07T03:07:37.2325322Z hint: Names commonly chosen instead of 'master' are 'main', 'trunk' and
Backend Tests	Checkout	2026-10-07T03:07:37.2326223Z hint: 'development'. The just-created branch can be renamed via this command:
Backend Tests	Checkout	2026-10-07T03:07:37.2327078Z hint:
Backend Tests	Checkout	2026-10-07T03:07:37.2327571Z hint: 	git branch -m <name>
Backend Tests	Checkout	2026-10-07T03:07:37.2328145Z hint:
Backend Tests	Checkout	2026-10-07T03:07:37.2328828Z hint: Disable this message with "git config set advice.defaultBranchName false"
Backend Tests	Checkout	2026-10-07T03:07:37.2333262Z Initialized empty Git repository in /home/runner/work/calibrate-health/calibrate-health/.git/
Backend Tests	Checkout	2026-10-07T03:07:37.2343694Z [command]/usr/bin/git remote add origin https://github.com/MChartier/calibrate-health
Backend Tests	Checkout	2026-10-07T03:07:37.2394485Z ##[endgroup]
Backend Tests	Checkout	2026-10-07T03:07:37.2395569Z ##[group]Disabling automatic garbage collection
Backend Tests	Checkout	2026-10-07T03:07:37.2397875Z [command]/usr/bin/git config --local gc.auto 0
Backend Tests	Checkout	2026-10-07T03:07:37.2431886Z ##[endgroup]
Backend Tests	Checkout	2026-10-07T03:07:37.2432887Z ##[group]Setting up auth
Backend Tests	Checkout	2026-10-07T03:07:37.2437577Z [command]/usr/bin/git config --local --name-only --get-regexp core\.sshCommand
Backend Tests	Checkout	2026-10-07T03:07:37.2465237Z [command]/usr/bin/git submodule foreach --recursive sh -c "git config --local --name-only --get-regexp 'core\.sshCommand' && git config --local --unset-all 'core.sshCommand' || :"
Backend Tests	Checkout	2026-10-07T03:07:37.2822065Z [command]/usr/bin/git config --local --name-only --get-regexp http\.https\:\/\/github\.com\/\.extraheader
Backend Tests	Checkout	2026-10-07T03:07:37.2851862Z [command]/usr/bin/git submodule foreach --recursive sh -c "git config --local --name-only --get-regexp 'http\.https\:\/\/github\.com\/\.extraheader' && git config --local --unset-all 'http.https://github.com/.extraheader' || :"
Backend Tests	Checkout	2026-10-07T03:07:37.3047027Z [command]/usr/bin/git config --local --name-only --get-regexp ^includeIf\.gitdir:
Backend Tests	Checkout	2026-10-07T03:07:37.3075989Z [command]/usr/bin/git submodule foreach --recursive git config --local --show-origin --name-only --get-regexp remote.origin.url
Backend Tests	Checkout	2026-10-07T03:07:37.3258404Z [command]/usr/bin/git config --local http.https://github.com/.extraheader AUTHORIZATION: basic ***
Backend Tests	Checkout	2026-10-07T03:07:37.3325440Z ##[endgroup]
Backend Tests	Checkout	2026-10-07T03:07:37.3326188Z ##[group]Fetching the repository
Backend Tests	Checkout	2026-10-07T03:07:37.3334121Z [command]/usr/bin/git -c protocol.version=2 fetch --no-tags --prune --no-recurse-submodules --depth=1 origin a0fdefe8bca51c25306f36cccc8181bd35672341
Backend Tests	Checkout	2026-10-07T03:07:39.4181031Z From https://github.com/MChartier/calibrate-health
Backend Tests	Checkout	2026-10-07T03:07:39.4182274Z  * branch            a0fdefe8bca51c25306f36cccc8181bd35672341 -> FETCH_HEAD
Backend Tests	Checkout	2026-10-07T03:07:39.4186007Z ##[endgroup]
Backend Tests	Checkout	2026-10-07T03:07:39.4186900Z ##[group]Determining the checkout info
Backend Tests	Checkout	2026-10-07T03:07:39.4189622Z ##[endgroup]
Backend Tests	Checkout	2026-10-07T03:07:39.4195847Z [command]/usr/bin/git sparse-checkout disable
Backend Tests	Checkout	2026-10-07T03:07:39.4255528Z [command]/usr/bin/git config --local --unset-all extensions.worktreeConfig
Backend Tests	Checkout	2026-10-07T03:07:39.4311928Z ##[group]Checking out the ref
Backend Tests	Checkout	2026-10-07T03:07:39.4315913Z [command]/usr/bin/git checkout --progress --force a0fdefe8bca51c25306f36cccc8181bd35672341
Backend Tests	Checkout	2026-10-07T03:07:39.6257381Z Note: switching to 'a0fdefe8bca51c25306f36cccc8181bd35672341'.
Backend Tests	Checkout	2026-10-07T03:07:39.6257947Z 
Backend Tests	Checkout	2026-10-07T03:07:39.6258376Z You are in 'detached HEAD' state. You can look around, make experimental
Backend Tests	Checkout	2026-10-07T03:07:39.6259613Z changes and commit them, and you can discard any commits you make in this
Backend Tests	Checkout	2026-10-07T03:07:39.6260297Z state without impacting any branches by switching back to a branch.
Backend Tests	Checkout	2026-10-07T03:07:39.6260787Z 
Backend Tests	Checkout	2026-10-07T03:07:39.6261149Z If you want to create a new branch to retain commits you create, you may
Backend Tests	Checkout	2026-10-07T03:07:39.6261678Z do so (now or later) by using -c with the switch command. Example:
Backend Tests	Checkout	2026-10-07T03:07:39.6262030Z 
Backend Tests	Checkout	2026-10-07T03:07:39.6262202Z   git switch -c <new-branch-name>
Backend Tests	Checkout	2026-10-07T03:07:39.6262442Z 
Backend Tests	Checkout	2026-10-07T03:07:39.6262619Z Or undo this operation with:
Backend Tests	Checkout	2026-10-07T03:07:39.6262779Z 
Backend Tests	Checkout	2026-10-07T03:07:39.6262959Z   git switch -
Backend Tests	Checkout	2026-10-07T03:07:39.6263127Z 
Backend Tests	Checkout	2026-10-07T03:07:39.6263382Z Turn off this advice by setting config variable advice.detachedHead to false
Backend Tests	Checkout	2026-10-07T03:07:39.6263709Z 
Backend Tests	Checkout	2026-10-07T03:07:39.6263930Z HEAD is now at a0fdefe fix(auth): serialize native login session issuance
Backend Tests	Checkout	2026-10-07T03:07:39.6269703Z ##[endgroup]
Backend Tests	Checkout	2026-10-07T03:07:39.6309631Z [command]/usr/bin/git log -1 --format=%H
Backend Tests	Checkout	2026-10-07T03:07:39.6331306Z a0fdefe8bca51c25306f36cccc8181bd35672341
Backend Tests	Setup Node	∩╗┐2026-10-07T03:07:39.6560321Z ##[group]Run actions/setup-node@v4
Backend Tests	Setup Node	2026-10-07T03:07:39.6560876Z with:
Backend Tests	Setup Node	2026-10-07T03:07:39.6561217Z   node-version: 20
Backend Tests	Setup Node	2026-10-07T03:07:39.6561516Z   cache: npm
Backend Tests	Setup Node	2026-10-07T03:07:39.6561864Z   cache-dependency-path: backend/package-lock.json
Backend Tests	Setup Node	2026-10-07T03:07:39.6562291Z   always-auth: false
Backend Tests	Setup Node	2026-10-07T03:07:39.6562586Z   check-latest: false
Backend Tests	Setup Node	2026-10-07T03:07:39.6564770Z   token: ***
Backend Tests	Setup Node	2026-10-07T03:07:39.6565062Z ##[endgroup]
Backend Tests	Setup Node	2026-10-07T03:07:39.7881193Z Attempting to download 20...
Backend Tests	Setup Node	2026-10-07T03:07:39.7980452Z (node:2737) [DEP0040] DeprecationWarning: The `punycode` module is deprecated. Please use a userland alternative instead.
Backend Tests	Setup Node	2026-10-07T03:07:39.7981705Z (Use `node --trace-deprecation ...` to show where the warning was created)
Backend Tests	Setup Node	2026-10-07T03:07:40.7198793Z Acquiring 20.20.2 - x64 from https://github.com/actions/node-versions/releases/download/20.20.2-23521894959/node-20.20.2-linux-x64.tar.gz
Backend Tests	Setup Node	2026-10-07T03:07:41.3532872Z Extracting ...
Backend Tests	Setup Node	2026-10-07T03:07:41.3633972Z [command]/usr/bin/tar xz --strip 1 --warning=no-unknown-keyword --overwrite -C /home/runner/work/_temp/2e4a081e-aecd-43c0-94eb-261283eccb3f -f /home/runner/work/_temp/1f315fee-5aa3-4c53-9f8a-5ee725a49573
Backend Tests	Setup Node	2026-10-07T03:07:42.4236241Z Adding to the cache ...
Backend Tests	Setup Node	2026-10-07T03:07:44.1969729Z ##[group]Environment details
Backend Tests	Setup Node	2026-10-07T03:07:44.4064337Z node: v20.20.2
Backend Tests	Setup Node	2026-10-07T03:07:44.4064985Z npm: 10.8.2
Backend Tests	Setup Node	2026-10-07T03:07:44.4065408Z yarn: 1.22.22
Backend Tests	Setup Node	2026-10-07T03:07:44.4066073Z ##[endgroup]
Backend Tests	Setup Node	2026-10-07T03:07:44.4082736Z [command]/opt/hostedtoolcache/node/20.20.2/x64/bin/npm config get cache
Backend Tests	Setup Node	2026-10-07T03:07:44.5035588Z /home/runner/.npm
Backend Tests	Setup Node	2026-10-07T03:07:44.6894862Z npm cache is not found
Backend Tests	Install deps	∩╗┐2026-10-07T03:07:44.7027147Z ##[group]Run npm ci --no-audit --fund=false
Backend Tests	Install deps	2026-10-07T03:07:44.7027964Z ^[[36;1mnpm ci --no-audit --fund=false^[[0m
Backend Tests	Install deps	2026-10-07T03:07:44.7191440Z shell: /usr/bin/bash -e {0}
Backend Tests	Install deps	2026-10-07T03:07:44.7191834Z ##[endgroup]
Backend Tests	Install deps	2026-10-07T03:07:45.0974249Z npm warn EBADENGINE Unsupported engine {
Backend Tests	Install deps	2026-10-07T03:07:45.0976044Z npm warn EBADENGINE   package: '@prisma/streams-local@0.1.11',
Backend Tests	Install deps	2026-10-07T03:07:45.0977544Z npm warn EBADENGINE   required: { bun: '>=1.2.0', node: '>=22.0.0' },
Backend Tests	Install deps	2026-10-07T03:07:45.0978882Z npm warn EBADENGINE   current: { node: 'v20.20.2', npm: '10.8.2' }
Backend Tests	Install deps	2026-10-07T03:07:45.0979929Z npm warn EBADENGINE }
Backend Tests	Install deps	2026-10-07T03:07:53.0971966Z 
Backend Tests	Install deps	2026-10-07T03:07:53.0972942Z added 430 packages in 8s
Backend Tests	Verify fresh database migrations	∩╗┐2026-10-07T03:07:53.1149951Z ##[group]Run npm run db:migrate
Backend Tests	Verify fresh database migrations	2026-10-07T03:07:53.1150350Z ^[[36;1mnpm run db:migrate^[[0m
Backend Tests	Verify fresh database migrations	2026-10-07T03:07:53.1194462Z shell: /usr/bin/bash -e {0}
Backend Tests	Verify fresh database migrations	2026-10-07T03:07:53.1194853Z env:
Backend Tests	Verify fresh database migrations	2026-10-07T03:07:53.1195537Z   DATABASE_URL: ***localhost:5432/calibrate_ci?schema=public
Backend Tests	Verify fresh database migrations	2026-10-07T03:07:53.1196015Z ##[endgroup]
Backend Tests	Verify fresh database migrations	2026-10-07T03:07:53.2421110Z 
Backend Tests	Verify fresh database migrations	2026-10-07T03:07:53.2422542Z > backend@0.37.0 db:migrate
Backend Tests	Verify fresh database migrations	2026-10-07T03:07:53.2423326Z > prisma migrate deploy
Backend Tests	Verify fresh database migrations	2026-10-07T03:07:53.2423832Z 
Backend Tests	Verify fresh database migrations	2026-10-07T03:07:54.1353833Z Loaded Prisma config from prisma.config.ts.
Backend Tests	Verify fresh database migrations	2026-10-07T03:07:54.1354482Z 
Backend Tests	Verify fresh database migrations	2026-10-07T03:07:54.2562705Z Prisma schema loaded from prisma/schema.prisma.
Backend Tests	Verify fresh database migrations	2026-10-07T03:07:54.2629447Z Datasource "db": PostgreSQL database "calibrate_ci", schema "public" at "localhost:5432"
Backend Tests	Verify fresh database migrations	2026-10-07T03:07:54.3367866Z 
Backend Tests	Verify fresh database migrations	2026-10-07T03:07:54.3368952Z 48 migrations found in prisma/migrations
Backend Tests	Verify fresh database migrations	2026-10-07T03:07:54.3369375Z 
Backend Tests	Verify fresh database migrations	2026-10-07T03:07:54.4728697Z Applying migration `0001_init`
Backend Tests	Verify fresh database migrations	2026-10-07T03:07:54.4988208Z Applying migration `0002_weight_units_grams`
Backend Tests	Verify fresh database migrations	2026-10-07T03:07:54.5097525Z Applying migration `0003_bodymetric_date_only`
Backend Tests	Verify fresh database migrations	2026-10-07T03:07:54.5205567Z Applying migration `0004_add_profile_fields`
Backend Tests	Verify fresh database migrations	2026-10-07T03:07:54.5249339Z Applying migration `0005_add_user_timezone`
Backend Tests	Verify fresh database migrations	2026-10-07T03:07:54.5281872Z Applying migration `0006_foodlog_local_date`
Backend Tests	Verify fresh database migrations	2026-10-07T03:07:54.5332798Z Applying migration `0007_height_unit_preference`
Backend Tests	Verify fresh database migrations	2026-10-07T03:07:54.5387017Z Applying migration `0008_meal_period_enum`
Backend Tests	Verify fresh database migrations	2026-10-07T03:07:54.5494629Z Applying migration `0009_add_user_profile_image`
Backend Tests	Verify fresh database migrations	2026-10-07T03:07:54.5524436Z Applying migration `0010_my_foods`
Backend Tests	Verify fresh database migrations	2026-10-07T03:07:54.5731721Z Applying migration `0011_add_user_language`
Backend Tests	Verify fresh database migrations	2026-10-07T03:07:54.5762230Z Applying migration `0012_session_store`
Backend Tests	Verify fresh database migrations	2026-10-07T03:07:54.5838755Z Applying migration `0013_food_log_day_completion`
Backend Tests	Verify fresh database migrations	2026-10-07T03:07:54.5922588Z Applying migration `0013_push_subscriptions`
Backend Tests	Verify fresh database migrations	2026-10-07T03:07:54.6028209Z Applying migration `0014_push_subscription_reminders`
Backend Tests	Verify fresh database migrations	2026-10-07T03:07:54.6056913Z Applying migration `0014_push_subscription_user_endpoint_uniqueness`
Backend Tests	Verify fresh database migrations	2026-10-07T03:07:54.6108424Z Applying migration `0015_reminder_preference_flags`
Backend Tests	Verify fresh database migrations	2026-10-07T03:07:54.6143178Z Applying migration `0016_bodymetric_trend_precompute`
Backend Tests	Verify fresh database migrations	2026-10-07T03:07:54.6222439Z Applying migration `0016_in_app_notifications`
Backend Tests	Verify fresh database migrations	2026-10-07T03:07:54.6345061Z Applying migration `0017_haptics_preference`
Backend Tests	Verify fresh database migrations	2026-10-07T03:07:54.6375652Z Applying migration `0017_notification_delivery_channels`
Backend Tests	Verify fresh database migrations	2026-10-07T03:07:54.6450110Z Applying migration `0018_food_log_external_snapshots`
Backend Tests	Verify fresh database migrations	2026-10-07T03:07:54.6485322Z Applying migration `0019_backend_server_audit_indexes`
Backend Tests	Verify fresh database migrations	2026-10-07T03:07:54.6524239Z Applying migration `0020_goal_active_lookup_index`
Backend Tests	Verify fresh database migrations	2026-10-07T03:07:54.6552196Z Applying migration `0021_mobile_native_client`
Backend Tests	Verify fresh database migrations	2026-10-07T03:07:54.6789140Z Applying migration `0022_bind_native_push_to_mobile_session`
Backend Tests	Verify fresh database migrations	2026-10-07T03:07:54.6885283Z Applying migration `0023_client_sync_foundation`
Backend Tests	Verify fresh database migrations	2026-10-07T03:07:54.7063028Z Applying migration `0024_account_lifecycle`
Backend Tests	Verify fresh database migrations	2026-10-07T03:07:54.7267896Z Applying migration `0025_my_food_pinning`
Backend Tests	Verify fresh database migrations	2026-10-07T03:07:54.7317578Z Applying migration `0026_health_connect_activity`
Backend Tests	Verify fresh database migrations	2026-10-07T03:07:54.7688628Z Applying migration `0027_wear_os_pairing`
Backend Tests	Verify fresh database migrations	2026-10-07T03:07:54.7850283Z Applying migration `0028_watch_operation_provenance`
Backend Tests	Verify fresh database migrations	2026-10-07T03:07:54.7912773Z Applying migration `0029_push_subscription_endpoint_ownership`
Backend Tests	Verify fresh database migrations	2026-10-07T03:07:54.7992458Z Applying migration `0030_day_resolution_and_tracking_pauses`
Backend Tests	Verify fresh database migrations	2026-10-07T03:07:54.8133572Z Applying migration `0031_calibration_insights`
Backend Tests	Verify fresh database migrations	2026-10-07T03:07:54.8368864Z Applying migration `0032_weight_trend_v2`
Backend Tests	Verify fresh database migrations	2026-10-07T03:07:54.8405421Z Applying migration `0033_weight_trend_source_revision`
Backend Tests	Verify fresh database migrations	2026-10-07T03:07:54.8434931Z Applying migration `0034_calorie_safety_policy`
Backend Tests	Verify fresh database migrations	2026-10-07T03:07:54.8681716Z Applying migration `0035_account_verification_and_legal_consent`
Backend Tests	Verify fresh database migrations	2026-10-07T03:07:54.8893042Z Applying migration `0036_atomic_onboarding`
Backend Tests	Verify fresh database migrations	2026-10-07T03:07:54.8932716Z Applying migration `0037_saved_foods_library`
Backend Tests	Verify fresh database migrations	2026-10-07T03:07:54.8975336Z Applying migration `0038_settings_trust_center`
Backend Tests	Verify fresh database migrations	2026-10-07T03:07:54.9255746Z Applying migration `0039_mcp_oauth`
Backend Tests	Verify fresh database migrations	2026-10-07T03:07:54.9746085Z Applying migration `0040_ios_native_support`
Backend Tests	Verify fresh database migrations	2026-10-07T03:07:54.9774949Z Applying migration `0041_server_settings`
Backend Tests	Verify fresh database migrations	2026-10-07T03:07:54.9819943Z Applying migration `0043_food_day_comparison`
Backend Tests	Verify fresh database migrations	2026-10-07T03:07:54.9852227Z Applying migration `0044_goal_pace_history`
Backend Tests	Verify fresh database migrations	2026-10-07T03:07:54.9891960Z Applying migration `0045_firebase_identity_foundation`
Backend Tests	Verify fresh database migrations	2026-10-07T03:07:55.0027298Z 
Backend Tests	Verify fresh database migrations	2026-10-07T03:07:55.0044831Z The following migration(s) have been applied:
Backend Tests	Verify fresh database migrations	2026-10-07T03:07:55.0045735Z 
Backend Tests	Verify fresh database migrations	2026-10-07T03:07:55.0046606Z migrations/
Backend Tests	Verify fresh database migrations	2026-10-07T03:07:55.0047566Z   ΓööΓöÇ 0001_init/
Backend Tests	Verify fresh database migrations	2026-10-07T03:07:55.0048223Z     ΓööΓöÇ migration.sql
Backend Tests	Verify fresh database migrations	2026-10-07T03:07:55.0048893Z   ΓööΓöÇ 0002_weight_units_grams/
Backend Tests	Verify fresh database migrations	2026-10-07T03:07:55.0049518Z     ΓööΓöÇ migration.sql
Backend Tests	Verify fresh database migrations	2026-10-07T03:07:55.0050039Z   ΓööΓöÇ 0003_bodymetric_date_only/
Backend Tests	Verify fresh database migrations	2026-10-07T03:07:55.0050601Z     ΓööΓöÇ migration.sql
Backend Tests	Verify fresh database migrations	2026-10-07T03:07:55.0051223Z   ΓööΓöÇ 0004_add_profile_fields/
Backend Tests	Verify fresh database migrations	2026-10-07T03:07:55.0051812Z     ΓööΓöÇ migration.sql
Backend Tests	Verify fresh database migrations	2026-10-07T03:07:55.0052383Z   ΓööΓöÇ 0005_add_user_timezone/
Backend Tests	Verify fresh database migrations	2026-10-07T03:07:55.0052917Z     ΓööΓöÇ migration.sql
Backend Tests	Verify fresh database migrations	2026-10-07T03:07:55.0053359Z   ΓööΓöÇ 0006_foodlog_local_date/
Backend Tests	Verify fresh database migrations	2026-10-07T03:07:55.0053777Z     ΓööΓöÇ migration.sql
Backend Tests	Verify fresh database migrations	2026-10-07T03:07:55.0054427Z   ΓööΓöÇ 0007_height_unit_preference/
Backend Tests	Verify fresh database migrations	2026-10-07T03:07:55.0054970Z     ΓööΓöÇ migration.sql
Backend Tests	Verify fresh database migrations	2026-10-07T03:07:55.0055488Z   ΓööΓöÇ 0008_meal_period_enum/
Backend Tests	Verify fresh database migrations	2026-10-07T03:07:55.0055875Z     ΓööΓöÇ migration.sql
Backend Tests	Verify fresh database migrations	2026-10-07T03:07:55.0056225Z   ΓööΓöÇ 0009_add_user_profile_image/
Backend Tests	Verify fresh database migrations	2026-10-07T03:07:55.0056575Z     ΓööΓöÇ migration.sql
Backend Tests	Verify fresh database migrations	2026-10-07T03:07:55.0056917Z   ΓööΓöÇ 0010_my_foods/
Backend Tests	Verify fresh database migrations	2026-10-07T03:07:55.0057228Z     ΓööΓöÇ migration.sql
Backend Tests	Verify fresh database migrations	2026-10-07T03:07:55.0057597Z   ΓööΓöÇ 0011_add_user_language/
Backend Tests	Verify fresh database migrations	2026-10-07T03:07:55.0057971Z     ΓööΓöÇ migration.sql
Backend Tests	Verify fresh database migrations	2026-10-07T03:07:55.0058291Z   ΓööΓöÇ 0012_session_store/
Backend Tests	Verify fresh database migrations	2026-10-07T03:07:55.0058645Z     ΓööΓöÇ migration.sql
Backend Tests	Verify fresh database migrations	2026-10-07T03:07:55.0058995Z   ΓööΓöÇ 0013_food_log_day_completion/
Backend Tests	Verify fresh database migrations	2026-10-07T03:07:55.0059353Z     ΓööΓöÇ migration.sql
Backend Tests	Verify fresh database migrations	2026-10-07T03:07:55.0059726Z   ΓööΓöÇ 0013_push_subscriptions/
Backend Tests	Verify fresh database migrations	2026-10-07T03:07:55.0060069Z     ΓööΓöÇ migration.sql
Backend Tests	Verify fresh database migrations	2026-10-07T03:07:55.0060896Z   ΓööΓöÇ 0014_push_subscription_reminders/
Backend Tests	Verify fresh database migrations	2026-10-07T03:07:55.0061402Z     ΓööΓöÇ migration.sql
Backend Tests	Verify fresh database migrations	2026-10-07T03:07:55.0061946Z   ΓööΓöÇ 0014_push_subscription_user_endpoint_uniqueness/
Backend Tests	Verify fresh database migrations	2026-10-07T03:07:55.0062760Z     ΓööΓöÇ migration.sql
Backend Tests	Verify fresh database migrations	2026-10-07T03:07:55.0063448Z   ΓööΓöÇ 0015_reminder_preference_flags/
Backend Tests	Verify fresh database migrations	2026-10-07T03:07:55.0064056Z     ΓööΓöÇ migration.sql
Backend Tests	Verify fresh database migrations	2026-10-07T03:07:55.0064431Z   ΓööΓöÇ 0016_bodymetric_trend_precompute/
Backend Tests	Verify fresh database migrations	2026-10-07T03:07:55.0064790Z     ΓööΓöÇ migration.sql
Backend Tests	Verify fresh database migrations	2026-10-07T03:07:55.0065173Z   ΓööΓöÇ 0016_in_app_notifications/
Backend Tests	Verify fresh database migrations	2026-10-07T03:07:55.0065549Z     ΓööΓöÇ migration.sql
Backend Tests	Verify fresh database migrations	2026-10-07T03:07:55.0065907Z   ΓööΓöÇ 0017_haptics_preference/
Backend Tests	Verify fresh database migrations	2026-10-07T03:07:55.0066242Z     ΓööΓöÇ migration.sql
Backend Tests	Verify fresh database migrations	2026-10-07T03:07:55.0066606Z   ΓööΓöÇ 0017_notification_delivery_channels/
Backend Tests	Verify fresh database migrations	2026-10-07T03:07:55.0067087Z     ΓööΓöÇ migration.sql
Backend Tests	Verify fresh database migrations	2026-10-07T03:07:55.0067443Z   ΓööΓöÇ 0018_food_log_external_snapshots/
Backend Tests	Verify fresh database migrations	2026-10-07T03:07:55.0067858Z     ΓööΓöÇ migration.sql
Backend Tests	Verify fresh database migrations	2026-10-07T03:07:55.0068235Z   ΓööΓöÇ 0019_backend_server_audit_indexes/
Backend Tests	Verify fresh database migrations	2026-10-07T03:07:55.0068651Z     ΓööΓöÇ migration.sql
Backend Tests	Verify fresh database migrations	2026-10-07T03:07:55.0069099Z   ΓööΓöÇ 0020_goal_active_lookup_index/
Backend Tests	Verify fresh database migrations	2026-10-07T03:07:55.0069455Z     ΓööΓöÇ migration.sql
Backend Tests	Verify fresh database migrations	2026-10-07T03:07:55.0069845Z   ΓööΓöÇ 0021_mobile_native_client/
Backend Tests	Verify fresh database migrations	2026-10-07T03:07:55.0070776Z     ΓööΓöÇ migration.sql
Backend Tests	Verify fresh database migrations	2026-10-07T03:07:55.0071376Z   ΓööΓöÇ 0022_bind_native_push_to_mobile_session/
Backend Tests	Verify fresh database migrations	2026-10-07T03:07:55.0071988Z     ΓööΓöÇ migration.sql
Backend Tests	Verify fresh database migrations	2026-10-07T03:07:55.0072480Z   ΓööΓöÇ 0023_client_sync_foundation/
Backend Tests	Verify fresh database migrations	2026-10-07T03:07:55.0073111Z     ΓööΓöÇ migration.sql
Backend Tests	Verify fresh database migrations	2026-10-07T03:07:55.0073836Z   ΓööΓöÇ 0024_account_lifecycle/
Backend Tests	Verify fresh database migrations	2026-10-07T03:07:55.0074191Z     ΓööΓöÇ migration.sql
Backend Tests	Verify fresh database migrations	2026-10-07T03:07:55.0074553Z   ΓööΓöÇ 0025_my_food_pinning/
Backend Tests	Verify fresh database migrations	2026-10-07T03:07:55.0074882Z     ΓööΓöÇ migration.sql
Backend Tests	Verify fresh database migrations	2026-10-07T03:07:55.0075288Z   ΓööΓöÇ 0026_health_connect_activity/
Backend Tests	Verify fresh database migrations	2026-10-07T03:07:55.0075636Z     ΓööΓöÇ migration.sql
Backend Tests	Verify fresh database migrations	2026-10-07T03:07:55.0076296Z   ΓööΓöÇ 0027_wear_os_pairing/
Backend Tests	Verify fresh database migrations	2026-10-07T03:07:55.0076639Z     ΓööΓöÇ migration.sql
Backend Tests	Verify fresh database migrations	2026-10-07T03:07:55.0077002Z   ΓööΓöÇ 0028_watch_operation_provenance/
Backend Tests	Verify fresh database migrations	2026-10-07T03:07:55.0077381Z     ΓööΓöÇ migration.sql
Backend Tests	Verify fresh database migrations	2026-10-07T03:07:55.0077799Z   ΓööΓöÇ 0029_push_subscription_endpoint_ownership/
Backend Tests	Verify fresh database migrations	2026-10-07T03:07:55.0078209Z     ΓööΓöÇ migration.sql
Backend Tests	Verify fresh database migrations	2026-10-07T03:07:55.0078599Z   ΓööΓöÇ 0030_day_resolution_and_tracking_pauses/
Backend Tests	Verify fresh database migrations	2026-10-07T03:07:55.0078971Z     ΓööΓöÇ migration.sql
Backend Tests	Verify fresh database migrations	2026-10-07T03:07:55.0079323Z   ΓööΓöÇ 0031_calibration_insights/
Backend Tests	Verify fresh database migrations	2026-10-07T03:07:55.0079691Z     ΓööΓöÇ migration.sql
Backend Tests	Verify fresh database migrations	2026-10-07T03:07:55.0080036Z   ΓööΓöÇ 0032_weight_trend_v2/
Backend Tests	Verify fresh database migrations	2026-10-07T03:07:55.0080373Z     ΓööΓöÇ migration.sql
Backend Tests	Verify fresh database migrations	2026-10-07T03:07:55.0081096Z   ΓööΓöÇ 0033_weight_trend_source_revision/
Backend Tests	Verify fresh database migrations	2026-10-07T03:07:55.0081552Z     ΓööΓöÇ migration.sql
Backend Tests	Verify fresh database migrations	2026-10-07T03:07:55.0081994Z   ΓööΓöÇ 0034_calorie_safety_policy/
Backend Tests	Verify fresh database migrations	2026-10-07T03:07:55.0082527Z     ΓööΓöÇ migration.sql
Backend Tests	Verify fresh database migrations	2026-10-07T03:07:55.0083071Z   ΓööΓöÇ 0035_account_verification_and_legal_consent/
Backend Tests	Verify fresh database migrations	2026-10-07T03:07:55.0083605Z     ΓööΓöÇ migration.sql
Backend Tests	Verify fresh database migrations	2026-10-07T03:07:55.0084088Z   ΓööΓöÇ 0036_atomic_onboarding/
Backend Tests	Verify fresh database migrations	2026-10-07T03:07:55.0084529Z     ΓööΓöÇ migration.sql
Backend Tests	Verify fresh database migrations	2026-10-07T03:07:55.0085012Z   ΓööΓöÇ 0037_saved_foods_library/
Backend Tests	Verify fresh database migrations	2026-10-07T03:07:55.0085724Z     ΓööΓöÇ migration.sql
Backend Tests	Verify fresh database migrations	2026-10-07T03:07:55.0086217Z   ΓööΓöÇ 0038_settings_trust_center/
Backend Tests	Verify fresh database migrations	2026-10-07T03:07:55.0086712Z     ΓööΓöÇ migration.sql
Backend Tests	Verify fresh database migrations	2026-10-07T03:07:55.0087137Z   ΓööΓöÇ 0039_mcp_oauth/
Backend Tests	Verify fresh database migrations	2026-10-07T03:07:55.0087586Z     ΓööΓöÇ migration.sql
Backend Tests	Verify fresh database migrations	2026-10-07T03:07:55.0088102Z   ΓööΓöÇ 0040_ios_native_support/
Backend Tests	Verify fresh database migrations	2026-10-07T03:07:55.0088542Z     ΓööΓöÇ migration.sql
Backend Tests	Verify fresh database migrations	2026-10-07T03:07:55.0088981Z   ΓööΓöÇ 0041_server_settings/
Backend Tests	Verify fresh database migrations	2026-10-07T03:07:55.0089416Z     ΓööΓöÇ migration.sql
Backend Tests	Verify fresh database migrations	2026-10-07T03:07:55.0089884Z   ΓööΓöÇ 0043_food_day_comparison/
Backend Tests	Verify fresh database migrations	2026-10-07T03:07:55.0090353Z     ΓööΓöÇ migration.sql
Backend Tests	Verify fresh database migrations	2026-10-07T03:07:55.0091236Z   ΓööΓöÇ 0044_goal_pace_history/
Backend Tests	Verify fresh database migrations	2026-10-07T03:07:55.0091686Z     ΓööΓöÇ migration.sql
Backend Tests	Verify fresh database migrations	2026-10-07T03:07:55.0092217Z   ΓööΓöÇ 0045_firebase_identity_foundation/
Backend Tests	Verify fresh database migrations	2026-10-07T03:07:55.0092669Z     ΓööΓöÇ migration.sql
Backend Tests	Verify fresh database migrations	2026-10-07T03:07:55.0092949Z 
Backend Tests	Verify fresh database migrations	2026-10-07T03:07:55.0093209Z All migrations have been successfully applied.
Backend Tests	Run tests	∩╗┐2026-10-07T03:07:55.0258153Z ##[group]Run npm test
Backend Tests	Run tests	2026-10-07T03:07:55.0258508Z ^[[36;1mnpm test^[[0m
Backend Tests	Run tests	2026-10-07T03:07:55.0299971Z shell: /usr/bin/bash -e {0}
Backend Tests	Run tests	2026-10-07T03:07:55.0300426Z env:
Backend Tests	Run tests	2026-10-07T03:07:55.0301446Z   CALIBRATE_AUTH_TEST_DATABASE_URL: ***localhost:5432/calibrate_ci
Backend Tests	Run tests	2026-10-07T03:07:55.0301853Z ##[endgroup]
Backend Tests	Run tests	2026-10-07T03:07:55.1503001Z 
Backend Tests	Run tests	2026-10-07T03:07:55.1503768Z > backend@0.37.0 pretest
Backend Tests	Run tests	2026-10-07T03:07:55.1504281Z > npm run prisma:generate
Backend Tests	Run tests	2026-10-07T03:07:55.1504538Z 
Backend Tests	Run tests	2026-10-07T03:07:55.2687098Z 
Backend Tests	Run tests	2026-10-07T03:07:55.2687887Z > backend@0.37.0 prisma:generate
Backend Tests	Run tests	2026-10-07T03:07:55.2688590Z > prisma generate
Backend Tests	Run tests	2026-10-07T03:07:55.2688755Z 
Backend Tests	Run tests	2026-10-07T03:07:55.9500522Z Loaded Prisma config from prisma.config.ts.
Backend Tests	Run tests	2026-10-07T03:07:55.9501163Z 
Backend Tests	Run tests	2026-10-07T03:07:56.0927092Z Prisma schema loaded from prisma/schema.prisma.
Backend Tests	Run tests	2026-10-07T03:07:56.8392528Z ΓöîΓöÇΓöÇΓöÇΓöÇΓöÇΓöÇΓöÇΓöÇΓöÇΓöÇΓöÇΓöÇΓöÇΓöÇΓöÇΓöÇΓöÇΓöÇΓöÇΓöÇΓöÇΓöÇΓöÇΓöÇΓöÇΓöÇΓöÇΓöÇΓöÇΓöÇΓöÇΓöÇΓöÇΓöÇΓöÇΓöÇΓöÇΓöÇΓöÇΓöÇΓöÇΓöÇΓöÇΓöÇΓöÇΓöÇΓöÇΓöÇΓöÇΓöÇΓöÇΓöÇΓöÇΓöÇΓöÇΓöÇΓöÇΓöÉ
Backend Tests	Run tests	2026-10-07T03:07:56.8401838Z Γöé  Update available 7.9.0 -> 8.0.0-rc.20                  Γöé
Backend Tests	Run tests	2026-10-07T03:07:56.8402590Z 
Backend Tests	Run tests	2026-10-07T03:07:56.8403280Z Γ£ö Generated Prisma Client (v7.9.0) to ./node_modules/@prisma/client in 498ms
Backend Tests	Run tests	2026-10-07T03:07:56.8403880Z 
Backend Tests	Run tests	2026-10-07T03:07:56.8404295Z Start by importing your Prisma Client (See: https://pris.ly/d/importing-client)
Backend Tests	Run tests	2026-10-07T03:07:56.8404767Z 
Backend Tests	Run tests	2026-10-07T03:07:56.8404773Z 
Backend Tests	Run tests	2026-10-07T03:07:56.8413683Z Γöé                                                         Γöé
Backend Tests	Run tests	2026-10-07T03:07:56.8414698Z Γöé  This is a major update - please follow the guide at    Γöé
Backend Tests	Run tests	2026-10-07T03:07:56.8415782Z Γöé  https://pris.ly/d/major-version-upgrade                Γöé
Backend Tests	Run tests	2026-10-07T03:07:56.8416703Z Γöé                                                         Γöé
Backend Tests	Run tests	2026-10-07T03:07:56.8417624Z Γöé  Run the following to update                            Γöé
Backend Tests	Run tests	2026-10-07T03:07:56.8418503Z Γöé    npm i --save-dev prisma@latest                       Γöé
Backend Tests	Run tests	2026-10-07T03:07:56.8419326Z Γöé    npm i @prisma/client@latest                          Γöé
Backend Tests	Run tests	2026-10-07T03:07:56.8420361Z ΓööΓöÇΓöÇΓöÇΓöÇΓöÇΓöÇΓöÇΓöÇΓöÇΓöÇΓöÇΓöÇΓöÇΓöÇΓöÇΓöÇΓöÇΓöÇΓöÇΓöÇΓöÇΓöÇΓöÇΓöÇΓöÇΓöÇΓöÇΓöÇΓöÇΓöÇΓöÇΓöÇΓöÇΓöÇΓöÇΓöÇΓöÇΓöÇΓöÇΓöÇΓöÇΓöÇΓöÇΓöÇΓöÇΓöÇΓöÇΓöÇΓöÇΓöÇΓöÇΓöÇΓöÇΓöÇΓöÇΓöÇΓöÇΓöÿ
Backend Tests	Run tests	2026-10-07T03:07:56.8585573Z 
Backend Tests	Run tests	2026-10-07T03:07:56.8586631Z > backend@0.37.0 test
Backend Tests	Run tests	2026-10-07T03:07:56.8587398Z > node -r ts-node/register --test
Backend Tests	Run tests	2026-10-07T03:07:56.8587627Z 
Backend Tests	Run tests	2026-10-07T03:07:57.1321885Z TAP version 13
Backend Tests	Run tests	2026-10-07T03:08:01.0412643Z # Subtest: restricted sessions receive stable verification and legal error codes
Backend Tests	Run tests	2026-10-07T03:08:01.0442308Z ok 1 - restricted sessions receive stable verification and legal error codes
Backend Tests	Run tests	2026-10-07T03:08:01.0571444Z   ---
Backend Tests	Run tests	2026-10-07T03:08:01.0601589Z   duration_ms: 3692.489743
Backend Tests	Run tests	2026-10-07T03:08:01.0631655Z   ...
Backend Tests	Run tests	2026-10-07T03:08:01.0751825Z # Subtest: restricted sessions retain only trust, export, deletion, config, and logout access
Backend Tests	Run tests	2026-10-07T03:08:01.0812005Z ok 2 - restricted sessions retain only trust, export, deletion, config, and logout access
Backend Tests	Run tests	2026-10-07T03:08:01.0886226Z   ---
Backend Tests	Run tests	2026-10-07T03:08:01.0931831Z   duration_ms: 6.239947
Backend Tests	Run tests	2026-10-07T03:08:01.0932732Z   ...
Backend Tests	Run tests	2026-10-07T03:08:01.0933951Z # Subtest: full accounts continue to ordinary authenticated routes
Backend Tests	Run tests	2026-10-07T03:08:01.0935466Z ok 3 - full accounts continue to ordinary authenticated routes
Backend Tests	Run tests	2026-10-07T03:08:01.0936498Z   ---
Backend Tests	Run tests	2026-10-07T03:08:01.0937350Z   duration_ms: 10.797716
Backend Tests	Run tests	2026-10-07T03:08:01.0938164Z   ...
Backend Tests	Run tests	2026-10-07T03:08:01.1303105Z # Subtest: account access prioritizes email verification before legal acceptance
Backend Tests	Run tests	2026-10-07T03:08:01.1351961Z ok 4 - account access prioritizes email verification before legal acceptance
Backend Tests	Run tests	2026-10-07T03:08:01.1414713Z   ---
Backend Tests	Run tests	2026-10-07T03:08:01.1454997Z   duration_ms: 2.548658
Backend Tests	Run tests	2026-10-07T03:08:01.1531572Z   ...
Backend Tests	Run tests	2026-10-07T03:08:01.1587200Z # Subtest: hosted account access requires current legal versions after verification
Backend Tests	Run tests	2026-10-07T03:08:01.1661868Z ok 5 - hosted account access requires current legal versions after verification
Backend Tests	Run tests	2026-10-07T03:08:01.1683994Z   ---
Backend Tests	Run tests	2026-10-07T03:08:01.1749914Z   duration_ms: 0.387801
Backend Tests	Run tests	2026-10-07T03:08:01.1811227Z   ...
Backend Tests	Run tests	2026-10-07T03:08:01.1841860Z # Subtest: self-hosted account access does not require Calibrate hosted-service consent
Backend Tests	Run tests	2026-10-07T03:08:01.1891904Z ok 6 - self-hosted account access does not require Calibrate hosted-service consent
Backend Tests	Run tests	2026-10-07T03:08:01.1912381Z   ---
Backend Tests	Run tests	2026-10-07T03:08:01.1951383Z   duration_ms: 0.215992
Backend Tests	Run tests	2026-10-07T03:08:01.1981417Z   ...
Backend Tests	Run tests	2026-10-07T03:08:01.1982561Z # Subtest: account access is full only when verification and current consent are present
Backend Tests	Run tests	2026-10-07T03:08:01.2011889Z ok 7 - account access is full only when verification and current consent are present
Backend Tests	Run tests	2026-10-07T03:08:01.2012817Z   ---
Backend Tests	Run tests	2026-10-07T03:08:01.2013280Z   duration_ms: 0.203138
Backend Tests	Run tests	2026-10-07T03:08:01.2013814Z   ...
Backend Tests	Run tests	2026-10-07T03:08:01.2014700Z # Subtest: self-hosted background jobs require verification without hosted legal consent
Backend Tests	Run tests	2026-10-07T03:08:01.2015790Z ok 8 - self-hosted background jobs require verification without hosted legal consent
Backend Tests	Run tests	2026-10-07T03:08:01.2016423Z   ---
Backend Tests	Run tests	2026-10-07T03:08:01.2016862Z   duration_ms: 0.2111
Backend Tests	Run tests	2026-10-07T03:08:01.2017346Z   ...
Backend Tests	Run tests	2026-10-07T03:08:01.2018085Z # Subtest: hosted deployed registration requires configured account email
Backend Tests	Run tests	2026-10-07T03:08:01.2029848Z ok 9 - hosted deployed registration requires configured account email
Backend Tests	Run tests	2026-10-07T03:08:01.2041505Z   ---
Backend Tests	Run tests	2026-10-07T03:08:01.2042039Z   duration_ms: 1.724729
Backend Tests	Run tests	2026-10-07T03:08:01.2042560Z   ...
Backend Tests	Run tests	2026-10-07T03:08:01.2043353Z # Subtest: self-hosted deployments may preserve registration without SMTP
Backend Tests	Run tests	2026-10-07T03:08:01.2044304Z ok 10 - self-hosted deployments may preserve registration without SMTP
Backend Tests	Run tests	2026-10-07T03:08:01.2044931Z   ---
Backend Tests	Run tests	2026-10-07T03:08:01.2045389Z   duration_ms: 0.208908
Backend Tests	Run tests	2026-10-07T03:08:01.2045829Z   ...
Backend Tests	Run tests	2026-10-07T03:08:01.2046558Z # Subtest: SMTP configuration requires a complete provider-neutral transport
Backend Tests	Run tests	2026-10-07T03:08:01.2047402Z ok 11 - SMTP configuration requires a complete provider-neutral transport
Backend Tests	Run tests	2026-10-07T03:08:01.2047990Z   ---
Backend Tests	Run tests	2026-10-07T03:08:01.2048394Z   duration_ms: 0.35533
Backend Tests	Run tests	2026-10-07T03:08:01.2048761Z   ...
Backend Tests	Run tests	2026-10-07T03:08:01.2049305Z # Subtest: hosted account links reject a plaintext public origin
Backend Tests	Run tests	2026-10-07T03:08:01.2049985Z ok 12 - hosted account links reject a plaintext public origin
Backend Tests	Run tests	2026-10-07T03:08:01.2081455Z   ---
Backend Tests	Run tests	2026-10-07T03:08:01.2101498Z   duration_ms: 0.195167
Backend Tests	Run tests	2026-10-07T03:08:01.2131395Z   ...
Backend Tests	Run tests	2026-10-07T03:08:01.2141805Z # Subtest: account links keep credentials out of query strings and referrers
Backend Tests	Run tests	2026-10-07T03:08:01.2171646Z ok 13 - account links keep credentials out of query strings and referrers
Backend Tests	Run tests	2026-10-07T03:08:01.2211480Z   ---
Backend Tests	Run tests	2026-10-07T03:08:01.2212169Z   duration_ms: 0.425501
Backend Tests	Run tests	2026-10-07T03:08:01.2241958Z   ...
Backend Tests	Run tests	2026-10-07T03:08:01.2271562Z # Subtest: equivalent resolved SMTP settings reuse one transport
Backend Tests	Run tests	2026-10-07T03:08:01.2272632Z ok 14 - equivalent resolved SMTP settings reuse one transport
Backend Tests	Run tests	2026-10-07T03:08:01.2301521Z   ---
Backend Tests	Run tests	2026-10-07T03:08:01.2331426Z   duration_ms: 0.663085
Backend Tests	Run tests	2026-10-07T03:08:01.2341412Z   ...
Backend Tests	Run tests	2026-10-07T03:08:01.2361922Z # Subtest: installed Nodemailer composes verification and recovery messages without sending email
Backend Tests	Run tests	2026-10-07T03:08:01.2392036Z ok 15 - installed Nodemailer composes verification and recovery messages without sending email
Backend Tests	Run tests	2026-10-07T03:08:01.2420145Z   ---
Backend Tests	Run tests	2026-10-07T03:08:01.2425509Z   duration_ms: 26.401989
Backend Tests	Run tests	2026-10-07T03:08:01.2451365Z   ...
Backend Tests	Run tests	2026-10-07T03:08:04.4587858Z # Subtest: account export returns canonical versioned tracking data without credentials
Backend Tests	Run tests	2026-10-07T03:08:04.4627650Z ok 16 - account export returns canonical versioned tracking data without credentials
Backend Tests	Run tests	2026-10-07T03:08:04.4653754Z   ---
Backend Tests	Run tests	2026-10-07T03:08:04.4682859Z   duration_ms: 3758.552705
Backend Tests	Run tests	2026-10-07T03:08:04.4695091Z   ...
Backend Tests	Run tests	2026-10-07T03:08:04.4696482Z # Subtest: account export returns null for a missing account
Backend Tests	Run tests	2026-10-07T03:08:04.4697702Z ok 17 - account export returns null for a missing account
Backend Tests	Run tests	2026-10-07T03:08:04.4698555Z   ---
Backend Tests	Run tests	2026-10-07T03:08:04.4699299Z   duration_ms: 24.373164
Backend Tests	Run tests	2026-10-07T03:08:04.4700069Z   ...
Backend Tests	Run tests	2026-10-07T03:08:04.4701213Z # Subtest: account deletion removes only the selected account root
Backend Tests	Run tests	2026-10-07T03:08:04.4702383Z ok 18 - account deletion removes only the selected account root
Backend Tests	Run tests	2026-10-07T03:08:04.4703663Z   ---
Backend Tests	Run tests	2026-10-07T03:08:04.4704368Z   duration_ms: 43.750208
Backend Tests	Run tests	2026-10-07T03:08:04.4705280Z   ...
Backend Tests	Run tests	2026-10-07T03:08:04.4706573Z # Subtest: portable export preserves captured and unavailable day plans through JSON serialization
Backend Tests	Run tests	2026-10-07T03:08:04.4708088Z ok 19 - portable export preserves captured and unavailable day plans through JSON serialization
Backend Tests	Run tests	2026-10-07T03:08:04.4709123Z   ---
Backend Tests	Run tests	2026-10-07T03:08:04.4709966Z   duration_ms: 89.353324
Backend Tests	Run tests	2026-10-07T03:08:04.4710858Z   ...
Backend Tests	Run tests	2026-10-07T03:08:04.4711962Z # Subtest: export v10 retains both manual pace and nullable legacy revision provenance
Backend Tests	Run tests	2026-10-07T03:08:04.4713260Z ok 20 - export v10 retains both manual pace and nullable legacy revision provenance
Backend Tests	Run tests	2026-10-07T03:08:04.4714164Z   ---
Backend Tests	Run tests	2026-10-07T03:08:04.4714943Z   duration_ms: 31.610092
Backend Tests	Run tests	2026-10-07T03:08:04.4715636Z   ...
Backend Tests	Run tests	2026-10-07T03:08:05.1753100Z # Subtest: account session listing is owner-scoped, privacy-safe, and places current first
Backend Tests	Run tests	2026-10-07T03:08:05.1756765Z ok 21 - account session listing is owner-scoped, privacy-safe, and places current first
Backend Tests	Run tests	2026-10-07T03:08:05.1758201Z   ---
Backend Tests	Run tests	2026-10-07T03:08:05.1758902Z   duration_ms: 4169.360681
Backend Tests	Run tests	2026-10-07T03:08:05.1759640Z   ...
Backend Tests	Run tests	2026-10-07T03:08:05.1760916Z # Subtest: account session listing labels iOS phone and tablet sessions distinctly
Backend Tests	Run tests	2026-10-07T03:08:05.1762188Z ok 22 - account session listing labels iOS phone and tablet sessions distinctly
Backend Tests	Run tests	2026-10-07T03:08:05.1763084Z   ---
Backend Tests	Run tests	2026-10-07T03:08:05.1763699Z   duration_ms: 50.004858
Backend Tests	Run tests	2026-10-07T03:08:05.1764325Z   ...
Backend Tests	Run tests	2026-10-07T03:08:05.1765408Z # Subtest: single-session revocation hides ownership and preserves the current session
Backend Tests	Run tests	2026-10-07T03:08:05.1766564Z ok 23 - single-session revocation hides ownership and preserves the current session
Backend Tests	Run tests	2026-10-07T03:08:05.1767409Z   ---
Backend Tests	Run tests	2026-10-07T03:08:05.1767947Z   duration_ms: 48.975377
Backend Tests	Run tests	2026-10-07T03:08:05.1768538Z   ...
Backend Tests	Run tests	2026-10-07T03:08:05.1769446Z # Subtest: revoke others retries one serialization conflict and preserves both current-session predicates
Backend Tests	Run tests	2026-10-07T03:08:05.1770955Z ok 24 - revoke others retries one serialization conflict and preserves both current-session predicates
Backend Tests	Run tests	2026-10-07T03:08:05.1771965Z   ---
Backend Tests	Run tests	2026-10-07T03:08:05.1772466Z   duration_ms: 25.148372
Backend Tests	Run tests	2026-10-07T03:08:05.1773054Z   ...
Backend Tests	Run tests	2026-10-07T03:08:06.0832553Z # Subtest: account token hashes are purpose-bound and never equal raw credentials
Backend Tests	Run tests	2026-10-07T03:08:06.0892342Z ok 25 - account token hashes are purpose-bound and never equal raw credentials
Backend Tests	Run tests	2026-10-07T03:08:06.0893503Z   ---
Backend Tests	Run tests	2026-10-07T03:08:06.0938415Z   duration_ms: 4427.458284
Backend Tests	Run tests	2026-10-07T03:08:06.0943165Z   ...
Backend Tests	Run tests	2026-10-07T03:08:06.0944385Z # Subtest: issued recovery token stores only its hash with a 30 minute expiry
Backend Tests	Run tests	2026-10-07T03:08:06.0945690Z ok 26 - issued recovery token stores only its hash with a 30 minute expiry
Backend Tests	Run tests	2026-10-07T03:08:06.0956247Z   ---
Backend Tests	Run tests	2026-10-07T03:08:06.0957065Z   duration_ms: 59.830962
Backend Tests	Run tests	2026-10-07T03:08:06.0957681Z   ...
Backend Tests	Run tests	2026-10-07T03:08:06.0958909Z # Subtest: password reset atomically revokes browser, phone, Wear, push, pairing, and connected-assistant credentials
Backend Tests	Run tests	2026-10-07T03:08:06.0960567Z ok 27 - password reset atomically revokes browser, phone, Wear, push, pairing, and connected-assistant credentials
Backend Tests	Run tests	2026-10-07T03:08:06.0961914Z   ---
Backend Tests	Run tests	2026-10-07T03:08:06.0962479Z   duration_ms: 41.917115
Backend Tests	Run tests	2026-10-07T03:08:06.0963027Z   ...
Backend Tests	Run tests	2026-10-07T03:08:06.0963837Z # Subtest: expired or already-consumed reset tokens cannot change credentials
Backend Tests	Run tests	2026-10-07T03:08:06.0964929Z ok 28 - expired or already-consumed reset tokens cannot change credentials
Backend Tests	Run tests	2026-10-07T03:08:06.0965598Z   ---
Backend Tests	Run tests	2026-10-07T03:08:06.0966176Z   duration_ms: 15.933762
Backend Tests	Run tests	2026-10-07T03:08:06.0966743Z   ...
Backend Tests	Run tests	2026-10-07T03:08:06.1497547Z # Subtest: account trust migration verifies existing users without inventing legal acceptance
Backend Tests	Run tests	2026-10-07T03:08:06.1499817Z ok 29 - account trust migration verifies existing users without inventing legal acceptance
Backend Tests	Run tests	2026-10-07T03:08:06.1500574Z   ---
Backend Tests	Run tests	2026-10-07T03:08:06.1501240Z   duration_ms: 1.683059
Backend Tests	Run tests	2026-10-07T03:08:06.1501619Z   ...
Backend Tests	Run tests	2026-10-07T03:08:06.1502653Z # Subtest: account trust migration stores only purpose-bound token hashes
Backend Tests	Run tests	2026-10-07T03:08:06.1533278Z ok 30 - account trust migration stores only purpose-bound token hashes
Backend Tests	Run tests	2026-10-07T03:08:06.1534176Z   ---
Backend Tests	Run tests	2026-10-07T03:08:06.1534816Z   duration_ms: 0.278837
Backend Tests	Run tests	2026-10-07T03:08:06.1535352Z   ...
Backend Tests	Run tests	2026-10-07T03:08:06.1536418Z # Subtest: settings trust migration preserves legacy reminder receipts during the per-type split
Backend Tests	Run tests	2026-10-07T03:08:06.1537762Z ok 31 - settings trust migration preserves legacy reminder receipts during the per-type split
Backend Tests	Run tests	2026-10-07T03:08:06.1538586Z   ---
Backend Tests	Run tests	2026-10-07T03:08:06.1539131Z   duration_ms: 0.363726
Backend Tests	Run tests	2026-10-07T03:08:06.1539643Z   ...
Backend Tests	Run tests	2026-10-07T03:08:08.5087327Z # Subtest: activity utils parse source identity and derive local day in the account timezone
Backend Tests	Run tests	2026-10-07T03:08:08.5102566Z ok 32 - activity utils parse source identity and derive local day in the account timezone
Backend Tests	Run tests	2026-10-07T03:08:08.5131712Z   ---
Backend Tests	Run tests	2026-10-07T03:08:08.5138644Z   duration_ms: 24.471041
Backend Tests	Run tests	2026-10-07T03:08:08.5162882Z   ...
Backend Tests	Run tests	2026-10-07T03:08:08.5192250Z # Subtest: activity utils enforce record-type-specific values and interval ordering
Backend Tests	Run tests	2026-10-07T03:08:08.5202030Z ok 33 - activity utils enforce record-type-specific values and interval ordering
Backend Tests	Run tests	2026-10-07T03:08:08.5203153Z   ---
Backend Tests	Run tests	2026-10-07T03:08:08.5203825Z   duration_ms: 0.594391
Backend Tests	Run tests	2026-10-07T03:08:08.5204607Z   ...
Backend Tests	Run tests	2026-10-07T03:08:08.5205661Z # Subtest: activity utils enforce exact Health Connect weight policy bounds
Backend Tests	Run tests	2026-10-07T03:08:08.5206959Z ok 34 - activity utils enforce exact Health Connect weight policy bounds
Backend Tests	Run tests	2026-10-07T03:08:08.5207852Z   ---
Backend Tests	Run tests	2026-10-07T03:08:08.5208451Z   duration_ms: 0.974283
Backend Tests	Run tests	2026-10-07T03:08:08.5209362Z   ...
Backend Tests	Run tests	2026-10-07T03:08:08.5210361Z # Subtest: activity utils accept BigInt-safe client versions and nullable aggregate totals
Backend Tests	Run tests	2026-10-07T03:08:08.5211825Z ok 35 - activity utils accept BigInt-safe client versions and nullable aggregate totals
Backend Tests	Run tests	2026-10-07T03:08:08.5212731Z   ---
Backend Tests	Run tests	2026-10-07T03:08:08.5213279Z   duration_ms: 0.845272
Backend Tests	Run tests	2026-10-07T03:08:08.5214032Z   ...
Backend Tests	Run tests	2026-10-07T03:08:08.5214914Z # Subtest: activity utils reject ambiguous pages and stale-token reset shapes
Backend Tests	Run tests	2026-10-07T03:08:08.5216071Z ok 36 - activity utils reject ambiguous pages and stale-token reset shapes
Backend Tests	Run tests	2026-10-07T03:08:08.5216941Z   ---
Backend Tests	Run tests	2026-10-07T03:08:08.5217560Z   duration_ms: 0.738489
Backend Tests	Run tests	2026-10-07T03:08:08.5218355Z   ...
Backend Tests	Run tests	2026-10-07T03:08:08.5219380Z # Subtest: activity utils require explicit sync mode and validate reset replacement windows
Backend Tests	Run tests	2026-10-07T03:08:08.5220848Z ok 37 - activity utils require explicit sync mode and validate reset replacement windows
Backend Tests	Run tests	2026-10-07T03:08:08.5221576Z   ---
Backend Tests	Run tests	2026-10-07T03:08:08.5222231Z   duration_ms: 0.658407
Backend Tests	Run tests	2026-10-07T03:08:08.5222889Z   ...
Backend Tests	Run tests	2026-10-07T03:08:08.5223770Z # Subtest: activity range uses inclusive date-only math across DST boundaries
Backend Tests	Run tests	2026-10-07T03:08:08.5224914Z ok 38 - activity range uses inclusive date-only math across DST boundaries
Backend Tests	Run tests	2026-10-07T03:08:08.5225723Z   ---
Backend Tests	Run tests	2026-10-07T03:08:08.5226357Z   duration_ms: 1.275638
Backend Tests	Run tests	2026-10-07T03:08:08.5226960Z   ...
Backend Tests	Run tests	2026-10-07T03:08:08.9432698Z # Subtest: JSON errors receive the additive standard envelope while successful responses remain unchanged
Backend Tests	Run tests	2026-10-07T03:08:08.9502510Z ok 39 - JSON errors receive the additive standard envelope while successful responses remain unchanged
Backend Tests	Run tests	2026-10-07T03:08:08.9531892Z   ---
Backend Tests	Run tests	2026-10-07T03:08:08.9552064Z   duration_ms: 96.470786
Backend Tests	Run tests	2026-10-07T03:08:08.9581467Z   ...
Backend Tests	Run tests	2026-10-07T03:08:08.9612051Z # Subtest: explicit error fields and domain extensions are preserved without mutating replay bodies
Backend Tests	Run tests	2026-10-07T03:08:08.9641971Z ok 40 - explicit error fields and domain extensions are preserved without mutating replay bodies
Backend Tests	Run tests	2026-10-07T03:08:08.9681398Z   ---
Backend Tests	Run tests	2026-10-07T03:08:08.9736064Z   duration_ms: 20.419862
Backend Tests	Run tests	2026-10-07T03:08:08.9811471Z   ...
Backend Tests	Run tests	2026-10-07T03:08:08.9961922Z # Subtest: malformed, primitive, and thrown error bodies fall back to safe contract values
Backend Tests	Run tests	2026-10-07T03:08:08.9992086Z ok 41 - malformed, primitive, and thrown error bodies fall back to safe contract values
Backend Tests	Run tests	2026-10-07T03:08:09.0021459Z   ---
Backend Tests	Run tests	2026-10-07T03:08:09.0051478Z   duration_ms: 32.423424
Backend Tests	Run tests	2026-10-07T03:08:09.0081335Z   ...
Backend Tests	Run tests	2026-10-07T03:08:09.0171967Z # Subtest: unknown API and auth routes return standard JSON before frontend fallback
Backend Tests	Run tests	2026-10-07T03:08:09.0194733Z ok 42 - unknown API and auth routes return standard JSON before frontend fallback
Backend Tests	Run tests	2026-10-07T03:08:09.0201444Z   ---
Backend Tests	Run tests	2026-10-07T03:08:09.0218489Z   duration_ms: 20.68621
Backend Tests	Run tests	2026-10-07T03:08:09.0256451Z   ...
Backend Tests	Run tests	2026-10-07T03:08:09.0397597Z # Subtest: body-parser syntax errors never expose parser or request text
Backend Tests	Run tests	2026-10-07T03:08:09.0421961Z ok 43 - body-parser syntax errors never expose parser or request text
Backend Tests	Run tests	2026-10-07T03:08:09.0453063Z   ---
Backend Tests	Run tests	2026-10-07T03:08:09.0454711Z   duration_ms: 23.776265
Backend Tests	Run tests	2026-10-07T03:08:09.0455369Z   ...
Backend Tests	Run tests	2026-10-07T03:08:09.0456464Z # Subtest: body-parser failures use the same request ID in the response header and error body
Backend Tests	Run tests	2026-10-07T03:08:09.0457859Z ok 44 - body-parser failures use the same request ID in the response header and error body
Backend Tests	Run tests	2026-10-07T03:08:09.0458817Z   ---
Backend Tests	Run tests	2026-10-07T03:08:09.0459460Z   duration_ms: 8.786943
Backend Tests	Run tests	2026-10-07T03:08:09.0460089Z   ...
Backend Tests	Run tests	2026-10-07T03:08:09.1512229Z # Subtest: password credentials reject bcrypt-truncated UTF-8 values
Backend Tests	Run tests	2026-10-07T03:08:09.1552036Z ok 45 - password credentials reject bcrypt-truncated UTF-8 values
Backend Tests	Run tests	2026-10-07T03:08:09.1566628Z   ---
Backend Tests	Run tests	2026-10-07T03:08:09.1622019Z   duration_ms: 2.015896
Backend Tests	Run tests	2026-10-07T03:08:09.1661459Z   ...
Backend Tests	Run tests	2026-10-07T03:08:12.3462361Z # Subtest: authenticated user middleware accepts a hydrated principal
Backend Tests	Run tests	2026-10-07T03:08:12.3522129Z ok 46 - authenticated user middleware accepts a hydrated principal
Backend Tests	Run tests	2026-10-07T03:08:12.3577563Z   ---
Backend Tests	Run tests	2026-10-07T03:08:12.3578511Z   duration_ms: 1.850071
Backend Tests	Run tests	2026-10-07T03:08:12.3579209Z   ...
Backend Tests	Run tests	2026-10-07T03:08:12.3580088Z # Subtest: authenticated user middleware rejects missing or malformed principals
Backend Tests	Run tests	2026-10-07T03:08:12.3601957Z ok 47 - authenticated user middleware rejects missing or malformed principals
Backend Tests	Run tests	2026-10-07T03:08:12.3603226Z   ---
Backend Tests	Run tests	2026-10-07T03:08:12.3603744Z   duration_ms: 1.092576
Backend Tests	Run tests	2026-10-07T03:08:12.3604357Z   ...
Backend Tests	Run tests	2026-10-07T03:08:12.3605246Z # Subtest: getAuthenticatedUser fails closed when a route omits its guard
Backend Tests	Run tests	2026-10-07T03:08:12.3606231Z ok 48 - getAuthenticatedUser fails closed when a route omits its guard
Backend Tests	Run tests	2026-10-07T03:08:12.3607039Z   ---
Backend Tests	Run tests	2026-10-07T03:08:12.3607520Z   duration_ms: 0.598476
Backend Tests	Run tests	2026-10-07T03:08:12.3608057Z   ...
Backend Tests	Run tests	2026-10-07T03:08:14.3648994Z # Subtest: reports progress before the seven-day insight threshold
Backend Tests	Run tests	2026-10-07T03:08:14.3707392Z ok 49 - reports progress before the seven-day insight threshold
Backend Tests	Run tests	2026-10-07T03:08:14.3811533Z   ---
Backend Tests	Run tests	2026-10-07T03:08:14.3865023Z   duration_ms: 21.34546
Backend Tests	Run tests	2026-10-07T03:08:14.3947072Z   ...
Backend Tests	Run tests	2026-10-07T03:08:14.3967455Z # Subtest: provides a descriptive insight after seven days without recommending a change
Backend Tests	Run tests	2026-10-07T03:08:14.3992173Z ok 50 - provides a descriptive insight after seven days without recommending a change
Backend Tests	Run tests	2026-10-07T03:08:14.4021500Z   ---
Backend Tests	Run tests	2026-10-07T03:08:14.4051542Z   duration_ms: 6.600938
Backend Tests	Run tests	2026-10-07T03:08:14.4081419Z   ...
Backend Tests	Run tests	2026-10-07T03:08:14.4082689Z # Subtest: explains when food history is strong but weight history cannot establish a pace
Backend Tests	Run tests	2026-10-07T03:08:14.4089341Z ok 51 - explains when food history is strong but weight history cannot establish a pace
Backend Tests	Run tests	2026-10-07T03:08:14.4090853Z   ---
Backend Tests	Run tests	2026-10-07T03:08:14.4091649Z   duration_ms: 0.752818
Backend Tests	Run tests	2026-10-07T03:08:14.4092280Z   ...
Backend Tests	Run tests	2026-10-07T03:08:14.4096114Z # Subtest: uses natural learning copy before any weights are recorded
Backend Tests	Run tests	2026-10-07T03:08:14.4111589Z ok 52 - uses natural learning copy before any weights are recorded
Backend Tests	Run tests	2026-10-07T03:08:14.4141322Z   ---
Backend Tests	Run tests	2026-10-07T03:08:14.4151814Z   duration_ms: 0.844022
Backend Tests	Run tests	2026-10-07T03:08:14.4192567Z   ...
Backend Tests	Run tests	2026-10-07T03:08:14.4263089Z # Subtest: does not adjust a target when intake and observed pace agree with the profile estimate
Backend Tests	Run tests	2026-10-07T03:08:14.4350476Z ok 53 - does not adjust a target when intake and observed pace agree with the profile estimate
Backend Tests	Run tests	2026-10-07T03:08:14.4421343Z   ---
Backend Tests	Run tests	2026-10-07T03:08:14.4451677Z   duration_ms: 19.577437
Backend Tests	Run tests	2026-10-07T03:08:14.4481545Z   ...
Backend Tests	Run tests	2026-10-07T03:08:14.4511826Z # Subtest: caps an actionable target correction at 150 kcal
Backend Tests	Run tests	2026-10-07T03:08:14.4514127Z ok 54 - caps an actionable target correction at 150 kcal
Backend Tests	Run tests	2026-10-07T03:08:14.4541516Z   ---
Backend Tests	Run tests	2026-10-07T03:08:14.4571483Z   duration_ms: 32.721953
Backend Tests	Run tests	2026-10-07T03:08:14.4601577Z   ...
Backend Tests	Run tests	2026-10-07T03:08:14.4611780Z # Subtest: caps an upward target correction at 150 kcal
Backend Tests	Run tests	2026-10-07T03:08:14.4631804Z ok 55 - caps an upward target correction at 150 kcal
Backend Tests	Run tests	2026-10-07T03:08:14.4661507Z   ---
Backend Tests	Run tests	2026-10-07T03:08:14.4665050Z   duration_ms: 23.395969
Backend Tests	Run tests	2026-10-07T03:08:14.4711423Z   ...
Backend Tests	Run tests	2026-10-07T03:08:14.4721963Z # Subtest: a post-gap pair cannot establish pace or recommend a change
Backend Tests	Run tests	2026-10-07T03:08:14.4751907Z ok 56 - a post-gap pair cannot establish pace or recommend a change
Backend Tests	Run tests	2026-10-07T03:08:14.4766225Z   ---
Backend Tests	Run tests	2026-10-07T03:08:14.4767121Z   duration_ms: 3.057963
Backend Tests	Run tests	2026-10-07T03:08:14.4767767Z   ...
Backend Tests	Run tests	2026-10-07T03:08:14.4768803Z # Subtest: calibration v4 isolates selected-window pace from a strong earlier reversal
Backend Tests	Run tests	2026-10-07T03:08:14.4770197Z ok 57 - calibration v4 isolates selected-window pace from a strong earlier reversal
Backend Tests	Run tests	2026-10-07T03:08:14.4771348Z   ---
Backend Tests	Run tests	2026-10-07T03:08:14.4771916Z   duration_ms: 76.668732
Backend Tests	Run tests	2026-10-07T03:08:14.4772504Z   ...
Backend Tests	Run tests	2026-10-07T03:08:14.4773545Z # Subtest: calibration v4 does not fall back to current velocity after a reset inside the selected window
Backend Tests	Run tests	2026-10-07T03:08:14.4774957Z ok 58 - calibration v4 does not fall back to current velocity after a reset inside the selected window
Backend Tests	Run tests	2026-10-07T03:08:14.4775867Z   ---
Backend Tests	Run tests	2026-10-07T03:08:14.4776407Z   duration_ms: 14.537557
Backend Tests	Run tests	2026-10-07T03:08:14.4776968Z   ...
Backend Tests	Run tests	2026-10-07T03:08:14.4777960Z # Subtest: explains the 14-day action threshold when directional evidence appears earlier
Backend Tests	Run tests	2026-10-07T03:08:14.4779179Z ok 59 - explains the 14-day action threshold when directional evidence appears earlier
Backend Tests	Run tests	2026-10-07T03:08:14.4779968Z   ---
Backend Tests	Run tests	2026-10-07T03:08:14.4811460Z   duration_ms: 5.360846
Backend Tests	Run tests	2026-10-07T03:08:14.4841420Z   ...
Backend Tests	Run tests	2026-10-07T03:08:14.4842738Z # Subtest: attributes slow progress to logged intake rather than changing a sound target estimate
Backend Tests	Run tests	2026-10-07T03:08:14.4871805Z ok 60 - attributes slow progress to logged intake rather than changing a sound target estimate
Backend Tests	Run tests	2026-10-07T03:08:14.4901446Z   ---
Backend Tests	Run tests	2026-10-07T03:08:14.4902121Z   duration_ms: 24.426833
Backend Tests	Run tests	2026-10-07T03:08:14.4931400Z   ...
Backend Tests	Run tests	2026-10-07T03:08:14.4932210Z # Subtest: keeps skipped and suspicious days in the uncertainty calculation
Backend Tests	Run tests	2026-10-07T03:08:14.4942522Z ok 61 - keeps skipped and suspicious days in the uncertainty calculation
Backend Tests	Run tests	2026-10-07T03:08:14.4943257Z   ---
Backend Tests	Run tests	2026-10-07T03:08:14.4943815Z   duration_ms: 10.581347
Backend Tests	Run tests	2026-10-07T03:08:14.4944345Z   ...
Backend Tests	Run tests	2026-10-07T03:08:14.4945091Z # Subtest: preserves unusually high logged totals inside non-confident intake ranges
Backend Tests	Run tests	2026-10-07T03:08:14.4946300Z ok 62 - preserves unusually high logged totals inside non-confident intake ranges
Backend Tests	Run tests	2026-10-07T03:08:14.4947048Z   ---
Backend Tests	Run tests	2026-10-07T03:08:14.4947577Z   duration_ms: 20.863949
Backend Tests	Run tests	2026-10-07T03:08:14.4948069Z   ...
Backend Tests	Run tests	2026-10-07T03:08:14.4948919Z # Subtest: uses the configured display unit in user-facing pace copy while retaining kg estimates
Backend Tests	Run tests	2026-10-07T03:08:14.4950209Z ok 63 - uses the configured display unit in user-facing pace copy while retaining kg estimates
Backend Tests	Run tests	2026-10-07T03:08:14.4951189Z   ---
Backend Tests	Run tests	2026-10-07T03:08:14.4951759Z   duration_ms: 4.691549
Backend Tests	Run tests	2026-10-07T03:08:14.4952272Z   ...
Backend Tests	Run tests	2026-10-07T03:08:14.4953059Z # Subtest: explains when weight uncertainty prevents a safe budget assessment
Backend Tests	Run tests	2026-10-07T03:08:14.4954147Z ok 64 - explains when weight uncertainty prevents a safe budget assessment
Backend Tests	Run tests	2026-10-07T03:08:14.4954883Z   ---
Backend Tests	Run tests	2026-10-07T03:08:14.4955437Z   duration_ms: 9.281215
Backend Tests	Run tests	2026-10-07T03:08:14.4955951Z   ...
Backend Tests	Run tests	2026-10-07T03:08:14.4956683Z # Subtest: describes a broad pace range that includes both loss and gain
Backend Tests	Run tests	2026-10-07T03:08:14.4957696Z ok 65 - describes a broad pace range that includes both loss and gain
Backend Tests	Run tests	2026-10-07T03:08:14.4958699Z   ---
Backend Tests	Run tests	2026-10-07T03:08:14.4959224Z   duration_ms: 12.552637
Backend Tests	Run tests	2026-10-07T03:08:14.4959978Z   ...
Backend Tests	Run tests	2026-10-07T03:08:14.4960922Z # Subtest: an isolated three-kilogram spike cannot create an unsafe recommendation
Backend Tests	Run tests	2026-10-07T03:08:14.4962043Z ok 66 - an isolated three-kilogram spike cannot create an unsafe recommendation
Backend Tests	Run tests	2026-10-07T03:08:14.4962808Z   ---
Backend Tests	Run tests	2026-10-07T03:08:14.4963345Z   duration_ms: 8.568818
Backend Tests	Run tests	2026-10-07T03:08:14.4963898Z   ...
Backend Tests	Run tests	2026-10-07T03:08:14.4964706Z # Subtest: stale and outdated weigh-ins cannot trigger a calorie-budget recommendation
Backend Tests	Run tests	2026-10-07T03:08:14.4966281Z ok 67 - stale and outdated weigh-ins cannot trigger a calorie-budget recommendation
Backend Tests	Run tests	2026-10-07T03:08:14.4967114Z   ---
Backend Tests	Run tests	2026-10-07T03:08:14.4967542Z   duration_ms: 7.271686
Backend Tests	Run tests	2026-10-07T03:08:14.4967934Z   ...
Backend Tests	Run tests	2026-10-07T03:08:14.4968741Z # Subtest: truncates a supported decrease when the normal step would cross the BMR floor
Backend Tests	Run tests	2026-10-07T03:08:14.4969825Z ok 68 - truncates a supported decrease when the normal step would cross the BMR floor
Backend Tests	Run tests	2026-10-07T03:08:14.4970559Z   ---
Backend Tests	Run tests	2026-10-07T03:08:14.4971146Z   duration_ms: 10.095463
Backend Tests	Run tests	2026-10-07T03:08:14.4971557Z   ...
Backend Tests	Run tests	2026-10-07T03:08:14.4972389Z # Subtest: a fractional BMR cannot generate a recommendation below the canonical ceiling floor
Backend Tests	Run tests	2026-10-07T03:08:14.4973531Z ok 69 - a fractional BMR cannot generate a recommendation below the canonical ceiling floor
Backend Tests	Run tests	2026-10-07T03:08:14.4974248Z   ---
Backend Tests	Run tests	2026-10-07T03:08:14.4974664Z   duration_ms: 13.553378
Backend Tests	Run tests	2026-10-07T03:08:14.4975010Z   ...
Backend Tests	Run tests	2026-10-07T03:08:14.4975763Z # Subtest: does not reverse recommendation direction when the current target is below the BMR floor
Backend Tests	Run tests	2026-10-07T03:08:14.4976861Z ok 70 - does not reverse recommendation direction when the current target is below the BMR floor
Backend Tests	Run tests	2026-10-07T03:08:14.4977643Z   ---
Backend Tests	Run tests	2026-10-07T03:08:14.4978022Z   duration_ms: 17.340269
Backend Tests	Run tests	2026-10-07T03:08:14.4978418Z   ...
Backend Tests	Run tests	2026-10-07T03:08:14.4978986Z # Subtest: uses singular grammar for one uncertain day
Backend Tests	Run tests	2026-10-07T03:08:14.4979678Z ok 71 - uses singular grammar for one uncertain day
Backend Tests	Run tests	2026-10-07T03:08:14.4980305Z   ---
Backend Tests	Run tests	2026-10-07T03:08:14.4980841Z   duration_ms: 27.048768
Backend Tests	Run tests	2026-10-07T03:08:14.4981257Z   ...
Backend Tests	Run tests	2026-10-07T03:08:14.4981991Z # Subtest: covers pounds while keeping automatic target changes limited to loss goals
Backend Tests	Run tests	2026-10-07T03:08:14.4982982Z ok 72 - covers pounds while keeping automatic target changes limited to loss goals
Backend Tests	Run tests	2026-10-07T03:08:14.4983724Z   ---
Backend Tests	Run tests	2026-10-07T03:08:14.4984082Z   duration_ms: 33.375035
Backend Tests	Run tests	2026-10-07T03:08:14.4984473Z   ...
Backend Tests	Run tests	2026-10-07T03:08:14.4985225Z # Subtest: does not surface unused activity data and caps the selected window at 42 days
Backend Tests	Run tests	2026-10-07T03:08:14.4986226Z ok 73 - does not surface unused activity data and caps the selected window at 42 days
Backend Tests	Run tests	2026-10-07T03:08:14.4986915Z   ---
Backend Tests	Run tests	2026-10-07T03:08:14.4987339Z   duration_ms: 39.34134
Backend Tests	Run tests	2026-10-07T03:08:14.4987726Z   ...
Backend Tests	Run tests	2026-10-07T03:08:14.4988537Z # Subtest: restarts evidence after the latest tracking pause instead of averaging across the break
Backend Tests	Run tests	2026-10-07T03:08:14.4989682Z ok 74 - restarts evidence after the latest tracking pause instead of averaging across the break
Backend Tests	Run tests	2026-10-07T03:08:14.4991173Z   ---
Backend Tests	Run tests	2026-10-07T03:08:14.4991632Z   duration_ms: 0.674463
Backend Tests	Run tests	2026-10-07T03:08:14.4992021Z   ...
Backend Tests	Run tests	2026-10-07T03:08:14.4992976Z # Subtest: acknowledges an active pause that starts after the latest completed evidence day
Backend Tests	Run tests	2026-10-07T03:08:14.4994022Z ok 75 - acknowledges an active pause that starts after the latest completed evidence day
Backend Tests	Run tests	2026-10-07T03:08:14.4994731Z   ---
Backend Tests	Run tests	2026-10-07T03:08:14.4995150Z   duration_ms: 0.416473
Backend Tests	Run tests	2026-10-07T03:08:14.4995529Z   ...
Backend Tests	Run tests	2026-10-07T03:08:14.4996275Z # Subtest: preserves calibration safety invariants across a broad deterministic matrix
Backend Tests	Run tests	2026-10-07T03:08:14.4997307Z ok 76 - preserves calibration safety invariants across a broad deterministic matrix
Backend Tests	Run tests	2026-10-07T03:08:14.4997973Z   ---
Backend Tests	Run tests	2026-10-07T03:08:14.4998400Z   duration_ms: 959.757888
Backend Tests	Run tests	2026-10-07T03:08:14.4998790Z   ...
Backend Tests	Run tests	2026-10-07T03:08:14.4999320Z # Subtest: is deterministic for the same history
Backend Tests	Run tests	2026-10-07T03:08:14.5000256Z ok 77 - is deterministic for the same history
Backend Tests	Run tests	2026-10-07T03:08:14.5001009Z   ---
Backend Tests	Run tests	2026-10-07T03:08:14.5001482Z   duration_ms: 9.908507
Backend Tests	Run tests	2026-10-07T03:08:14.5001910Z   ...
Backend Tests	Run tests	2026-10-07T03:08:14.5002503Z # Subtest: is invariant to food and weight input ordering
Backend Tests	Run tests	2026-10-07T03:08:14.5003201Z ok 78 - is invariant to food and weight input ordering
Backend Tests	Run tests	2026-10-07T03:08:14.5003702Z   ---
Backend Tests	Run tests	2026-10-07T03:08:14.5004082Z   duration_ms: 32.883966
Backend Tests	Run tests	2026-10-07T03:08:14.5004485Z   ...
Backend Tests	Run tests	2026-10-07T03:08:14.5005251Z # Subtest: keeps Plan check waiting until a decision-grade weight trend is available
Backend Tests	Run tests	2026-10-07T03:08:14.5006214Z ok 79 - keeps Plan check waiting until a decision-grade weight trend is available
Backend Tests	Run tests	2026-10-07T03:08:14.5006849Z   ---
Backend Tests	Run tests	2026-10-07T03:08:14.5007227Z   duration_ms: 7.551511
Backend Tests	Run tests	2026-10-07T03:08:14.5007620Z   ...
Backend Tests	Run tests	2026-10-07T03:08:14.5008316Z # Subtest: describes a retrospective on-track trend without making a forecast
Backend Tests	Run tests	2026-10-07T03:08:14.5009232Z ok 80 - describes a retrospective on-track trend without making a forecast
Backend Tests	Run tests	2026-10-07T03:08:14.5009818Z   ---
Backend Tests	Run tests	2026-10-07T03:08:14.5010221Z   duration_ms: 6.992621
Backend Tests	Run tests	2026-10-07T03:08:14.5010747Z   ...
Backend Tests	Run tests	2026-10-07T03:08:14.5011479Z # Subtest: separates an off-track assessment from the calorie-target decision
Backend Tests	Run tests	2026-10-07T03:08:14.5012481Z ok 81 - separates an off-track assessment from the calorie-target decision
Backend Tests	Run tests	2026-10-07T03:08:14.5013142Z   ---
Backend Tests	Run tests	2026-10-07T03:08:14.5013530Z   duration_ms: 26.307503
Backend Tests	Run tests	2026-10-07T03:08:14.5013958Z   ...
Backend Tests	Run tests	2026-10-07T03:08:14.5014743Z # Subtest: supports maintenance and gain assessments without generating target changes
Backend Tests	Run tests	2026-10-07T03:08:14.5025641Z ok 82 - supports maintenance and gain assessments without generating target changes
Backend Tests	Run tests	2026-10-07T03:08:14.5026605Z   ---
Backend Tests	Run tests	2026-10-07T03:08:14.5027048Z   duration_ms: 35.56621
Backend Tests	Run tests	2026-10-07T03:08:14.5027494Z   ...
Backend Tests	Run tests	2026-10-07T03:08:14.5028143Z # Subtest: restarts Plan check after an active tracking pause
Backend Tests	Run tests	2026-10-07T03:08:14.5028897Z ok 83 - restarts Plan check after an active tracking pause
Backend Tests	Run tests	2026-10-07T03:08:14.5029533Z   ---
Backend Tests	Run tests	2026-10-07T03:08:14.5029940Z   duration_ms: 0.340502
Backend Tests	Run tests	2026-10-07T03:08:14.5030375Z   ...
Backend Tests	Run tests	2026-10-07T03:08:14.5031409Z # Subtest: food and profile changes do not resample the displayed weight trend in the same window
Backend Tests	Run tests	2026-10-07T03:08:14.5032558Z ok 84 - food and profile changes do not resample the displayed weight trend in the same window
Backend Tests	Run tests	2026-10-07T03:08:14.5033266Z   ---
Backend Tests	Run tests	2026-10-07T03:08:14.5033746Z   duration_ms: 75.999217
Backend Tests	Run tests	2026-10-07T03:08:14.5034183Z   ...
Backend Tests	Run tests	2026-10-07T03:08:14.5035025Z # Subtest: a wide interval cannot produce a confident off-track assessment in any goal direction
Backend Tests	Run tests	2026-10-07T03:08:14.5036174Z ok 85 - a wide interval cannot produce a confident off-track assessment in any goal direction
Backend Tests	Run tests	2026-10-07T03:08:14.5036859Z   ---
Backend Tests	Run tests	2026-10-07T03:08:14.5037396Z   duration_ms: 30.394732
Backend Tests	Run tests	2026-10-07T03:08:14.5037858Z   ...
Backend Tests	Run tests	2026-10-07T03:08:14.5038638Z # Subtest: a mature current weight segment is not held back by an older gap in the longest window
Backend Tests	Run tests	2026-10-07T03:08:14.5039819Z ok 86 - a mature current weight segment is not held back by an older gap in the longest window
Backend Tests	Run tests	2026-10-07T03:08:14.5040564Z   ---
Backend Tests	Run tests	2026-10-07T03:08:14.5041156Z   duration_ms: 23.890695
Backend Tests	Run tests	2026-10-07T03:08:14.5041615Z   ...
Backend Tests	Run tests	2026-10-07T03:08:16.1352820Z # Subtest: calibration status materializes a deterministic model-scoped recommendation
Backend Tests	Run tests	2026-10-07T03:08:16.1412742Z ok 87 - calibration status materializes a deterministic model-scoped recommendation
Backend Tests	Run tests	2026-10-07T03:08:16.1441856Z   ---
Backend Tests	Run tests	2026-10-07T03:08:16.1491671Z   duration_ms: 2748.554738
Backend Tests	Run tests	2026-10-07T03:08:16.1541533Z   ...
Backend Tests	Run tests	2026-10-07T03:08:16.1582397Z # Subtest: calibration status maps paused food days into a post-break evidence restart
Backend Tests	Run tests	2026-10-07T03:08:16.1612053Z ok 88 - calibration status maps paused food days into a post-break evidence restart
Backend Tests	Run tests	2026-10-07T03:08:16.1613224Z   ---
Backend Tests	Run tests	2026-10-07T03:08:16.1671546Z   duration_ms: 31.234486
Backend Tests	Run tests	2026-10-07T03:08:16.1701491Z   ...
Backend Tests	Run tests	2026-10-07T03:08:16.1731892Z # Subtest: calibration status acknowledges a pause started on the current incomplete day
Backend Tests	Run tests	2026-10-07T03:08:16.1733943Z ok 89 - calibration status acknowledges a pause started on the current incomplete day
Backend Tests	Run tests	2026-10-07T03:08:16.1761422Z   ---
Backend Tests	Run tests	2026-10-07T03:08:16.1791542Z   duration_ms: 23.389512
Backend Tests	Run tests	2026-10-07T03:08:16.1801856Z   ...
Backend Tests	Run tests	2026-10-07T03:08:16.1809241Z # Subtest: scheduled revisions suppress new materialization and report the resulting budget
Backend Tests	Run tests	2026-10-07T03:08:16.1841991Z ok 90 - scheduled revisions suppress new materialization and report the resulting budget
Backend Tests	Run tests	2026-10-07T03:08:16.1871593Z   ---
Backend Tests	Run tests	2026-10-07T03:08:16.1872399Z   duration_ms: 65.666772
Backend Tests	Run tests	2026-10-07T03:08:16.1901482Z   ...
Backend Tests	Run tests	2026-10-07T03:08:16.1932043Z # Subtest: v1 trend rollback suppresses v2 calibration recommendations without changing accepted revisions
Backend Tests	Run tests	2026-10-07T03:08:16.1951976Z ok 91 - v1 trend rollback suppresses v2 calibration recommendations without changing accepted revisions
Backend Tests	Run tests	2026-10-07T03:08:16.1961738Z   ---
Backend Tests	Run tests	2026-10-07T03:08:16.1991587Z   duration_ms: 40.718033
Backend Tests	Run tests	2026-10-07T03:08:16.2021465Z   ...
Backend Tests	Run tests	2026-10-07T03:08:16.2022852Z # Subtest: applying a recommendation revalidates, schedules one revision, and replays safely
Backend Tests	Run tests	2026-10-07T03:08:16.2051954Z ok 92 - applying a recommendation revalidates, schedules one revision, and replays safely
Backend Tests	Run tests	2026-10-07T03:08:16.2081519Z   ---
Backend Tests	Run tests	2026-10-07T03:08:16.2111459Z   duration_ms: 47.622822
Backend Tests	Run tests	2026-10-07T03:08:16.2112005Z   ...
Backend Tests	Run tests	2026-10-07T03:08:16.2142038Z # Subtest: recommendation apply retries the complete serializable mutation after a P2034 conflict
Backend Tests	Run tests	2026-10-07T03:08:16.2166855Z ok 93 - recommendation apply retries the complete serializable mutation after a P2034 conflict
Backend Tests	Run tests	2026-10-07T03:08:16.2201591Z   ---
Backend Tests	Run tests	2026-10-07T03:08:16.2202236Z   duration_ms: 55.279633
Backend Tests	Run tests	2026-10-07T03:08:16.2231514Z   ...
Backend Tests	Run tests	2026-10-07T03:08:16.2238877Z # Subtest: recommendation apply stops after three persistent P2034 conflicts
Backend Tests	Run tests	2026-10-07T03:08:16.2240367Z ok 94 - recommendation apply stops after three persistent P2034 conflicts
Backend Tests	Run tests	2026-10-07T03:08:16.2241674Z   ---
Backend Tests	Run tests	2026-10-07T03:08:16.2242282Z   duration_ms: 30.18868
Backend Tests	Run tests	2026-10-07T03:08:16.2242949Z   ...
Backend Tests	Run tests	2026-10-07T03:08:16.2243955Z # Subtest: canceling a future revision restores the recommendation for review
Backend Tests	Run tests	2026-10-07T03:08:16.2245154Z ok 95 - canceling a future revision restores the recommendation for review
Backend Tests	Run tests	2026-10-07T03:08:16.2246056Z   ---
Backend Tests	Run tests	2026-10-07T03:08:16.2246587Z   duration_ms: 51.461237
Backend Tests	Run tests	2026-10-07T03:08:16.2247172Z   ...
Backend Tests	Run tests	2026-10-07T03:08:16.2248065Z # Subtest: a scheduled revision cannot be canceled after its effective local date
Backend Tests	Run tests	2026-10-07T03:08:16.2249283Z ok 96 - a scheduled revision cannot be canceled after its effective local date
Backend Tests	Run tests	2026-10-07T03:08:16.2250122Z   ---
Backend Tests	Run tests	2026-10-07T03:08:16.2250828Z   duration_ms: 35.290035
Backend Tests	Run tests	2026-10-07T03:08:16.2251433Z   ...
Backend Tests	Run tests	2026-10-07T03:08:16.2252327Z # Subtest: an APPLIED recommendation from an old goal cannot replay onto the current plan
Backend Tests	Run tests	2026-10-07T03:08:16.2253600Z ok 97 - an APPLIED recommendation from an old goal cannot replay onto the current plan
Backend Tests	Run tests	2026-10-07T03:08:16.2254510Z   ---
Backend Tests	Run tests	2026-10-07T03:08:16.2255050Z   duration_ms: 45.359184
Backend Tests	Run tests	2026-10-07T03:08:16.2255676Z   ...
Backend Tests	Run tests	2026-10-07T03:08:16.2256760Z # Subtest: recommendation apply rejects a profile or weight race that changes the exact target inside the transaction
Backend Tests	Run tests	2026-10-07T03:08:16.2258345Z ok 98 - recommendation apply rejects a profile or weight race that changes the exact target inside the transaction
Backend Tests	Run tests	2026-10-07T03:08:16.2259402Z   ---
Backend Tests	Run tests	2026-10-07T03:08:16.2259929Z   duration_ms: 63.93768
Backend Tests	Run tests	2026-10-07T03:08:16.2260508Z   ...
Backend Tests	Run tests	2026-10-07T03:08:16.2271256Z # Subtest: calibration status returns Plan check assessments for maintenance and gain without actions
Backend Tests	Run tests	2026-10-07T03:08:16.2272691Z ok 99 - calibration status returns Plan check assessments for maintenance and gain without actions
Backend Tests	Run tests	2026-10-07T03:08:16.2273784Z   ---
Backend Tests	Run tests	2026-10-07T03:08:16.2274352Z   duration_ms: 61.225324
Backend Tests	Run tests	2026-10-07T03:08:16.2275019Z   ...
Backend Tests	Run tests	2026-10-07T03:08:16.2276126Z # Subtest: manual pace changes exclude the mixed adjustment day and invalidate earlier calibration evidence
Backend Tests	Run tests	2026-10-07T03:08:16.2277562Z ok 100 - manual pace changes exclude the mixed adjustment day and invalidate earlier calibration evidence
Backend Tests	Run tests	2026-10-07T03:08:16.2279068Z   ---
Backend Tests	Run tests	2026-10-07T03:08:16.2279660Z   duration_ms: 41.525026
Backend Tests	Run tests	2026-10-07T03:08:16.2280359Z   ...
Backend Tests	Run tests	2026-10-07T03:08:19.0818232Z # Subtest: stored planning marks a current-safe but scheduled-unsafe revision and fails all reads closed
Backend Tests	Run tests	2026-10-07T03:08:19.0835860Z ok 101 - stored planning marks a current-safe but scheduled-unsafe revision and fails all reads closed
Backend Tests	Run tests	2026-10-07T03:08:19.0837146Z   ---
Backend Tests	Run tests	2026-10-07T03:08:19.0837777Z   duration_ms: 27.031061
Backend Tests	Run tests	2026-10-07T03:08:19.0838498Z   ...
Backend Tests	Run tests	2026-10-07T03:08:19.0839753Z # Subtest: a resolved stored prerequisite marker becomes historical review instead of looping to the old repair action
Backend Tests	Run tests	2026-10-07T03:08:19.0841542Z ok 102 - a resolved stored prerequisite marker becomes historical review instead of looping to the old repair action
Backend Tests	Run tests	2026-10-07T03:08:19.0842572Z   ---
Backend Tests	Run tests	2026-10-07T03:08:19.0843118Z   duration_ms: 1.680419
Backend Tests	Run tests	2026-10-07T03:08:19.0843671Z   ...
Backend Tests	Run tests	2026-10-07T03:08:19.1356773Z # Subtest: calorie policy uses exact date-only ages and rejects invalid inputs
Backend Tests	Run tests	2026-10-07T03:08:19.1382454Z ok 103 - calorie policy uses exact date-only ages and rejects invalid inputs
Backend Tests	Run tests	2026-10-07T03:08:19.1400918Z   ---
Backend Tests	Run tests	2026-10-07T03:08:19.1401604Z   duration_ms: 36.148414
Backend Tests	Run tests	2026-10-07T03:08:19.1402158Z   ...
Backend Tests	Run tests	2026-10-07T03:08:19.1403147Z # Subtest: calorie policy evaluates the birthday against the account-local calendar day
Backend Tests	Run tests	2026-10-07T03:08:19.1404378Z ok 104 - calorie policy evaluates the birthday against the account-local calendar day
Backend Tests	Run tests	2026-10-07T03:08:19.1405223Z   ---
Backend Tests	Run tests	2026-10-07T03:08:19.1405739Z   duration_ms: 0.482071
Backend Tests	Run tests	2026-10-07T03:08:19.1406398Z   ...
Backend Tests	Run tests	2026-10-07T03:08:19.1407301Z # Subtest: calorie policy advances Feb 29 birthdays on March 1 in non-leap years
Backend Tests	Run tests	2026-10-07T03:08:19.1408450Z ok 105 - calorie policy advances Feb 29 birthdays on March 1 in non-leap years
Backend Tests	Run tests	2026-10-07T03:08:19.1409270Z   ---
Backend Tests	Run tests	2026-10-07T03:08:19.1409789Z   duration_ms: 0.359566
Backend Tests	Run tests	2026-10-07T03:08:19.1410327Z   ...
Backend Tests	Run tests	2026-10-07T03:08:19.1411614Z # Subtest: calorie policy uses actual validated ages and emits all signed options without clamping
Backend Tests	Run tests	2026-10-07T03:08:19.1412947Z ok 106 - calorie policy uses actual validated ages and emits all signed options without clamping
Backend Tests	Run tests	2026-10-07T03:08:19.1413809Z   ---
Backend Tests	Run tests	2026-10-07T03:08:19.1414290Z   duration_ms: 0.702486
Backend Tests	Run tests	2026-10-07T03:08:19.1414797Z   ...
Backend Tests	Run tests	2026-10-07T03:08:19.1415809Z # Subtest: calorie policy requires both baseline and adjusted targets to remain above the BMR floor
Backend Tests	Run tests	2026-10-07T03:08:19.1417084Z ok 107 - calorie policy requires both baseline and adjusted targets to remain above the BMR floor
Backend Tests	Run tests	2026-10-07T03:08:19.1417931Z   ---
Backend Tests	Run tests	2026-10-07T03:08:19.1418412Z   duration_ms: 0.577262
Backend Tests	Run tests	2026-10-07T03:08:19.1418985Z   ...
Backend Tests	Run tests	2026-10-07T03:08:19.1419955Z # Subtest: projection gives maintenance precedence and applies account-unit energy constants exactly
Backend Tests	Run tests	2026-10-07T03:08:19.1421385Z ok 108 - projection gives maintenance precedence and applies account-unit energy constants exactly
Backend Tests	Run tests	2026-10-07T03:08:19.1423571Z   ---
Backend Tests	Run tests	2026-10-07T03:08:19.1424091Z   duration_ms: 0.303214
Backend Tests	Run tests	2026-10-07T03:08:19.1424666Z   ...
Backend Tests	Run tests	2026-10-07T03:08:19.1425515Z # Subtest: calorie safety migration preserves values and adds date-only sticky review fields
Backend Tests	Run tests	2026-10-07T03:08:19.1426697Z ok 109 - calorie safety migration preserves values and adds date-only sticky review fields
Backend Tests	Run tests	2026-10-07T03:08:19.1427563Z   ---
Backend Tests	Run tests	2026-10-07T03:08:19.1428120Z   duration_ms: 5.184495
Backend Tests	Run tests	2026-10-07T03:08:19.1428664Z   ...
Backend Tests	Run tests	2026-10-07T03:08:19.1429549Z # Subtest: calorie safety migration handles every signed integer deficit and lowercase IANA timezone
Backend Tests	Run tests	2026-10-07T03:08:19.1430917Z ok 110 - calorie safety migration handles every signed integer deficit and lowercase IANA timezone
Backend Tests	Run tests	2026-10-07T03:08:19.1431812Z   ---
Backend Tests	Run tests	2026-10-07T03:08:19.1432364Z   duration_ms: 0.327262
Backend Tests	Run tests	2026-10-07T03:08:19.1432893Z   ...
Backend Tests	Run tests	2026-10-07T03:08:19.1433797Z # Subtest: calorie safety migration marks every revision of a reviewed goal even for invalid timezones
Backend Tests	Run tests	2026-10-07T03:08:19.1435440Z ok 111 - calorie safety migration marks every revision of a reviewed goal even for invalid timezones
Backend Tests	Run tests	2026-10-07T03:08:19.1436541Z   ---
Backend Tests	Run tests	2026-10-07T03:08:19.1437022Z   duration_ms: 0.47711
Backend Tests	Run tests	2026-10-07T03:08:19.1437542Z   ...
Backend Tests	Run tests	2026-10-07T03:08:19.4462671Z # Subtest: browser requests without native identity remain compatible
Backend Tests	Run tests	2026-10-07T03:08:19.4522308Z ok 112 - browser requests without native identity remain compatible
Backend Tests	Run tests	2026-10-07T03:08:19.4523190Z   ---
Backend Tests	Run tests	2026-10-07T03:08:19.4553703Z   duration_ms: 1.2857
Backend Tests	Run tests	2026-10-07T03:08:19.4581631Z   ...
Backend Tests	Run tests	2026-10-07T03:08:19.4585365Z # Subtest: authenticated phone sessions require a current bounded version on every request
Backend Tests	Run tests	2026-10-07T03:08:19.4613279Z ok 113 - authenticated phone sessions require a current bounded version on every request
Backend Tests	Run tests	2026-10-07T03:08:19.4661674Z   ---
Backend Tests	Run tests	2026-10-07T03:08:19.4716153Z   duration_ms: 0.39927
Backend Tests	Run tests	2026-10-07T03:08:19.4731369Z   ...
Backend Tests	Run tests	2026-10-07T03:08:19.4761965Z # Subtest: authenticated iOS sessions use the mobile release floor and iOS upgrade copy
Backend Tests	Run tests	2026-10-07T03:08:19.4763474Z ok 114 - authenticated iOS sessions use the mobile release floor and iOS upgrade copy
Backend Tests	Run tests	2026-10-07T03:08:19.4791545Z   ---
Backend Tests	Run tests	2026-10-07T03:08:19.4821481Z   duration_ms: 0.261718
Backend Tests	Run tests	2026-10-07T03:08:19.4851384Z   ...
Backend Tests	Run tests	2026-10-07T03:08:19.4891711Z # Subtest: authenticated session platform cannot be changed by client headers
Backend Tests	Run tests	2026-10-07T03:08:19.4905249Z ok 115 - authenticated session platform cannot be changed by client headers
Backend Tests	Run tests	2026-10-07T03:08:19.4937500Z   ---
Backend Tests	Run tests	2026-10-07T03:08:19.4959021Z   duration_ms: 0.133631
Backend Tests	Run tests	2026-10-07T03:08:19.4959738Z   ...
Backend Tests	Run tests	2026-10-07T03:08:19.4961119Z # Subtest: Wear pairing exchange requires Wear version identity before issuing a session
Backend Tests	Run tests	2026-10-07T03:08:19.4962475Z ok 116 - Wear pairing exchange requires Wear version identity before issuing a session
Backend Tests	Run tests	2026-10-07T03:08:19.4963370Z   ---
Backend Tests	Run tests	2026-10-07T03:08:19.4963929Z   duration_ms: 0.190019
Backend Tests	Run tests	2026-10-07T03:08:19.4964511Z   ...
Backend Tests	Run tests	2026-10-07T03:08:19.4965407Z # Subtest: older and malformed versions receive a bounded upgrade contract
Backend Tests	Run tests	2026-10-07T03:08:19.4966529Z ok 117 - older and malformed versions receive a bounded upgrade contract
Backend Tests	Run tests	2026-10-07T03:08:19.4967360Z   ---
Backend Tests	Run tests	2026-10-07T03:08:19.4967949Z   duration_ms: 0.295704
Backend Tests	Run tests	2026-10-07T03:08:19.4968503Z   ...
Backend Tests	Run tests	2026-10-07T03:08:20.9882612Z # Subtest: client config advertises the stable v1 API, release floors, and privacy-safe push default
Backend Tests	Run tests	2026-10-07T03:08:20.9932112Z ok 118 - client config advertises the stable v1 API, release floors, and privacy-safe push default
Backend Tests	Run tests	2026-10-07T03:08:20.9976986Z   ---
Backend Tests	Run tests	2026-10-07T03:08:20.9993239Z   duration_ms: 2.952889
Backend Tests	Run tests	2026-10-07T03:08:21.0050419Z   ...
Backend Tests	Run tests	2026-10-07T03:08:21.0051965Z # Subtest: client config advertises browser push only with complete VAPID configuration
Backend Tests	Run tests	2026-10-07T03:08:21.0053234Z ok 119 - client config advertises browser push only with complete VAPID configuration
Backend Tests	Run tests	2026-10-07T03:08:21.0054280Z   ---
Backend Tests	Run tests	2026-10-07T03:08:21.0055000Z   duration_ms: 0.349859
Backend Tests	Run tests	2026-10-07T03:08:21.0055617Z   ...
Backend Tests	Run tests	2026-10-07T03:08:21.0056724Z # Subtest: client config advertises native push only after the operator enables Expo mode
Backend Tests	Run tests	2026-10-07T03:08:21.0058156Z ok 120 - client config advertises native push only after the operator enables Expo mode
Backend Tests	Run tests	2026-10-07T03:08:21.0059080Z   ---
Backend Tests	Run tests	2026-10-07T03:08:21.0059719Z   duration_ms: 0.253467
Backend Tests	Run tests	2026-10-07T03:08:21.0060314Z   ...
Backend Tests	Run tests	2026-10-07T03:08:21.0061421Z # Subtest: client config ignores an injected package version in favor of the canonical manifest
Backend Tests	Run tests	2026-10-07T03:08:21.0062718Z ok 121 - client config ignores an injected package version in favor of the canonical manifest
Backend Tests	Run tests	2026-10-07T03:08:21.0063524Z   ---
Backend Tests	Run tests	2026-10-07T03:08:21.0064065Z   duration_ms: 0.292276
Backend Tests	Run tests	2026-10-07T03:08:21.0064595Z   ...
Backend Tests	Run tests	2026-10-07T03:08:24.0397630Z # Subtest: strict parser accepts only canonical coherent registry tuples
Backend Tests	Run tests	2026-10-07T03:08:24.0403287Z ok 122 - strict parser accepts only canonical coherent registry tuples
Backend Tests	Run tests	2026-10-07T03:08:24.0404194Z   ---
Backend Tests	Run tests	2026-10-07T03:08:24.0404680Z   duration_ms: 2.599788
Backend Tests	Run tests	2026-10-07T03:08:24.0405122Z   ...
Backend Tests	Run tests	2026-10-07T03:08:24.0406230Z # Subtest: handler correlates opaque IDs and records only fixed joint dimensions
Backend Tests	Run tests	2026-10-07T03:08:24.0407301Z ok 123 - handler correlates opaque IDs and records only fixed joint dimensions
Backend Tests	Run tests	2026-10-07T03:08:24.0407756Z   ---
Backend Tests	Run tests	2026-10-07T03:08:24.0408039Z   duration_ms: 2.129873
Backend Tests	Run tests	2026-10-07T03:08:24.0408384Z   ...
Backend Tests	Run tests	2026-10-07T03:08:24.0408841Z # Subtest: unknown and private fields are rejected before logging or aggregation
Backend Tests	Run tests	2026-10-07T03:08:24.0409462Z ok 124 - unknown and private fields are rejected before logging or aggregation
Backend Tests	Run tests	2026-10-07T03:08:24.0409895Z   ---
Backend Tests	Run tests	2026-10-07T03:08:24.0410169Z   duration_ms: 0.740937
Backend Tests	Run tests	2026-10-07T03:08:24.0410498Z   ...
Backend Tests	Run tests	2026-10-07T03:08:24.0957538Z # Subtest: cookie sessions cannot forge native diagnostics while bearer-established native identity is accepted
Backend Tests	Run tests	2026-10-07T03:08:24.0983086Z ok 125 - cookie sessions cannot forge native diagnostics while bearer-established native identity is accepted
Backend Tests	Run tests	2026-10-07T03:08:24.1041891Z   ---
Backend Tests	Run tests	2026-10-07T03:08:24.1101539Z   duration_ms: 83.70642
Backend Tests	Run tests	2026-10-07T03:08:24.1167713Z   ...
Backend Tests	Run tests	2026-10-07T03:08:24.1169043Z # Subtest: generic diagnostic sanitizer keeps only closed safe fields and drops alias strings
Backend Tests	Run tests	2026-10-07T03:08:24.1233077Z ok 126 - generic diagnostic sanitizer keeps only closed safe fields and drops alias strings
Backend Tests	Run tests	2026-10-07T03:08:24.1291457Z   ---
Backend Tests	Run tests	2026-10-07T03:08:24.1321506Z   duration_ms: 0.942408
Backend Tests	Run tests	2026-10-07T03:08:24.1369171Z   ...
Backend Tests	Run tests	2026-10-07T03:08:24.1571159Z # Subtest: diagnostics aliases share a narrow IP limit even when unauthenticated tuples are rejected
Backend Tests	Run tests	2026-10-07T03:08:24.1622359Z ok 127 - diagnostics aliases share a narrow IP limit even when unauthenticated tuples are rejected
Backend Tests	Run tests	2026-10-07T03:08:24.1641349Z   ---
Backend Tests	Run tests	2026-10-07T03:08:24.1658268Z   duration_ms: 39.086883
Backend Tests	Run tests	2026-10-07T03:08:24.1663898Z   ...
Backend Tests	Run tests	2026-10-07T03:08:24.1665137Z # Subtest: requires authentication outside anonymous root support while preserving opaque root correlation
Backend Tests	Run tests	2026-10-07T03:08:24.1666875Z ok 128 - requires authentication outside anonymous root support while preserving opaque root correlation
Backend Tests	Run tests	2026-10-07T03:08:24.1668024Z   ---
Backend Tests	Run tests	2026-10-07T03:08:24.1668662Z   duration_ms: 24.878213
Backend Tests	Run tests	2026-10-07T03:08:24.1669292Z   ...
Backend Tests	Run tests	2026-10-07T03:08:24.1670364Z # Subtest: rejects generated sensitive aliases and values before logging or metrics export
Backend Tests	Run tests	2026-10-07T03:08:24.1671884Z ok 129 - rejects generated sensitive aliases and values before logging or metrics export
Backend Tests	Run tests	2026-10-07T03:08:24.1672724Z   ---
Backend Tests	Run tests	2026-10-07T03:08:24.1673241Z   duration_ms: 5.502295
Backend Tests	Run tests	2026-10-07T03:08:24.1673784Z   ...
Backend Tests	Run tests	2026-10-07T03:08:24.4433564Z # Subtest: executeIdempotentMutation replays the committed response without repeating the mutation
Backend Tests	Run tests	2026-10-07T03:08:24.4435351Z ok 130 - executeIdempotentMutation replays the committed response without repeating the mutation
Backend Tests	Run tests	2026-10-07T03:08:24.4461178Z   ---
Backend Tests	Run tests	2026-10-07T03:08:24.4463436Z   duration_ms: 4465.326872
Backend Tests	Run tests	2026-10-07T03:08:24.4464343Z   ...
Backend Tests	Run tests	2026-10-07T03:08:24.4481038Z # Subtest: executeIdempotentMutation replays a completed 204 with a null body without repeating the mutation
Backend Tests	Run tests	2026-10-07T03:08:24.4482730Z ok 131 - executeIdempotentMutation replays a completed 204 with a null body without repeating the mutation
Backend Tests	Run tests	2026-10-07T03:08:24.4483900Z   ---
Backend Tests	Run tests	2026-10-07T03:08:24.4484433Z   duration_ms: 33.646192
Backend Tests	Run tests	2026-10-07T03:08:24.4484955Z   ...
Backend Tests	Run tests	2026-10-07T03:08:24.4485874Z # Subtest: executeIdempotentMutation reports a matching incomplete receipt as in progress
Backend Tests	Run tests	2026-10-07T03:08:24.4487188Z ok 132 - executeIdempotentMutation reports a matching incomplete receipt as in progress
Backend Tests	Run tests	2026-10-07T03:08:24.4488078Z   ---
Backend Tests	Run tests	2026-10-07T03:08:24.4488601Z   duration_ms: 36.12738
Backend Tests	Run tests	2026-10-07T03:08:24.4489120Z   ...
Backend Tests	Run tests	2026-10-07T03:08:24.4490034Z # Subtest: executeIdempotentMutation rejects reuse of an operation id for a different request
Backend Tests	Run tests	2026-10-07T03:08:24.4491550Z ok 133 - executeIdempotentMutation rejects reuse of an operation id for a different request
Backend Tests	Run tests	2026-10-07T03:08:24.4492455Z   ---
Backend Tests	Run tests	2026-10-07T03:08:24.4492949Z   duration_ms: 29.7888
Backend Tests	Run tests	2026-10-07T03:08:24.4493452Z   ...
Backend Tests	Run tests	2026-10-07T03:08:24.4494293Z # Subtest: the same client operation id remains isolated between users
Backend Tests	Run tests	2026-10-07T03:08:24.4495811Z ok 134 - the same client operation id remains isolated between users
Backend Tests	Run tests	2026-10-07T03:08:24.4496807Z   ---
Backend Tests	Run tests	2026-10-07T03:08:24.4497329Z   duration_ms: 21.860342
Backend Tests	Run tests	2026-10-07T03:08:24.4497832Z   ...
Backend Tests	Run tests	2026-10-07T03:08:24.4498880Z # Subtest: session-bound operations replay only for the originating mobile session
Backend Tests	Run tests	2026-10-07T03:08:24.4500071Z ok 135 - session-bound operations replay only for the originating mobile session
Backend Tests	Run tests	2026-10-07T03:08:24.4501693Z   ---
Backend Tests	Run tests	2026-10-07T03:08:24.4502211Z   duration_ms: 17.6572
Backend Tests	Run tests	2026-10-07T03:08:24.4502799Z   ...
Backend Tests	Run tests	2026-10-07T03:08:24.4503806Z # Subtest: recordSyncChange stores entity identifiers as strings and JSON-safe payload values
Backend Tests	Run tests	2026-10-07T03:08:24.4505059Z ok 136 - recordSyncChange stores entity identifiers as strings and JSON-safe payload values
Backend Tests	Run tests	2026-10-07T03:08:24.4505954Z   ---
Backend Tests	Run tests	2026-10-07T03:08:24.4506450Z   duration_ms: 15.109808
Backend Tests	Run tests	2026-10-07T03:08:24.4507086Z   ...
Backend Tests	Run tests	2026-10-07T03:08:24.4552614Z # Subtest: food-copy operation IDs prevent duplicate writes across in-flight retries and exact replays
Backend Tests	Run tests	2026-10-07T03:08:24.4582349Z ok 137 - food-copy operation IDs prevent duplicate writes across in-flight retries and exact replays
Backend Tests	Run tests	2026-10-07T03:08:24.4611739Z   ---
Backend Tests	Run tests	2026-10-07T03:08:24.4641640Z   duration_ms: 23.388229
Backend Tests	Run tests	2026-10-07T03:08:24.4658719Z   ...
Backend Tests	Run tests	2026-10-07T03:08:24.5122552Z # Subtest: existing local installations remain local even when unrelated Firebase environment values exist
Backend Tests	Run tests	2026-10-07T03:08:24.5193155Z ok 138 - existing local installations remain local even when unrelated Firebase environment values exist
Backend Tests	Run tests	2026-10-07T03:08:24.5233115Z   ---
Backend Tests	Run tests	2026-10-07T03:08:24.5254978Z   duration_ms: 1.801259
Backend Tests	Run tests	2026-10-07T03:08:24.5255926Z   ...
Backend Tests	Run tests	2026-10-07T03:08:24.5256969Z # Subtest: incomplete provider activation fails closed instead of silently using local credentials
Backend Tests	Run tests	2026-10-07T03:08:24.5282200Z ok 139 - incomplete provider activation fails closed instead of silently using local credentials
Backend Tests	Run tests	2026-10-07T03:08:24.5285969Z   ---
Backend Tests	Run tests	2026-10-07T03:08:24.5286604Z   duration_ms: 0.579575
Backend Tests	Run tests	2026-10-07T03:08:24.5287286Z   ...
Backend Tests	Run tests	2026-10-07T03:08:26.5691454Z # Subtest: official hosted deployments expose the canonical HTTPS MCP resource
Backend Tests	Run tests	2026-10-07T03:08:26.5692887Z ok 140 - official hosted deployments expose the canonical HTTPS MCP resource
Backend Tests	Run tests	2026-10-07T03:08:26.5717184Z   ---
Backend Tests	Run tests	2026-10-07T03:08:26.5718053Z   duration_ms: 1.987214
Backend Tests	Run tests	2026-10-07T03:08:26.5718860Z   ...
Backend Tests	Run tests	2026-10-07T03:08:26.5719768Z # Subtest: advanced self-hosts opt in and inherit PUBLIC_APP_ORIGIN
Backend Tests	Run tests	2026-10-07T03:08:26.5721036Z ok 141 - advanced self-hosts opt in and inherit PUBLIC_APP_ORIGIN
Backend Tests	Run tests	2026-10-07T03:08:26.5721806Z   ---
Backend Tests	Run tests	2026-10-07T03:08:26.5722390Z   duration_ms: 0.98473
Backend Tests	Run tests	2026-10-07T03:08:26.5722950Z   ...
Backend Tests	Run tests	2026-10-07T03:08:26.5723818Z # Subtest: MCP is disabled by default for non-hosted installations
Backend Tests	Run tests	2026-10-07T03:08:26.5724784Z ok 142 - MCP is disabled by default for non-hosted installations
Backend Tests	Run tests	2026-10-07T03:08:26.5725717Z   ---
Backend Tests	Run tests	2026-10-07T03:08:26.5726259Z   duration_ms: 0.233479
Backend Tests	Run tests	2026-10-07T03:08:26.5726815Z   ...
Backend Tests	Run tests	2026-10-07T03:08:26.5727557Z # Subtest: deployed MCP rejects an insecure non-loopback resource URL
Backend Tests	Run tests	2026-10-07T03:08:26.5728486Z ok 143 - deployed MCP rejects an insecure non-loopback resource URL
Backend Tests	Run tests	2026-10-07T03:08:26.5729106Z   ---
Backend Tests	Run tests	2026-10-07T03:08:26.5729666Z   duration_ms: 0.721248
Backend Tests	Run tests	2026-10-07T03:08:26.5730148Z   ...
Backend Tests	Run tests	2026-10-07T03:08:26.5731075Z # Subtest: explicit URLs cannot retain credentials, query strings, or fragments
Backend Tests	Run tests	2026-10-07T03:08:26.5732188Z ok 144 - explicit URLs cannot retain credentials, query strings, or fragments
Backend Tests	Run tests	2026-10-07T03:08:26.5732887Z   ---
Backend Tests	Run tests	2026-10-07T03:08:26.5733446Z   duration_ms: 0.293781
Backend Tests	Run tests	2026-10-07T03:08:26.5733926Z   ...
Backend Tests	Run tests	2026-10-07T03:08:27.5565656Z # Subtest: development permits loopback web dev servers on arbitrary ports despite an explicit configured origin
Backend Tests	Run tests	2026-10-07T03:08:27.5572150Z ok 145 - development permits loopback web dev servers on arbitrary ports despite an explicit configured origin
Backend Tests	Run tests	2026-10-07T03:08:27.5574689Z   ---
Backend Tests	Run tests	2026-10-07T03:08:27.5575587Z   duration_ms: 1.742137
Backend Tests	Run tests	2026-10-07T03:08:27.5576570Z   ...
Backend Tests	Run tests	2026-10-07T03:08:27.5579791Z # Subtest: development loopback matching rejects non-local and lookalike origins
Backend Tests	Run tests	2026-10-07T03:08:27.5581371Z ok 146 - development loopback matching rejects non-local and lookalike origins
Backend Tests	Run tests	2026-10-07T03:08:27.5582276Z   ---
Backend Tests	Run tests	2026-10-07T03:08:27.5582785Z   duration_ms: 2.918925
Backend Tests	Run tests	2026-10-07T03:08:27.5583391Z   ...
Backend Tests	Run tests	2026-10-07T03:08:27.5584160Z # Subtest: production and staging keep strict exact-origin allowlisting
Backend Tests	Run tests	2026-10-07T03:08:27.5585299Z ok 147 - production and staging keep strict exact-origin allowlisting
Backend Tests	Run tests	2026-10-07T03:08:27.5586020Z   ---
Backend Tests	Run tests	2026-10-07T03:08:27.5586484Z   duration_ms: 0.387467
Backend Tests	Run tests	2026-10-07T03:08:27.5587072Z   ...
Backend Tests	Run tests	2026-10-07T03:08:27.5866492Z # Subtest: CORS middleware emits headers for Expo origins while rejecting non-local origins
Backend Tests	Run tests	2026-10-07T03:08:27.5901745Z ok 148 - CORS middleware emits headers for Expo origins while rejecting non-local origins
Backend Tests	Run tests	2026-10-07T03:08:27.5902593Z   ---
Backend Tests	Run tests	2026-10-07T03:08:27.5981391Z   duration_ms: 75.207373
Backend Tests	Run tests	2026-10-07T03:08:27.5992556Z   ...
Backend Tests	Run tests	2026-10-07T03:08:27.6022458Z # Subtest: CORS middleware does not broaden an exact production origin to other local ports
Backend Tests	Run tests	2026-10-07T03:08:27.6121857Z ok 149 - CORS middleware does not broaden an exact production origin to other local ports
Backend Tests	Run tests	2026-10-07T03:08:27.6151248Z   ---
Backend Tests	Run tests	2026-10-07T03:08:27.6161729Z   duration_ms: 13.312704
Backend Tests	Run tests	2026-10-07T03:08:27.6191340Z   ...
Backend Tests	Run tests	2026-10-07T03:08:28.2787663Z # Subtest: local compatibility works without Firebase configuration
Backend Tests	Run tests	2026-10-07T03:08:28.2789179Z ok 150 - local compatibility works without Firebase configuration
Backend Tests	Run tests	2026-10-07T03:08:28.2790053Z   ---
Backend Tests	Run tests	2026-10-07T03:08:28.2790582Z   duration_ms: 340.40574
Backend Tests	Run tests	2026-10-07T03:08:28.2791495Z   ...
Backend Tests	Run tests	2026-10-07T03:08:28.2792516Z # Subtest: Firebase authority receives passwords beyond the local bcrypt byte limit
Backend Tests	Run tests	2026-10-07T03:08:28.2793531Z ok 151 - Firebase authority receives passwords beyond the local bcrypt byte limit
Backend Tests	Run tests	2026-10-07T03:08:28.2794302Z   ---
Backend Tests	Run tests	2026-10-07T03:08:28.2794654Z   duration_ms: 1.29294
Backend Tests	Run tests	2026-10-07T03:08:28.2795043Z   ...
Backend Tests	Run tests	2026-10-07T03:08:28.2795582Z # Subtest: Firebase password authentication returns only a boolean and binds verified project and UID
Backend Tests	Run tests	2026-10-07T03:08:28.2796332Z ok 152 - Firebase password authentication returns only a boolean and binds verified project and UID
Backend Tests	Run tests	2026-10-07T03:08:28.2796867Z   ---
Backend Tests	Run tests	2026-10-07T03:08:28.2797147Z   duration_ms: 0.737543
Backend Tests	Run tests	2026-10-07T03:08:28.2797515Z   ...
Backend Tests	Run tests	2026-10-07T03:08:28.2798068Z # Subtest: wrong configured project and missing configuration never call the network or local bcrypt fallback
Backend Tests	Run tests	2026-10-07T03:08:28.2798849Z ok 153 - wrong configured project and missing configuration never call the network or local bcrypt fallback
Backend Tests	Run tests	2026-10-07T03:08:28.2799387Z   ---
Backend Tests	Run tests	2026-10-07T03:08:28.2799711Z   duration_ms: 0.992189
Backend Tests	Run tests	2026-10-07T03:08:28.2800035Z   ...
Backend Tests	Run tests	2026-10-07T03:08:28.2800562Z # Subtest: enumeration-safe credential failures differ from retryable network/configuration failures
Backend Tests	Run tests	2026-10-07T03:08:28.2801837Z ok 154 - enumeration-safe credential failures differ from retryable network/configuration failures
Backend Tests	Run tests	2026-10-07T03:08:28.2802631Z   ---
Backend Tests	Run tests	2026-10-07T03:08:28.2802999Z   duration_ms: 2.232409
Backend Tests	Run tests	2026-10-07T03:08:28.2803501Z   ...
Backend Tests	Run tests	2026-10-07T03:08:28.2804088Z # Subtest: timeout covers hanging transport and token verification
Backend Tests	Run tests	2026-10-07T03:08:28.2804874Z ok 155 - timeout covers hanging transport and token verification
Backend Tests	Run tests	2026-10-07T03:08:28.2805461Z   ---
Backend Tests	Run tests	2026-10-07T03:08:28.2805838Z   duration_ms: 22.938234
Backend Tests	Run tests	2026-10-07T03:08:28.2806318Z   ...
Backend Tests	Run tests	2026-10-07T03:08:28.2806995Z # Subtest: forged response and verifier rejection cannot create an authenticated result
Backend Tests	Run tests	2026-10-07T03:08:28.2807957Z ok 156 - forged response and verifier rejection cannot create an authenticated result
Backend Tests	Run tests	2026-10-07T03:08:28.2808666Z   ---
Backend Tests	Run tests	2026-10-07T03:08:28.2809037Z   duration_ms: 0.696156
Backend Tests	Run tests	2026-10-07T03:08:28.2809468Z   ...
Backend Tests	Run tests	2026-10-07T03:08:28.2810414Z # Subtest: runtime local verification keeps unknown accounts invalid without issuing an authenticated result
Backend Tests	Run tests	2026-10-07T03:08:28.2812266Z ok 157 - runtime local verification keeps unknown accounts invalid without issuing an authenticated result
Backend Tests	Run tests	2026-10-07T03:08:28.2813280Z   ---
Backend Tests	Run tests	2026-10-07T03:08:28.2813709Z   duration_ms: 464.916132
Backend Tests	Run tests	2026-10-07T03:08:28.2814161Z   ...
Backend Tests	Run tests	2026-10-07T03:08:28.2821794Z # Subtest: preparation compatibility export shares the runtime implementation and error identity
Backend Tests	Run tests	2026-10-07T03:08:28.2823076Z ok 158 - preparation compatibility export shares the runtime implementation and error identity
Backend Tests	Run tests	2026-10-07T03:08:28.2823939Z   ---
Backend Tests	Run tests	2026-10-07T03:08:28.2824384Z   duration_ms: 82.03257
Backend Tests	Run tests	2026-10-07T03:08:28.2824823Z   ...
Backend Tests	Run tests	2026-10-07T03:08:28.2825571Z # Subtest: incomplete trusted Firebase mappings are held before any provider request
Backend Tests	Run tests	2026-10-07T03:08:28.2826628Z ok 159 - incomplete trusted Firebase mappings are held before any provider request
Backend Tests	Run tests	2026-10-07T03:08:28.2827363Z   ---
Backend Tests	Run tests	2026-10-07T03:08:28.2827790Z   duration_ms: 0.658107
Backend Tests	Run tests	2026-10-07T03:08:28.2828212Z   ...
Backend Tests	Run tests	2026-10-07T03:08:28.2829017Z # Subtest: unknown local credentials perform a dummy comparison but cannot authenticate
Backend Tests	Run tests	2026-10-07T03:08:28.2830083Z ok 160 - unknown local credentials perform a dummy comparison but cannot authenticate
Backend Tests	Run tests	2026-10-07T03:08:28.2851460Z   ---
Backend Tests	Run tests	2026-10-07T03:08:28.2852029Z   duration_ms: 4.234321
Backend Tests	Run tests	2026-10-07T03:08:28.2852585Z   ...
Backend Tests	Run tests	2026-10-07T03:08:31.2086902Z # Subtest: real pg pool bounds waiting, recovers after release, and removes idle clients
Backend Tests	Run tests	2026-10-07T03:08:31.2088733Z ok 161 - real pg pool bounds waiting, recovers after release, and removes idle clients
Backend Tests	Run tests	2026-10-07T03:08:31.2112000Z   ---
Backend Tests	Run tests	2026-10-07T03:08:31.2141779Z   duration_ms: 2013.906563
Backend Tests	Run tests	2026-10-07T03:08:31.2144441Z   ...
Backend Tests	Run tests	2026-10-07T03:08:32.2322515Z # Subtest: failed acquisitions and idle errors release capacity for replacement
Backend Tests	Run tests	2026-10-07T03:08:32.2333356Z ok 162 - failed acquisitions and idle errors release capacity for replacement
Backend Tests	Run tests	2026-10-07T03:08:32.2334646Z   ---
Backend Tests	Run tests	2026-10-07T03:08:32.2335325Z   duration_ms: 3.361961
Backend Tests	Run tests	2026-10-07T03:08:32.2336062Z   ...
Backend Tests	Run tests	2026-10-07T03:08:32.2337161Z # Subtest: runtime owns one pool, passes schema to adapter, and ends pool even if Prisma disconnect fails
Backend Tests	Run tests	2026-10-07T03:08:32.2354396Z ok 163 - runtime owns one pool, passes schema to adapter, and ends pool even if Prisma disconnect fails
Backend Tests	Run tests	2026-10-07T03:08:32.2356636Z   ---
Backend Tests	Run tests	2026-10-07T03:08:32.2357186Z   duration_ms: 1023.475583
Backend Tests	Run tests	2026-10-07T03:08:32.2357787Z   ...
Backend Tests	Run tests	2026-10-07T03:09:08.3317193Z # DATABASE_URL schema (private) does not match DB_SCHEMA (app-data); using DATABASE_URL value.
Backend Tests	Run tests	2026-10-07T03:09:08.3368809Z # Subtest: resolveDatabaseUrl prefers DATABASE_URL when present
Backend Tests	Run tests	2026-10-07T03:09:08.3397401Z ok 164 - resolveDatabaseUrl prefers DATABASE_URL when present
Backend Tests	Run tests	2026-10-07T03:09:08.3491751Z   ---
Backend Tests	Run tests	2026-10-07T03:09:08.3503243Z   duration_ms: 1.652374
Backend Tests	Run tests	2026-10-07T03:09:08.3504152Z   ...
Backend Tests	Run tests	2026-10-07T03:09:08.3505102Z # Subtest: resolveDatabaseUrl composes from DB_* variables and encodes values
Backend Tests	Run tests	2026-10-07T03:09:08.3506311Z ok 165 - resolveDatabaseUrl composes from DB_* variables and encodes values
Backend Tests	Run tests	2026-10-07T03:09:08.3507320Z   ---
Backend Tests	Run tests	2026-10-07T03:09:08.3507875Z   duration_ms: 0.215451
Backend Tests	Run tests	2026-10-07T03:09:08.3508530Z   ...
Backend Tests	Run tests	2026-10-07T03:09:08.3509399Z # Subtest: resolveDatabaseUrl throws when required DB_* values are missing
Backend Tests	Run tests	2026-10-07T03:09:08.3510585Z ok 166 - resolveDatabaseUrl throws when required DB_* values are missing
Backend Tests	Run tests	2026-10-07T03:09:08.3511806Z   ---
Backend Tests	Run tests	2026-10-07T03:09:08.3512402Z   duration_ms: 0.635359
Backend Tests	Run tests	2026-10-07T03:09:08.3513003Z   ...
Backend Tests	Run tests	2026-10-07T03:09:08.3513817Z # Subtest: resolvePrismaSchema prefers the URL schema and warns on mismatch
Backend Tests	Run tests	2026-10-07T03:09:08.3515051Z ok 167 - resolvePrismaSchema prefers the URL schema and warns on mismatch
Backend Tests	Run tests	2026-10-07T03:09:08.3515850Z   ---
Backend Tests	Run tests	2026-10-07T03:09:08.3516370Z   duration_ms: 0.900822
Backend Tests	Run tests	2026-10-07T03:09:08.3516923Z   ...
Backend Tests	Run tests	2026-10-07T03:09:08.3517670Z # Subtest: resolvePrismaSchema falls back to DB_SCHEMA when URL is invalid
Backend Tests	Run tests	2026-10-07T03:09:08.3518815Z ok 168 - resolvePrismaSchema falls back to DB_SCHEMA when URL is invalid
Backend Tests	Run tests	2026-10-07T03:09:08.3520011Z   ---
Backend Tests	Run tests	2026-10-07T03:09:08.3520591Z   duration_ms: 0.213079
Backend Tests	Run tests	2026-10-07T03:09:08.3521645Z   ...
Backend Tests	Run tests	2026-10-07T03:09:08.3522514Z # Subtest: buildPgOptionsForSchema returns search_path config with quoting
Backend Tests	Run tests	2026-10-07T03:09:08.3523804Z ok 169 - buildPgOptionsForSchema returns search_path config with quoting
Backend Tests	Run tests	2026-10-07T03:09:08.3525549Z   ---
Backend Tests	Run tests	2026-10-07T03:09:08.3526054Z   duration_ms: 0.733278
Backend Tests	Run tests	2026-10-07T03:09:08.3526607Z   ...
Backend Tests	Run tests	2026-10-07T03:09:08.3527317Z # Subtest: parseDatabaseUrlToPgConfig decodes URL components
Backend Tests	Run tests	2026-10-07T03:09:08.3528169Z ok 170 - parseDatabaseUrlToPgConfig decodes URL components
Backend Tests	Run tests	2026-10-07T03:09:08.3528876Z   ---
Backend Tests	Run tests	2026-10-07T03:09:08.3529385Z   duration_ms: 0.334563
Backend Tests	Run tests	2026-10-07T03:09:08.3529925Z   ...
Backend Tests	Run tests	2026-10-07T03:09:08.3530948Z # Subtest: parseDatabaseUrlToPgConfig rejects invalid URLs or protocols
Backend Tests	Run tests	2026-10-07T03:09:08.3532083Z ok 171 - parseDatabaseUrlToPgConfig rejects invalid URLs or protocols
Backend Tests	Run tests	2026-10-07T03:09:08.3532876Z   ---
Backend Tests	Run tests	2026-10-07T03:09:08.3533367Z   duration_ms: 0.325251
Backend Tests	Run tests	2026-10-07T03:09:08.3533921Z   ...
Backend Tests	Run tests	2026-10-07T03:09:08.3534725Z # Subtest: resolvePgSslConfig maps sslmode values
Backend Tests	Run tests	2026-10-07T03:09:08.3535507Z ok 172 - resolvePgSslConfig maps sslmode values
Backend Tests	Run tests	2026-10-07T03:09:08.3535872Z   ---
Backend Tests	Run tests	2026-10-07T03:09:08.3536143Z   duration_ms: 0.613942
Backend Tests	Run tests	2026-10-07T03:09:08.3536471Z   ...
Backend Tests	Run tests	2026-10-07T03:09:08.3536899Z # Subtest: blank SSL values cannot silently weaken URL TLS in runtime or CLI
Backend Tests	Run tests	2026-10-07T03:09:08.3537544Z ok 173 - blank SSL values cannot silently weaken URL TLS in runtime or CLI
Backend Tests	Run tests	2026-10-07T03:09:08.3537954Z   ---
Backend Tests	Run tests	2026-10-07T03:09:08.3538208Z   duration_ms: 1.587572
Backend Tests	Run tests	2026-10-07T03:09:08.3538533Z   ...
Backend Tests	Run tests	2026-10-07T03:09:08.3539014Z # Subtest: explicit SSL modes keep precedence and normalize identically for runtime and CLI
Backend Tests	Run tests	2026-10-07T03:09:08.3539768Z ok 174 - explicit SSL modes keep precedence and normalize identically for runtime and CLI
Backend Tests	Run tests	2026-10-07T03:09:08.3540221Z   ---
Backend Tests	Run tests	2026-10-07T03:09:08.3540474Z   duration_ms: 9.393619
Backend Tests	Run tests	2026-10-07T03:09:08.3541020Z   ...
Backend Tests	Run tests	2026-10-07T03:09:08.3541679Z # Subtest: shared configuration preserves TCP, schema, SSL and unset pg defaults
Backend Tests	Run tests	2026-10-07T03:09:08.3542616Z ok 175 - shared configuration preserves TCP, schema, SSL and unset pg defaults
Backend Tests	Run tests	2026-10-07T03:09:08.3543268Z   ---
Backend Tests	Run tests	2026-10-07T03:09:08.3543599Z   duration_ms: 0.482326
Backend Tests	Run tests	2026-10-07T03:09:08.3543906Z   ...
Backend Tests	Run tests	2026-10-07T03:09:08.3544409Z # Subtest: bounded opt-in settings have equivalent runtime milliseconds and CLI seconds
Backend Tests	Run tests	2026-10-07T03:09:08.3545082Z ok 176 - bounded opt-in settings have equivalent runtime milliseconds and CLI seconds
Backend Tests	Run tests	2026-10-07T03:09:08.3545549Z   ---
Backend Tests	Run tests	2026-10-07T03:09:08.3545822Z   duration_ms: 1.033539
Backend Tests	Run tests	2026-10-07T03:09:08.3546117Z   ...
Backend Tests	Run tests	2026-10-07T03:09:08.3546644Z # Subtest: pool settings reject invalid numbers and contradictory sources without echoing secrets
Backend Tests	Run tests	2026-10-07T03:09:08.3547360Z ok 177 - pool settings reject invalid numbers and contradictory sources without echoing secrets
Backend Tests	Run tests	2026-10-07T03:09:08.3547823Z   ---
Backend Tests	Run tests	2026-10-07T03:09:08.3548118Z   duration_ms: 6.22328
Backend Tests	Run tests	2026-10-07T03:09:08.3548424Z   ...
Backend Tests	Run tests	2026-10-07T03:09:08.3548916Z # Subtest: socket opt-in shares escaped credentials, schema and socket path with CLI
Backend Tests	Run tests	2026-10-07T03:09:08.3549565Z ok 178 - socket opt-in shares escaped credentials, schema and socket path with CLI
Backend Tests	Run tests	2026-10-07T03:09:08.3549987Z   ---
Backend Tests	Run tests	2026-10-07T03:09:08.3550295Z   duration_ms: 2.498804
Backend Tests	Run tests	2026-10-07T03:09:08.3550579Z   ...
Backend Tests	Run tests	2026-10-07T03:09:08.3551608Z # Subtest: CLI honors existing direct URL precedence, schema fallback and explicit SSL override
Backend Tests	Run tests	2026-10-07T03:09:08.3552647Z ok 179 - CLI honors existing direct URL precedence, schema fallback and explicit SSL override
Backend Tests	Run tests	2026-10-07T03:09:08.3553315Z   ---
Backend Tests	Run tests	2026-10-07T03:09:08.3553749Z   duration_ms: 0.531538
Backend Tests	Run tests	2026-10-07T03:09:08.3554134Z   ...
Backend Tests	Run tests	2026-10-07T03:09:08.3554861Z # Subtest: actual Prisma config entrypoint matches runtime settings and supports credential-free generation
Backend Tests	Run tests	2026-10-07T03:09:08.3555673Z ok 180 - actual Prisma config entrypoint matches runtime settings and supports credential-free generation
Backend Tests	Run tests	2026-10-07T03:09:08.3556391Z   ---
Backend Tests	Run tests	2026-10-07T03:09:08.3556658Z   duration_ms: 37978.5472
Backend Tests	Run tests	2026-10-07T03:09:08.3557131Z   ...
Backend Tests	Run tests	2026-10-07T03:09:08.4122809Z # Subtest: day resolution migration preserves legacy completion and enforces one active pause
Backend Tests	Run tests	2026-10-07T03:09:08.4132403Z ok 181 - day resolution migration preserves legacy completion and enforces one active pause
Backend Tests	Run tests	2026-10-07T03:09:08.4207298Z   ---
Backend Tests	Run tests	2026-10-07T03:09:08.4270050Z   duration_ms: 2.860207
Backend Tests	Run tests	2026-10-07T03:09:08.4331585Z   ...
Backend Tests	Run tests	2026-10-07T03:09:08.4381804Z # Subtest: devAutoLoginPolicy: shouldAutoLoginTestUser returns false when not explicitly enabled
Backend Tests	Run tests	2026-10-07T03:09:08.4411961Z ok 182 - devAutoLoginPolicy: shouldAutoLoginTestUser returns false when not explicitly enabled
Backend Tests	Run tests	2026-10-07T03:09:08.4413065Z   ---
Backend Tests	Run tests	2026-10-07T03:09:08.4441455Z   duration_ms: 1.309856
Backend Tests	Run tests	2026-10-07T03:09:08.4471504Z   ...
Backend Tests	Run tests	2026-10-07T03:09:08.4472941Z # Subtest: devAutoLoginPolicy: shouldAutoLoginTestUser blocks auto-login in production/staging envs
Backend Tests	Run tests	2026-10-07T03:09:08.4541221Z ok 183 - devAutoLoginPolicy: shouldAutoLoginTestUser blocks auto-login in production/staging envs
Backend Tests	Run tests	2026-10-07T03:09:08.4542314Z   ---
Backend Tests	Run tests	2026-10-07T03:09:08.4543040Z   duration_ms: 0.140697
Backend Tests	Run tests	2026-10-07T03:09:08.4543696Z   ...
Backend Tests	Run tests	2026-10-07T03:09:08.4544859Z # Subtest: devAutoLoginPolicy: shouldAutoLoginTestUser blocks auto-login when already authenticated
Backend Tests	Run tests	2026-10-07T03:09:08.4546339Z ok 184 - devAutoLoginPolicy: shouldAutoLoginTestUser blocks auto-login when already authenticated
Backend Tests	Run tests	2026-10-07T03:09:08.4547257Z   ---
Backend Tests	Run tests	2026-10-07T03:09:08.4547849Z   duration_ms: 0.177552
Backend Tests	Run tests	2026-10-07T03:09:08.4548383Z   ...
Backend Tests	Run tests	2026-10-07T03:09:08.4549343Z # Subtest: devAutoLoginPolicy: shouldAutoLoginTestUser blocks auto-login on logout requests
Backend Tests	Run tests	2026-10-07T03:09:08.4550600Z ok 185 - devAutoLoginPolicy: shouldAutoLoginTestUser blocks auto-login on logout requests
Backend Tests	Run tests	2026-10-07T03:09:08.4551597Z   ---
Backend Tests	Run tests	2026-10-07T03:09:08.4552140Z   duration_ms: 0.155787
Backend Tests	Run tests	2026-10-07T03:09:08.4552712Z   ...
Backend Tests	Run tests	2026-10-07T03:09:08.4553906Z # Subtest: devAutoLoginPolicy: shouldAutoLoginTestUser enables auto-login only for unauthenticated non-logout dev requests
Backend Tests	Run tests	2026-10-07T03:09:08.4555583Z ok 186 - devAutoLoginPolicy: shouldAutoLoginTestUser enables auto-login only for unauthenticated non-logout dev requests
Backend Tests	Run tests	2026-10-07T03:09:08.4556612Z   ---
Backend Tests	Run tests	2026-10-07T03:09:08.4557203Z   duration_ms: 0.195468
Backend Tests	Run tests	2026-10-07T03:09:08.4557734Z   ...
Backend Tests	Run tests	2026-10-07T03:09:08.4558539Z # Subtest: devTestDataUtils: seed history is long enough for calibration recommendations
Backend Tests	Run tests	2026-10-07T03:09:08.4559689Z ok 187 - devTestDataUtils: seed history is long enough for calibration recommendations
Backend Tests	Run tests	2026-10-07T03:09:08.4560524Z   ---
Backend Tests	Run tests	2026-10-07T03:09:08.4561279Z   duration_ms: 1.511587
Backend Tests	Run tests	2026-10-07T03:09:08.4561819Z   ...
Backend Tests	Run tests	2026-10-07T03:09:08.4562563Z # Subtest: devTestDataUtils: seeded history produces a meaningful calibration result
Backend Tests	Run tests	2026-10-07T03:09:08.4563544Z ok 188 - devTestDataUtils: seeded history produces a meaningful calibration result
Backend Tests	Run tests	2026-10-07T03:09:08.4564474Z   ---
Backend Tests	Run tests	2026-10-07T03:09:08.4564917Z   duration_ms: 55.046482
Backend Tests	Run tests	2026-10-07T03:09:08.4565415Z   ...
Backend Tests	Run tests	2026-10-07T03:09:08.4566222Z # Subtest: devTestDataUtils: addUtcDays adds days using UTC math without mutating the input
Backend Tests	Run tests	2026-10-07T03:09:08.4567396Z ok 189 - devTestDataUtils: addUtcDays adds days using UTC math without mutating the input
Backend Tests	Run tests	2026-10-07T03:09:08.4601282Z   ---
Backend Tests	Run tests	2026-10-07T03:09:08.4631346Z   duration_ms: 0.200347
Backend Tests	Run tests	2026-10-07T03:09:08.4651693Z   ...
Backend Tests	Run tests	2026-10-07T03:09:08.4682132Z # Subtest: devTestDataUtils: getPastWeekDates returns 7 UTC date-only values ending on the local day
Backend Tests	Run tests	2026-10-07T03:09:08.4701802Z ok 190 - devTestDataUtils: getPastWeekDates returns 7 UTC date-only values ending on the local day
Backend Tests	Run tests	2026-10-07T03:09:08.4711549Z   ---
Backend Tests	Run tests	2026-10-07T03:09:08.4712025Z   duration_ms: 0.598524
Backend Tests	Run tests	2026-10-07T03:09:08.4712457Z   ...
Backend Tests	Run tests	2026-10-07T03:09:08.4713371Z # Subtest: devTestDataUtils: getPastDateRangeDates returns a date-only range with requested length
Backend Tests	Run tests	2026-10-07T03:09:08.4714631Z ok 191 - devTestDataUtils: getPastDateRangeDates returns a date-only range with requested length
Backend Tests	Run tests	2026-10-07T03:09:08.4715878Z   ---
Backend Tests	Run tests	2026-10-07T03:09:08.4716417Z   duration_ms: 0.420238
Backend Tests	Run tests	2026-10-07T03:09:08.4716854Z   ...
Backend Tests	Run tests	2026-10-07T03:09:08.4717758Z # Subtest: devTestDataUtils: getSeedUserCreatedAt picks a UTC hour that preserves the earliest seed local day
Backend Tests	Run tests	2026-10-07T03:09:08.4719113Z ok 192 - devTestDataUtils: getSeedUserCreatedAt picks a UTC hour that preserves the earliest seed local day
Backend Tests	Run tests	2026-10-07T03:09:08.4719920Z   ---
Backend Tests	Run tests	2026-10-07T03:09:08.4720316Z   duration_ms: 0.736622
Backend Tests	Run tests	2026-10-07T03:09:08.4720885Z   ...
Backend Tests	Run tests	2026-10-07T03:09:08.4721675Z # Subtest: devTestDataUtils: getSeedUserCreatedAt falls back when the timezone is invalid
Backend Tests	Run tests	2026-10-07T03:09:08.4722800Z ok 193 - devTestDataUtils: getSeedUserCreatedAt falls back when the timezone is invalid
Backend Tests	Run tests	2026-10-07T03:09:08.4723498Z   ---
Backend Tests	Run tests	2026-10-07T03:09:08.4723886Z   duration_ms: 0.499994
Backend Tests	Run tests	2026-10-07T03:09:08.4724321Z   ...
Backend Tests	Run tests	2026-10-07T03:09:08.4725118Z # Subtest: devTestDataUtils: getMealTemplatesForSeedDayIndex returns deterministic week plans
Backend Tests	Run tests	2026-10-07T03:09:08.4726285Z ok 194 - devTestDataUtils: getMealTemplatesForSeedDayIndex returns deterministic week plans
Backend Tests	Run tests	2026-10-07T03:09:08.4727476Z   ---
Backend Tests	Run tests	2026-10-07T03:09:08.5121822Z   duration_ms: 1.049639
Backend Tests	Run tests	2026-10-07T03:09:08.5122232Z   ...
Backend Tests	Run tests	2026-10-07T03:09:08.5122969Z # Subtest: devTestDataUtils: buildMealLogsForDay stamps log timestamps using the template time-of-day
Backend Tests	Run tests	2026-10-07T03:09:08.5124066Z ok 195 - devTestDataUtils: buildMealLogsForDay stamps log timestamps using the template time-of-day
Backend Tests	Run tests	2026-10-07T03:09:08.5124713Z   ---
Backend Tests	Run tests	2026-10-07T03:09:08.5125002Z   duration_ms: 0.289871
Backend Tests	Run tests	2026-10-07T03:09:08.5125302Z   ...
Backend Tests	Run tests	2026-10-07T03:09:08.5126043Z # Subtest: devTestDataUtils: buildCompletedFoodLogDays marks every seeded day as representative import data
Backend Tests	Run tests	2026-10-07T03:09:08.5127147Z ok 196 - devTestDataUtils: buildCompletedFoodLogDays marks every seeded day as representative import data
Backend Tests	Run tests	2026-10-07T03:09:08.5127729Z   ---
Backend Tests	Run tests	2026-10-07T03:09:08.5128015Z   duration_ms: 0.419728
Backend Tests	Run tests	2026-10-07T03:09:08.5128461Z   ...
Backend Tests	Run tests	2026-10-07T03:09:08.5129289Z # Subtest: devTestDataUtils: getSeedWeightGramsForDayIndex yields a long-term downtrend with daily volatility
Backend Tests	Run tests	2026-10-07T03:09:08.5130488Z ok 197 - devTestDataUtils: getSeedWeightGramsForDayIndex yields a long-term downtrend with daily volatility
Backend Tests	Run tests	2026-10-07T03:09:08.5131392Z   ---
Backend Tests	Run tests	2026-10-07T03:09:08.5131692Z   duration_ms: 0.360197
Backend Tests	Run tests	2026-10-07T03:09:08.5132025Z   ...
Backend Tests	Run tests	2026-10-07T03:09:08.5132675Z # Subtest: dev seed marks onboarding complete only after baseline goal and metric writes
Backend Tests	Run tests	2026-10-07T03:09:08.5133565Z ok 198 - dev seed marks onboarding complete only after baseline goal and metric writes
Backend Tests	Run tests	2026-10-07T03:09:08.5134094Z   ---
Backend Tests	Run tests	2026-10-07T03:09:08.5134370Z   duration_ms: 3781.805796
Backend Tests	Run tests	2026-10-07T03:09:08.5134684Z   ...
Backend Tests	Run tests	2026-10-07T03:09:08.5135157Z # Subtest: pre-onboarding reset clears the completion marker
Backend Tests	Run tests	2026-10-07T03:09:08.5135801Z ok 199 - pre-onboarding reset clears the completion marker
Backend Tests	Run tests	2026-10-07T03:09:08.5136239Z   ---
Backend Tests	Run tests	2026-10-07T03:09:08.5136505Z   duration_ms: 19.397485
Backend Tests	Run tests	2026-10-07T03:09:08.5136847Z   ...
Backend Tests	Run tests	2026-10-07T03:09:08.5137497Z # Subtest: offline CLI reports synthetic inventory and holds collisions without disclosing input
Backend Tests	Run tests	2026-10-07T03:09:08.5138501Z ok 200 - offline CLI reports synthetic inventory and holds collisions without disclosing input
Backend Tests	Run tests	2026-10-07T03:09:08.5139109Z   ---
Backend Tests	Run tests	2026-10-07T03:09:08.5139402Z   duration_ms: 8504.838251
Backend Tests	Run tests	2026-10-07T03:09:08.5139724Z   ...
Backend Tests	Run tests	2026-10-07T03:09:08.5140262Z # Subtest: offline CLI refuses apply and exposes a usable help contract
Backend Tests	Run tests	2026-10-07T03:09:08.5171643Z ok 201 - offline CLI refuses apply and exposes a usable help contract
Backend Tests	Run tests	2026-10-07T03:09:08.5172241Z   ---
Backend Tests	Run tests	2026-10-07T03:09:08.5172577Z   duration_ms: 5930.216272
Backend Tests	Run tests	2026-10-07T03:09:08.5172937Z   ...
Backend Tests	Run tests	2026-10-07T03:09:08.5173732Z # Subtest: inventory accounts for every row, holds both sides of collisions and exposes no credentials
Backend Tests	Run tests	2026-10-07T03:09:08.5174842Z ok 202 - inventory accounts for every row, holds both sides of collisions and exposes no credentials
Backend Tests	Run tests	2026-10-07T03:09:08.5175891Z   ---
Backend Tests	Run tests	2026-10-07T03:09:08.5176184Z   duration_ms: 4.583659
Backend Tests	Run tests	2026-10-07T03:09:08.5176624Z   ...
Backend Tests	Run tests	2026-10-07T03:09:08.5177190Z # Subtest: mapping is deterministic and source/installation/project scoped
Backend Tests	Run tests	2026-10-07T03:09:08.5177991Z ok 203 - mapping is deterministic and source/installation/project scoped
Backend Tests	Run tests	2026-10-07T03:09:08.5178512Z   ---
Backend Tests	Run tests	2026-10-07T03:09:08.5178802Z   duration_ms: 0.597638
Backend Tests	Run tests	2026-10-07T03:09:08.5179129Z   ...
Backend Tests	Run tests	2026-10-07T03:09:08.5179768Z # Subtest: default dry run reads source only and never calls destination or persists progress
Backend Tests	Run tests	2026-10-07T03:09:08.5180945Z ok 204 - default dry run reads source only and never calls destination or persists progress
Backend Tests	Run tests	2026-10-07T03:09:08.5181569Z   ---
Backend Tests	Run tests	2026-10-07T03:09:08.5181843Z   duration_ms: 1.061277
Backend Tests	Run tests	2026-10-07T03:09:08.5182147Z   ...
Backend Tests	Run tests	2026-10-07T03:09:08.5182957Z # Subtest: bounded import preserves encoded BCRYPT and verification, and resume never reimports successful records
Backend Tests	Run tests	2026-10-07T03:09:08.5184194Z ok 205 - bounded import preserves encoded BCRYPT and verification, and resume never reimports successful records
Backend Tests	Run tests	2026-10-07T03:09:08.5184923Z   ---
Backend Tests	Run tests	2026-10-07T03:09:08.5185194Z   duration_ms: 1.459629
Backend Tests	Run tests	2026-10-07T03:09:08.5185577Z   ...
Backend Tests	Run tests	2026-10-07T03:09:08.5186220Z # Subtest: partial failure records exact failed indexes and stops all automatic retries
Backend Tests	Run tests	2026-10-07T03:09:08.5187159Z ok 206 - partial failure records exact failed indexes and stops all automatic retries
Backend Tests	Run tests	2026-10-07T03:09:08.5187736Z   ---
Backend Tests	Run tests	2026-10-07T03:09:08.5188021Z   duration_ms: 3.424441
Backend Tests	Run tests	2026-10-07T03:09:08.5188327Z   ...
Backend Tests	Run tests	2026-10-07T03:09:08.5189013Z # Subtest: timeout after possible success leaves durable ambiguity and suppresses provider details
Backend Tests	Run tests	2026-10-07T03:09:08.5190091Z ok 207 - timeout after possible success leaves durable ambiguity and suppresses provider details
Backend Tests	Run tests	2026-10-07T03:09:08.5190881Z   ---
Backend Tests	Run tests	2026-10-07T03:09:08.5191174Z   duration_ms: 0.771031
Backend Tests	Run tests	2026-10-07T03:09:08.5191492Z   ...
Backend Tests	Run tests	2026-10-07T03:09:08.5191965Z # Subtest: failed intent persistence prevents any network mutation
Backend Tests	Run tests	2026-10-07T03:09:08.5192680Z ok 208 - failed intent persistence prevents any network mutation
Backend Tests	Run tests	2026-10-07T03:09:08.5193159Z   ---
Backend Tests	Run tests	2026-10-07T03:09:08.5193438Z   duration_ms: 0.60041
Backend Tests	Run tests	2026-10-07T03:09:08.5193740Z   ...
Backend Tests	Run tests	2026-10-07T03:09:08.5194429Z # Subtest: wrong project, source drift, destination conflicts and malformed checkpoints fail closed
Backend Tests	Run tests	2026-10-07T03:09:08.5195481Z ok 209 - wrong project, source drift, destination conflicts and malformed checkpoints fail closed
Backend Tests	Run tests	2026-10-07T03:09:08.5196115Z   ---
Backend Tests	Run tests	2026-10-07T03:09:08.5196390Z   duration_ms: 7.060317
Backend Tests	Run tests	2026-10-07T03:09:08.5196697Z   ...
Backend Tests	Run tests	2026-10-07T03:09:08.5197234Z # Subtest: malformed provider partial-result indexes remain ambiguous
Backend Tests	Run tests	2026-10-07T03:09:08.5198030Z ok 210 - malformed provider partial-result indexes remain ambiguous
Backend Tests	Run tests	2026-10-07T03:09:08.5198533Z   ---
Backend Tests	Run tests	2026-10-07T03:09:08.5198812Z   duration_ms: 0.694155
Backend Tests	Run tests	2026-10-07T03:09:08.5199135Z   ...
Backend Tests	Run tests	2026-10-07T03:09:08.5199860Z # Subtest: unavailable source or destination inspection cannot leak callback details or permit import
Backend Tests	Run tests	2026-10-07T03:09:08.5231435Z ok 211 - unavailable source or destination inspection cannot leak callback details or permit import
Backend Tests	Run tests	2026-10-07T03:09:08.5232274Z   ---
Backend Tests	Run tests	2026-10-07T03:09:08.5232591Z   duration_ms: 1.736078
Backend Tests	Run tests	2026-10-07T03:09:08.5232904Z   ...
Backend Tests	Run tests	2026-10-07T03:09:08.5233633Z # Subtest: synthetic bcrypt variants, Unicode and 72-byte boundaries retain password bytes locally
Backend Tests	Run tests	2026-10-07T03:09:08.5234685Z ok 212 - synthetic bcrypt variants, Unicode and 72-byte boundaries retain password bytes locally
Backend Tests	Run tests	2026-10-07T03:09:08.5235316Z   ---
Backend Tests	Run tests	2026-10-07T03:09:08.5235609Z   duration_ms: 2770.119498
Backend Tests	Run tests	2026-10-07T03:09:08.5235930Z   ...
Backend Tests	Run tests	2026-10-07T03:09:08.5236610Z # Subtest: food copy parser accepts a full-day request and builds a canonical operation payload
Backend Tests	Run tests	2026-10-07T03:09:08.5237609Z ok 213 - food copy parser accepts a full-day request and builds a canonical operation payload
Backend Tests	Run tests	2026-10-07T03:09:08.5238206Z   ---
Backend Tests	Run tests	2026-10-07T03:09:08.5238482Z   duration_ms: 22.589459
Backend Tests	Run tests	2026-10-07T03:09:08.5238779Z   ...
Backend Tests	Run tests	2026-10-07T03:09:08.5239715Z # Subtest: food copy parser accepts same-date cross-meal copy and rejects unsafe or ambiguous shapes
Backend Tests	Run tests	2026-10-07T03:09:08.5240941Z ok 214 - food copy parser accepts same-date cross-meal copy and rejects unsafe or ambiguous shapes
Backend Tests	Run tests	2026-10-07T03:09:08.5241556Z   ---
Backend Tests	Run tests	2026-10-07T03:09:08.5241819Z   duration_ms: 1.495044
Backend Tests	Run tests	2026-10-07T03:09:08.5242099Z   ...
Backend Tests	Run tests	2026-10-07T03:09:08.5242702Z # Subtest: food copy transaction preserves owned immutable snapshots and never mutates the source
Backend Tests	Run tests	2026-10-07T03:09:08.5243796Z ok 215 - food copy transaction preserves owned immutable snapshots and never mutates the source
Backend Tests	Run tests	2026-10-07T03:09:08.5244350Z   ---
Backend Tests	Run tests	2026-10-07T03:09:08.5244629Z   duration_ms: 2.670344
Backend Tests	Run tests	2026-10-07T03:09:08.5244925Z   ...
Backend Tests	Run tests	2026-10-07T03:09:08.5245449Z # Subtest: food copy returns an empty successful receipt without creating rows
Backend Tests	Run tests	2026-10-07T03:09:08.5246243Z ok 216 - food copy returns an empty successful receipt without creating rows
Backend Tests	Run tests	2026-10-07T03:09:08.5246771Z   ---
Backend Tests	Run tests	2026-10-07T03:09:08.5247024Z   duration_ms: 0.728844
Backend Tests	Run tests	2026-10-07T03:09:08.5247319Z   ...
Backend Tests	Run tests	2026-10-07T03:09:08.5247928Z # Subtest: food copy honors the canonical target-day write gate before reading source logs
Backend Tests	Run tests	2026-10-07T03:09:08.5248852Z ok 217 - food copy honors the canonical target-day write gate before reading source logs
Backend Tests	Run tests	2026-10-07T03:09:08.5249438Z   ---
Backend Tests	Run tests	2026-10-07T03:09:08.5249699Z   duration_ms: 0.709753
Backend Tests	Run tests	2026-10-07T03:09:08.5249991Z   ...
Backend Tests	Run tests	2026-10-07T03:09:08.5250965Z # Subtest: foodData registry: listFoodDataProviders marks FatSecret + USDA as not ready when credentials are missing
Backend Tests	Run tests	2026-10-07T03:09:08.5252240Z ok 218 - foodData registry: listFoodDataProviders marks FatSecret + USDA as not ready when credentials are missing
Backend Tests	Run tests	2026-10-07T03:09:08.5252932Z   ---
Backend Tests	Run tests	2026-10-07T03:09:08.5253211Z   duration_ms: 3138.888296
Backend Tests	Run tests	2026-10-07T03:09:08.5253528Z   ...
Backend Tests	Run tests	2026-10-07T03:09:08.5254214Z # Subtest: foodData registry: listFoodDataProviders marks FatSecret as ready when credentials are present
Backend Tests	Run tests	2026-10-07T03:09:08.5255340Z ok 219 - foodData registry: listFoodDataProviders marks FatSecret as ready when credentials are present
Backend Tests	Run tests	2026-10-07T03:09:08.5256012Z   ---
Backend Tests	Run tests	2026-10-07T03:09:08.5256289Z   duration_ms: 10.497754
Backend Tests	Run tests	2026-10-07T03:09:08.5256606Z   ...
Backend Tests	Run tests	2026-10-07T03:09:08.5257265Z # Subtest: foodData registry: listFoodDataProviders marks USDA as ready when API key is present
Backend Tests	Run tests	2026-10-07T03:09:08.5258287Z ok 220 - foodData registry: listFoodDataProviders marks USDA as ready when API key is present
Backend Tests	Run tests	2026-10-07T03:09:08.5258910Z   ---
Backend Tests	Run tests	2026-10-07T03:09:08.5259189Z   duration_ms: 10.711588
Backend Tests	Run tests	2026-10-07T03:09:08.5259495Z   ...
Backend Tests	Run tests	2026-10-07T03:09:08.5260309Z # Subtest: foodData registry: getFoodDataProviderByName returns a friendly error for missing FatSecret credentials
Backend Tests	Run tests	2026-10-07T03:09:08.5292110Z ok 221 - foodData registry: getFoodDataProviderByName returns a friendly error for missing FatSecret credentials
Backend Tests	Run tests	2026-10-07T03:09:08.5292917Z   ---
Backend Tests	Run tests	2026-10-07T03:09:08.5293222Z   duration_ms: 9.595458
Backend Tests	Run tests	2026-10-07T03:09:08.5293537Z   ...
Backend Tests	Run tests	2026-10-07T03:09:08.5294283Z # Subtest: foodData registry: getFoodDataProviderByName returns a friendly error for missing USDA key
Backend Tests	Run tests	2026-10-07T03:09:08.5295463Z ok 222 - foodData registry: getFoodDataProviderByName returns a friendly error for missing USDA key
Backend Tests	Run tests	2026-10-07T03:09:08.5296150Z   ---
Backend Tests	Run tests	2026-10-07T03:09:08.5296437Z   duration_ms: 9.2763
Backend Tests	Run tests	2026-10-07T03:09:08.5296743Z   ...
Backend Tests	Run tests	2026-10-07T03:09:08.5297371Z # Subtest: foodData registry: getFoodDataProviderByName caches provider instances
Backend Tests	Run tests	2026-10-07T03:09:08.5298281Z ok 223 - foodData registry: getFoodDataProviderByName caches provider instances
Backend Tests	Run tests	2026-10-07T03:09:08.5298851Z   ---
Backend Tests	Run tests	2026-10-07T03:09:08.5299134Z   duration_ms: 8.916627
Backend Tests	Run tests	2026-10-07T03:09:08.5299449Z   ...
Backend Tests	Run tests	2026-10-07T03:09:08.5300196Z # Subtest: foodData registry: getFoodDataProvider defaults to FatSecret when credentials are present
Backend Tests	Run tests	2026-10-07T03:09:08.5301530Z ok 224 - foodData registry: getFoodDataProvider defaults to FatSecret when credentials are present
Backend Tests	Run tests	2026-10-07T03:09:08.5302184Z   ---
Backend Tests	Run tests	2026-10-07T03:09:08.5302464Z   duration_ms: 8.669225
Backend Tests	Run tests	2026-10-07T03:09:08.5303015Z   ...
Backend Tests	Run tests	2026-10-07T03:09:08.5303719Z # Subtest: foodData registry: getFoodDataProvider falls back when FatSecret credentials are missing
Backend Tests	Run tests	2026-10-07T03:09:08.5304985Z ok 225 - foodData registry: getFoodDataProvider falls back when FatSecret credentials are missing
Backend Tests	Run tests	2026-10-07T03:09:08.5305635Z   ---
Backend Tests	Run tests	2026-10-07T03:09:08.5305915Z   duration_ms: 14.304446
Backend Tests	Run tests	2026-10-07T03:09:08.5306217Z   ...
Backend Tests	Run tests	2026-10-07T03:09:08.5307017Z # Subtest: foodData registry: getFoodDataProvider falls back to USDA when FatSecret is missing but USDA is configured
Backend Tests	Run tests	2026-10-07T03:09:08.5308300Z ok 226 - foodData registry: getFoodDataProvider falls back to USDA when FatSecret is missing but USDA is configured
Backend Tests	Run tests	2026-10-07T03:09:08.5309025Z   ---
Backend Tests	Run tests	2026-10-07T03:09:08.5309309Z   duration_ms: 11.589583
Backend Tests	Run tests	2026-10-07T03:09:08.5309632Z   ...
Backend Tests	Run tests	2026-10-07T03:09:08.5310386Z # Subtest: foodData registry: getFoodDataProvider falls back when configured for USDA without an API key
Backend Tests	Run tests	2026-10-07T03:09:08.5311694Z ok 227 - foodData registry: getFoodDataProvider falls back when configured for USDA without an API key
Backend Tests	Run tests	2026-10-07T03:09:08.5312381Z   ---
Backend Tests	Run tests	2026-10-07T03:09:08.5312638Z   duration_ms: 11.754436
Backend Tests	Run tests	2026-10-07T03:09:08.5312958Z   ...
Backend Tests	Run tests	2026-10-07T03:09:08.5313638Z # Subtest: foodData registry: getPrimaryFoodDataProviderName normalizes FOOD_DATA_PROVIDER values
Backend Tests	Run tests	2026-10-07T03:09:08.5314739Z ok 228 - foodData registry: getPrimaryFoodDataProviderName normalizes FOOD_DATA_PROVIDER values
Backend Tests	Run tests	2026-10-07T03:09:08.5315492Z   ---
Backend Tests	Run tests	2026-10-07T03:09:08.5315791Z   duration_ms: 17.780689
Backend Tests	Run tests	2026-10-07T03:09:08.5316114Z   ...
Backend Tests	Run tests	2026-10-07T03:09:08.5316847Z # Subtest: foodData registry: getEnabledFoodDataProviders orders ready providers with primary first
Backend Tests	Run tests	2026-10-07T03:09:08.5317941Z ok 229 - foodData registry: getEnabledFoodDataProviders orders ready providers with primary first
Backend Tests	Run tests	2026-10-07T03:09:08.5318625Z   ---
Backend Tests	Run tests	2026-10-07T03:09:08.5318914Z   duration_ms: 19.079144
Backend Tests	Run tests	2026-10-07T03:09:08.5319244Z   ...
Backend Tests	Run tests	2026-10-07T03:09:08.5320066Z # Subtest: foodData registry: getEnabledFoodDataProviders excludes unready providers but returns primary metadata
Backend Tests	Run tests	2026-10-07T03:09:08.5351947Z ok 230 - foodData registry: getEnabledFoodDataProviders excludes unready providers but returns primary metadata
Backend Tests	Run tests	2026-10-07T03:09:08.5352773Z   ---
Backend Tests	Run tests	2026-10-07T03:09:08.5353059Z   duration_ms: 11.753816
Backend Tests	Run tests	2026-10-07T03:09:08.5353381Z   ...
Backend Tests	Run tests	2026-10-07T03:09:08.5353925Z # Subtest: foodData utils: round rounds using the requested precision
Backend Tests	Run tests	2026-10-07T03:09:08.5354690Z ok 231 - foodData utils: round rounds using the requested precision
Backend Tests	Run tests	2026-10-07T03:09:08.5355186Z   ---
Backend Tests	Run tests	2026-10-07T03:09:08.5355463Z   duration_ms: 1.800037
Backend Tests	Run tests	2026-10-07T03:09:08.5355775Z   ...
Backend Tests	Run tests	2026-10-07T03:09:08.5356369Z # Subtest: foodData utils: parseNumber accepts finite numbers and numeric strings
Backend Tests	Run tests	2026-10-07T03:09:08.5357250Z ok 232 - foodData utils: parseNumber accepts finite numbers and numeric strings
Backend Tests	Run tests	2026-10-07T03:09:08.5357785Z   ---
Backend Tests	Run tests	2026-10-07T03:09:08.5358068Z   duration_ms: 0.269704
Backend Tests	Run tests	2026-10-07T03:09:08.5358386Z   ...
Backend Tests	Run tests	2026-10-07T03:09:08.5358992Z # Subtest: foodData utils: scaleNutrients scales and rounds fields consistently
Backend Tests	Run tests	2026-10-07T03:09:08.5359873Z ok 233 - foodData utils: scaleNutrients scales and rounds fields consistently
Backend Tests	Run tests	2026-10-07T03:09:08.5360426Z   ---
Backend Tests	Run tests	2026-10-07T03:09:08.5360875Z   duration_ms: 0.931446
Backend Tests	Run tests	2026-10-07T03:09:08.5361202Z   ...
Backend Tests	Run tests	2026-10-07T03:09:08.5361776Z # Subtest: foodData utils: scaleNutrients preserves missing macros as undefined
Backend Tests	Run tests	2026-10-07T03:09:08.5362604Z ok 234 - foodData utils: scaleNutrients preserves missing macros as undefined
Backend Tests	Run tests	2026-10-07T03:09:08.5363130Z   ---
Backend Tests	Run tests	2026-10-07T03:09:08.5363408Z   duration_ms: 0.228144
Backend Tests	Run tests	2026-10-07T03:09:08.5363726Z   ...
Backend Tests	Run tests	2026-10-07T03:09:08.5364581Z # Subtest: captures only the actual local day and preserves the first plan through reopen/recomplete and later settings
Backend Tests	Run tests	2026-10-07T03:09:08.5365895Z ok 235 - captures only the actual local day and preserves the first plan through reopen/recomplete and later settings
Backend Tests	Run tests	2026-10-07T03:09:08.5366634Z   ---
Backend Tests	Run tests	2026-10-07T03:09:08.5366923Z   duration_ms: 39.28381
Backend Tests	Run tests	2026-10-07T03:09:08.5367505Z   ...
Backend Tests	Run tests	2026-10-07T03:09:08.5368231Z # Subtest: does not reconstruct past/future history or turn unsafe plans into colors
Backend Tests	Run tests	2026-10-07T03:09:08.5369069Z ok 236 - does not reconstruct past/future history or turn unsafe plans into colors
Backend Tests	Run tests	2026-10-07T03:09:08.5369631Z   ---
Backend Tests	Run tests	2026-10-07T03:09:08.5369917Z   duration_ms: 7.582166
Backend Tests	Run tests	2026-10-07T03:09:08.5370241Z   ...
Backend Tests	Run tests	2026-10-07T03:09:08.5371089Z # Subtest: uses the evaluated adjusted target while maintenance remains profile-estimated TDEE
Backend Tests	Run tests	2026-10-07T03:09:08.5372148Z ok 237 - uses the evaluated adjusted target while maintenance remains profile-estimated TDEE
Backend Tests	Run tests	2026-10-07T03:09:08.5372768Z   ---
Backend Tests	Run tests	2026-10-07T03:09:08.5373046Z   duration_ms: 1.170067
Backend Tests	Run tests	2026-10-07T03:09:08.5373375Z   ...
Backend Tests	Run tests	2026-10-07T03:09:08.5374261Z # Subtest: range returns known zero, sums immutable entry calories, hides non-complete comparisons, and rejects invalid totals
Backend Tests	Run tests	2026-10-07T03:09:08.5375653Z ok 238 - range returns known zero, sums immutable entry calories, hides non-complete comparisons, and rejects invalid totals
Backend Tests	Run tests	2026-10-07T03:09:08.5376444Z   ---
Backend Tests	Run tests	2026-10-07T03:09:08.5376727Z   duration_ms: 8.448938
Backend Tests	Run tests	2026-10-07T03:09:08.5377044Z   ...
Backend Tests	Run tests	2026-10-07T03:09:08.5377646Z # Subtest: an invalid timezone leaves completion intact and comparison unavailable
Backend Tests	Run tests	2026-10-07T03:09:08.5378515Z ok 239 - an invalid timezone leaves completion intact and comparison unavailable
Backend Tests	Run tests	2026-10-07T03:09:08.5379076Z   ---
Backend Tests	Run tests	2026-10-07T03:09:08.5379355Z   duration_ms: 0.448997
Backend Tests	Run tests	2026-10-07T03:09:08.5379659Z   ...
Backend Tests	Run tests	2026-10-07T03:09:08.5380323Z # Subtest: retains adjusted target ordering when a positive-deficit plan crosses maintenance
Backend Tests	Run tests	2026-10-07T03:09:08.5411823Z ok 240 - retains adjusted target ordering when a positive-deficit plan crosses maintenance
Backend Tests	Run tests	2026-10-07T03:09:08.5412503Z   ---
Backend Tests	Run tests	2026-10-07T03:09:08.5412800Z   duration_ms: 1.031689
Backend Tests	Run tests	2026-10-07T03:09:08.5413120Z   ...
Backend Tests	Run tests	2026-10-07T03:09:08.5413709Z # Subtest: food search normalization keeps provider query behavior consistent
Backend Tests	Run tests	2026-10-07T03:09:08.5414570Z ok 241 - food search normalization keeps provider query behavior consistent
Backend Tests	Run tests	2026-10-07T03:09:08.5415236Z   ---
Backend Tests	Run tests	2026-10-07T03:09:08.5415518Z   duration_ms: 3.218858
Backend Tests	Run tests	2026-10-07T03:09:08.5415844Z   ...
Backend Tests	Run tests	2026-10-07T03:09:08.5416405Z # Subtest: food search token options support provider-specific filtering
Backend Tests	Run tests	2026-10-07T03:09:08.5417198Z ok 242 - food search token options support provider-specific filtering
Backend Tests	Run tests	2026-10-07T03:09:08.5417710Z   ---
Backend Tests	Run tests	2026-10-07T03:09:08.5418007Z   duration_ms: 0.317845
Backend Tests	Run tests	2026-10-07T03:09:08.5418330Z   ...
Backend Tests	Run tests	2026-10-07T03:09:08.5418824Z # Subtest: food search scoring recognizes shared product synonyms
Backend Tests	Run tests	2026-10-07T03:09:08.5419538Z ok 243 - food search scoring recognizes shared product synonyms
Backend Tests	Run tests	2026-10-07T03:09:08.5420009Z   ---
Backend Tests	Run tests	2026-10-07T03:09:08.5420294Z   duration_ms: 0.466632
Backend Tests	Run tests	2026-10-07T03:09:08.5420776Z   ...
Backend Tests	Run tests	2026-10-07T03:09:08.5421389Z # Subtest: background pause materialization excludes accounts without current access
Backend Tests	Run tests	2026-10-07T03:09:08.5422341Z ok 244 - background pause materialization excludes accounts without current access
Backend Tests	Run tests	2026-10-07T03:09:08.5422939Z   ---
Backend Tests	Run tests	2026-10-07T03:09:08.5423231Z   duration_ms: 3.133918
Backend Tests	Run tests	2026-10-07T03:09:08.5423542Z   ...
Backend Tests	Run tests	2026-10-07T03:09:08.5424285Z # Subtest: pause lifecycle materializes dates, preserves an explicit override, and reopens resume day
Backend Tests	Run tests	2026-10-07T03:09:08.5425445Z ok 245 - pause lifecycle materializes dates, preserves an explicit override, and reopens resume day
Backend Tests	Run tests	2026-10-07T03:09:08.5426067Z   ---
Backend Tests	Run tests	2026-10-07T03:09:08.5426358Z   duration_ms: 17.670893
Backend Tests	Run tests	2026-10-07T03:09:08.5426690Z   ...
Backend Tests	Run tests	2026-10-07T03:09:08.5427302Z # Subtest: effective resolution infers only a past blank day inside tracking history
Backend Tests	Run tests	2026-10-07T03:09:08.5428224Z ok 246 - effective resolution infers only a past blank day inside tracking history
Backend Tests	Run tests	2026-10-07T03:09:08.5428797Z   ---
Backend Tests	Run tests	2026-10-07T03:09:08.5429081Z   duration_ms: 9.316248
Backend Tests	Run tests	2026-10-07T03:09:08.5429394Z   ...
Backend Tests	Run tests	2026-10-07T03:09:08.5430086Z # Subtest: expected resume date becomes confirmation due without automatically closing the pause
Backend Tests	Run tests	2026-10-07T03:09:08.5431461Z ok 247 - expected resume date becomes confirmation due without automatically closing the pause
Backend Tests	Run tests	2026-10-07T03:09:08.5432213Z   ---
Backend Tests	Run tests	2026-10-07T03:09:08.5432498Z   duration_ms: 0.753747
Backend Tests	Run tests	2026-10-07T03:09:08.5432811Z   ...
Backend Tests	Run tests	2026-10-07T03:09:08.5433448Z # Subtest: active pause suppresses both reminder types and resolves existing reminders
Backend Tests	Run tests	2026-10-07T03:09:08.5434381Z ok 248 - active pause suppresses both reminder types and resolves existing reminders
Backend Tests	Run tests	2026-10-07T03:09:08.5434973Z   ---
Backend Tests	Run tests	2026-10-07T03:09:08.5435251Z   duration_ms: 1.227522
Backend Tests	Run tests	2026-10-07T03:09:08.5435558Z   ...
Backend Tests	Run tests	2026-10-07T03:09:08.5436095Z # Subtest: foodUtils: parseFoodSearchParams requires a query or barcode
Backend Tests	Run tests	2026-10-07T03:09:08.5436876Z ok 249 - foodUtils: parseFoodSearchParams requires a query or barcode
Backend Tests	Run tests	2026-10-07T03:09:08.5437378Z   ---
Backend Tests	Run tests	2026-10-07T03:09:08.5437665Z   duration_ms: 2.486528
Backend Tests	Run tests	2026-10-07T03:09:08.5437972Z   ...
Backend Tests	Run tests	2026-10-07T03:09:08.5438631Z # Subtest: foodUtils: parseFoodSearchParams trims queries and rejects invalid numeric filters
Backend Tests	Run tests	2026-10-07T03:09:08.5439677Z ok 250 - foodUtils: parseFoodSearchParams trims queries and rejects invalid numeric filters
Backend Tests	Run tests	2026-10-07T03:09:08.5440300Z   ---
Backend Tests	Run tests	2026-10-07T03:09:08.5440572Z   duration_ms: 0.327712
Backend Tests	Run tests	2026-10-07T03:09:08.5471412Z   ...
Backend Tests	Run tests	2026-10-07T03:09:08.5472047Z # Subtest: foodUtils: parseFoodLogCreateBody rejects invalid bodies and meal periods
Backend Tests	Run tests	2026-10-07T03:09:08.5472968Z ok 251 - foodUtils: parseFoodLogCreateBody rejects invalid bodies and meal periods
Backend Tests	Run tests	2026-10-07T03:09:08.5473556Z   ---
Backend Tests	Run tests	2026-10-07T03:09:08.5473831Z   duration_ms: 0.505418
Backend Tests	Run tests	2026-10-07T03:09:08.5474137Z   ...
Backend Tests	Run tests	2026-10-07T03:09:08.5474764Z # Subtest: foodUtils: parseFoodLogCreateBody defaults date fields when date is omitted
Backend Tests	Run tests	2026-10-07T03:09:08.5475672Z ok 252 - foodUtils: parseFoodLogCreateBody defaults date fields when date is omitted
Backend Tests	Run tests	2026-10-07T03:09:08.5476249Z   ---
Backend Tests	Run tests	2026-10-07T03:09:08.5476537Z   duration_ms: 20.840288
Backend Tests	Run tests	2026-10-07T03:09:08.5476847Z   ...
Backend Tests	Run tests	2026-10-07T03:09:08.5477520Z # Subtest: foodUtils: parseFoodLogCreateBody preserves optional external serving snapshots
Backend Tests	Run tests	2026-10-07T03:09:08.5478530Z ok 253 - foodUtils: parseFoodLogCreateBody preserves optional external serving snapshots
Backend Tests	Run tests	2026-10-07T03:09:08.5479126Z   ---
Backend Tests	Run tests	2026-10-07T03:09:08.5479367Z   duration_ms: 0.560066
Backend Tests	Run tests	2026-10-07T03:09:08.5479655Z   ...
Backend Tests	Run tests	2026-10-07T03:09:08.5480235Z # Subtest: foodUtils: parseFoodLogCreateBody rejects invalid dates and mutual exclusivity
Backend Tests	Run tests	2026-10-07T03:09:08.5481354Z ok 254 - foodUtils: parseFoodLogCreateBody rejects invalid dates and mutual exclusivity
Backend Tests	Run tests	2026-10-07T03:09:08.5481948Z   ---
Backend Tests	Run tests	2026-10-07T03:09:08.5482209Z   duration_ms: 0.535606
Backend Tests	Run tests	2026-10-07T03:09:08.5482498Z   ...
Backend Tests	Run tests	2026-10-07T03:09:08.5483122Z # Subtest: foodUtils: parseFoodLogCreateBody parses my_food_id and servings_consumed inputs
Backend Tests	Run tests	2026-10-07T03:09:08.5484061Z ok 255 - foodUtils: parseFoodLogCreateBody parses my_food_id and servings_consumed inputs
Backend Tests	Run tests	2026-10-07T03:09:08.5484623Z   ---
Backend Tests	Run tests	2026-10-07T03:09:08.5484904Z   duration_ms: 0.285313
Backend Tests	Run tests	2026-10-07T03:09:08.5485185Z   ...
Backend Tests	Run tests	2026-10-07T03:09:08.5485718Z # Subtest: foodUtils: parseFoodLogUpdateBody rejects non-object bodies and empty updates
Backend Tests	Run tests	2026-10-07T03:09:08.5486599Z ok 256 - foodUtils: parseFoodLogUpdateBody rejects non-object bodies and empty updates
Backend Tests	Run tests	2026-10-07T03:09:08.5487197Z   ---
Backend Tests	Run tests	2026-10-07T03:09:08.5487464Z   duration_ms: 0.47846
Backend Tests	Run tests	2026-10-07T03:09:08.5487782Z   ...
Backend Tests	Run tests	2026-10-07T03:09:08.5488480Z # Subtest: foodUtils: parseFoodLogUpdateBody computes calories from servings when snapshot exists
Backend Tests	Run tests	2026-10-07T03:09:08.5489577Z ok 257 - foodUtils: parseFoodLogUpdateBody computes calories from servings when snapshot exists
Backend Tests	Run tests	2026-10-07T03:09:08.5490161Z   ---
Backend Tests	Run tests	2026-10-07T03:09:08.5490445Z   duration_ms: 0.389868
Backend Tests	Run tests	2026-10-07T03:09:08.5490896Z   ...
Backend Tests	Run tests	2026-10-07T03:09:08.5491654Z # Subtest: foodUtils: parseFoodLogUpdateBody updates measure and gram snapshots without losing a precise calorie basis
Backend Tests	Run tests	2026-10-07T03:09:08.5492897Z ok 258 - foodUtils: parseFoodLogUpdateBody updates measure and gram snapshots without losing a precise calorie basis
Backend Tests	Run tests	2026-10-07T03:09:08.5493884Z   ---
Backend Tests	Run tests	2026-10-07T03:09:08.5494154Z   duration_ms: 0.395431
Backend Tests	Run tests	2026-10-07T03:09:08.5494556Z   ...
Backend Tests	Run tests	2026-10-07T03:09:08.5495290Z # Subtest: foodUtils: parseFoodLogUpdateBody derives legacy per-100g totals from the stored measure ratio
Backend Tests	Run tests	2026-10-07T03:09:08.5496424Z ok 259 - foodUtils: parseFoodLogUpdateBody derives legacy per-100g totals from the stored measure ratio
Backend Tests	Run tests	2026-10-07T03:09:08.5497085Z   ---
Backend Tests	Run tests	2026-10-07T03:09:08.5497352Z   duration_ms: 0.285044
Backend Tests	Run tests	2026-10-07T03:09:08.5497659Z   ...
Backend Tests	Run tests	2026-10-07T03:09:08.5498363Z # Subtest: foodUtils: parseFoodLogUpdateBody rejects servings updates when the entry has no snapshot
Backend Tests	Run tests	2026-10-07T03:09:08.5499468Z ok 260 - foodUtils: parseFoodLogUpdateBody rejects servings updates when the entry has no snapshot
Backend Tests	Run tests	2026-10-07T03:09:08.5500109Z   ---
Backend Tests	Run tests	2026-10-07T03:09:08.5500376Z   duration_ms: 0.17687
Backend Tests	Run tests	2026-10-07T03:09:08.5530982Z   ...
Backend Tests	Run tests	2026-10-07T03:09:08.5531904Z # Subtest: foodUtils: parseFoodLogUpdateBody derives calories_per_serving_snapshot from calories and servings
Backend Tests	Run tests	2026-10-07T03:09:08.5533124Z ok 261 - foodUtils: parseFoodLogUpdateBody derives calories_per_serving_snapshot from calories and servings
Backend Tests	Run tests	2026-10-07T03:09:08.5533850Z   ---
Backend Tests	Run tests	2026-10-07T03:09:08.5534156Z   duration_ms: 0.200222
Backend Tests	Run tests	2026-10-07T03:09:08.5534464Z   ...
Backend Tests	Run tests	2026-10-07T03:09:08.5535241Z # Subtest: foodUtils: parseFoodLogUpdateBody treats supplied calories as an explicit per-serving override
Backend Tests	Run tests	2026-10-07T03:09:08.5536423Z ok 262 - foodUtils: parseFoodLogUpdateBody treats supplied calories as an explicit per-serving override
Backend Tests	Run tests	2026-10-07T03:09:08.5537112Z   ---
Backend Tests	Run tests	2026-10-07T03:09:08.5537388Z   duration_ms: 0.299137
Backend Tests	Run tests	2026-10-07T03:09:08.5537699Z   ...
Backend Tests	Run tests	2026-10-07T03:09:08.5538400Z # Subtest: foodUtils: parseFoodLogUpdateBody clears a stale gram total when no conversion ratio exists
Backend Tests	Run tests	2026-10-07T03:09:08.5539520Z ok 263 - foodUtils: parseFoodLogUpdateBody clears a stale gram total when no conversion ratio exists
Backend Tests	Run tests	2026-10-07T03:09:08.5540185Z   ---
Backend Tests	Run tests	2026-10-07T03:09:08.5540474Z   duration_ms: 0.233467
Backend Tests	Run tests	2026-10-07T03:09:08.5540973Z   ...
Backend Tests	Run tests	2026-10-07T03:09:09.9386492Z # Subtest: frontend cache policy revalidates documents and permanently caches hashed assets
Backend Tests	Run tests	2026-10-07T03:09:09.9472441Z ok 264 - frontend cache policy revalidates documents and permanently caches hashed assets
Backend Tests	Run tests	2026-10-07T03:09:09.9521475Z   ---
Backend Tests	Run tests	2026-10-07T03:09:09.9601512Z   duration_ms: 1.993131
Backend Tests	Run tests	2026-10-07T03:09:09.9602288Z   ...
Backend Tests	Run tests	2026-10-07T03:09:10.0180561Z # Subtest: deployed frontend serves Expo static routes without masking backend paths
Backend Tests	Run tests	2026-10-07T03:09:10.0184881Z ok 265 - deployed frontend serves Expo static routes without masking backend paths
Backend Tests	Run tests	2026-10-07T03:09:10.0185812Z   ---
Backend Tests	Run tests	2026-10-07T03:09:10.0186281Z   duration_ms: 125.32197
Backend Tests	Run tests	2026-10-07T03:09:10.0186735Z   ...
Backend Tests	Run tests	2026-10-07T03:09:10.4055231Z # Subtest: parseDailyDeficit accepts only the allowed deficit/surplus magnitudes
Backend Tests	Run tests	2026-10-07T03:09:10.4091364Z ok 266 - parseDailyDeficit accepts only the allowed deficit/surplus magnitudes
Backend Tests	Run tests	2026-10-07T03:09:10.4181332Z   ---
Backend Tests	Run tests	2026-10-07T03:09:10.4221449Z   duration_ms: 1.828692
Backend Tests	Run tests	2026-10-07T03:09:10.4261416Z   ...
Backend Tests	Run tests	2026-10-07T03:09:17.3003894Z # Subtest: adjustment preserves identity, baseline, target intent and 33% progress; replay and unchanged save are harmless
Backend Tests	Run tests	2026-10-07T03:09:17.3102281Z ok 267 - adjustment preserves identity, baseline, target intent and 33% progress; replay and unchanged save are harmless
Backend Tests	Run tests	2026-10-07T03:09:17.3136770Z   ---
Backend Tests	Run tests	2026-10-07T03:09:17.3137439Z   duration_ms: 5673.267596
Backend Tests	Run tests	2026-10-07T03:09:17.3138092Z   ...
Backend Tests	Run tests	2026-10-07T03:09:17.3139184Z # Subtest: local year boundary and same-day ordering preserve earlier pace; scheduled calibration inherits new pace
Backend Tests	Run tests	2026-10-07T03:09:17.3140893Z ok 268 - local year boundary and same-day ordering preserve earlier pace; scheduled calibration inherits new pace
Backend Tests	Run tests	2026-10-07T03:09:17.3141781Z   ---
Backend Tests	Run tests	2026-10-07T03:09:17.3142276Z   duration_ms: 45.233627
Backend Tests	Run tests	2026-10-07T03:09:17.3142787Z   ...
Backend Tests	Run tests	2026-10-07T03:09:17.3143797Z # Subtest: stale editor, changed profile, another goal and reused operation never overwrite a newer plan
Backend Tests	Run tests	2026-10-07T03:09:17.3145656Z ok 269 - stale editor, changed profile, another goal and reused operation never overwrite a newer plan
Backend Tests	Run tests	2026-10-07T03:09:17.3146644Z   ---
Backend Tests	Run tests	2026-10-07T03:09:17.3147063Z   duration_ms: 48.818583
Backend Tests	Run tests	2026-10-07T03:09:17.3147521Z   ...
Backend Tests	Run tests	2026-10-07T03:09:17.3148456Z # Subtest: missing weight, unsafe/review plan, unsupported values and direction changes have no partial domain writes
Backend Tests	Run tests	2026-10-07T03:09:17.3149821Z ok 270 - missing weight, unsafe/review plan, unsupported values and direction changes have no partial domain writes
Backend Tests	Run tests	2026-10-07T03:09:17.3150845Z   ---
Backend Tests	Run tests	2026-10-07T03:09:17.3151286Z   duration_ms: 291.289806
Backend Tests	Run tests	2026-10-07T03:09:17.3151685Z   ...
Backend Tests	Run tests	2026-10-07T03:09:17.3152496Z # Subtest: gain adjustment preserves negative direction; intentional new goal still creates a fresh identity
Backend Tests	Run tests	2026-10-07T03:09:17.3153750Z ok 271 - gain adjustment preserves negative direction; intentional new goal still creates a fresh identity
Backend Tests	Run tests	2026-10-07T03:09:17.3154458Z   ---
Backend Tests	Run tests	2026-10-07T03:09:17.3154841Z   duration_ms: 32.298171
Backend Tests	Run tests	2026-10-07T03:09:17.3155269Z   ...
Backend Tests	Run tests	2026-10-07T03:09:17.3156057Z # Subtest: effective and scheduled corrections are retained; unsafe future combination is disabled
Backend Tests	Run tests	2026-10-07T03:09:17.3157275Z ok 272 - effective and scheduled corrections are retained; unsafe future combination is disabled
Backend Tests	Run tests	2026-10-07T03:09:17.3158052Z   ---
Backend Tests	Run tests	2026-10-07T03:09:17.3158590Z   duration_ms: 50.963941
Backend Tests	Run tests	2026-10-07T03:09:17.3159055Z   ...
Backend Tests	Run tests	2026-10-07T03:09:17.3159953Z # Subtest: existing completion provenance survives manual pace and recompletion; a new day captures the new plan
Backend Tests	Run tests	2026-10-07T03:09:17.3161459Z ok 273 - existing completion provenance survives manual pace and recompletion; a new day captures the new plan
Backend Tests	Run tests	2026-10-07T03:09:17.3162252Z   ---
Backend Tests	Run tests	2026-10-07T03:09:17.3162658Z   duration_ms: 1257.333314
Backend Tests	Run tests	2026-10-07T03:09:17.3163110Z   ...
Backend Tests	Run tests	2026-10-07T03:09:17.3163852Z # Subtest: new-goal serialization conflict is recoverable and retry keeps its operation ID
Backend Tests	Run tests	2026-10-07T03:09:17.3164898Z ok 274 - new-goal serialization conflict is recoverable and retry keeps its operation ID
Backend Tests	Run tests	2026-10-07T03:09:17.3165593Z   ---
Backend Tests	Run tests	2026-10-07T03:09:17.3166024Z   duration_ms: 766.981152
Backend Tests	Run tests	2026-10-07T03:09:17.3166485Z   ...
Backend Tests	Run tests	2026-10-07T03:09:17.3167228Z # Subtest: missing and non-object pace request bodies return structured 400 before mutation
Backend Tests	Run tests	2026-10-07T03:09:17.3168325Z ok 275 - missing and non-object pace request bodies return structured 400 before mutation
Backend Tests	Run tests	2026-10-07T03:09:17.3169033Z   ---
Backend Tests	Run tests	2026-10-07T03:09:17.3169437Z   duration_ms: 51.875516
Backend Tests	Run tests	2026-10-07T03:09:17.3169873Z   ...
Backend Tests	Run tests	2026-10-07T03:09:17.3170918Z # Subtest: raw SQL serialization and deadlock conflicts return recoverable plan conflicts without a revision
Backend Tests	Run tests	2026-10-07T03:09:17.3172268Z ok 276 - raw SQL serialization and deadlock conflicts return recoverable plan conflicts without a revision
Backend Tests	Run tests	2026-10-07T03:09:17.3173089Z   ---
Backend Tests	Run tests	2026-10-07T03:09:17.3173522Z   duration_ms: 199.948132
Backend Tests	Run tests	2026-10-07T03:09:17.3173972Z   ...
Backend Tests	Run tests	2026-10-07T03:09:17.3760293Z # Subtest: goalValidation: validateGoalWeightsForDailyDeficit enforces loss direction for positive deficits
Backend Tests	Run tests	2026-10-07T03:09:17.3816455Z ok 277 - goalValidation: validateGoalWeightsForDailyDeficit enforces loss direction for positive deficits
Backend Tests	Run tests	2026-10-07T03:09:17.3841417Z   ---
Backend Tests	Run tests	2026-10-07T03:09:17.3871346Z   duration_ms: 1.612436
Backend Tests	Run tests	2026-10-07T03:09:17.3871929Z   ...
Backend Tests	Run tests	2026-10-07T03:09:17.3901944Z # Subtest: goalValidation: validateGoalWeightsForDailyDeficit enforces gain direction for negative deficits
Backend Tests	Run tests	2026-10-07T03:09:17.3932093Z ok 278 - goalValidation: validateGoalWeightsForDailyDeficit enforces gain direction for negative deficits
Backend Tests	Run tests	2026-10-07T03:09:17.3950588Z   ---
Backend Tests	Run tests	2026-10-07T03:09:17.3981497Z   duration_ms: 0.208148
Backend Tests	Run tests	2026-10-07T03:09:17.3991342Z   ...
Backend Tests	Run tests	2026-10-07T03:09:17.4021971Z # Subtest: goalValidation: validateGoalWeightsForDailyDeficit allows maintenance goals
Backend Tests	Run tests	2026-10-07T03:09:17.4032710Z ok 279 - goalValidation: validateGoalWeightsForDailyDeficit allows maintenance goals
Backend Tests	Run tests	2026-10-07T03:09:17.4033672Z   ---
Backend Tests	Run tests	2026-10-07T03:09:17.4034155Z   duration_ms: 0.152548
Backend Tests	Run tests	2026-10-07T03:09:17.4035057Z   ...
Backend Tests	Run tests	2026-10-07T03:09:17.4036137Z # Subtest: height utils: resolveHeightMmUpdate returns not-provided when all fields are omitted
Backend Tests	Run tests	2026-10-07T03:09:17.4037637Z ok 280 - height utils: resolveHeightMmUpdate returns not-provided when all fields are omitted
Backend Tests	Run tests	2026-10-07T03:09:17.4038422Z   ---
Backend Tests	Run tests	2026-10-07T03:09:17.4038835Z   duration_ms: 2.287384
Backend Tests	Run tests	2026-10-07T03:09:17.4039283Z   ...
Backend Tests	Run tests	2026-10-07T03:09:17.4040098Z # Subtest: height utils: resolveHeightMmUpdate supports clearing height via null/empty string
Backend Tests	Run tests	2026-10-07T03:09:17.4041480Z ok 281 - height utils: resolveHeightMmUpdate supports clearing height via null/empty string
Backend Tests	Run tests	2026-10-07T03:09:17.4042261Z   ---
Backend Tests	Run tests	2026-10-07T03:09:17.4042672Z   duration_ms: 0.299776
Backend Tests	Run tests	2026-10-07T03:09:17.4043120Z   ...
Backend Tests	Run tests	2026-10-07T03:09:17.4043937Z # Subtest: height utils: resolveHeightMmUpdate validates and normalizes height_mm and height_cm
Backend Tests	Run tests	2026-10-07T03:09:17.4045145Z ok 282 - height utils: resolveHeightMmUpdate validates and normalizes height_mm and height_cm
Backend Tests	Run tests	2026-10-07T03:09:17.4045928Z   ---
Backend Tests	Run tests	2026-10-07T03:09:17.4046324Z   duration_ms: 0.248655
Backend Tests	Run tests	2026-10-07T03:09:17.4046773Z   ...
Backend Tests	Run tests	2026-10-07T03:09:17.4047449Z # Subtest: height utils: resolveHeightMmUpdate supports feet/inches inputs
Backend Tests	Run tests	2026-10-07T03:09:17.4048385Z ok 283 - height utils: resolveHeightMmUpdate supports feet/inches inputs
Backend Tests	Run tests	2026-10-07T03:09:17.4049030Z   ---
Backend Tests	Run tests	2026-10-07T03:09:17.4049432Z   duration_ms: 0.299514
Backend Tests	Run tests	2026-10-07T03:09:17.4049861Z   ...
Backend Tests	Run tests	2026-10-07T03:09:17.4050908Z # Subtest: height utils: resolveHeightMmUpdate prefers height_mm when multiple representations are present
Backend Tests	Run tests	2026-10-07T03:09:17.4052175Z ok 284 - height utils: resolveHeightMmUpdate prefers height_mm when multiple representations are present
Backend Tests	Run tests	2026-10-07T03:09:17.4052954Z   ---
Backend Tests	Run tests	2026-10-07T03:09:17.4053365Z   duration_ms: 0.220139
Backend Tests	Run tests	2026-10-07T03:09:17.4053793Z   ...
Backend Tests	Run tests	2026-10-07T03:09:19.0992242Z # Subtest: Lose It weight import and sticky plan review roll back together when review marking fails
Backend Tests	Run tests	2026-10-07T03:09:19.1051952Z ok 285 - Lose It weight import and sticky plan review roll back together when review marking fails
Backend Tests	Run tests	2026-10-07T03:09:19.1141530Z   ---
Backend Tests	Run tests	2026-10-07T03:09:19.1171469Z   duration_ms: 5521.298418
Backend Tests	Run tests	2026-10-07T03:09:19.1182173Z   ...
Backend Tests	Run tests	2026-10-07T03:09:19.1782405Z # Subtest: parseLocalDateOnly accepts YYYY-MM-DD and returns a UTC-normalized Date
Backend Tests	Run tests	2026-10-07T03:09:19.1861863Z ok 286 - parseLocalDateOnly accepts YYYY-MM-DD and returns a UTC-normalized Date
Backend Tests	Run tests	2026-10-07T03:09:19.1862996Z   ---
Backend Tests	Run tests	2026-10-07T03:09:19.1921298Z   duration_ms: 3.839963
Backend Tests	Run tests	2026-10-07T03:09:19.1971214Z   ...
Backend Tests	Run tests	2026-10-07T03:09:19.1975801Z # Subtest: parseLocalDateOnly accepts ISO-ish strings that start with YYYY-MM-DD
Backend Tests	Run tests	2026-10-07T03:09:19.2002036Z ok 287 - parseLocalDateOnly accepts ISO-ish strings that start with YYYY-MM-DD
Backend Tests	Run tests	2026-10-07T03:09:19.2005716Z   ---
Backend Tests	Run tests	2026-10-07T03:09:19.2006206Z   duration_ms: 0.268573
Backend Tests	Run tests	2026-10-07T03:09:19.2006675Z   ...
Backend Tests	Run tests	2026-10-07T03:09:19.2007268Z # Subtest: parseLocalDateOnly rejects invalid inputs
Backend Tests	Run tests	2026-10-07T03:09:19.2008015Z ok 288 - parseLocalDateOnly rejects invalid inputs
Backend Tests	Run tests	2026-10-07T03:09:19.2008615Z   ---
Backend Tests	Run tests	2026-10-07T03:09:19.2009048Z   duration_ms: 0.703418
Backend Tests	Run tests	2026-10-07T03:09:19.2009491Z   ...
Backend Tests	Run tests	2026-10-07T03:09:19.2010327Z # Subtest: getSafeUtcTodayDateOnlyInTimeZone falls back to UTC for invalid timezone values
Backend Tests	Run tests	2026-10-07T03:09:19.2011723Z ok 289 - getSafeUtcTodayDateOnlyInTimeZone falls back to UTC for invalid timezone values
Backend Tests	Run tests	2026-10-07T03:09:19.2012498Z   ---
Backend Tests	Run tests	2026-10-07T03:09:19.2012913Z   duration_ms: 21.834394
Backend Tests	Run tests	2026-10-07T03:09:19.2013366Z   ...
Backend Tests	Run tests	2026-10-07T03:09:19.2014187Z # Subtest: getSafeUtcTodayDateOnlyInTimeZone falls back to UTC for missing timezone values
Backend Tests	Run tests	2026-10-07T03:09:19.2015391Z ok 290 - getSafeUtcTodayDateOnlyInTimeZone falls back to UTC for missing timezone values
Backend Tests	Run tests	2026-10-07T03:09:19.2016147Z   ---
Backend Tests	Run tests	2026-10-07T03:09:19.2016542Z   duration_ms: 0.578768
Backend Tests	Run tests	2026-10-07T03:09:19.2016974Z   ...
Backend Tests	Run tests	2026-10-07T03:09:20.2882516Z # Subtest: parseLoseItExport parses Lose It exports with warnings for invalid rows
Backend Tests	Run tests	2026-10-07T03:09:20.2942076Z ok 291 - parseLoseItExport parses Lose It exports with warnings for invalid rows
Backend Tests	Run tests	2026-10-07T03:09:20.2971343Z   ---
Backend Tests	Run tests	2026-10-07T03:09:20.3001182Z   duration_ms: 47.589603
Backend Tests	Run tests	2026-10-07T03:09:20.3031128Z   ...
Backend Tests	Run tests	2026-10-07T03:09:20.3061406Z # Subtest: parseLoseItExport throws when food and weight CSVs are missing
Backend Tests	Run tests	2026-10-07T03:09:20.3121548Z ok 292 - parseLoseItExport throws when food and weight CSVs are missing
Backend Tests	Run tests	2026-10-07T03:09:20.3172211Z   ---
Backend Tests	Run tests	2026-10-07T03:09:20.3261235Z   duration_ms: 7.944831
Backend Tests	Run tests	2026-10-07T03:09:20.3317291Z   ...
Backend Tests	Run tests	2026-10-07T03:09:20.3337496Z # Subtest: inferLoseItWeightUnit uses profile hints, then height heuristics, then fallback
Backend Tests	Run tests	2026-10-07T03:09:20.3338871Z ok 293 - inferLoseItWeightUnit uses profile hints, then height heuristics, then fallback
Backend Tests	Run tests	2026-10-07T03:09:20.3346658Z   ---
Backend Tests	Run tests	2026-10-07T03:09:20.3347147Z   duration_ms: 1.003338
Backend Tests	Run tests	2026-10-07T03:09:20.3347566Z   ...
Backend Tests	Run tests	2026-10-07T03:09:20.3348177Z # Subtest: partitionLoseItWeightImportsByAsOfDate excludes future local dates
Backend Tests	Run tests	2026-10-07T03:09:20.3349298Z ok 294 - partitionLoseItWeightImportsByAsOfDate excludes future local dates
Backend Tests	Run tests	2026-10-07T03:09:20.3350079Z   ---
Backend Tests	Run tests	2026-10-07T03:09:20.3350508Z   duration_ms: 0.347903
Backend Tests	Run tests	2026-10-07T03:09:20.3351259Z   ...
Backend Tests	Run tests	2026-10-07T03:09:20.3351989Z # Subtest: buildImportTimestamp uses midday UTC without mutating inputs
Backend Tests	Run tests	2026-10-07T03:09:20.3352894Z ok 295 - buildImportTimestamp uses midday UTC without mutating inputs
Backend Tests	Run tests	2026-10-07T03:09:20.3353520Z   ---
Backend Tests	Run tests	2026-10-07T03:09:20.3353899Z   duration_ms: 0.207294
Backend Tests	Run tests	2026-10-07T03:09:20.3354326Z   ...
Backend Tests	Run tests	2026-10-07T03:09:22.9320112Z # Subtest: materializedWeightTrend: recompute atomically replaces all rows with the active horizon
Backend Tests	Run tests	2026-10-07T03:09:22.9338447Z ok 296 - materializedWeightTrend: recompute atomically replaces all rows with the active horizon
Backend Tests	Run tests	2026-10-07T03:09:22.9339636Z   ---
Backend Tests	Run tests	2026-10-07T03:09:22.9340157Z   duration_ms: 5000.12678
Backend Tests	Run tests	2026-10-07T03:09:22.9340883Z   ...
Backend Tests	Run tests	2026-10-07T03:09:22.9342823Z # Subtest: materializedWeightTrend: v1 rollout writes version 1 rows without canonical rate state
Backend Tests	Run tests	2026-10-07T03:09:22.9344804Z ok 297 - materializedWeightTrend: v1 rollout writes version 1 rows without canonical rate state
Backend Tests	Run tests	2026-10-07T03:09:22.9345761Z   ---
Backend Tests	Run tests	2026-10-07T03:09:22.9346278Z   duration_ms: 29.031679
Backend Tests	Run tests	2026-10-07T03:09:22.9346808Z   ...
Backend Tests	Run tests	2026-10-07T03:09:22.9347832Z # Subtest: materializedWeightTrend: excludes future-dated metrics from the model and active-horizon anchor
Backend Tests	Run tests	2026-10-07T03:09:22.9349231Z ok 298 - materializedWeightTrend: excludes future-dated metrics from the model and active-horizon anchor
Backend Tests	Run tests	2026-10-07T03:09:22.9350060Z   ---
Backend Tests	Run tests	2026-10-07T03:09:22.9350485Z   duration_ms: 16.058084
Backend Tests	Run tests	2026-10-07T03:09:22.9351082Z   ...
Backend Tests	Run tests	2026-10-07T03:09:22.9351982Z # Subtest: materializedWeightTrend: rounds v2 level fields while preserving floating-point rate state
Backend Tests	Run tests	2026-10-07T03:09:22.9353279Z ok 299 - materializedWeightTrend: rounds v2 level fields while preserving floating-point rate state
Backend Tests	Run tests	2026-10-07T03:09:22.9354094Z   ---
Backend Tests	Run tests	2026-10-07T03:09:22.9354519Z   duration_ms: 23.318244
Backend Tests	Run tests	2026-10-07T03:09:22.9354983Z   ...
Backend Tests	Run tests	2026-10-07T03:09:22.9355861Z # Subtest: materializedWeightTrend: ensure refreshes active rows from an older model version
Backend Tests	Run tests	2026-10-07T03:09:22.9357083Z ok 300 - materializedWeightTrend: ensure refreshes active rows from an older model version
Backend Tests	Run tests	2026-10-07T03:09:22.9357841Z   ---
Backend Tests	Run tests	2026-10-07T03:09:22.9358264Z   duration_ms: 24.496796
Backend Tests	Run tests	2026-10-07T03:09:22.9358701Z   ...
Backend Tests	Run tests	2026-10-07T03:09:22.9359541Z # Subtest: materializedWeightTrend: ensure refreshes upgraded rows with a null source revision
Backend Tests	Run tests	2026-10-07T03:09:22.9360856Z ok 301 - materializedWeightTrend: ensure refreshes upgraded rows with a null source revision
Backend Tests	Run tests	2026-10-07T03:09:22.9361662Z   ---
Backend Tests	Run tests	2026-10-07T03:09:22.9362109Z   duration_ms: 32.016311
Backend Tests	Run tests	2026-10-07T03:09:22.9362563Z   ...
Backend Tests	Run tests	2026-10-07T03:09:22.9363479Z # Subtest: materializedWeightTrend: captures one repeatable source revision after taking the advisory lock
Backend Tests	Run tests	2026-10-07T03:09:22.9364857Z ok 302 - materializedWeightTrend: captures one repeatable source revision after taking the advisory lock
Backend Tests	Run tests	2026-10-07T03:09:22.9366094Z   ---
Backend Tests	Run tests	2026-10-07T03:09:22.9366507Z   duration_ms: 13.754535
Backend Tests	Run tests	2026-10-07T03:09:22.9367063Z   ...
Backend Tests	Run tests	2026-10-07T03:09:22.9367869Z # Subtest: materializedWeightTrend: retries a waiting repeatable-read conflict from a fresh source snapshot
Backend Tests	Run tests	2026-10-07T03:09:22.9369179Z ok 303 - materializedWeightTrend: retries a waiting repeatable-read conflict from a fresh source snapshot
Backend Tests	Run tests	2026-10-07T03:09:22.9369960Z   ---
Backend Tests	Run tests	2026-10-07T03:09:22.9370359Z   duration_ms: 15.385378
Backend Tests	Run tests	2026-10-07T03:09:22.9370968Z   ...
Backend Tests	Run tests	2026-10-07T03:09:22.9371871Z # Subtest: materializedWeightTrend: serializes concurrent recomputes without mixing source revisions
Backend Tests	Run tests	2026-10-07T03:09:22.9373133Z ok 304 - materializedWeightTrend: serializes concurrent recomputes without mixing source revisions
Backend Tests	Run tests	2026-10-07T03:09:22.9401595Z   ---
Backend Tests	Run tests	2026-10-07T03:09:22.9404587Z   duration_ms: 14.851134
Backend Tests	Run tests	2026-10-07T03:09:22.9405167Z   ...
Backend Tests	Run tests	2026-10-07T03:09:22.9406115Z # Subtest: materializedWeightTrend: failed replacement rolls back and retains the last-known-good rows
Backend Tests	Run tests	2026-10-07T03:09:22.9407589Z ok 305 - materializedWeightTrend: failed replacement rolls back and retains the last-known-good rows
Backend Tests	Run tests	2026-10-07T03:09:22.9408446Z   ---
Backend Tests	Run tests	2026-10-07T03:09:22.9408870Z   duration_ms: 20.544365
Backend Tests	Run tests	2026-10-07T03:09:22.9409319Z   ...
Backend Tests	Run tests	2026-10-07T03:09:22.9410192Z # Subtest: materializedWeightTrend: best-effort refresh preserves last-known-good rows on fit failure
Backend Tests	Run tests	2026-10-07T03:09:22.9411698Z ok 306 - materializedWeightTrend: best-effort refresh preserves last-known-good rows on fit failure
Backend Tests	Run tests	2026-10-07T03:09:22.9412506Z   ---
Backend Tests	Run tests	2026-10-07T03:09:22.9412923Z   duration_ms: 19.243451
Backend Tests	Run tests	2026-10-07T03:09:22.9413379Z   ...
Backend Tests	Run tests	2026-10-07T03:09:22.9430902Z # Subtest: materializedWeightTrend: ensure returns unavailable without leaking refresh details
Backend Tests	Run tests	2026-10-07T03:09:22.9451736Z ok 307 - materializedWeightTrend: ensure returns unavailable without leaking refresh details
Backend Tests	Run tests	2026-10-07T03:09:22.9481354Z   ---
Backend Tests	Run tests	2026-10-07T03:09:22.9481967Z   duration_ms: 21.150006
Backend Tests	Run tests	2026-10-07T03:09:22.9511381Z   ...
Backend Tests	Run tests	2026-10-07T03:09:22.9513667Z # Subtest: materializedWeightTrend: same-day source edit remains stale when refitting fails
Backend Tests	Run tests	2026-10-07T03:09:22.9514853Z ok 308 - materializedWeightTrend: same-day source edit remains stale when refitting fails
Backend Tests	Run tests	2026-10-07T03:09:22.9515659Z   ---
Backend Tests	Run tests	2026-10-07T03:09:22.9516087Z   duration_ms: 10.916583
Backend Tests	Run tests	2026-10-07T03:09:22.9516522Z   ...
Backend Tests	Run tests	2026-10-07T03:09:22.9517453Z # Subtest: materializedWeightTrend: successful empty-history refresh is available and clears old rows once
Backend Tests	Run tests	2026-10-07T03:09:22.9518872Z ok 309 - materializedWeightTrend: successful empty-history refresh is available and clears old rows once
Backend Tests	Run tests	2026-10-07T03:09:22.9519800Z   ---
Backend Tests	Run tests	2026-10-07T03:09:22.9520307Z   duration_ms: 13.575479
Backend Tests	Run tests	2026-10-07T03:09:22.9521004Z   ...
Backend Tests	Run tests	2026-10-07T03:09:30.6132659Z # Subtest: MCP discovery advertises the exact resource and public PKCE authorization server
Backend Tests	Run tests	2026-10-07T03:09:30.6172375Z ok 310 - MCP discovery advertises the exact resource and public PKCE authorization server
Backend Tests	Run tests	2026-10-07T03:09:30.6173611Z   ---
Backend Tests	Run tests	2026-10-07T03:09:30.6201714Z   duration_ms: 141.268745
Backend Tests	Run tests	2026-10-07T03:09:30.6231503Z   ...
Backend Tests	Run tests	2026-10-07T03:09:30.7082449Z # Subtest: unauthenticated MCP calls return a resource-metadata challenge and stateless method guidance
Backend Tests	Run tests	2026-10-07T03:09:30.7142084Z ok 311 - unauthenticated MCP calls return a resource-metadata challenge and stateless method guidance
Backend Tests	Run tests	2026-10-07T03:09:30.7171654Z   ---
Backend Tests	Run tests	2026-10-07T03:09:30.7231576Z   duration_ms: 103.619346
Backend Tests	Run tests	2026-10-07T03:09:30.7281425Z   ...
Backend Tests	Run tests	2026-10-07T03:09:30.7331677Z # mcp.access-token failed (request_id=unavailable, error_type=Error).
Backend Tests	Run tests	2026-10-07T03:09:30.7361759Z # Subtest: MCP storage failures return a non-cacheable 503 without an OAuth challenge loop
Backend Tests	Run tests	2026-10-07T03:09:30.7421751Z ok 312 - MCP storage failures return a non-cacheable 503 without an OAuth challenge loop
Backend Tests	Run tests	2026-10-07T03:09:30.7451296Z   ---
Backend Tests	Run tests	2026-10-07T03:09:30.7501485Z   duration_ms: 23.938312
Backend Tests	Run tests	2026-10-07T03:09:30.7571304Z   ...
Backend Tests	Run tests	2026-10-07T03:09:30.7631763Z # Subtest: OAuth approval uses the supplied limiter and configured proxy hop without caching
Backend Tests	Run tests	2026-10-07T03:09:30.7662123Z ok 313 - OAuth approval uses the supplied limiter and configured proxy hop without caching
Backend Tests	Run tests	2026-10-07T03:09:30.7711375Z   ---
Backend Tests	Run tests	2026-10-07T03:09:30.7758560Z   duration_ms: 18.465602
Backend Tests	Run tests	2026-10-07T03:09:30.7781274Z   ...
Backend Tests	Run tests	2026-10-07T03:09:30.7841963Z # Subtest: dynamic registration rejects oversized metadata before persistence
Backend Tests	Run tests	2026-10-07T03:09:30.7871620Z ok 314 - dynamic registration rejects oversized metadata before persistence
Backend Tests	Run tests	2026-10-07T03:09:30.7921272Z   ---
Backend Tests	Run tests	2026-10-07T03:09:30.7949655Z   duration_ms: 29.533175
Backend Tests	Run tests	2026-10-07T03:09:30.7969202Z   ...
Backend Tests	Run tests	2026-10-07T03:09:30.8003001Z # Subtest: dynamic registration rejects insecure non-loopback callbacks before persistence
Backend Tests	Run tests	2026-10-07T03:09:30.8061847Z ok 315 - dynamic registration rejects insecure non-loopback callbacks before persistence
Backend Tests	Run tests	2026-10-07T03:09:30.8109815Z   ---
Backend Tests	Run tests	2026-10-07T03:09:30.8171304Z   duration_ms: 22.298864
Backend Tests	Run tests	2026-10-07T03:09:30.8211285Z   ...
Backend Tests	Run tests	2026-10-07T03:09:30.9562324Z # Subtest: dynamic registration is rate-limited before another client is persisted
Backend Tests	Run tests	2026-10-07T03:09:30.9582800Z ok 316 - dynamic registration is rate-limited before another client is persisted
Backend Tests	Run tests	2026-10-07T03:09:30.9601415Z   ---
Backend Tests	Run tests	2026-10-07T03:09:30.9611369Z   duration_ms: 146.854495
Backend Tests	Run tests	2026-10-07T03:09:30.9631377Z   ...
Backend Tests	Run tests	2026-10-07T03:09:31.1850943Z # Subtest: authorization is rate-limited before another approval request is persisted
Backend Tests	Run tests	2026-10-07T03:09:31.1932021Z ok 317 - authorization is rate-limited before another approval request is persisted
Backend Tests	Run tests	2026-10-07T03:09:31.1961359Z   ---
Backend Tests	Run tests	2026-10-07T03:09:31.2021247Z   duration_ms: 246.854861
Backend Tests	Run tests	2026-10-07T03:09:31.2021642Z   ...
Backend Tests	Run tests	2026-10-07T03:09:31.6325414Z # Subtest: remote MCP completes DCR, PKCE approval, tool use, refresh rotation, replay rejection, and revocation
Backend Tests	Run tests	2026-10-07T03:09:31.6327146Z ok 318 - remote MCP completes DCR, PKCE approval, tool use, refresh rotation, replay rejection, and revocation
Backend Tests	Run tests	2026-10-07T03:09:31.6328076Z   ---
Backend Tests	Run tests	2026-10-07T03:09:31.6328560Z   duration_ms: 212.066394
Backend Tests	Run tests	2026-10-07T03:09:31.6329109Z   ...
Backend Tests	Run tests	2026-10-07T03:09:31.8502246Z # Subtest: MCP OAuth migration separates clients, grants, and short-lived credentials
Backend Tests	Run tests	2026-10-07T03:09:31.8531878Z ok 319 - MCP OAuth migration separates clients, grants, and short-lived credentials
Backend Tests	Run tests	2026-10-07T03:09:31.8561341Z   ---
Backend Tests	Run tests	2026-10-07T03:09:31.8591472Z   duration_ms: 6.839534
Backend Tests	Run tests	2026-10-07T03:09:31.8647299Z   ...
Backend Tests	Run tests	2026-10-07T03:09:31.8701945Z # Subtest: MCP OAuth migration persists purpose-bound hashes instead of bearer credentials
Backend Tests	Run tests	2026-10-07T03:09:31.8716197Z ok 320 - MCP OAuth migration persists purpose-bound hashes instead of bearer credentials
Backend Tests	Run tests	2026-10-07T03:09:31.8741358Z   ---
Backend Tests	Run tests	2026-10-07T03:09:31.8762212Z   duration_ms: 0.702329
Backend Tests	Run tests	2026-10-07T03:09:31.8762782Z   ...
Backend Tests	Run tests	2026-10-07T03:09:31.8763630Z # Subtest: MCP OAuth migration preserves exact resource and scopes on every grant credential
Backend Tests	Run tests	2026-10-07T03:09:31.8764784Z ok 321 - MCP OAuth migration preserves exact resource and scopes on every grant credential
Backend Tests	Run tests	2026-10-07T03:09:31.8765526Z   ---
Backend Tests	Run tests	2026-10-07T03:09:31.8766063Z   duration_ms: 0.512204
Backend Tests	Run tests	2026-10-07T03:09:31.8766445Z   ...
Backend Tests	Run tests	2026-10-07T03:09:31.8767376Z # Subtest: MCP OAuth stores a hashed, ten-minute approval credential for an exact resource
Backend Tests	Run tests	2026-10-07T03:09:31.8768459Z ok 322 - MCP OAuth stores a hashed, ten-minute approval credential for an exact resource
Backend Tests	Run tests	2026-10-07T03:09:31.8820519Z   ---
Backend Tests	Run tests	2026-10-07T03:09:31.8821338Z   duration_ms: 7518.999701
Backend Tests	Run tests	2026-10-07T03:09:31.8821791Z   ...
Backend Tests	Run tests	2026-10-07T03:09:31.8822396Z # Subtest: MCP OAuth dynamic client persistence strips client secrets
Backend Tests	Run tests	2026-10-07T03:09:31.8823239Z ok 323 - MCP OAuth dynamic client persistence strips client secrets
Backend Tests	Run tests	2026-10-07T03:09:31.8823805Z   ---
Backend Tests	Run tests	2026-10-07T03:09:31.8824172Z   duration_ms: 63.667496
Backend Tests	Run tests	2026-10-07T03:09:31.8824577Z   ...
Backend Tests	Run tests	2026-10-07T03:09:31.8825252Z # Subtest: MCP OAuth uses different purpose-bound hashes for the same token text
Backend Tests	Run tests	2026-10-07T03:09:31.8826224Z ok 324 - MCP OAuth uses different purpose-bound hashes for the same token text
Backend Tests	Run tests	2026-10-07T03:09:31.8826862Z   ---
Backend Tests	Run tests	2026-10-07T03:09:31.8827621Z   duration_ms: 47.124057
Backend Tests	Run tests	2026-10-07T03:09:31.8828023Z   ...
Backend Tests	Run tests	2026-10-07T03:09:31.8828849Z # Subtest: MCP OAuth revokes the entire grant when refresh-token replay wins a race
Backend Tests	Run tests	2026-10-07T03:09:31.8829820Z ok 325 - MCP OAuth revokes the entire grant when refresh-token replay wins a race
Backend Tests	Run tests	2026-10-07T03:09:31.8830444Z   ---
Backend Tests	Run tests	2026-10-07T03:09:31.8831009Z   duration_ms: 33.007375
Backend Tests	Run tests	2026-10-07T03:09:31.8831411Z   ...
Backend Tests	Run tests	2026-10-07T03:09:31.8832146Z # Subtest: MCP OAuth refresh rotation prunes only expired credentials for the active grant
Backend Tests	Run tests	2026-10-07T03:09:31.8833207Z ok 326 - MCP OAuth refresh rotation prunes only expired credentials for the active grant
Backend Tests	Run tests	2026-10-07T03:09:31.8833878Z   ---
Backend Tests	Run tests	2026-10-07T03:09:31.8834338Z   duration_ms: 35.905061
Backend Tests	Run tests	2026-10-07T03:09:31.8834729Z   ...
Backend Tests	Run tests	2026-10-07T03:09:31.8835594Z # Subtest: MCP OAuth approval cannot create a code after the security version changes with the same password hash
Backend Tests	Run tests	2026-10-07T03:09:31.8836908Z ok 327 - MCP OAuth approval cannot create a code after the security version changes with the same password hash
Backend Tests	Run tests	2026-10-07T03:09:31.8837683Z   ---
Backend Tests	Run tests	2026-10-07T03:09:31.8838041Z   duration_ms: 59.079601
Backend Tests	Run tests	2026-10-07T03:09:31.8838431Z   ...
Backend Tests	Run tests	2026-10-07T03:09:40.3051082Z # Subtest: MCP food snapshot groups local days and averages only COMPLETE days
Backend Tests	Run tests	2026-10-07T03:09:40.3132762Z ok 328 - MCP food snapshot groups local days and averages only COMPLETE days
Backend Tests	Run tests	2026-10-07T03:09:40.3142099Z   ---
Backend Tests	Run tests	2026-10-07T03:09:40.3155689Z   duration_ms: 35.935624
Backend Tests	Run tests	2026-10-07T03:09:40.3156117Z   ...
Backend Tests	Run tests	2026-10-07T03:09:40.3157048Z # Subtest: MCP weight snapshot excludes future rows and returns the canonical trend in the preferred unit
Backend Tests	Run tests	2026-10-07T03:09:40.3172439Z ok 329 - MCP weight snapshot excludes future rows and returns the canonical trend in the preferred unit
Backend Tests	Run tests	2026-10-07T03:09:40.3201127Z   ---
Backend Tests	Run tests	2026-10-07T03:09:40.3226171Z   duration_ms: 6.91929
Backend Tests	Run tests	2026-10-07T03:09:40.3243559Z   ...
Backend Tests	Run tests	2026-10-07T03:09:40.3280265Z # Subtest: MCP weight snapshot nulls the pace when evidence is outdated and clamps the requested range
Backend Tests	Run tests	2026-10-07T03:09:40.3281697Z ok 330 - MCP weight snapshot nulls the pace when evidence is outdated and clamps the requested range
Backend Tests	Run tests	2026-10-07T03:09:40.3311117Z   ---
Backend Tests	Run tests	2026-10-07T03:09:40.3321008Z   duration_ms: 0.968427
Backend Tests	Run tests	2026-10-07T03:09:40.3371106Z   ...
Backend Tests	Run tests	2026-10-07T03:09:40.3904110Z # Subtest: mealPeriod: parseMealPeriod accepts canonical enum identifiers
Backend Tests	Run tests	2026-10-07T03:09:40.3977751Z ok 331 - mealPeriod: parseMealPeriod accepts canonical enum identifiers
Backend Tests	Run tests	2026-10-07T03:09:40.4002564Z   ---
Backend Tests	Run tests	2026-10-07T03:09:40.4004623Z   duration_ms: 1.670702
Backend Tests	Run tests	2026-10-07T03:09:40.4005150Z   ...
Backend Tests	Run tests	2026-10-07T03:09:40.4005796Z # Subtest: mealPeriod: parseMealPeriod rejects invalid inputs
Backend Tests	Run tests	2026-10-07T03:09:40.4006641Z ok 332 - mealPeriod: parseMealPeriod rejects invalid inputs
Backend Tests	Run tests	2026-10-07T03:09:40.4007259Z   ---
Backend Tests	Run tests	2026-10-07T03:09:40.4007670Z   duration_ms: 0.21889
Backend Tests	Run tests	2026-10-07T03:09:40.4008108Z   ...
Backend Tests	Run tests	2026-10-07T03:09:40.4008821Z # Subtest: canonical goal progress mirrors loss and gain and bounds overshoot
Backend Tests	Run tests	2026-10-07T03:09:40.4009803Z ok 333 - canonical goal progress mirrors loss and gain and bounds overshoot
Backend Tests	Run tests	2026-10-07T03:09:40.4010531Z   ---
Backend Tests	Run tests	2026-10-07T03:09:40.4011238Z   duration_ms: 1.594704
Backend Tests	Run tests	2026-10-07T03:09:40.4048684Z   ...
Backend Tests	Run tests	2026-10-07T03:09:40.4049696Z # Subtest: canonical maintenance progress remains ongoing and neutral
Backend Tests	Run tests	2026-10-07T03:09:40.4050822Z ok 334 - canonical maintenance progress remains ongoing and neutral
Backend Tests	Run tests	2026-10-07T03:09:40.4051429Z   ---
Backend Tests	Run tests	2026-10-07T03:09:40.4051839Z   duration_ms: 0.785775
Backend Tests	Run tests	2026-10-07T03:09:40.4052272Z   ...
Backend Tests	Run tests	2026-10-07T03:09:40.4053070Z # Subtest: metric progress recognizes a first current-day measurement but not backfills or unchanged saves
Backend Tests	Run tests	2026-10-07T03:09:40.4054348Z ok 335 - metric progress recognizes a first current-day measurement but not backfills or unchanged saves
Backend Tests	Run tests	2026-10-07T03:09:40.4055118Z   ---
Backend Tests	Run tests	2026-10-07T03:09:40.4055507Z   duration_ms: 0.448822
Backend Tests	Run tests	2026-10-07T03:09:40.4055920Z   ...
Backend Tests	Run tests	2026-10-07T03:09:40.4056628Z # Subtest: metric progress reports a historical save against the latest retained weigh-in
Backend Tests	Run tests	2026-10-07T03:09:40.4058070Z ok 336 - metric progress reports a historical save against the latest retained weigh-in
Backend Tests	Run tests	2026-10-07T03:09:40.4058895Z   ---
Backend Tests	Run tests	2026-10-07T03:09:40.4059278Z   duration_ms: 0.651571
Backend Tests	Run tests	2026-10-07T03:09:40.4059694Z   ...
Backend Tests	Run tests	2026-10-07T03:09:40.4060419Z # Subtest: metric progress reports only the highest newly crossed percentage milestone
Backend Tests	Run tests	2026-10-07T03:09:40.4061640Z ok 337 - metric progress reports only the highest newly crossed percentage milestone
Backend Tests	Run tests	2026-10-07T03:09:40.4062283Z   ---
Backend Tests	Run tests	2026-10-07T03:09:40.4062668Z   duration_ms: 0.301189
Backend Tests	Run tests	2026-10-07T03:09:40.4063081Z   ...
Backend Tests	Run tests	2026-10-07T03:09:40.4063832Z # Subtest: metric progress recognizes each percentage threshold inclusively and only once
Backend Tests	Run tests	2026-10-07T03:09:40.4064927Z ok 338 - metric progress recognizes each percentage threshold inclusively and only once
Backend Tests	Run tests	2026-10-07T03:09:40.4065645Z   ---
Backend Tests	Run tests	2026-10-07T03:09:40.4066008Z   duration_ms: 0.499008
Backend Tests	Run tests	2026-10-07T03:09:40.4066410Z   ...
Backend Tests	Run tests	2026-10-07T03:09:40.4067253Z # Subtest: metric progress prioritizes exact or overshot goal completion and records the reached date
Backend Tests	Run tests	2026-10-07T03:09:40.4068468Z ok 339 - metric progress prioritizes exact or overshot goal completion and records the reached date
Backend Tests	Run tests	2026-10-07T03:09:40.4069168Z   ---
Backend Tests	Run tests	2026-10-07T03:09:40.4069537Z   duration_ms: 0.256524
Backend Tests	Run tests	2026-10-07T03:09:40.4069928Z   ...
Backend Tests	Run tests	2026-10-07T03:09:40.4070601Z # Subtest: metric progress preserves an earlier reached date after later fluctuation
Backend Tests	Run tests	2026-10-07T03:09:40.4071707Z ok 340 - metric progress preserves an earlier reached date after later fluctuation
Backend Tests	Run tests	2026-10-07T03:09:40.4072367Z   ---
Backend Tests	Run tests	2026-10-07T03:09:40.4072747Z   duration_ms: 0.224419
Backend Tests	Run tests	2026-10-07T03:09:40.4073151Z   ...
Backend Tests	Run tests	2026-10-07T03:09:40.4073857Z # Subtest: metric progress removes completion when the only reached value is edited away
Backend Tests	Run tests	2026-10-07T03:09:40.4074891Z ok 341 - metric progress removes completion when the only reached value is edited away
Backend Tests	Run tests	2026-10-07T03:09:40.4075524Z   ---
Backend Tests	Run tests	2026-10-07T03:09:40.4075846Z   duration_ms: 0.280335
Backend Tests	Run tests	2026-10-07T03:09:40.4076249Z   ...
Backend Tests	Run tests	2026-10-07T03:09:40.4077006Z # Subtest: metric progress recognizes unit-specific weight increments before a meaningful best
Backend Tests	Run tests	2026-10-07T03:09:40.4078244Z ok 342 - metric progress recognizes unit-specific weight increments before a meaningful best
Backend Tests	Run tests	2026-10-07T03:09:40.4078957Z   ---
Backend Tests	Run tests	2026-10-07T03:09:40.4079347Z   duration_ms: 0.302796
Backend Tests	Run tests	2026-10-07T03:09:40.4079751Z   ...
Backend Tests	Run tests	2026-10-07T03:09:40.4080441Z # Subtest: metric progress mirrors meaningful new best recognition for loss and gain
Backend Tests	Run tests	2026-10-07T03:09:40.4081762Z ok 343 - metric progress mirrors meaningful new best recognition for loss and gain
Backend Tests	Run tests	2026-10-07T03:09:40.4082418Z   ---
Backend Tests	Run tests	2026-10-07T03:09:40.4082782Z   duration_ms: 0.188605
Backend Tests	Run tests	2026-10-07T03:09:40.4083181Z   ...
Backend Tests	Run tests	2026-10-07T03:09:40.4083830Z # Subtest: metric progress keeps maintenance and ordinary regressions neutral
Backend Tests	Run tests	2026-10-07T03:09:40.4084731Z ok 344 - metric progress keeps maintenance and ordinary regressions neutral
Backend Tests	Run tests	2026-10-07T03:09:40.4085334Z   ---
Backend Tests	Run tests	2026-10-07T03:09:40.4085701Z   duration_ms: 0.267466
Backend Tests	Run tests	2026-10-07T03:09:40.4086117Z   ...
Backend Tests	Run tests	2026-10-07T03:09:40.4086826Z # Subtest: metric progress ignores achievements before the active goal local creation date
Backend Tests	Run tests	2026-10-07T03:09:40.4087892Z ok 345 - metric progress ignores achievements before the active goal local creation date
Backend Tests	Run tests	2026-10-07T03:09:40.4088564Z   ---
Backend Tests	Run tests	2026-10-07T03:09:40.4088936Z   duration_ms: 0.135114
Backend Tests	Run tests	2026-10-07T03:09:40.4089337Z   ...
Backend Tests	Run tests	2026-10-07T03:09:41.3161669Z # Subtest: actual disk journal resumes successful imports without resubmitting the account
Backend Tests	Run tests	2026-10-07T03:09:41.3162989Z ok 346 - actual disk journal resumes successful imports without resubmitting the account
Backend Tests	Run tests	2026-10-07T03:09:41.3191663Z   ---
Backend Tests	Run tests	2026-10-07T03:09:41.3226488Z   duration_ms: 17.405807
Backend Tests	Run tests	2026-10-07T03:09:41.3231586Z   ...
Backend Tests	Run tests	2026-10-07T03:09:41.3252110Z # Subtest: persisted import intent survives a failed process operation and requires reconciliation
Backend Tests	Run tests	2026-10-07T03:09:41.3253600Z ok 347 - persisted import intent survives a failed process operation and requires reconciliation
Backend Tests	Run tests	2026-10-07T03:09:41.3254899Z   ---
Backend Tests	Run tests	2026-10-07T03:09:41.3255332Z   duration_ms: 4.04617
Backend Tests	Run tests	2026-10-07T03:09:41.3255962Z   ...
Backend Tests	Run tests	2026-10-07T03:09:41.3256772Z # Subtest: journal excludes concurrent importers and refuses stale locks
Backend Tests	Run tests	2026-10-07T03:09:41.3257815Z ok 348 - journal excludes concurrent importers and refuses stale locks
Backend Tests	Run tests	2026-10-07T03:09:41.3258816Z   ---
Backend Tests	Run tests	2026-10-07T03:09:41.3259233Z   duration_ms: 1.951111
Backend Tests	Run tests	2026-10-07T03:09:41.3259630Z   ...
Backend Tests	Run tests	2026-10-07T03:09:41.3260471Z # Subtest: abrupt process exit retains both import intent and lock instead of allowing an automatic retry
Backend Tests	Run tests	2026-10-07T03:09:41.3261804Z ok 349 - abrupt process exit retains both import intent and lock instead of allowing an automatic retry
Backend Tests	Run tests	2026-10-07T03:09:41.3262583Z   ---
Backend Tests	Run tests	2026-10-07T03:09:41.3262994Z   duration_ms: 3245.305178
Backend Tests	Run tests	2026-10-07T03:09:41.3263409Z   ...
Backend Tests	Run tests	2026-10-07T03:09:41.3264258Z # Subtest: journal refuses wrong manifests, torn records and attempts to rewind successful imports
Backend Tests	Run tests	2026-10-07T03:09:41.3265478Z ok 350 - journal refuses wrong manifests, torn records and attempts to rewind successful imports
Backend Tests	Run tests	2026-10-07T03:09:41.3266255Z   ---
Backend Tests	Run tests	2026-10-07T03:09:41.3266596Z   duration_ms: 8.379634
Backend Tests	Run tests	2026-10-07T03:09:41.3266972Z   ...
Backend Tests	Run tests	2026-10-07T03:09:41.3491995Z # Subtest: mobile auth middleware lets expired-bearer logout revoke by refresh token
Backend Tests	Run tests	2026-10-07T03:09:41.3501627Z ok 351 - mobile auth middleware lets expired-bearer logout revoke by refresh token
Backend Tests	Run tests	2026-10-07T03:09:41.3521509Z   ---
Backend Tests	Run tests	2026-10-07T03:09:41.3522012Z   duration_ms: 2992.700451
Backend Tests	Run tests	2026-10-07T03:09:41.3522478Z   ...
Backend Tests	Run tests	2026-10-07T03:09:41.3523298Z # Subtest: mobile auth middleware still rejects expired bearer tokens on protected routes
Backend Tests	Run tests	2026-10-07T03:09:41.3524488Z ok 352 - mobile auth middleware still rejects expired bearer tokens on protected routes
Backend Tests	Run tests	2026-10-07T03:09:41.3525228Z   ---
Backend Tests	Run tests	2026-10-07T03:09:41.3525622Z   duration_ms: 14.559157
Backend Tests	Run tests	2026-10-07T03:09:41.3526045Z   ...
Backend Tests	Run tests	2026-10-07T03:09:41.3526807Z # Subtest: mobile auth middleware exposes trusted session and device identity
Backend Tests	Run tests	2026-10-07T03:09:41.3527774Z ok 353 - mobile auth middleware exposes trusted session and device identity
Backend Tests	Run tests	2026-10-07T03:09:41.3528434Z   ---
Backend Tests	Run tests	2026-10-07T03:09:41.3528799Z   duration_ms: 7.411815
Backend Tests	Run tests	2026-10-07T03:09:41.3529194Z   ...
Backend Tests	Run tests	2026-10-07T03:09:41.3529834Z # Subtest: Wear bearer sessions are centrally denied from generic and export APIs
Backend Tests	Run tests	2026-10-07T03:09:41.3530902Z ok 354 - Wear bearer sessions are centrally denied from generic and export APIs
Backend Tests	Run tests	2026-10-07T03:09:41.3531577Z   ---
Backend Tests	Run tests	2026-10-07T03:09:41.3531944Z   duration_ms: 30.944929
Backend Tests	Run tests	2026-10-07T03:09:41.3532335Z   ...
Backend Tests	Run tests	2026-10-07T03:09:41.3532947Z # Subtest: Wear bearer sessions can use watch APIs and limited session self-management
Backend Tests	Run tests	2026-10-07T03:09:41.3533777Z ok 355 - Wear bearer sessions can use watch APIs and limited session self-management
Backend Tests	Run tests	2026-10-07T03:09:41.3534322Z   ---
Backend Tests	Run tests	2026-10-07T03:09:41.3534580Z   duration_ms: 38.445732
Backend Tests	Run tests	2026-10-07T03:09:41.3534919Z   ...
Backend Tests	Run tests	2026-10-07T03:09:41.3535495Z # Subtest: Wear bearer sessions cannot revoke other sessions or revoke all others
Backend Tests	Run tests	2026-10-07T03:09:41.3536392Z ok 356 - Wear bearer sessions cannot revoke other sessions or revoke all others
Backend Tests	Run tests	2026-10-07T03:09:41.3536925Z   ---
Backend Tests	Run tests	2026-10-07T03:09:41.3537185Z   duration_ms: 35.392784
Backend Tests	Run tests	2026-10-07T03:09:41.3537489Z   ...
Backend Tests	Run tests	2026-10-07T03:09:44.3936421Z # Subtest: mobile auth parses Android device metadata
Backend Tests	Run tests	2026-10-07T03:09:44.3961988Z ok 357 - mobile auth parses Android device metadata
Backend Tests	Run tests	2026-10-07T03:09:44.3991453Z   ---
Backend Tests	Run tests	2026-10-07T03:09:44.4021332Z   duration_ms: 5054.027459
Backend Tests	Run tests	2026-10-07T03:09:44.4022028Z   ...
Backend Tests	Run tests	2026-10-07T03:09:44.4051747Z # Subtest: mobile auth parses iPhone and iPad device metadata
Backend Tests	Run tests	2026-10-07T03:09:44.4101530Z ok 358 - mobile auth parses iPhone and iPad device metadata
Backend Tests	Run tests	2026-10-07T03:09:44.4167914Z   ---
Backend Tests	Run tests	2026-10-07T03:09:44.4181315Z   duration_ms: 57.602074
Backend Tests	Run tests	2026-10-07T03:09:44.4189500Z   ...
Backend Tests	Run tests	2026-10-07T03:09:44.4190438Z # Subtest: Wear pairing origins require HTTPS except on Android-approved local and private hosts
Backend Tests	Run tests	2026-10-07T03:09:44.4191923Z ok 359 - Wear pairing origins require HTTPS except on Android-approved local and private hosts
Backend Tests	Run tests	2026-10-07T03:09:44.4193217Z   ---
Backend Tests	Run tests	2026-10-07T03:09:44.4193829Z   duration_ms: 35.654309
Backend Tests	Run tests	2026-10-07T03:09:44.4194262Z   ...
Backend Tests	Run tests	2026-10-07T03:09:44.4195148Z # Subtest: mobile auth issues a short-lived hashed Wear credential only from an active phone session
Backend Tests	Run tests	2026-10-07T03:09:44.4196381Z ok 360 - mobile auth issues a short-lived hashed Wear credential only from an active phone session
Backend Tests	Run tests	2026-10-07T03:09:44.4197095Z   ---
Backend Tests	Run tests	2026-10-07T03:09:44.4197459Z   duration_ms: 36.579544
Backend Tests	Run tests	2026-10-07T03:09:44.4197838Z   ...
Backend Tests	Run tests	2026-10-07T03:09:44.4198587Z # Subtest: Wear pairing issuance permits concurrent tickets while pruning overflow and stale rows
Backend Tests	Run tests	2026-10-07T03:09:44.4199614Z ok 361 - Wear pairing issuance permits concurrent tickets while pruning overflow and stale rows
Backend Tests	Run tests	2026-10-07T03:09:44.4200299Z   ---
Backend Tests	Run tests	2026-10-07T03:09:44.4200834Z   duration_ms: 46.481343
Backend Tests	Run tests	2026-10-07T03:09:44.4201327Z   ...
Backend Tests	Run tests	2026-10-07T03:09:44.4202242Z # Subtest: mobile auth exchanges a pairing token once for a Wear OS session bound to the same server
Backend Tests	Run tests	2026-10-07T03:09:44.4203554Z ok 362 - mobile auth exchanges a pairing token once for a Wear OS session bound to the same server
Backend Tests	Run tests	2026-10-07T03:09:44.4204412Z   ---
Backend Tests	Run tests	2026-10-07T03:09:44.4204851Z   duration_ms: 54.287743
Backend Tests	Run tests	2026-10-07T03:09:44.4205326Z   ...
Backend Tests	Run tests	2026-10-07T03:09:44.4206330Z # Subtest: mobile auth rejects cross-server or revoked-phone Wear exchanges without consuming the token
Backend Tests	Run tests	2026-10-07T03:09:44.4207508Z ok 363 - mobile auth rejects cross-server or revoked-phone Wear exchanges without consuming the token
Backend Tests	Run tests	2026-10-07T03:09:44.4208181Z   ---
Backend Tests	Run tests	2026-10-07T03:09:44.4208548Z   duration_ms: 47.650045
Backend Tests	Run tests	2026-10-07T03:09:44.4208937Z   ...
Backend Tests	Run tests	2026-10-07T03:09:44.4209663Z # Subtest: mobile auth rejects invalid Wear challenge signatures without consuming the credential
Backend Tests	Run tests	2026-10-07T03:09:44.4210855Z ok 364 - mobile auth rejects invalid Wear challenge signatures without consuming the credential
Backend Tests	Run tests	2026-10-07T03:09:44.4211635Z   ---
Backend Tests	Run tests	2026-10-07T03:09:44.4211934Z   duration_ms: 28.270232
Backend Tests	Run tests	2026-10-07T03:09:44.4212249Z   ...
Backend Tests	Run tests	2026-10-07T03:09:44.4212960Z # Subtest: expired consumed Wear retries return expiry without revoking the created session
Backend Tests	Run tests	2026-10-07T03:09:44.4213952Z ok 365 - expired consumed Wear retries return expiry without revoking the created session
Backend Tests	Run tests	2026-10-07T03:09:44.4214577Z   ---
Backend Tests	Run tests	2026-10-07T03:09:44.4214896Z   duration_ms: 43.468656
Backend Tests	Run tests	2026-10-07T03:09:44.4215247Z   ...
Backend Tests	Run tests	2026-10-07T03:09:44.4215742Z # Subtest: mobile auth issues hashed opaque session tokens
Backend Tests	Run tests	2026-10-07T03:09:44.4216432Z ok 366 - mobile auth issues hashed opaque session tokens
Backend Tests	Run tests	2026-10-07T03:09:44.4216947Z   ---
Backend Tests	Run tests	2026-10-07T03:09:44.4217290Z   duration_ms: 28.392879
Backend Tests	Run tests	2026-10-07T03:09:44.4217675Z   ...
Backend Tests	Run tests	2026-10-07T03:09:44.4218299Z # Subtest: mobile auth validates bearer access tokens and hydrates the client user
Backend Tests	Run tests	2026-10-07T03:09:44.4219214Z ok 367 - mobile auth validates bearer access tokens and hydrates the client user
Backend Tests	Run tests	2026-10-07T03:09:44.4219979Z   ---
Backend Tests	Run tests	2026-10-07T03:09:44.4220345Z   duration_ms: 40.857135
Backend Tests	Run tests	2026-10-07T03:09:44.4220877Z   ...
Backend Tests	Run tests	2026-10-07T03:09:44.4221513Z # Subtest: Wear bearer authentication exposes only the reduced principal
Backend Tests	Run tests	2026-10-07T03:09:44.4222351Z ok 368 - Wear bearer authentication exposes only the reduced principal
Backend Tests	Run tests	2026-10-07T03:09:44.4222916Z   ---
Backend Tests	Run tests	2026-10-07T03:09:44.4223247Z   duration_ms: 39.525674
Backend Tests	Run tests	2026-10-07T03:09:44.4223628Z   ...
Backend Tests	Run tests	2026-10-07T03:09:44.4224335Z # Subtest: mobile auth allows exactly one successor for concurrent refresh-token replays
Backend Tests	Run tests	2026-10-07T03:09:44.4225367Z ok 369 - mobile auth allows exactly one successor for concurrent refresh-token replays
Backend Tests	Run tests	2026-10-07T03:09:44.4225978Z   ---
Backend Tests	Run tests	2026-10-07T03:09:44.4226286Z   duration_ms: 29.874476
Backend Tests	Run tests	2026-10-07T03:09:44.4226637Z   ...
Backend Tests	Run tests	2026-10-07T03:09:44.4227128Z # Subtest: Wear refresh returns only the reduced principal
Backend Tests	Run tests	2026-10-07T03:09:44.4227759Z ok 370 - Wear refresh returns only the reduced principal
Backend Tests	Run tests	2026-10-07T03:09:44.4228245Z   ---
Backend Tests	Run tests	2026-10-07T03:09:44.4228558Z   duration_ms: 27.909725
Backend Tests	Run tests	2026-10-07T03:09:44.4228872Z   ...
Backend Tests	Run tests	2026-10-07T03:09:44.4229444Z # Subtest: mobile auth logout revokes push subscriptions bound to the session
Backend Tests	Run tests	2026-10-07T03:09:44.4230949Z ok 371 - mobile auth logout revokes push subscriptions bound to the session
Backend Tests	Run tests	2026-10-07T03:09:44.4231569Z   ---
Backend Tests	Run tests	2026-10-07T03:09:44.4231874Z   duration_ms: 24.94871
Backend Tests	Run tests	2026-10-07T03:09:44.4232216Z   ...
Backend Tests	Run tests	2026-10-07T03:09:44.4232831Z # Subtest: mobile auth lists only safe session metadata and marks the current device
Backend Tests	Run tests	2026-10-07T03:09:44.4233734Z ok 372 - mobile auth lists only safe session metadata and marks the current device
Backend Tests	Run tests	2026-10-07T03:09:44.4234299Z   ---
Backend Tests	Run tests	2026-10-07T03:09:44.4234608Z   duration_ms: 22.12555
Backend Tests	Run tests	2026-10-07T03:09:44.4234969Z   ...
Backend Tests	Run tests	2026-10-07T03:09:44.4235506Z # Subtest: mobile auth cannot revoke a session owned by another user
Backend Tests	Run tests	2026-10-07T03:09:44.4236313Z ok 373 - mobile auth cannot revoke a session owned by another user
Backend Tests	Run tests	2026-10-07T03:09:44.4236859Z   ---
Backend Tests	Run tests	2026-10-07T03:09:44.4237209Z   duration_ms: 22.066137
Backend Tests	Run tests	2026-10-07T03:09:44.4237597Z   ...
Backend Tests	Run tests	2026-10-07T03:09:44.4238413Z # Subtest: verified mobile issuance rejects stale credentials before reading account or creating tokens
Backend Tests	Run tests	2026-10-07T03:09:44.4239603Z ok 374 - verified mobile issuance rejects stale credentials before reading account or creating tokens
Backend Tests	Run tests	2026-10-07T03:09:44.4240331Z   ---
Backend Tests	Run tests	2026-10-07T03:09:44.4240938Z   duration_ms: 19.70641
Backend Tests	Run tests	2026-10-07T03:09:44.4241509Z   ...
Backend Tests	Run tests	2026-10-07T03:09:44.4242345Z # Subtest: verified mobile issuance preserves restricted access and returns only after commit
Backend Tests	Run tests	2026-10-07T03:09:44.4243599Z ok 375 - verified mobile issuance preserves restricted access and returns only after commit
Backend Tests	Run tests	2026-10-07T03:09:44.4244385Z   ---
Backend Tests	Run tests	2026-10-07T03:09:44.4244824Z   duration_ms: 19.346587
Backend Tests	Run tests	2026-10-07T03:09:44.4245311Z   ...
Backend Tests	Run tests	2026-10-07T03:09:44.4246093Z # Subtest: verified mobile issuance propagates transaction failure without returning credentials
Backend Tests	Run tests	2026-10-07T03:09:44.4247288Z ok 376 - verified mobile issuance propagates transaction failure without returning credentials
Backend Tests	Run tests	2026-10-07T03:09:44.4248077Z   ---
Backend Tests	Run tests	2026-10-07T03:09:44.4248537Z   duration_ms: 35.473584
Backend Tests	Run tests	2026-10-07T03:09:44.4249018Z   ...
Backend Tests	Run tests	2026-10-07T03:09:49.9485589Z # Subtest: PostgreSQL orders verified native issuance against credential changes and deletion
Backend Tests	Run tests	2026-10-07T03:09:49.9501791Z     # Subtest: password commits first: stale verified login creates no session
Backend Tests	Run tests	2026-10-07T03:09:49.9512596Z     ok 1 - password commits first: stale verified login creates no session
Backend Tests	Run tests	2026-10-07T03:09:49.9513432Z       ---
Backend Tests	Run tests	2026-10-07T03:09:49.9513995Z       duration_ms: 508.773395
Backend Tests	Run tests	2026-10-07T03:09:49.9514641Z       ...
Backend Tests	Run tests	2026-10-07T03:09:50.0592372Z     # Subtest: issuance commits first: later password revokes or cascades its session
Backend Tests	Run tests	2026-10-07T03:09:50.0643944Z     ok 2 - issuance commits first: later password revokes or cascades its session
Backend Tests	Run tests	2026-10-07T03:09:50.0645654Z       ---
Backend Tests	Run tests	2026-10-07T03:09:50.0671471Z       duration_ms: 112.641732
Backend Tests	Run tests	2026-10-07T03:09:50.0701434Z       ...
Backend Tests	Run tests	2026-10-07T03:09:50.1346897Z     # Subtest: delete commits first: stale verified login creates no session
Backend Tests	Run tests	2026-10-07T03:09:50.1371685Z     ok 3 - delete commits first: stale verified login creates no session
Backend Tests	Run tests	2026-10-07T03:09:50.1401573Z       ---
Backend Tests	Run tests	2026-10-07T03:09:50.1431300Z       duration_ms: 75.354986
Backend Tests	Run tests	2026-10-07T03:09:50.1511300Z       ...
Backend Tests	Run tests	2026-10-07T03:09:50.1571627Z     # Subtest: issuance commits first: later delete revokes or cascades its session
Backend Tests	Run tests	2026-10-07T03:09:50.1601591Z     ok 4 - issuance commits first: later delete revokes or cascades its session
Backend Tests	Run tests	2026-10-07T03:09:50.1630847Z       ---
Backend Tests	Run tests	2026-10-07T03:09:50.1669636Z       duration_ms: 22.923851
Backend Tests	Run tests	2026-10-07T03:09:50.1683286Z       ...
Backend Tests	Run tests	2026-10-07T03:09:50.1889645Z     # Subtest: commit failure rolls back the session without returning tokens
Backend Tests	Run tests	2026-10-07T03:09:50.1951748Z     ok 5 - commit failure rolls back the session without returning tokens
Backend Tests	Run tests	2026-10-07T03:09:50.1976387Z       ---
Backend Tests	Run tests	2026-10-07T03:09:50.2001347Z       duration_ms: 22.585069
Backend Tests	Run tests	2026-10-07T03:09:50.2031124Z       ...
Backend Tests	Run tests	2026-10-07T03:09:50.3732893Z     1..5
Backend Tests	Run tests	2026-10-07T03:09:50.3792021Z ok 377 - PostgreSQL orders verified native issuance against credential changes and deletion
Backend Tests	Run tests	2026-10-07T03:09:50.3841318Z   ---
Backend Tests	Run tests	2026-10-07T03:09:50.3842395Z   duration_ms: 9667.79053
Backend Tests	Run tests	2026-10-07T03:09:50.3941375Z   ...
Backend Tests	Run tests	2026-10-07T03:09:50.4374666Z # Subtest: myFoodsRecipeUtils: parseMyFoodIngredientInput validates ids and quantities
Backend Tests	Run tests	2026-10-07T03:09:50.4376074Z ok 378 - myFoodsRecipeUtils: parseMyFoodIngredientInput validates ids and quantities
Backend Tests	Run tests	2026-10-07T03:09:50.4376997Z   ---
Backend Tests	Run tests	2026-10-07T03:09:50.4377588Z   duration_ms: 2.494414
Backend Tests	Run tests	2026-10-07T03:09:50.4378093Z   ...
Backend Tests	Run tests	2026-10-07T03:09:50.4379126Z # Subtest: myFoodsRecipeUtils: buildExternalIngredientSnapshotRow validates required fields and normalizes optionals
Backend Tests	Run tests	2026-10-07T03:09:50.4380558Z ok 379 - myFoodsRecipeUtils: buildExternalIngredientSnapshotRow validates required fields and normalizes optionals
Backend Tests	Run tests	2026-10-07T03:09:50.4381734Z   ---
Backend Tests	Run tests	2026-10-07T03:09:50.4382199Z   duration_ms: 0.595009
Backend Tests	Run tests	2026-10-07T03:09:50.4382633Z   ...
Backend Tests	Run tests	2026-10-07T03:09:50.4383410Z # Subtest: myFoodsRecipeUtils: buildExternalIngredientSnapshotRow rejects invalid inputs
Backend Tests	Run tests	2026-10-07T03:09:50.4384581Z ok 380 - myFoodsRecipeUtils: buildExternalIngredientSnapshotRow rejects invalid inputs
Backend Tests	Run tests	2026-10-07T03:09:50.4385364Z   ---
Backend Tests	Run tests	2026-10-07T03:09:50.4385777Z   duration_ms: 3.225991
Backend Tests	Run tests	2026-10-07T03:09:50.4386213Z   ...
Backend Tests	Run tests	2026-10-07T03:09:50.4387062Z # Subtest: myFoodsRecipeUtils: buildFoodLogIngredientSnapshotRow preserves every historical snapshot
Backend Tests	Run tests	2026-10-07T03:09:50.4388147Z ok 381 - myFoodsRecipeUtils: buildFoodLogIngredientSnapshotRow preserves every historical snapshot
Backend Tests	Run tests	2026-10-07T03:09:50.4388872Z   ---
Backend Tests	Run tests	2026-10-07T03:09:50.4389247Z   duration_ms: 0.327122
Backend Tests	Run tests	2026-10-07T03:09:50.4389670Z   ...
Backend Tests	Run tests	2026-10-07T03:09:50.4390387Z # Subtest: myFoodsUtils: normalizeServingUnitLabel trims and collapses whitespace
Backend Tests	Run tests	2026-10-07T03:09:50.4391721Z ok 382 - myFoodsUtils: normalizeServingUnitLabel trims and collapses whitespace
Backend Tests	Run tests	2026-10-07T03:09:50.4392404Z   ---
Backend Tests	Run tests	2026-10-07T03:09:50.4392761Z   duration_ms: 1.695278
Backend Tests	Run tests	2026-10-07T03:09:50.4393186Z   ...
Backend Tests	Run tests	2026-10-07T03:09:50.4393871Z # Subtest: myFoodsUtils: normalizeServingUnitLabel enforces max length
Backend Tests	Run tests	2026-10-07T03:09:50.4394773Z ok 383 - myFoodsUtils: normalizeServingUnitLabel enforces max length
Backend Tests	Run tests	2026-10-07T03:09:50.4395342Z   ---
Backend Tests	Run tests	2026-10-07T03:09:50.4395703Z   duration_ms: 0.232864
Backend Tests	Run tests	2026-10-07T03:09:50.4396100Z   ...
Backend Tests	Run tests	2026-10-07T03:09:50.4396782Z # Subtest: myFoodsUtils: normalizeMyFoodName trims and collapses whitespace
Backend Tests	Run tests	2026-10-07T03:09:50.4397734Z ok 384 - myFoodsUtils: normalizeMyFoodName trims and collapses whitespace
Backend Tests	Run tests	2026-10-07T03:09:50.4398380Z   ---
Backend Tests	Run tests	2026-10-07T03:09:50.4398777Z   duration_ms: 0.210924
Backend Tests	Run tests	2026-10-07T03:09:50.4399222Z   ...
Backend Tests	Run tests	2026-10-07T03:09:50.4399832Z # Subtest: myFoodsUtils: normalizeMyFoodName enforces max length
Backend Tests	Run tests	2026-10-07T03:09:50.4400734Z ok 385 - myFoodsUtils: normalizeMyFoodName enforces max length
Backend Tests	Run tests	2026-10-07T03:09:50.4401337Z   ---
Backend Tests	Run tests	2026-10-07T03:09:50.4401745Z   duration_ms: 0.159254
Backend Tests	Run tests	2026-10-07T03:09:50.4402186Z   ...
Backend Tests	Run tests	2026-10-07T03:09:50.4402908Z # Subtest: myFoodsUtils: normalizeOptionalString trims and treats empty as missing
Backend Tests	Run tests	2026-10-07T03:09:50.4403946Z ok 386 - myFoodsUtils: normalizeOptionalString trims and treats empty as missing
Backend Tests	Run tests	2026-10-07T03:09:50.4404634Z   ---
Backend Tests	Run tests	2026-10-07T03:09:50.4405039Z   duration_ms: 0.233915
Backend Tests	Run tests	2026-10-07T03:09:50.4405479Z   ...
Backend Tests	Run tests	2026-10-07T03:09:50.4406244Z # Subtest: myFoodsUtils: createHttpError and isHttpError provide lightweight status codes
Backend Tests	Run tests	2026-10-07T03:09:50.4407358Z ok 387 - myFoodsUtils: createHttpError and isHttpError provide lightweight status codes
Backend Tests	Run tests	2026-10-07T03:09:50.4408055Z   ---
Backend Tests	Run tests	2026-10-07T03:09:50.4408408Z   duration_ms: 0.198039
Backend Tests	Run tests	2026-10-07T03:09:50.4408807Z   ...
Backend Tests	Run tests	2026-10-07T03:09:50.4409472Z # Subtest: native push defaults to disabled and requires an explicit Expo opt-in
Backend Tests	Run tests	2026-10-07T03:09:50.4410584Z ok 388 - native push defaults to disabled and requires an explicit Expo opt-in
Backend Tests	Run tests	2026-10-07T03:09:50.4411714Z   ---
Backend Tests	Run tests	2026-10-07T03:09:50.4412221Z   duration_ms: 1.746199
Backend Tests	Run tests	2026-10-07T03:09:50.4416883Z   ...
Backend Tests	Run tests	2026-10-07T03:09:50.4417709Z # Subtest: native push reports only invalid configured modes
Backend Tests	Run tests	2026-10-07T03:09:50.4418823Z ok 389 - native push reports only invalid configured modes
Backend Tests	Run tests	2026-10-07T03:09:50.4419489Z   ---
Backend Tests	Run tests	2026-10-07T03:09:50.4419863Z   duration_ms: 0.321889
Backend Tests	Run tests	2026-10-07T03:09:50.4420254Z   ...
Backend Tests	Run tests	2026-10-07T03:09:52.4295655Z # Subtest: notification pages use an owner-scoped stable tuple cursor and bind it to the view
Backend Tests	Run tests	2026-10-07T03:09:52.4322123Z ok 390 - notification pages use an owner-scoped stable tuple cursor and bind it to the view
Backend Tests	Run tests	2026-10-07T03:09:52.4341575Z   ---
Backend Tests	Run tests	2026-10-07T03:09:52.4351433Z   duration_ms: 4426.178458
Backend Tests	Run tests	2026-10-07T03:09:52.4353661Z   ...
Backend Tests	Run tests	2026-10-07T03:09:52.4354959Z # Subtest: active paging retains the legacy unread predicate and rejects malformed query values
Backend Tests	Run tests	2026-10-07T03:09:52.4356544Z ok 391 - active paging retains the legacy unread predicate and rejects malformed query values
Backend Tests	Run tests	2026-10-07T03:09:52.4357441Z   ---
Backend Tests	Run tests	2026-10-07T03:09:52.4358099Z   duration_ms: 47.478635
Backend Tests	Run tests	2026-10-07T03:09:52.4358631Z   ...
Backend Tests	Run tests	2026-10-07T03:09:52.4359363Z # Subtest: mark all read is owner-scoped, idempotent, and publishes no private payload
Backend Tests	Run tests	2026-10-07T03:09:52.4364355Z ok 392 - mark all read is owner-scoped, idempotent, and publishes no private payload
Backend Tests	Run tests	2026-10-07T03:09:52.4365097Z   ---
Backend Tests	Run tests	2026-10-07T03:09:52.4365493Z   duration_ms: 30.500202
Backend Tests	Run tests	2026-10-07T03:09:52.4365932Z   ...
Backend Tests	Run tests	2026-10-07T03:09:52.4366656Z # Subtest: route preserves no-query response and exposes paged history plus read-all
Backend Tests	Run tests	2026-10-07T03:09:52.4367672Z ok 393 - route preserves no-query response and exposes paged history plus read-all
Backend Tests	Run tests	2026-10-07T03:09:52.4368378Z   ---
Backend Tests	Run tests	2026-10-07T03:09:52.4368788Z   duration_ms: 684.826204
Backend Tests	Run tests	2026-10-07T03:09:52.4369225Z   ...
Backend Tests	Run tests	2026-10-07T03:09:52.6532531Z # Subtest: native push delivery does not read or send stored tokens while operator mode is disabled
Backend Tests	Run tests	2026-10-07T03:09:52.6572280Z ok 394 - native push delivery does not read or send stored tokens while operator mode is disabled
Backend Tests	Run tests	2026-10-07T03:09:52.6611603Z   ---
Backend Tests	Run tests	2026-10-07T03:09:52.6620382Z   duration_ms: 1784.29902
Backend Tests	Run tests	2026-10-07T03:09:52.6621137Z   ...
Backend Tests	Run tests	2026-10-07T03:09:52.6622165Z # Subtest: deliverUserNotification creates one in-app notification and dedupes repeated keys
Backend Tests	Run tests	2026-10-07T03:09:52.6652384Z ok 395 - deliverUserNotification creates one in-app notification and dedupes repeated keys
Backend Tests	Run tests	2026-10-07T03:09:52.6656044Z   ---
Backend Tests	Run tests	2026-10-07T03:09:52.6656683Z   duration_ms: 28.092421
Backend Tests	Run tests	2026-10-07T03:09:52.6657343Z   ...
Backend Tests	Run tests	2026-10-07T03:09:52.6658545Z # Subtest: deliverUserNotification publishes realtime update when in-app notification is created
Backend Tests	Run tests	2026-10-07T03:09:52.6660121Z ok 396 - deliverUserNotification publishes realtime update when in-app notification is created
Backend Tests	Run tests	2026-10-07T03:09:52.6661219Z   ---
Backend Tests	Run tests	2026-10-07T03:09:52.6661758Z   duration_ms: 13.998163
Backend Tests	Run tests	2026-10-07T03:09:52.6662354Z   ...
Backend Tests	Run tests	2026-10-07T03:09:52.6663224Z # Subtest: deliverUserNotification skips push when endpoint lookup fails
Backend Tests	Run tests	2026-10-07T03:09:52.6664560Z ok 397 - deliverUserNotification skips push when endpoint lookup fails
Backend Tests	Run tests	2026-10-07T03:09:52.6665482Z   ---
Backend Tests	Run tests	2026-10-07T03:09:52.6666045Z   duration_ms: 22.109626
Backend Tests	Run tests	2026-10-07T03:09:52.6666692Z   ...
Backend Tests	Run tests	2026-10-07T03:09:52.6667663Z # Subtest: deliverUserNotification sends push and updates last sent date for successful deliveries
Backend Tests	Run tests	2026-10-07T03:09:52.6669129Z ok 398 - deliverUserNotification sends push and updates last sent date for successful deliveries
Backend Tests	Run tests	2026-10-07T03:09:52.6670056Z   ---
Backend Tests	Run tests	2026-10-07T03:09:52.6670534Z   duration_ms: 28.810978
Backend Tests	Run tests	2026-10-07T03:09:52.6671183Z   ...
Backend Tests	Run tests	2026-10-07T03:09:52.6672080Z # Subtest: deliverUserNotification skips push when local-day send already happened
Backend Tests	Run tests	2026-10-07T03:09:52.6673319Z ok 399 - deliverUserNotification skips push when local-day send already happened
Backend Tests	Run tests	2026-10-07T03:09:52.6674206Z   ---
Backend Tests	Run tests	2026-10-07T03:09:52.6674734Z   duration_ms: 15.92371
Backend Tests	Run tests	2026-10-07T03:09:52.6675289Z   ...
Backend Tests	Run tests	2026-10-07T03:09:52.6676192Z # Subtest: records one terminal failure when sent-date persistence fails after web push sends
Backend Tests	Run tests	2026-10-07T03:09:52.6677432Z ok 400 - records one terminal failure when sent-date persistence fails after web push sends
Backend Tests	Run tests	2026-10-07T03:09:52.6678749Z   ---
Backend Tests	Run tests	2026-10-07T03:09:52.6679263Z   duration_ms: 16.27561
Backend Tests	Run tests	2026-10-07T03:09:52.6680000Z   ...
Backend Tests	Run tests	2026-10-07T03:09:52.6681101Z # Subtest: records one terminal failure when sent-date persistence fails after native push sends
Backend Tests	Run tests	2026-10-07T03:09:52.6682459Z ok 401 - records one terminal failure when sent-date persistence fails after native push sends
Backend Tests	Run tests	2026-10-07T03:09:52.6683355Z   ---
Backend Tests	Run tests	2026-10-07T03:09:52.6683876Z   duration_ms: 22.981274
Backend Tests	Run tests	2026-10-07T03:09:52.6684468Z   ...
Backend Tests	Run tests	2026-10-07T03:09:56.1339416Z # Subtest: notification realtime publisher fans out only to the subscribed user and cleans up
Backend Tests	Run tests	2026-10-07T03:09:56.1341480Z ok 402 - notification realtime publisher fans out only to the subscribed user and cleans up
Backend Tests	Run tests	2026-10-07T03:09:56.1342475Z   ---
Backend Tests	Run tests	2026-10-07T03:09:56.1342973Z   duration_ms: 160.208203
Backend Tests	Run tests	2026-10-07T03:09:56.1343494Z   ...
Backend Tests	Run tests	2026-10-07T03:09:56.1344308Z # Subtest: notification realtime payload guard accepts the shared SSE wire shape
Backend Tests	Run tests	2026-10-07T03:09:56.1345377Z ok 403 - notification realtime payload guard accepts the shared SSE wire shape
Backend Tests	Run tests	2026-10-07T03:09:56.1346158Z   ---
Backend Tests	Run tests	2026-10-07T03:09:56.1346557Z   duration_ms: 0.27553
Backend Tests	Run tests	2026-10-07T03:09:56.1346996Z   ...
Backend Tests	Run tests	2026-10-07T03:09:56.1347726Z # Subtest: notification stream middleware rejects unauthenticated browser sessions
Backend Tests	Run tests	2026-10-07T03:09:56.1348722Z ok 404 - notification stream middleware rejects unauthenticated browser sessions
Backend Tests	Run tests	2026-10-07T03:09:56.1349394Z   ---
Backend Tests	Run tests	2026-10-07T03:09:56.1349791Z   duration_ms: 2368.04566
Backend Tests	Run tests	2026-10-07T03:09:56.1350211Z   ...
Backend Tests	Run tests	2026-10-07T03:09:56.1351143Z # Subtest: notification stream writes user-scoped events and releases its subscription on close
Backend Tests	Run tests	2026-10-07T03:09:56.1352310Z ok 405 - notification stream writes user-scoped events and releases its subscription on close
Backend Tests	Run tests	2026-10-07T03:09:56.1353056Z   ---
Backend Tests	Run tests	2026-10-07T03:09:56.1353452Z   duration_ms: 49.767378
Backend Tests	Run tests	2026-10-07T03:09:56.1353878Z   ...
Backend Tests	Run tests	2026-10-07T03:09:56.1354566Z # Subtest: in-app notification mutations publish realtime updates when rows change
Backend Tests	Run tests	2026-10-07T03:09:56.1355599Z ok 406 - in-app notification mutations publish realtime updates when rows change
Backend Tests	Run tests	2026-10-07T03:09:56.1356286Z   ---
Backend Tests	Run tests	2026-10-07T03:09:56.1356663Z   duration_ms: 21.516119
Backend Tests	Run tests	2026-10-07T03:09:56.1357075Z   ...
Backend Tests	Run tests	2026-10-07T03:09:56.1357813Z # Subtest: dismissing a previously read notification preserves its original read timestamp
Backend Tests	Run tests	2026-10-07T03:09:56.1397149Z ok 407 - dismissing a previously read notification preserves its original read timestamp
Backend Tests	Run tests	2026-10-07T03:09:56.1401166Z   ---
Backend Tests	Run tests	2026-10-07T03:09:56.1401525Z   duration_ms: 37.31132
Backend Tests	Run tests	2026-10-07T03:09:56.1401904Z   ...
Backend Tests	Run tests	2026-10-07T03:09:56.1402640Z # Subtest: in-app notification mutations skip realtime publishing when nothing changed
Backend Tests	Run tests	2026-10-07T03:09:56.1403659Z ok 408 - in-app notification mutations skip realtime publishing when nothing changed
Backend Tests	Run tests	2026-10-07T03:09:56.1404277Z   ---
Backend Tests	Run tests	2026-10-07T03:09:56.1404605Z   duration_ms: 19.411176
Backend Tests	Run tests	2026-10-07T03:09:56.1405006Z   ...
Backend Tests	Run tests	2026-10-07T03:09:56.2009394Z # Subtest: extracts calories and preserves the printed household unit and metric equivalent
Backend Tests	Run tests	2026-10-07T03:09:56.2062132Z ok 409 - extracts calories and preserves the printed household unit and metric equivalent
Backend Tests	Run tests	2026-10-07T03:09:56.2083014Z   ---
Backend Tests	Run tests	2026-10-07T03:09:56.2085224Z   duration_ms: 3.433442
Backend Tests	Run tests	2026-10-07T03:09:56.2085758Z   ...
Backend Tests	Run tests	2026-10-07T03:09:56.2086345Z # Subtest: parses serving size 2/3 cup (55g)
Backend Tests	Run tests	2026-10-07T03:09:56.2086994Z ok 410 - parses serving size 2/3 cup (55g)
Backend Tests	Run tests	2026-10-07T03:09:56.2121879Z   ---
Backend Tests	Run tests	2026-10-07T03:09:56.2141568Z   duration_ms: 0.603047
Backend Tests	Run tests	2026-10-07T03:09:56.2171339Z   ...
Backend Tests	Run tests	2026-10-07T03:09:56.2201740Z # Subtest: parses serving size ┬╜ cup (125 mL)
Backend Tests	Run tests	2026-10-07T03:09:56.2202525Z ok 411 - parses serving size ┬╜ cup (125 mL)
Backend Tests	Run tests	2026-10-07T03:09:56.2221443Z   ---
Backend Tests	Run tests	2026-10-07T03:09:56.2222049Z   duration_ms: 0.21302
Backend Tests	Run tests	2026-10-07T03:09:56.2222561Z   ...
Backend Tests	Run tests	2026-10-07T03:09:56.2223205Z # Subtest: parses serving size 1┬╜ cups (240 g)
Backend Tests	Run tests	2026-10-07T03:09:56.2223873Z ok 412 - parses serving size 1┬╜ cups (240 g)
Backend Tests	Run tests	2026-10-07T03:09:56.2224408Z   ---
Backend Tests	Run tests	2026-10-07T03:09:56.2224852Z   duration_ms: 0.241753
Backend Tests	Run tests	2026-10-07T03:09:56.2226017Z   ...
Backend Tests	Run tests	2026-10-07T03:09:56.2226521Z # Subtest: parses serving size 1 1/4 cups
Backend Tests	Run tests	2026-10-07T03:09:56.2227344Z ok 413 - parses serving size 1 1/4 cups
Backend Tests	Run tests	2026-10-07T03:09:56.2227836Z   ---
Backend Tests	Run tests	2026-10-07T03:09:56.2228286Z   duration_ms: 0.174783
Backend Tests	Run tests	2026-10-07T03:09:56.2228756Z   ...
Backend Tests	Run tests	2026-10-07T03:09:56.2229399Z # Subtest: parses serving size 30g
Backend Tests	Run tests	2026-10-07T03:09:56.2230050Z ok 414 - parses serving size 30g
Backend Tests	Run tests	2026-10-07T03:09:56.2230477Z   ---
Backend Tests	Run tests	2026-10-07T03:09:56.2231051Z   duration_ms: 0.133964
Backend Tests	Run tests	2026-10-07T03:09:56.2231462Z   ...
Backend Tests	Run tests	2026-10-07T03:09:56.2231860Z # Subtest: parses serving size 240 mL
Backend Tests	Run tests	2026-10-07T03:09:56.2232405Z ok 415 - parses serving size 240 mL
Backend Tests	Run tests	2026-10-07T03:09:56.2232997Z   ---
Backend Tests	Run tests	2026-10-07T03:09:56.2233346Z   duration_ms: 0.245611
Backend Tests	Run tests	2026-10-07T03:09:56.2233702Z   ...
Backend Tests	Run tests	2026-10-07T03:09:56.2234113Z # Subtest: parses serving size 1,5 oz (42 g)
Backend Tests	Run tests	2026-10-07T03:09:56.2234647Z ok 416 - parses serving size 1,5 oz (42 g)
Backend Tests	Run tests	2026-10-07T03:09:56.2235073Z   ---
Backend Tests	Run tests	2026-10-07T03:09:56.2235459Z   duration_ms: 0.242861
Backend Tests	Run tests	2026-10-07T03:09:56.2235989Z   ...
Backend Tests	Run tests	2026-10-07T03:09:56.2236620Z # Subtest: parses serving size 3 pieces (28 g)
Backend Tests	Run tests	2026-10-07T03:09:56.2237191Z ok 417 - parses serving size 3 pieces (28 g)
Backend Tests	Run tests	2026-10-07T03:09:56.2237617Z   ---
Backend Tests	Run tests	2026-10-07T03:09:56.2237921Z   duration_ms: 0.27785
Backend Tests	Run tests	2026-10-07T03:09:56.2238267Z   ...
Backend Tests	Run tests	2026-10-07T03:09:56.2238924Z # Subtest: explicit zero calories are valid while unreadable values remain null
Backend Tests	Run tests	2026-10-07T03:09:56.2239891Z ok 418 - explicit zero calories are valid while unreadable values remain null
Backend Tests	Run tests	2026-10-07T03:09:56.2240525Z   ---
Backend Tests	Run tests	2026-10-07T03:09:56.2241026Z   duration_ms: 0.359086
Backend Tests	Run tests	2026-10-07T03:09:56.2241436Z   ...
Backend Tests	Run tests	2026-10-07T03:09:56.2242163Z # Subtest: does not guess calories from ambiguous or unsupported panel: Calories 150 300
Backend Tests	Run tests	2026-10-07T03:09:56.2243216Z ok 419 - does not guess calories from ambiguous or unsupported panel: Calories 150 300
Backend Tests	Run tests	2026-10-07T03:09:56.2243882Z   ---
Backend Tests	Run tests	2026-10-07T03:09:56.2244242Z   duration_ms: 0.406735
Backend Tests	Run tests	2026-10-07T03:09:56.2244637Z   ...
Backend Tests	Run tests	2026-10-07T03:09:56.2245390Z # Subtest: does not guess calories from ambiguous or unsupported panel: Calories\\n150\\n300
Backend Tests	Run tests	2026-10-07T03:09:56.2246482Z ok 420 - does not guess calories from ambiguous or unsupported panel: Calories\\n150\\n300
Backend Tests	Run tests	2026-10-07T03:09:56.2247335Z   ---
Backend Tests	Run tests	2026-10-07T03:09:56.2247708Z   duration_ms: 0.179482
Backend Tests	Run tests	2026-10-07T03:09:56.2248056Z   ...
Backend Tests	Run tests	2026-10-07T03:09:56.2248709Z # Subtest: does not guess calories from ambiguous or unsupported panel: Calories 150\\n300
Backend Tests	Run tests	2026-10-07T03:09:56.2249702Z ok 421 - does not guess calories from ambiguous or unsupported panel: Calories 150\\n300
Backend Tests	Run tests	2026-10-07T03:09:56.2250551Z   ---
Backend Tests	Run tests	2026-10-07T03:09:56.2251149Z   duration_ms: 0.122364
Backend Tests	Run tests	2026-10-07T03:09:56.2251512Z   ...
Backend Tests	Run tests	2026-10-07T03:09:56.2252235Z # Subtest: does not guess calories from ambiguous or unsupported panel: Calories 150\\nCalories 300
Backend Tests	Run tests	2026-10-07T03:09:56.2253488Z ok 422 - does not guess calories from ambiguous or unsupported panel: Calories 150\\nCalories 300
Backend Tests	Run tests	2026-10-07T03:09:56.2254235Z   ---
Backend Tests	Run tests	2026-10-07T03:09:56.2254595Z   duration_ms: 0.170591
Backend Tests	Run tests	2026-10-07T03:09:56.2254934Z   ...
Backend Tests	Run tests	2026-10-07T03:09:56.2255765Z # Subtest: does not guess calories from ambiguous or unsupported panel: Per serving Per container\\nCalories 150
Backend Tests	Run tests	2026-10-07T03:09:56.2257174Z ok 423 - does not guess calories from ambiguous or unsupported panel: Per serving Per container\\nCalories 150
Backend Tests	Run tests	2026-10-07T03:09:56.2258095Z   ---
Backend Tests	Run tests	2026-10-07T03:09:56.2258440Z   duration_ms: 0.138943
Backend Tests	Run tests	2026-10-07T03:09:56.2258949Z   ...
Backend Tests	Run tests	2026-10-07T03:09:56.2259814Z # Subtest: does not guess calories from ambiguous or unsupported panel: Per 100 g\\nCalories 150
Backend Tests	Run tests	2026-10-07T03:09:56.2261141Z ok 424 - does not guess calories from ambiguous or unsupported panel: Per 100 g\\nCalories 150
Backend Tests	Run tests	2026-10-07T03:09:56.2261884Z   ---
Backend Tests	Run tests	2026-10-07T03:09:56.2262226Z   duration_ms: 0.211227
Backend Tests	Run tests	2026-10-07T03:09:56.2262623Z   ...
Backend Tests	Run tests	2026-10-07T03:09:56.2263570Z # Subtest: does not guess calories from ambiguous or unsupported panel: As packaged As prepared\\nCalories 150
Backend Tests	Run tests	2026-10-07T03:09:56.2265052Z ok 425 - does not guess calories from ambiguous or unsupported panel: As packaged As prepared\\nCalories 150
Backend Tests	Run tests	2026-10-07T03:09:56.2266064Z   ---
Backend Tests	Run tests	2026-10-07T03:09:56.2266544Z   duration_ms: 0.131123
Backend Tests	Run tests	2026-10-07T03:09:56.2266904Z   ...
Backend Tests	Run tests	2026-10-07T03:09:56.2267537Z # Subtest: does not guess calories from ambiguous or unsupported panel: Calories < 5
Backend Tests	Run tests	2026-10-07T03:09:56.2268478Z ok 426 - does not guess calories from ambiguous or unsupported panel: Calories < 5
Backend Tests	Run tests	2026-10-07T03:09:56.2351196Z   ---
Backend Tests	Run tests	2026-10-07T03:09:56.2401368Z   duration_ms: 0.229251
Backend Tests	Run tests	2026-10-07T03:09:56.2476411Z   ...
Backend Tests	Run tests	2026-10-07T03:09:56.2551638Z # Subtest: does not guess calories from ambiguous or unsupported panel: Energy 840 kJ / 200 kcal
Backend Tests	Run tests	2026-10-07T03:09:56.2591779Z ok 427 - does not guess calories from ambiguous or unsupported panel: Energy 840 kJ / 200 kcal
Backend Tests	Run tests	2026-10-07T03:09:56.2651372Z   ---
Backend Tests	Run tests	2026-10-07T03:09:56.2651760Z   duration_ms: 0.136482
Backend Tests	Run tests	2026-10-07T03:09:56.2711444Z   ...
Backend Tests	Run tests	2026-10-07T03:09:56.2771318Z # Subtest: does not use servings per container or invalid quantities as serving size
Backend Tests	Run tests	2026-10-07T03:09:56.2786540Z ok 428 - does not use servings per container or invalid quantities as serving size
Backend Tests	Run tests	2026-10-07T03:09:56.2787340Z   ---
Backend Tests	Run tests	2026-10-07T03:09:56.2787743Z   duration_ms: 0.320297
Backend Tests	Run tests	2026-10-07T03:09:56.2788193Z   ...
Backend Tests	Run tests	2026-10-07T03:09:56.7792450Z # Subtest: rejects invalid, oversized, vector, and excessive-pixel images
Backend Tests	Run tests	2026-10-07T03:09:56.7793365Z ok 429 - rejects invalid, oversized, vector, and excessive-pixel images
Backend Tests	Run tests	2026-10-07T03:09:56.7793915Z   ---
Backend Tests	Run tests	2026-10-07T03:09:56.7794264Z   duration_ms: 1254.476594
Backend Tests	Run tests	2026-10-07T03:09:56.7794616Z   ...
Backend Tests	Run tests	2026-10-07T03:09:58.9062386Z # Subtest: real local OCR extracts a label, bounds concurrency, and releases its worker
Backend Tests	Run tests	2026-10-07T03:09:58.9111883Z ok 430 - real local OCR extracts a label, bounds concurrency, and releases its worker
Backend Tests	Run tests	2026-10-07T03:09:58.9134037Z   ---
Backend Tests	Run tests	2026-10-07T03:09:58.9146398Z   duration_ms: 2125.716814
Backend Tests	Run tests	2026-10-07T03:09:58.9147095Z   ...
Backend Tests	Run tests	2026-10-07T03:09:59.5592329Z # Subtest: cancellation terminates OCR and releases the slot before the deadline
Backend Tests	Run tests	2026-10-07T03:09:59.5640906Z ok 431 - cancellation terminates OCR and releases the slot before the deadline
Backend Tests	Run tests	2026-10-07T03:09:59.5671306Z   ---
Backend Tests	Run tests	2026-10-07T03:09:59.5701403Z   duration_ms: 652.661284
Backend Tests	Run tests	2026-10-07T03:09:59.5721357Z   ...
Backend Tests	Run tests	2026-10-07T03:09:59.6152295Z # Subtest: request observability emits bounded metadata without URL, query, headers, identity, or health payloads
Backend Tests	Run tests	2026-10-07T03:09:59.6154089Z ok 432 - request observability emits bounded metadata without URL, query, headers, identity, or health payloads
Backend Tests	Run tests	2026-10-07T03:09:59.6201594Z   ---
Backend Tests	Run tests	2026-10-07T03:09:59.6251263Z   duration_ms: 7.072919
Backend Tests	Run tests	2026-10-07T03:09:59.6251996Z   ...
Backend Tests	Run tests	2026-10-07T03:09:59.6272816Z # Subtest: request IDs, categories, and diagnostic fields are validated and redacted
Backend Tests	Run tests	2026-10-07T03:09:59.6274111Z ok 433 - request IDs, categories, and diagnostic fields are validated and redacted
Backend Tests	Run tests	2026-10-07T03:09:59.6274898Z   ---
Backend Tests	Run tests	2026-10-07T03:09:59.6275435Z   duration_ms: 0.367607
Backend Tests	Run tests	2026-10-07T03:09:59.6275963Z   ...
Backend Tests	Run tests	2026-10-07T03:09:59.6276776Z # Subtest: operational errors omit messages, stacks, and unsafe caller-controlled names
Backend Tests	Run tests	2026-10-07T03:09:59.6277953Z ok 434 - operational errors omit messages, stacks, and unsafe caller-controlled names
Backend Tests	Run tests	2026-10-07T03:09:59.6278698Z   ---
Backend Tests	Run tests	2026-10-07T03:09:59.6279140Z   duration_ms: 0.470719
Backend Tests	Run tests	2026-10-07T03:09:59.6279592Z   ...
Backend Tests	Run tests	2026-10-07T03:09:59.6280430Z # Subtest: metrics surface is opt-in, bearer protected, and contains only bounded aggregate counters
Backend Tests	Run tests	2026-10-07T03:09:59.6281748Z ok 435 - metrics surface is opt-in, bearer protected, and contains only bounded aggregate counters
Backend Tests	Run tests	2026-10-07T03:09:59.6282484Z   ---
Backend Tests	Run tests	2026-10-07T03:09:59.6282868Z   duration_ms: 14.74829
Backend Tests	Run tests	2026-10-07T03:09:59.6283287Z   ...
Backend Tests	Run tests	2026-10-07T03:09:59.6283956Z # Subtest: operation status mapping uses a fixed bounded outcome vocabulary
Backend Tests	Run tests	2026-10-07T03:09:59.6284870Z ok 436 - operation status mapping uses a fixed bounded outcome vocabulary
Backend Tests	Run tests	2026-10-07T03:09:59.6285509Z   ---
Backend Tests	Run tests	2026-10-07T03:09:59.6286259Z   duration_ms: 0.294474
Backend Tests	Run tests	2026-10-07T03:09:59.6286630Z   ...
Backend Tests	Run tests	2026-10-07T03:09:59.6287454Z # Subtest: scheduler metrics keep lastSuccessAt pinned across later failed and skipped runs
Backend Tests	Run tests	2026-10-07T03:09:59.6288488Z ok 437 - scheduler metrics keep lastSuccessAt pinned across later failed and skipped runs
Backend Tests	Run tests	2026-10-07T03:09:59.6289183Z   ---
Backend Tests	Run tests	2026-10-07T03:09:59.6289544Z   duration_ms: 1.543344
Backend Tests	Run tests	2026-10-07T03:09:59.6289950Z   ...
Backend Tests	Run tests	2026-10-07T03:09:59.6291018Z # Subtest: maps generated error names to closed categories and keeps sensitive values out of emitted JSON and metrics
Backend Tests	Run tests	2026-10-07T03:09:59.6292487Z ok 438 - maps generated error names to closed categories and keeps sensitive values out of emitted JSON and metrics
Backend Tests	Run tests	2026-10-07T03:09:59.6293334Z   ---
Backend Tests	Run tests	2026-10-07T03:09:59.6293726Z   duration_ms: 6.600691
Backend Tests	Run tests	2026-10-07T03:09:59.6294137Z   ...
Backend Tests	Run tests	2026-10-07T03:10:01.6052950Z # Subtest: completion parser accepts one complete payload and rejects incomplete or underage input
Backend Tests	Run tests	2026-10-07T03:10:01.6062122Z ok 439 - completion parser accepts one complete payload and rejects incomplete or underage input
Backend Tests	Run tests	2026-10-07T03:10:01.6181891Z   ---
Backend Tests	Run tests	2026-10-07T03:10:01.6192125Z   duration_ms: 24.276104
Backend Tests	Run tests	2026-10-07T03:10:01.6291212Z   ...
Backend Tests	Run tests	2026-10-07T03:10:01.6346471Z # Subtest: atomic completion uses the submitted timezone day and updates an existing goal without duplication
Backend Tests	Run tests	2026-10-07T03:10:01.6382018Z ok 440 - atomic completion uses the submitted timezone day and updates an existing goal without duplication
Backend Tests	Run tests	2026-10-07T03:10:01.6431371Z   ---
Backend Tests	Run tests	2026-10-07T03:10:01.6452083Z   duration_ms: 2.011244
Backend Tests	Run tests	2026-10-07T03:10:01.6464408Z   ...
Backend Tests	Run tests	2026-10-07T03:10:01.6469015Z # Subtest: a later operation returns the first completion receipt without duplicate domain writes
Backend Tests	Run tests	2026-10-07T03:10:01.6470935Z ok 441 - a later operation returns the first completion receipt without duplicate domain writes
Backend Tests	Run tests	2026-10-07T03:10:01.6471896Z   ---
Backend Tests	Run tests	2026-10-07T03:10:01.6472550Z   duration_ms: 1.229202
Backend Tests	Run tests	2026-10-07T03:10:01.6473251Z   ...
Backend Tests	Run tests	2026-10-07T03:10:01.6474389Z # Subtest: representative injected failures leave the committed state unchanged
Backend Tests	Run tests	2026-10-07T03:10:01.6476008Z ok 442 - representative injected failures leave the committed state unchanged
Backend Tests	Run tests	2026-10-07T03:10:01.6477009Z   ---
Backend Tests	Run tests	2026-10-07T03:10:01.6477640Z   duration_ms: 2.054396
Backend Tests	Run tests	2026-10-07T03:10:01.6478338Z   ...
Backend Tests	Run tests	2026-10-07T03:10:01.6479548Z # Subtest: atomic onboarding migration adds only the completion marker and backfills complete legacy accounts
Backend Tests	Run tests	2026-10-07T03:10:01.6481357Z ok 443 - atomic onboarding migration adds only the completion marker and backfills complete legacy accounts
Backend Tests	Run tests	2026-10-07T03:10:01.6482529Z   ---
Backend Tests	Run tests	2026-10-07T03:10:01.6483263Z   duration_ms: 0.414033
Backend Tests	Run tests	2026-10-07T03:10:01.6484035Z   ...
Backend Tests	Run tests	2026-10-07T03:10:01.6679193Z # Subtest: OpenFoodFactsProvider normalizes barcode lookups (nutrients + measures + scaled nutrients)
Backend Tests	Run tests	2026-10-07T03:10:01.6689075Z ok 444 - OpenFoodFactsProvider normalizes barcode lookups (nutrients + measures + scaled nutrients)
Backend Tests	Run tests	2026-10-07T03:10:01.6689722Z   ---
Backend Tests	Run tests	2026-10-07T03:10:01.6690027Z   duration_ms: 17.346682
Backend Tests	Run tests	2026-10-07T03:10:01.6690359Z   ...
Backend Tests	Run tests	2026-10-07T03:10:01.6691212Z # Subtest: OpenFoodFactsProvider omits incomplete products when includeIncomplete=false
Backend Tests	Run tests	2026-10-07T03:10:01.6692307Z ok 445 - OpenFoodFactsProvider omits incomplete products when includeIncomplete=false
Backend Tests	Run tests	2026-10-07T03:10:01.6693066Z   ---
Backend Tests	Run tests	2026-10-07T03:10:01.6693468Z   duration_ms: 0.439939
Backend Tests	Run tests	2026-10-07T03:10:01.6693877Z   ...
Backend Tests	Run tests	2026-10-07T03:10:01.6694669Z # Subtest: OpenFoodFactsProvider (auto mode) falls back to legacy search when v2 yields no matches
Backend Tests	Run tests	2026-10-07T03:10:01.6695852Z ok 446 - OpenFoodFactsProvider (auto mode) falls back to legacy search when v2 yields no matches
Backend Tests	Run tests	2026-10-07T03:10:01.6712306Z   ---
Backend Tests	Run tests	2026-10-07T03:10:01.6712654Z   duration_ms: 11.175641
Backend Tests	Run tests	2026-10-07T03:10:01.6712990Z   ...
Backend Tests	Run tests	2026-10-07T03:10:01.6713673Z # Subtest: OpenFoodFactsProvider (legacy mode) filters and ranks search results by query tokens
Backend Tests	Run tests	2026-10-07T03:10:01.6714698Z ok 447 - OpenFoodFactsProvider (legacy mode) filters and ranks search results by query tokens
Backend Tests	Run tests	2026-10-07T03:10:01.6715452Z   ---
Backend Tests	Run tests	2026-10-07T03:10:01.6715665Z   duration_ms: 0.850765
Backend Tests	Run tests	2026-10-07T03:10:01.6715994Z   ...
Backend Tests	Run tests	2026-10-07T03:10:01.6716562Z # Subtest: OpenFoodFactsProvider (legacy mode) prefers brand+product matches for possessive queries and drops weak product matches
Backend Tests	Run tests	2026-10-07T03:10:01.6717423Z ok 448 - OpenFoodFactsProvider (legacy mode) prefers brand+product matches for possessive queries and drops weak product matches
Backend Tests	Run tests	2026-10-07T03:10:01.6717914Z   ---
Backend Tests	Run tests	2026-10-07T03:10:01.6718106Z   duration_ms: 4.091956
Backend Tests	Run tests	2026-10-07T03:10:01.6718315Z   ...
Backend Tests	Run tests	2026-10-07T03:10:01.6718747Z # Subtest: OpenFoodFactsProvider (legacy mode) throws a detailed error for non-OK search responses
Backend Tests	Run tests	2026-10-07T03:10:01.6719387Z ok 449 - OpenFoodFactsProvider (legacy mode) throws a detailed error for non-OK search responses
Backend Tests	Run tests	2026-10-07T03:10:01.6719770Z   ---
Backend Tests	Run tests	2026-10-07T03:10:01.6719955Z   duration_ms: 0.96002
Backend Tests	Run tests	2026-10-07T03:10:01.6720161Z   ...
Backend Tests	Run tests	2026-10-07T03:10:01.6720971Z # Subtest: OpenFoodFactsProvider (auto mode) attempts a brand-scoped legacy search when v2 returns only generic product matches
Backend Tests	Run tests	2026-10-07T03:10:01.6722236Z ok 450 - OpenFoodFactsProvider (auto mode) attempts a brand-scoped legacy search when v2 returns only generic product matches
Backend Tests	Run tests	2026-10-07T03:10:01.6722994Z   ---
Backend Tests	Run tests	2026-10-07T03:10:01.6723272Z   duration_ms: 1.162185
Backend Tests	Run tests	2026-10-07T03:10:01.6723590Z   ...
Backend Tests	Run tests	2026-10-07T03:10:01.6724118Z # Subtest: OpenFoodFactsProvider (v2 mode) surfaces timeout failures
Backend Tests	Run tests	2026-10-07T03:10:01.6724883Z ok 451 - OpenFoodFactsProvider (v2 mode) surfaces timeout failures
Backend Tests	Run tests	2026-10-07T03:10:01.6725364Z   ---
Backend Tests	Run tests	2026-10-07T03:10:01.6725643Z   duration_ms: 17.680917
Backend Tests	Run tests	2026-10-07T03:10:01.6725954Z   ...
Backend Tests	Run tests	2026-10-07T03:10:01.6726663Z # Subtest: OpenFoodFactsProvider (auto mode) throws combined errors when v2 errors and legacy fails
Backend Tests	Run tests	2026-10-07T03:10:01.6727672Z ok 452 - OpenFoodFactsProvider (auto mode) throws combined errors when v2 errors and legacy fails
Backend Tests	Run tests	2026-10-07T03:10:01.6728272Z   ---
Backend Tests	Run tests	2026-10-07T03:10:01.6728552Z   duration_ms: 4.55944
Backend Tests	Run tests	2026-10-07T03:10:01.6728880Z   ...
Backend Tests	Run tests	2026-10-07T03:10:01.6729557Z # Subtest: OpenFoodFactsProvider (auto mode) avoids legacy fallback when v2 finds query matches
Backend Tests	Run tests	2026-10-07T03:10:01.6730802Z ok 453 - OpenFoodFactsProvider (auto mode) avoids legacy fallback when v2 finds query matches
Backend Tests	Run tests	2026-10-07T03:10:01.6731454Z   ---
Backend Tests	Run tests	2026-10-07T03:10:01.6731745Z   duration_ms: 0.833487
Backend Tests	Run tests	2026-10-07T03:10:01.6732070Z   ...
Backend Tests	Run tests	2026-10-07T03:10:01.6732833Z # Subtest: OpenFoodFactsProvider includes incomplete barcode products when includeIncomplete=true
Backend Tests	Run tests	2026-10-07T03:10:01.6733969Z ok 454 - OpenFoodFactsProvider includes incomplete barcode products when includeIncomplete=true
Backend Tests	Run tests	2026-10-07T03:10:01.6791422Z   ---
Backend Tests	Run tests	2026-10-07T03:10:01.6791834Z   duration_ms: 2.716321
Backend Tests	Run tests	2026-10-07T03:10:01.6792218Z   ...
Backend Tests	Run tests	2026-10-07T03:10:01.6793075Z # Subtest: OpenFoodFactsProvider extracts nutrients from energy_100g and parses serving_size units
Backend Tests	Run tests	2026-10-07T03:10:01.6794271Z ok 455 - OpenFoodFactsProvider extracts nutrients from energy_100g and parses serving_size units
Backend Tests	Run tests	2026-10-07T03:10:01.6795023Z   ---
Backend Tests	Run tests	2026-10-07T03:10:01.6795391Z   duration_ms: 0.521214
Backend Tests	Run tests	2026-10-07T03:10:01.6795783Z   ...
Backend Tests	Run tests	2026-10-07T03:10:01.6796635Z # Subtest: OpenFoodFactsProvider returns empty results when the upstream payload has no products list
Backend Tests	Run tests	2026-10-07T03:10:01.6797850Z ok 456 - OpenFoodFactsProvider returns empty results when the upstream payload has no products list
Backend Tests	Run tests	2026-10-07T03:10:01.6798573Z   ---
Backend Tests	Run tests	2026-10-07T03:10:01.6798918Z   duration_ms: 0.312864
Backend Tests	Run tests	2026-10-07T03:10:01.6799275Z   ...
Backend Tests	Run tests	2026-10-07T03:10:01.6799883Z # Subtest: Redocly minimatch supports brace-bearing OpenAPI paths
Backend Tests	Run tests	2026-10-07T03:10:01.6801670Z ok 457 - Redocly minimatch supports brace-bearing OpenAPI paths
Backend Tests	Run tests	2026-10-07T03:10:01.6802264Z   ---
Backend Tests	Run tests	2026-10-07T03:10:01.6802582Z   duration_ms: 15.136901
Backend Tests	Run tests	2026-10-07T03:10:01.6802954Z   ...
Backend Tests	Run tests	2026-10-07T03:10:01.6803720Z # Subtest: OpenAPI preserves unsafe historical goal deficits while constraining new goal writes
Backend Tests	Run tests	2026-10-07T03:10:01.6804803Z ok 458 - OpenAPI preserves unsafe historical goal deficits while constraining new goal writes
Backend Tests	Run tests	2026-10-07T03:10:01.6805733Z   ---
Backend Tests	Run tests	2026-10-07T03:10:01.6806135Z   duration_ms: 0.893293
Backend Tests	Run tests	2026-10-07T03:10:01.6806446Z   ...
Backend Tests	Run tests	2026-10-07T03:10:03.8055104Z # Subtest: balances reference work from the reviewed per-operation ratio
Backend Tests	Run tests	2026-10-07T03:10:03.8055982Z ok 459 - balances reference work from the reviewed per-operation ratio
Backend Tests	Run tests	2026-10-07T03:10:03.8056520Z   ---
Backend Tests	Run tests	2026-10-07T03:10:03.8056835Z   duration_ms: 4.922456
Backend Tests	Run tests	2026-10-07T03:10:03.8057149Z   ...
Backend Tests	Run tests	2026-10-07T03:10:03.8057578Z # Subtest: normalizes unequal batch sizes back to a per-operation ratio
Backend Tests	Run tests	2026-10-07T03:10:03.8058143Z ok 460 - normalizes unequal batch sizes back to a per-operation ratio
Backend Tests	Run tests	2026-10-07T03:10:03.8058537Z   ---
Backend Tests	Run tests	2026-10-07T03:10:03.8058814Z   duration_ms: 0.323875
Backend Tests	Run tests	2026-10-07T03:10:03.8059109Z   ...
Backend Tests	Run tests	2026-10-07T03:10:03.8059531Z # Subtest: allows the exact reviewed threshold and rejects the next ppm
Backend Tests	Run tests	2026-10-07T03:10:03.8060106Z ok 461 - allows the exact reviewed threshold and rejects the next ppm
Backend Tests	Run tests	2026-10-07T03:10:03.8060525Z   ---
Backend Tests	Run tests	2026-10-07T03:10:03.8060946Z   duration_ms: 0.977664
Backend Tests	Run tests	2026-10-07T03:10:03.8061254Z   ...
Backend Tests	Run tests	2026-10-07T03:10:03.8061701Z # Subtest: requires an independent median to reproduce a benchmark regression
Backend Tests	Run tests	2026-10-07T03:10:03.8062308Z ok 462 - requires an independent median to reproduce a benchmark regression
Backend Tests	Run tests	2026-10-07T03:10:03.8062730Z   ---
Backend Tests	Run tests	2026-10-07T03:10:03.8063000Z   duration_ms: 0.229598
Backend Tests	Run tests	2026-10-07T03:10:03.8063292Z   ...
Backend Tests	Run tests	2026-10-07T03:10:04.1012762Z # Subtest: PostgresSessionStore.initialize verifies the session schema exists
Backend Tests	Run tests	2026-10-07T03:10:04.1043579Z ok 463 - PostgresSessionStore.initialize verifies the session schema exists
Backend Tests	Run tests	2026-10-07T03:10:04.1051251Z   ---
Backend Tests	Run tests	2026-10-07T03:10:04.1051777Z   duration_ms: 1.740269
Backend Tests	Run tests	2026-10-07T03:10:04.1052169Z   ...
Backend Tests	Run tests	2026-10-07T03:10:04.1052835Z # Subtest: PostgresSessionStore.initialize throws a helpful error for missing tables
Backend Tests	Run tests	2026-10-07T03:10:04.1053813Z ok 464 - PostgresSessionStore.initialize throws a helpful error for missing tables
Backend Tests	Run tests	2026-10-07T03:10:04.1054482Z   ---
Backend Tests	Run tests	2026-10-07T03:10:04.1054834Z   duration_ms: 0.912295
Backend Tests	Run tests	2026-10-07T03:10:04.1055219Z   ...
Backend Tests	Run tests	2026-10-07T03:10:04.1055834Z # Subtest: PostgresSessionStore.initialize surfaces unexpected database errors
Backend Tests	Run tests	2026-10-07T03:10:04.1057151Z ok 465 - PostgresSessionStore.initialize surfaces unexpected database errors
Backend Tests	Run tests	2026-10-07T03:10:04.1057788Z   ---
Backend Tests	Run tests	2026-10-07T03:10:04.1058192Z   duration_ms: 0.336216
Backend Tests	Run tests	2026-10-07T03:10:04.1058913Z   ...
Backend Tests	Run tests	2026-10-07T03:10:04.1059603Z # Subtest: PostgresSessionStore.get returns null when no session exists
Backend Tests	Run tests	2026-10-07T03:10:04.1060558Z ok 466 - PostgresSessionStore.get returns null when no session exists
Backend Tests	Run tests	2026-10-07T03:10:04.1061435Z   ---
Backend Tests	Run tests	2026-10-07T03:10:04.1061830Z   duration_ms: 0.472377
Backend Tests	Run tests	2026-10-07T03:10:04.1062247Z   ...
Backend Tests	Run tests	2026-10-07T03:10:04.1062836Z # Subtest: PostgresSessionStore.get prunes expired sessions
Backend Tests	Run tests	2026-10-07T03:10:04.1063728Z ok 467 - PostgresSessionStore.get prunes expired sessions
Backend Tests	Run tests	2026-10-07T03:10:04.1064322Z   ---
Backend Tests	Run tests	2026-10-07T03:10:04.1064723Z   duration_ms: 0.665136
Backend Tests	Run tests	2026-10-07T03:10:04.1065170Z   ...
Backend Tests	Run tests	2026-10-07T03:10:04.1065781Z # Subtest: PostgresSessionStore.get returns parsed JSON sessions
Backend Tests	Run tests	2026-10-07T03:10:04.1066615Z ok 468 - PostgresSessionStore.get returns parsed JSON sessions
Backend Tests	Run tests	2026-10-07T03:10:04.1067204Z   ---
Backend Tests	Run tests	2026-10-07T03:10:04.1067591Z   duration_ms: 0.921965
Backend Tests	Run tests	2026-10-07T03:10:04.1068001Z   ...
Backend Tests	Run tests	2026-10-07T03:10:04.1068668Z # Subtest: PostgresSessionStore.get forwards query errors to the callback
Backend Tests	Run tests	2026-10-07T03:10:04.1069687Z ok 469 - PostgresSessionStore.get forwards query errors to the callback
Backend Tests	Run tests	2026-10-07T03:10:04.1070332Z   ---
Backend Tests	Run tests	2026-10-07T03:10:04.1070844Z   duration_ms: 0.332937
Backend Tests	Run tests	2026-10-07T03:10:04.1071290Z   ...
Backend Tests	Run tests	2026-10-07T03:10:04.1072097Z # Subtest: PostgresSessionStore.set stores sessions using the cookie expiration when provided
Backend Tests	Run tests	2026-10-07T03:10:04.1073261Z ok 470 - PostgresSessionStore.set stores sessions using the cookie expiration when provided
Backend Tests	Run tests	2026-10-07T03:10:04.1074053Z   ---
Backend Tests	Run tests	2026-10-07T03:10:04.1074461Z   duration_ms: 0.504295
Backend Tests	Run tests	2026-10-07T03:10:04.1075168Z   ...
Backend Tests	Run tests	2026-10-07T03:10:04.1075974Z # Subtest: PostgresSessionStore.set falls back to the store TTL when no cookie timing is set
Backend Tests	Run tests	2026-10-07T03:10:04.1077652Z ok 471 - PostgresSessionStore.set falls back to the store TTL when no cookie timing is set
Backend Tests	Run tests	2026-10-07T03:10:04.1078574Z   ---
Backend Tests	Run tests	2026-10-07T03:10:04.1078997Z   duration_ms: 0.399549
Backend Tests	Run tests	2026-10-07T03:10:04.1079421Z   ...
Backend Tests	Run tests	2026-10-07T03:10:04.1080176Z # Subtest: PostgresSessionStore links authenticated Passport sessions to their user
Backend Tests	Run tests	2026-10-07T03:10:04.1081363Z ok 472 - PostgresSessionStore links authenticated Passport sessions to their user
Backend Tests	Run tests	2026-10-07T03:10:04.1082016Z   ---
Backend Tests	Run tests	2026-10-07T03:10:04.1082408Z   duration_ms: 0.428348
Backend Tests	Run tests	2026-10-07T03:10:04.1082795Z   ...
Backend Tests	Run tests	2026-10-07T03:10:04.1083439Z # Subtest: PostgresSessionStore leaves unauthenticated session ownership null
Backend Tests	Run tests	2026-10-07T03:10:04.1084373Z ok 473 - PostgresSessionStore leaves unauthenticated session ownership null
Backend Tests	Run tests	2026-10-07T03:10:04.1084985Z   ---
Backend Tests	Run tests	2026-10-07T03:10:04.1085364Z   duration_ms: 0.25694
Backend Tests	Run tests	2026-10-07T03:10:04.1085765Z   ...
Backend Tests	Run tests	2026-10-07T03:10:04.1086399Z # Subtest: PostgresSessionStore.touch updates expiry using cookie maxAge
Backend Tests	Run tests	2026-10-07T03:10:04.1087313Z ok 474 - PostgresSessionStore.touch updates expiry using cookie maxAge
Backend Tests	Run tests	2026-10-07T03:10:04.1087987Z   ---
Backend Tests	Run tests	2026-10-07T03:10:04.1088389Z   duration_ms: 0.390875
Backend Tests	Run tests	2026-10-07T03:10:04.1088813Z   ...
Backend Tests	Run tests	2026-10-07T03:10:04.1089485Z # Subtest: PostgresSessionStore.touch refreshes Passport session ownership
Backend Tests	Run tests	2026-10-07T03:10:04.1090450Z ok 475 - PostgresSessionStore.touch refreshes Passport session ownership
Backend Tests	Run tests	2026-10-07T03:10:04.1091252Z   ---
Backend Tests	Run tests	2026-10-07T03:10:04.1091637Z   duration_ms: 0.249503
Backend Tests	Run tests	2026-10-07T03:10:04.1092045Z   ...
Backend Tests	Run tests	2026-10-07T03:10:04.1092643Z # Subtest: PostgresSessionStore.destroy deletes stored sessions
Backend Tests	Run tests	2026-10-07T03:10:04.1093462Z ok 476 - PostgresSessionStore.destroy deletes stored sessions
Backend Tests	Run tests	2026-10-07T03:10:04.1094047Z   ---
Backend Tests	Run tests	2026-10-07T03:10:04.1094443Z   duration_ms: 0.321748
Backend Tests	Run tests	2026-10-07T03:10:04.1094864Z   ...
Backend Tests	Run tests	2026-10-07T03:10:04.4281317Z # Subtest: profileImage: allowed MIME types include the expected image formats
Backend Tests	Run tests	2026-10-07T03:10:04.4364903Z ok 477 - profileImage: allowed MIME types include the expected image formats
Backend Tests	Run tests	2026-10-07T03:10:04.4409727Z   ---
Backend Tests	Run tests	2026-10-07T03:10:04.4421466Z   duration_ms: 1.588477
Backend Tests	Run tests	2026-10-07T03:10:04.4439722Z   ...
Backend Tests	Run tests	2026-10-07T03:10:04.4441051Z # Subtest: profileImage: parseBase64DataUrl rejects malformed strings
Backend Tests	Run tests	2026-10-07T03:10:04.4442152Z ok 478 - profileImage: parseBase64DataUrl rejects malformed strings
Backend Tests	Run tests	2026-10-07T03:10:04.4442877Z   ---
Backend Tests	Run tests	2026-10-07T03:10:04.4443361Z   duration_ms: 0.421459
Backend Tests	Run tests	2026-10-07T03:10:04.4443838Z   ...
Backend Tests	Run tests	2026-10-07T03:10:04.4444868Z # Subtest: profileImage: parseBase64DataUrl parses supported base64 data URLs (trimming whitespace)
Backend Tests	Run tests	2026-10-07T03:10:04.4446349Z ok 479 - profileImage: parseBase64DataUrl parses supported base64 data URLs (trimming whitespace)
Backend Tests	Run tests	2026-10-07T03:10:04.4447207Z   ---
Backend Tests	Run tests	2026-10-07T03:10:04.4447660Z   duration_ms: 1.04274
Backend Tests	Run tests	2026-10-07T03:10:04.4448137Z   ...
Backend Tests	Run tests	2026-10-07T03:10:04.4449029Z # Subtest: profileImage: buildBase64DataUrl encodes bytes and round-trips with parseBase64DataUrl
Backend Tests	Run tests	2026-10-07T03:10:04.4450328Z ok 480 - profileImage: buildBase64DataUrl encodes bytes and round-trips with parseBase64DataUrl
Backend Tests	Run tests	2026-10-07T03:10:04.4451323Z   ---
Backend Tests	Run tests	2026-10-07T03:10:04.4451784Z   duration_ms: 0.406771
Backend Tests	Run tests	2026-10-07T03:10:04.4452271Z   ...
Backend Tests	Run tests	2026-10-07T03:10:07.2385104Z # Subtest: profile utils: isSex validates allowed enum values
Backend Tests	Run tests	2026-10-07T03:10:07.2401969Z ok 481 - profile utils: isSex validates allowed enum values
Backend Tests	Run tests	2026-10-07T03:10:07.2431470Z   ---
Backend Tests	Run tests	2026-10-07T03:10:07.2461488Z   duration_ms: 1.148143
Backend Tests	Run tests	2026-10-07T03:10:07.2467129Z   ...
Backend Tests	Run tests	2026-10-07T03:10:07.2468009Z # Subtest: profile utils: isActivityLevel validates allowed enum values
Backend Tests	Run tests	2026-10-07T03:10:07.2468948Z ok 482 - profile utils: isActivityLevel validates allowed enum values
Backend Tests	Run tests	2026-10-07T03:10:07.2469736Z   ---
Backend Tests	Run tests	2026-10-07T03:10:07.2470264Z   duration_ms: 0.202285
Backend Tests	Run tests	2026-10-07T03:10:07.2471020Z   ...
Backend Tests	Run tests	2026-10-07T03:10:07.3152907Z # Subtest: database readiness reports success without exposing probe results
Backend Tests	Run tests	2026-10-07T03:10:07.3201818Z ok 483 - database readiness reports success without exposing probe results
Backend Tests	Run tests	2026-10-07T03:10:07.3231481Z   ---
Backend Tests	Run tests	2026-10-07T03:10:07.3241479Z   duration_ms: 1.724229
Backend Tests	Run tests	2026-10-07T03:10:07.3265087Z   ...
Backend Tests	Run tests	2026-10-07T03:10:07.3292189Z # Subtest: database readiness converts connection failures into a safe false result
Backend Tests	Run tests	2026-10-07T03:10:07.3311631Z ok 484 - database readiness converts connection failures into a safe false result
Backend Tests	Run tests	2026-10-07T03:10:07.3338755Z   ---
Backend Tests	Run tests	2026-10-07T03:10:07.3359016Z   duration_ms: 0.431937
Backend Tests	Run tests	2026-10-07T03:10:07.3391304Z   ...
Backend Tests	Run tests	2026-10-07T03:10:07.3651748Z # Subtest: servers support clients from the same or an older minor version
Backend Tests	Run tests	2026-10-07T03:10:07.3699094Z ok 485 - servers support clients from the same or an older minor version
Backend Tests	Run tests	2026-10-07T03:10:07.3741269Z   ---
Backend Tests	Run tests	2026-10-07T03:10:07.3771359Z   duration_ms: 13.39459
Backend Tests	Run tests	2026-10-07T03:10:07.3782883Z   ...
Backend Tests	Run tests	2026-10-07T03:10:07.3831884Z # Subtest: major mismatches block directionally and a newer client minor requires a newer server
Backend Tests	Run tests	2026-10-07T03:10:07.3887577Z ok 486 - major mismatches block directionally and a newer client minor requires a newer server
Backend Tests	Run tests	2026-10-07T03:10:07.3933897Z   ---
Backend Tests	Run tests	2026-10-07T03:10:07.3971401Z   duration_ms: 1.124705
Backend Tests	Run tests	2026-10-07T03:10:07.4001392Z   ...
Backend Tests	Run tests	2026-10-07T03:10:07.4031607Z # Subtest: malformed semantic versions fail closed
Backend Tests	Run tests	2026-10-07T03:10:07.4091466Z ok 487 - malformed semantic versions fail closed
Backend Tests	Run tests	2026-10-07T03:10:07.4151250Z   ---
Backend Tests	Run tests	2026-10-07T03:10:07.4191950Z   duration_ms: 0.422036
Backend Tests	Run tests	2026-10-07T03:10:07.4281172Z   ...
Backend Tests	Run tests	2026-10-07T03:10:07.4311770Z # Subtest: compatibility comparison does not lose precision for large canonical identifiers
Backend Tests	Run tests	2026-10-07T03:10:07.4391613Z ok 488 - compatibility comparison does not lose precision for large canonical identifiers
Backend Tests	Run tests	2026-10-07T03:10:07.4416182Z   ---
Backend Tests	Run tests	2026-10-07T03:10:07.4481508Z   duration_ms: 0.183017
Backend Tests	Run tests	2026-10-07T03:10:07.4557258Z   ...
Backend Tests	Run tests	2026-10-07T03:10:09.5068116Z # Subtest: reminder wire times use canonical HH:mm values
Backend Tests	Run tests	2026-10-07T03:10:09.5106921Z ok 489 - reminder wire times use canonical HH:mm values
Backend Tests	Run tests	2026-10-07T03:10:09.5128851Z   ---
Backend Tests	Run tests	2026-10-07T03:10:09.5131130Z   duration_ms: 1.763146
Backend Tests	Run tests	2026-10-07T03:10:09.5131513Z   ...
Backend Tests	Run tests	2026-10-07T03:10:09.5132294Z # Subtest: local wall-clock resolution follows IANA DST transitions without inventing UTC schedules
Backend Tests	Run tests	2026-10-07T03:10:09.5133436Z ok 490 - local wall-clock resolution follows IANA DST transitions without inventing UTC schedules
Backend Tests	Run tests	2026-10-07T03:10:09.5134139Z   ---
Backend Tests	Run tests	2026-10-07T03:10:09.5134493Z   duration_ms: 20.327425
Backend Tests	Run tests	2026-10-07T03:10:09.5134873Z   ...
Backend Tests	Run tests	2026-10-07T03:10:09.5135625Z # Subtest: current account timezone changes the wall-clock interpretation of the same instant
Backend Tests	Run tests	2026-10-07T03:10:09.5136682Z ok 491 - current account timezone changes the wall-clock interpretation of the same instant
Backend Tests	Run tests	2026-10-07T03:10:09.5137396Z   ---
Backend Tests	Run tests	2026-10-07T03:10:09.5137696Z   duration_ms: 0.653601
Backend Tests	Run tests	2026-10-07T03:10:09.5138004Z   ...
Backend Tests	Run tests	2026-10-07T03:10:09.5138510Z # Subtest: overnight quiet hours are start-inclusive and end-exclusive
Backend Tests	Run tests	2026-10-07T03:10:09.5139294Z ok 492 - overnight quiet hours are start-inclusive and end-exclusive
Backend Tests	Run tests	2026-10-07T03:10:09.5139787Z   ---
Backend Tests	Run tests	2026-10-07T03:10:09.5140069Z   duration_ms: 0.238605
Backend Tests	Run tests	2026-10-07T03:10:09.5140381Z   ...
Backend Tests	Run tests	2026-10-07T03:10:11.9616935Z # Subtest: staggered reminder times remain separate so an earlier type can be receipt-deduped
Backend Tests	Run tests	2026-10-07T03:10:11.9642409Z ok 493 - staggered reminder times remain separate so an earlier type can be receipt-deduped
Backend Tests	Run tests	2026-10-07T03:10:11.9671495Z   ---
Backend Tests	Run tests	2026-10-07T03:10:11.9701862Z   duration_ms: 4324.404472
Backend Tests	Run tests	2026-10-07T03:10:11.9702481Z   ...
Backend Tests	Run tests	2026-10-07T03:10:11.9703419Z # Subtest: equal reminder times remain separate so each type keeps an independent receipt
Backend Tests	Run tests	2026-10-07T03:10:11.9704670Z ok 494 - equal reminder times remain separate so each type keeps an independent receipt
Backend Tests	Run tests	2026-10-07T03:10:11.9705433Z   ---
Backend Tests	Run tests	2026-10-07T03:10:11.9705872Z   duration_ms: 20.749156
Backend Tests	Run tests	2026-10-07T03:10:11.9706319Z   ...
Backend Tests	Run tests	2026-10-07T03:10:12.0098216Z # Subtest: requestParsing: parsePositiveInteger accepts only finite integers >= 1
Backend Tests	Run tests	2026-10-07T03:10:12.0107132Z ok 495 - requestParsing: parsePositiveInteger accepts only finite integers >= 1
Backend Tests	Run tests	2026-10-07T03:10:12.0108171Z   ---
Backend Tests	Run tests	2026-10-07T03:10:12.0108624Z   duration_ms: 7.791863
Backend Tests	Run tests	2026-10-07T03:10:12.0109100Z   ...
Backend Tests	Run tests	2026-10-07T03:10:12.0110073Z # Subtest: requestParsing: parseNonNegativeInteger accepts finite integers >= 0 (truncating numbers)
Backend Tests	Run tests	2026-10-07T03:10:12.0111686Z ok 496 - requestParsing: parseNonNegativeInteger accepts finite integers >= 0 (truncating numbers)
Backend Tests	Run tests	2026-10-07T03:10:12.0112495Z   ---
Backend Tests	Run tests	2026-10-07T03:10:12.0112905Z   duration_ms: 0.35162
Backend Tests	Run tests	2026-10-07T03:10:12.0113292Z   ...
Backend Tests	Run tests	2026-10-07T03:10:12.0114086Z # Subtest: requestParsing: parseNonNegativeNumber accepts finite numbers >= 0 (including decimals)
Backend Tests	Run tests	2026-10-07T03:10:12.0115248Z ok 497 - requestParsing: parseNonNegativeNumber accepts finite numbers >= 0 (including decimals)
Backend Tests	Run tests	2026-10-07T03:10:12.0115996Z   ---
Backend Tests	Run tests	2026-10-07T03:10:12.0116440Z   duration_ms: 0.21654
Backend Tests	Run tests	2026-10-07T03:10:12.0116847Z   ...
Backend Tests	Run tests	2026-10-07T03:10:12.0117665Z # Subtest: requestParsing: parsePositiveNumber accepts only finite numbers > 0 (including decimals)
Backend Tests	Run tests	2026-10-07T03:10:12.0118862Z ok 498 - requestParsing: parsePositiveNumber accepts only finite numbers > 0 (including decimals)
Backend Tests	Run tests	2026-10-07T03:10:12.0119629Z   ---
Backend Tests	Run tests	2026-10-07T03:10:12.0119990Z   duration_ms: 6.365434
Backend Tests	Run tests	2026-10-07T03:10:12.0120441Z   ...
Backend Tests	Run tests	2026-10-07T03:10:12.0121456Z # Subtest: requestParsing: resolveLanguageCode prefers explicit query params over headers
Backend Tests	Run tests	2026-10-07T03:10:12.0122551Z ok 499 - requestParsing: resolveLanguageCode prefers explicit query params over headers
Backend Tests	Run tests	2026-10-07T03:10:12.0123268Z   ---
Backend Tests	Run tests	2026-10-07T03:10:12.0123662Z   duration_ms: 0.252236
Backend Tests	Run tests	2026-10-07T03:10:12.0124078Z   ...
Backend Tests	Run tests	2026-10-07T03:10:12.0124828Z # Subtest: requestParsing: resolveLanguageCode falls back to Accept-Language primary tag
Backend Tests	Run tests	2026-10-07T03:10:12.0125893Z ok 500 - requestParsing: resolveLanguageCode falls back to Accept-Language primary tag
Backend Tests	Run tests	2026-10-07T03:10:12.0126541Z   ---
Backend Tests	Run tests	2026-10-07T03:10:12.0126947Z   duration_ms: 0.194997
Backend Tests	Run tests	2026-10-07T03:10:12.0127379Z   ...
Backend Tests	Run tests	2026-10-07T03:10:16.2614996Z # Subtest: known-account SMTP work cannot delay the generic password reset response
Backend Tests	Run tests	2026-10-07T03:10:16.2640362Z ok 501 - known-account SMTP work cannot delay the generic password reset response
Backend Tests	Run tests	2026-10-07T03:10:16.2671556Z   ---
Backend Tests	Run tests	2026-10-07T03:10:16.2711295Z   duration_ms: 6349.677628
Backend Tests	Run tests	2026-10-07T03:10:16.2711755Z   ...
Backend Tests	Run tests	2026-10-07T03:10:16.2719437Z # Subtest: known and unknown recovery requests have the same immediate response
Backend Tests	Run tests	2026-10-07T03:10:16.2732178Z ok 502 - known and unknown recovery requests have the same immediate response
Backend Tests	Run tests	2026-10-07T03:10:16.2841296Z   ---
Backend Tests	Run tests	2026-10-07T03:10:16.2901955Z   duration_ms: 70.528115
Backend Tests	Run tests	2026-10-07T03:10:16.2931258Z   ...
Backend Tests	Run tests	2026-10-07T03:10:16.5122563Z # Subtest: activity route requires trusted mobile provenance for Health Connect writes
Backend Tests	Run tests	2026-10-07T03:10:16.5126301Z ok 503 - activity route requires trusted mobile provenance for Health Connect writes
Backend Tests	Run tests	2026-10-07T03:10:16.5127058Z   ---
Backend Tests	Run tests	2026-10-07T03:10:16.5127472Z   duration_ms: 3203.286656
Backend Tests	Run tests	2026-10-07T03:10:16.5127888Z   ...
Backend Tests	Run tests	2026-10-07T03:10:16.5128580Z # Subtest: activity route advances the token with source writes in one transaction
Backend Tests	Run tests	2026-10-07T03:10:16.5129586Z ok 504 - activity route advances the token with source writes in one transaction
Backend Tests	Run tests	2026-10-07T03:10:16.5130234Z   ---
Backend Tests	Run tests	2026-10-07T03:10:16.5130800Z   duration_ms: 50.140524
Backend Tests	Run tests	2026-10-07T03:10:16.5131255Z   ...
Backend Tests	Run tests	2026-10-07T03:10:16.5131952Z # Subtest: activity route rejects out-of-order token pages before domain writes
Backend Tests	Run tests	2026-10-07T03:10:16.5132903Z ok 505 - activity route rejects out-of-order token pages before domain writes
Backend Tests	Run tests	2026-10-07T03:10:16.5133511Z   ---
Backend Tests	Run tests	2026-10-07T03:10:16.5133875Z   duration_ms: 18.421434
Backend Tests	Run tests	2026-10-07T03:10:16.5134285Z   ...
Backend Tests	Run tests	2026-10-07T03:10:16.5135074Z # Subtest: activity route returns every requested date with optional summary and records
Backend Tests	Run tests	2026-10-07T03:10:16.5137310Z ok 506 - activity route returns every requested date with optional summary and records
Backend Tests	Run tests	2026-10-07T03:10:16.5139138Z   ---
Backend Tests	Run tests	2026-10-07T03:10:16.5139759Z   duration_ms: 17.338396
Backend Tests	Run tests	2026-10-07T03:10:16.5140166Z   ...
Backend Tests	Run tests	2026-10-07T03:10:16.5141586Z # Subtest: activity route authoritatively replaces a reset window and replays without a second delete
Backend Tests	Run tests	2026-10-07T03:10:16.5142882Z ok 507 - activity route authoritatively replaces a reset window and replays without a second delete
Backend Tests	Run tests	2026-10-07T03:10:16.5143641Z   ---
Backend Tests	Run tests	2026-10-07T03:10:16.5144011Z   duration_ms: 28.348037
Backend Tests	Run tests	2026-10-07T03:10:16.5144424Z   ...
Backend Tests	Run tests	2026-10-07T03:10:20.2158404Z # Subtest: auth route: POST /mobile/login returns mobile tokens for valid credentials
Backend Tests	Run tests	2026-10-07T03:10:20.2162489Z ok 508 - auth route: POST /mobile/login returns mobile tokens for valid credentials
Backend Tests	Run tests	2026-10-07T03:10:20.2163117Z   ---
Backend Tests	Run tests	2026-10-07T03:10:20.2163370Z   duration_ms: 4162.617417
Backend Tests	Run tests	2026-10-07T03:10:20.2163612Z   ...
Backend Tests	Run tests	2026-10-07T03:10:20.2164046Z # Subtest: auth route: POST /mobile/login refuses direct Wear OS password sessions
Backend Tests	Run tests	2026-10-07T03:10:20.2164714Z ok 509 - auth route: POST /mobile/login refuses direct Wear OS password sessions
Backend Tests	Run tests	2026-10-07T03:10:20.2165113Z   ---
Backend Tests	Run tests	2026-10-07T03:10:20.2165345Z   duration_ms: 79.34871
Backend Tests	Run tests	2026-10-07T03:10:20.2165592Z   ...
Backend Tests	Run tests	2026-10-07T03:10:20.2172333Z # Subtest: auth route: Wear pairing credential issuance rejects browser-only authentication
Backend Tests	Run tests	2026-10-07T03:10:20.2175807Z ok 510 - auth route: Wear pairing credential issuance rejects browser-only authentication
Backend Tests	Run tests	2026-10-07T03:10:20.2176582Z   ---
Backend Tests	Run tests	2026-10-07T03:10:20.2177032Z   duration_ms: 91.731594
Backend Tests	Run tests	2026-10-07T03:10:20.2177600Z   ...
Backend Tests	Run tests	2026-10-07T03:10:20.2178448Z # Subtest: auth route: Wear pairing credential issuance rejects non-origin server bindings
Backend Tests	Run tests	2026-10-07T03:10:20.2179492Z ok 511 - auth route: Wear pairing credential issuance rejects non-origin server bindings
Backend Tests	Run tests	2026-10-07T03:10:20.2180165Z   ---
Backend Tests	Run tests	2026-10-07T03:10:20.2180564Z   duration_ms: 73.946132
Backend Tests	Run tests	2026-10-07T03:10:20.2181269Z   ...
Backend Tests	Run tests	2026-10-07T03:10:20.2181991Z # Subtest: auth route: Wear pairing credential issuance binds the watch key and challenge
Backend Tests	Run tests	2026-10-07T03:10:20.2183074Z ok 512 - auth route: Wear pairing credential issuance binds the watch key and challenge
Backend Tests	Run tests	2026-10-07T03:10:20.2183761Z   ---
Backend Tests	Run tests	2026-10-07T03:10:20.2184160Z   duration_ms: 66.343455
Backend Tests	Run tests	2026-10-07T03:10:20.2184612Z   ...
Backend Tests	Run tests	2026-10-07T03:10:20.2185504Z # Subtest: auth route: POST /mobile/login performs a dummy hash comparison for unknown accounts
Backend Tests	Run tests	2026-10-07T03:10:20.2186693Z ok 513 - auth route: POST /mobile/login performs a dummy hash comparison for unknown accounts
Backend Tests	Run tests	2026-10-07T03:10:20.2187440Z   ---
Backend Tests	Run tests	2026-10-07T03:10:20.2187839Z   duration_ms: 67.74979
Backend Tests	Run tests	2026-10-07T03:10:20.2188280Z   ...
Backend Tests	Run tests	2026-10-07T03:10:20.2188982Z # Subtest: auth route: POST /mobile/refresh rejects missing refresh token
Backend Tests	Run tests	2026-10-07T03:10:20.2189883Z ok 514 - auth route: POST /mobile/refresh rejects missing refresh token
Backend Tests	Run tests	2026-10-07T03:10:20.2190512Z   ---
Backend Tests	Run tests	2026-10-07T03:10:20.2191080Z   duration_ms: 72.326801
Backend Tests	Run tests	2026-10-07T03:10:20.2191526Z   ...
Backend Tests	Run tests	2026-10-07T03:10:20.2192259Z # Subtest: auth route: POST /mobile/refresh records invalid or expired refresh tokens
Backend Tests	Run tests	2026-10-07T03:10:20.2193306Z ok 515 - auth route: POST /mobile/refresh records invalid or expired refresh tokens
Backend Tests	Run tests	2026-10-07T03:10:20.2193991Z   ---
Backend Tests	Run tests	2026-10-07T03:10:20.2194398Z   duration_ms: 48.535825
Backend Tests	Run tests	2026-10-07T03:10:20.2194843Z   ...
Backend Tests	Run tests	2026-10-07T03:10:20.2197272Z # Subtest: auth route: GET /mobile/sessions returns owned active devices
Backend Tests	Run tests	2026-10-07T03:10:20.2199353Z ok 516 - auth route: GET /mobile/sessions returns owned active devices
Backend Tests	Run tests	2026-10-07T03:10:20.2199923Z   ---
Backend Tests	Run tests	2026-10-07T03:10:20.2200348Z   duration_ms: 61.659891
Backend Tests	Run tests	2026-10-07T03:10:20.2200958Z   ...
Backend Tests	Run tests	2026-10-07T03:10:20.2222063Z # Subtest: mobile login rejects a credential change during password verification with the generic response
Backend Tests	Run tests	2026-10-07T03:10:20.2223591Z ok 517 - mobile login rejects a credential change during password verification with the generic response
Backend Tests	Run tests	2026-10-07T03:10:20.2236073Z   ---
Backend Tests	Run tests	2026-10-07T03:10:20.2236632Z   duration_ms: 47.560648
Backend Tests	Run tests	2026-10-07T03:10:20.2237598Z   ...
Backend Tests	Run tests	2026-10-07T03:10:23.9302246Z # Subtest: auth route: POST /register returns 400 when the email already exists
Backend Tests	Run tests	2026-10-07T03:10:23.9303979Z ok 518 - auth route: POST /register returns 400 when the email already exists
Backend Tests	Run tests	2026-10-07T03:10:23.9320429Z   ---
Backend Tests	Run tests	2026-10-07T03:10:23.9321149Z   duration_ms: 6939.300954
Backend Tests	Run tests	2026-10-07T03:10:23.9322769Z   ...
Backend Tests	Run tests	2026-10-07T03:10:23.9323476Z # Subtest: auth route: POST /register validates email and password inputs
Backend Tests	Run tests	2026-10-07T03:10:23.9324458Z ok 519 - auth route: POST /register validates email and password inputs
Backend Tests	Run tests	2026-10-07T03:10:23.9325092Z   ---
Backend Tests	Run tests	2026-10-07T03:10:23.9325494Z   duration_ms: 39.888438
Backend Tests	Run tests	2026-10-07T03:10:23.9325911Z   ...
Backend Tests	Run tests	2026-10-07T03:10:23.9326537Z # Subtest: auth route: POST /register creates a user and logs them in
Backend Tests	Run tests	2026-10-07T03:10:23.9327388Z ok 520 - auth route: POST /register creates a user and logs them in
Backend Tests	Run tests	2026-10-07T03:10:23.9327986Z   ---
Backend Tests	Run tests	2026-10-07T03:10:23.9328384Z   duration_ms: 50.965635
Backend Tests	Run tests	2026-10-07T03:10:23.9328801Z   ...
Backend Tests	Run tests	2026-10-07T03:10:23.9329650Z # Subtest: auth route: POST /login normalizes credentials, logs in, and returns the serialized user
Backend Tests	Run tests	2026-10-07T03:10:23.9331043Z ok 521 - auth route: POST /login normalizes credentials, logs in, and returns the serialized user
Backend Tests	Run tests	2026-10-07T03:10:23.9352765Z   ---
Backend Tests	Run tests	2026-10-07T03:10:23.9353329Z   duration_ms: 47.016488
Backend Tests	Run tests	2026-10-07T03:10:23.9353797Z   ...
Backend Tests	Run tests	2026-10-07T03:10:23.9354580Z # Subtest: auth route: POST /login returns JSON errors for invalid or rejected credentials
Backend Tests	Run tests	2026-10-07T03:10:23.9355657Z ok 522 - auth route: POST /login returns JSON errors for invalid or rejected credentials
Backend Tests	Run tests	2026-10-07T03:10:23.9356353Z   ---
Backend Tests	Run tests	2026-10-07T03:10:23.9356758Z   duration_ms: 48.466908
Backend Tests	Run tests	2026-10-07T03:10:23.9357177Z   ...
Backend Tests	Run tests	2026-10-07T03:10:23.9357789Z # Subtest: auth route: POST /logout forwards errors from req.logout
Backend Tests	Run tests	2026-10-07T03:10:23.9358603Z ok 523 - auth route: POST /logout forwards errors from req.logout
Backend Tests	Run tests	2026-10-07T03:10:23.9359183Z   ---
Backend Tests	Run tests	2026-10-07T03:10:23.9359570Z   duration_ms: 42.105799
Backend Tests	Run tests	2026-10-07T03:10:23.9360042Z   ...
Backend Tests	Run tests	2026-10-07T03:10:23.9360924Z # Subtest: auth route: POST /logout destroys the session and clears its cookie
Backend Tests	Run tests	2026-10-07T03:10:23.9361955Z ok 524 - auth route: POST /logout destroys the session and clears its cookie
Backend Tests	Run tests	2026-10-07T03:10:23.9362602Z   ---
Backend Tests	Run tests	2026-10-07T03:10:23.9362997Z   duration_ms: 42.548928
Backend Tests	Run tests	2026-10-07T03:10:23.9363424Z   ...
Backend Tests	Run tests	2026-10-07T03:10:23.9364023Z # Subtest: auth route: GET /me returns 401 when not authenticated
Backend Tests	Run tests	2026-10-07T03:10:23.9364831Z ok 525 - auth route: GET /me returns 401 when not authenticated
Backend Tests	Run tests	2026-10-07T03:10:23.9365421Z   ---
Backend Tests	Run tests	2026-10-07T03:10:23.9365793Z   duration_ms: 43.955268
Backend Tests	Run tests	2026-10-07T03:10:23.9366202Z   ...
Backend Tests	Run tests	2026-10-07T03:10:23.9366843Z # Subtest: hosted registration requires explicit current legal versions
Backend Tests	Run tests	2026-10-07T03:10:23.9367729Z ok 526 - hosted registration requires explicit current legal versions
Backend Tests	Run tests	2026-10-07T03:10:23.9368329Z   ---
Backend Tests	Run tests	2026-10-07T03:10:23.9368716Z   duration_ms: 28.627446
Backend Tests	Run tests	2026-10-07T03:10:23.9369128Z   ...
Backend Tests	Run tests	2026-10-07T03:10:23.9369878Z # Subtest: auth route: hosted registration fails closed when account email is unavailable
Backend Tests	Run tests	2026-10-07T03:10:23.9381884Z ok 527 - auth route: hosted registration fails closed when account email is unavailable
Backend Tests	Run tests	2026-10-07T03:10:23.9382475Z   ---
Backend Tests	Run tests	2026-10-07T03:10:23.9382771Z   duration_ms: 22.4083
Backend Tests	Run tests	2026-10-07T03:10:23.9383100Z   ...
Backend Tests	Run tests	2026-10-07T03:10:23.9383756Z # Subtest: auth route: verification resend and reset request do not reveal account existence
Backend Tests	Run tests	2026-10-07T03:10:23.9384743Z ok 528 - auth route: verification resend and reset request do not reveal account existence
Backend Tests	Run tests	2026-10-07T03:10:23.9385353Z   ---
Backend Tests	Run tests	2026-10-07T03:10:23.9385638Z   duration_ms: 22.995736
Backend Tests	Run tests	2026-10-07T03:10:23.9385972Z   ...
Backend Tests	Run tests	2026-10-07T03:10:23.9871837Z # Subtest: calibration route requires authentication
Backend Tests	Run tests	2026-10-07T03:10:23.9909340Z ok 529 - calibration route requires authentication
Backend Tests	Run tests	2026-10-07T03:10:23.9909908Z   ---
Backend Tests	Run tests	2026-10-07T03:10:23.9910285Z   duration_ms: 3668.381934
Backend Tests	Run tests	2026-10-07T03:10:23.9910831Z   ...
Backend Tests	Run tests	2026-10-07T03:10:23.9911405Z # Subtest: calibration status delegates to on-demand evaluation
Backend Tests	Run tests	2026-10-07T03:10:23.9912524Z ok 530 - calibration status delegates to on-demand evaluation
Backend Tests	Run tests	2026-10-07T03:10:23.9912985Z   ---
Backend Tests	Run tests	2026-10-07T03:10:23.9913230Z   duration_ms: 21.594881
Backend Tests	Run tests	2026-10-07T03:10:23.9913472Z   ...
Backend Tests	Run tests	2026-10-07T03:10:23.9913871Z # Subtest: apply route forwards the recommendation and operation identifiers
Backend Tests	Run tests	2026-10-07T03:10:23.9914408Z ok 531 - apply route forwards the recommendation and operation identifiers
Backend Tests	Run tests	2026-10-07T03:10:23.9914751Z   ---
Backend Tests	Run tests	2026-10-07T03:10:23.9914962Z   duration_ms: 22.280728
Backend Tests	Run tests	2026-10-07T03:10:23.9915178Z   ...
Backend Tests	Run tests	2026-10-07T03:10:23.9915561Z # Subtest: cancel route forwards the scheduled recommendation and operation identifiers
Backend Tests	Run tests	2026-10-07T03:10:23.9916123Z ok 532 - cancel route forwards the scheduled recommendation and operation identifiers
Backend Tests	Run tests	2026-10-07T03:10:23.9916488Z   ---
Backend Tests	Run tests	2026-10-07T03:10:23.9916671Z   duration_ms: 18.378515
Backend Tests	Run tests	2026-10-07T03:10:23.9916875Z   ...
Backend Tests	Run tests	2026-10-07T03:10:25.9383563Z # Subtest: dev notifications: test endpoint defaults to push + in-app delivery
Backend Tests	Run tests	2026-10-07T03:10:25.9385013Z ok 533 - dev notifications: test endpoint defaults to push + in-app delivery
Backend Tests	Run tests	2026-10-07T03:10:25.9385732Z   ---
Backend Tests	Run tests	2026-10-07T03:10:25.9386184Z   duration_ms: 2360.796785
Backend Tests	Run tests	2026-10-07T03:10:25.9386681Z   ...
Backend Tests	Run tests	2026-10-07T03:10:25.9387421Z # Subtest: dev notifications: in-app only delivery does not require a push endpoint
Backend Tests	Run tests	2026-10-07T03:10:25.9388521Z ok 534 - dev notifications: in-app only delivery does not require a push endpoint
Backend Tests	Run tests	2026-10-07T03:10:25.9389206Z   ---
Backend Tests	Run tests	2026-10-07T03:10:25.9389601Z   duration_ms: 56.758662
Backend Tests	Run tests	2026-10-07T03:10:25.9389997Z   ...
Backend Tests	Run tests	2026-10-07T03:10:25.9390779Z # Subtest: dev notifications: deduped reminder skips still report success
Backend Tests	Run tests	2026-10-07T03:10:25.9391691Z ok 535 - dev notifications: deduped reminder skips still report success
Backend Tests	Run tests	2026-10-07T03:10:25.9392288Z   ---
Backend Tests	Run tests	2026-10-07T03:10:25.9392651Z   duration_ms: 50.034557
Backend Tests	Run tests	2026-10-07T03:10:25.9393042Z   ...
Backend Tests	Run tests	2026-10-07T03:10:25.9393811Z # Subtest: dev notifications: status endpoint reports push and in-app state for selected type
Backend Tests	Run tests	2026-10-07T03:10:25.9395045Z ok 536 - dev notifications: status endpoint reports push and in-app state for selected type
Backend Tests	Run tests	2026-10-07T03:10:25.9395740Z   ---
Backend Tests	Run tests	2026-10-07T03:10:25.9396101Z   duration_ms: 67.584512
Backend Tests	Run tests	2026-10-07T03:10:25.9396520Z   ...
Backend Tests	Run tests	2026-10-07T03:10:25.9397282Z # Subtest: dev notifications: clear endpoint resets selected push and in-app state
Backend Tests	Run tests	2026-10-07T03:10:25.9398337Z ok 537 - dev notifications: clear endpoint resets selected push and in-app state
Backend Tests	Run tests	2026-10-07T03:10:25.9399002Z   ---
Backend Tests	Run tests	2026-10-07T03:10:25.9399384Z   duration_ms: 23.915787
Backend Tests	Run tests	2026-10-07T03:10:25.9399778Z   ...
Backend Tests	Run tests	2026-10-07T03:10:25.9400404Z # Subtest: dev notifications: clear endpoint requires at least one clear action
Backend Tests	Run tests	2026-10-07T03:10:25.9432277Z ok 538 - dev notifications: clear endpoint requires at least one clear action
Backend Tests	Run tests	2026-10-07T03:10:25.9461387Z   ---
Backend Tests	Run tests	2026-10-07T03:10:25.9481573Z   duration_ms: 29.235998
Backend Tests	Run tests	2026-10-07T03:10:25.9541362Z   ...
Backend Tests	Run tests	2026-10-07T03:10:25.9621653Z # Subtest: dev notifications: returns 400 when push is selected without endpoint
Backend Tests	Run tests	2026-10-07T03:10:25.9672676Z ok 539 - dev notifications: returns 400 when push is selected without endpoint
Backend Tests	Run tests	2026-10-07T03:10:25.9711296Z   ---
Backend Tests	Run tests	2026-10-07T03:10:25.9711666Z   duration_ms: 16.301226
Backend Tests	Run tests	2026-10-07T03:10:25.9711998Z   ...
Backend Tests	Run tests	2026-10-07T03:10:25.9712598Z # Subtest: dev notifications: returns 400 when channel selection is empty
Backend Tests	Run tests	2026-10-07T03:10:25.9713372Z ok 540 - dev notifications: returns 400 when channel selection is empty
Backend Tests	Run tests	2026-10-07T03:10:25.9736175Z   ---
Backend Tests	Run tests	2026-10-07T03:10:25.9761334Z   duration_ms: 19.98972
Backend Tests	Run tests	2026-10-07T03:10:25.9791365Z   ...
Backend Tests	Run tests	2026-10-07T03:10:30.0312349Z # Subtest: food-days route: rejects unauthenticated requests via router.use middleware
Backend Tests	Run tests	2026-10-07T03:10:30.0315611Z ok 541 - food-days route: rejects unauthenticated requests via router.use middleware
Backend Tests	Run tests	2026-10-07T03:10:30.0371542Z   ---
Backend Tests	Run tests	2026-10-07T03:10:30.0431329Z   duration_ms: 8755.62815
Backend Tests	Run tests	2026-10-07T03:10:30.0491201Z   ...
Backend Tests	Run tests	2026-10-07T03:10:30.0551797Z # Subtest: food-days route: GET / returns default incomplete status when no row exists
Backend Tests	Run tests	2026-10-07T03:10:30.0636020Z ok 542 - food-days route: GET / returns default incomplete status when no row exists
Backend Tests	Run tests	2026-10-07T03:10:30.0671155Z   ---
Backend Tests	Run tests	2026-10-07T03:10:30.0791204Z   duration_ms: 126.839572
Backend Tests	Run tests	2026-10-07T03:10:30.0881159Z   ...
Backend Tests	Run tests	2026-10-07T03:10:30.0911535Z # Subtest: food-days route: GET /range returns inclusive day statuses for start/end
Backend Tests	Run tests	2026-10-07T03:10:30.1031630Z ok 543 - food-days route: GET /range returns inclusive day statuses for start/end
Backend Tests	Run tests	2026-10-07T03:10:30.1091234Z   ---
Backend Tests	Run tests	2026-10-07T03:10:30.1181180Z   duration_ms: 82.236407
Backend Tests	Run tests	2026-10-07T03:10:30.1211159Z   ...
Backend Tests	Run tests	2026-10-07T03:10:30.1271555Z # Subtest: food-days route: GET /range supports month query
Backend Tests	Run tests	2026-10-07T03:10:30.1272600Z ok 544 - food-days route: GET /range supports month query
Backend Tests	Run tests	2026-10-07T03:10:30.1331235Z   ---
Backend Tests	Run tests	2026-10-07T03:10:30.1391175Z   duration_ms: 45.247589
Backend Tests	Run tests	2026-10-07T03:10:30.1421205Z   ...
Backend Tests	Run tests	2026-10-07T03:10:30.1421946Z # Subtest: food-days route: GET /range validates query shape
Backend Tests	Run tests	2026-10-07T03:10:30.1451463Z ok 545 - food-days route: GET /range validates query shape
Backend Tests	Run tests	2026-10-07T03:10:30.1481221Z   ---
Backend Tests	Run tests	2026-10-07T03:10:30.1511323Z   duration_ms: 48.605457
Backend Tests	Run tests	2026-10-07T03:10:30.1512009Z   ...
Backend Tests	Run tests	2026-10-07T03:10:30.1541728Z # Subtest: PATCH completion captures its local-day plan once and reopening/recompletion retains it
Backend Tests	Run tests	2026-10-07T03:10:30.1571590Z ok 546 - PATCH completion captures its local-day plan once and reopening/recompletion retains it
Backend Tests	Run tests	2026-10-07T03:10:30.1601203Z   ---
Backend Tests	Run tests	2026-10-07T03:10:30.1601810Z   duration_ms: 60.907466
Backend Tests	Run tests	2026-10-07T03:10:30.1631356Z   ...
Backend Tests	Run tests	2026-10-07T03:10:34.0916640Z # Food search returned no results. Attempts: fatsecret (empty), openFoodFacts (empty)
Backend Tests	Run tests	2026-10-07T03:10:34.1542109Z # Food provider search failed (request_id=unavailable, error_type=Error).
Backend Tests	Run tests	2026-10-07T03:10:34.1546070Z # Food search failed for all providers. Attempts: fatsecret (error), openFoodFacts (error)
Backend Tests	Run tests	2026-10-07T03:10:34.5552399Z # Subtest: food route: rejects unauthenticated requests via router.use middleware
Backend Tests	Run tests	2026-10-07T03:10:34.5562102Z ok 547 - food route: rejects unauthenticated requests via router.use middleware
Backend Tests	Run tests	2026-10-07T03:10:34.5617736Z   ---
Backend Tests	Run tests	2026-10-07T03:10:34.5637619Z   duration_ms: 6561.211104
Backend Tests	Run tests	2026-10-07T03:10:34.5641113Z   ...
Backend Tests	Run tests	2026-10-07T03:10:34.5641966Z # Subtest: food route: GET /search requires query or barcode
Backend Tests	Run tests	2026-10-07T03:10:34.5642883Z ok 548 - food route: GET /search requires query or barcode
Backend Tests	Run tests	2026-10-07T03:10:34.5643532Z   ---
Backend Tests	Run tests	2026-10-07T03:10:34.5643985Z   duration_ms: 29.738507
Backend Tests	Run tests	2026-10-07T03:10:34.5644500Z   ...
Backend Tests	Run tests	2026-10-07T03:10:34.5645377Z # Subtest: food route: GET /search calls provider.searchFoods and returns provider metadata
Backend Tests	Run tests	2026-10-07T03:10:34.5646581Z ok 549 - food route: GET /search calls provider.searchFoods and returns provider metadata
Backend Tests	Run tests	2026-10-07T03:10:34.5647282Z   ---
Backend Tests	Run tests	2026-10-07T03:10:34.5647681Z   duration_ms: 32.827205
Backend Tests	Run tests	2026-10-07T03:10:34.5648123Z   ...
Backend Tests	Run tests	2026-10-07T03:10:34.5648900Z # Subtest: food route: GET /search keeps text pagination pinned when a provider returns no matches
Backend Tests	Run tests	2026-10-07T03:10:34.5650079Z ok 550 - food route: GET /search keeps text pagination pinned when a provider returns no matches
Backend Tests	Run tests	2026-10-07T03:10:34.5688972Z   ---
Backend Tests	Run tests	2026-10-07T03:10:34.5691043Z   duration_ms: 31.399771
Backend Tests	Run tests	2026-10-07T03:10:34.5691655Z   ...
Backend Tests	Run tests	2026-10-07T03:10:34.5692561Z # Subtest: food route: GET /search falls back to the next provider when text search errors
Backend Tests	Run tests	2026-10-07T03:10:34.5693749Z ok 551 - food route: GET /search falls back to the next provider when text search errors
Backend Tests	Run tests	2026-10-07T03:10:34.5694501Z   ---
Backend Tests	Run tests	2026-10-07T03:10:34.5694952Z   duration_ms: 25.636216
Backend Tests	Run tests	2026-10-07T03:10:34.5695458Z   ...
Backend Tests	Run tests	2026-10-07T03:10:34.5696313Z # Subtest: food route: GET /search falls back to the next provider for barcode lookups
Backend Tests	Run tests	2026-10-07T03:10:34.5697449Z ok 552 - food route: GET /search falls back to the next provider for barcode lookups
Backend Tests	Run tests	2026-10-07T03:10:34.5698155Z   ---
Backend Tests	Run tests	2026-10-07T03:10:34.5698529Z   duration_ms: 26.780087
Backend Tests	Run tests	2026-10-07T03:10:34.5698961Z   ...
Backend Tests	Run tests	2026-10-07T03:10:34.5700182Z # Subtest: food route: GET /search returns empty results when barcode providers return no matches
Backend Tests	Run tests	2026-10-07T03:10:34.5701632Z ok 553 - food route: GET /search returns empty results when barcode providers return no matches
Backend Tests	Run tests	2026-10-07T03:10:34.5702410Z   ---
Backend Tests	Run tests	2026-10-07T03:10:34.5702803Z   duration_ms: 47.766988
Backend Tests	Run tests	2026-10-07T03:10:34.5703234Z   ...
Backend Tests	Run tests	2026-10-07T03:10:34.5704083Z # Subtest: food route: GET /search skips providers that disable barcode lookup at runtime
Backend Tests	Run tests	2026-10-07T03:10:34.5705122Z ok 554 - food route: GET /search skips providers that disable barcode lookup at runtime
Backend Tests	Run tests	2026-10-07T03:10:34.5705818Z   ---
Backend Tests	Run tests	2026-10-07T03:10:34.5706218Z   duration_ms: 28.278191
Backend Tests	Run tests	2026-10-07T03:10:34.5706663Z   ...
Backend Tests	Run tests	2026-10-07T03:10:34.5707336Z # Subtest: food route: GET /search returns 500 when all barcode providers fail
Backend Tests	Run tests	2026-10-07T03:10:34.5708303Z ok 555 - food route: GET /search returns 500 when all barcode providers fail
Backend Tests	Run tests	2026-10-07T03:10:34.5708937Z   ---
Backend Tests	Run tests	2026-10-07T03:10:34.5709318Z   duration_ms: 33.806411
Backend Tests	Run tests	2026-10-07T03:10:34.5709749Z   ...
Backend Tests	Run tests	2026-10-07T03:10:34.5710379Z # Subtest: food route: GET /recent returns deduped recent food suggestions
Backend Tests	Run tests	2026-10-07T03:10:34.5711443Z ok 556 - food route: GET /recent returns deduped recent food suggestions
Backend Tests	Run tests	2026-10-07T03:10:34.5712061Z   ---
Backend Tests	Run tests	2026-10-07T03:10:34.5722147Z   duration_ms: 31.714344
Backend Tests	Run tests	2026-10-07T03:10:34.5722867Z   ...
Backend Tests	Run tests	2026-10-07T03:10:34.5723701Z # Subtest: food route: GET /recent prioritizes foods frequently logged for the selected meal
Backend Tests	Run tests	2026-10-07T03:10:34.5724830Z ok 557 - food route: GET /recent prioritizes foods frequently logged for the selected meal
Backend Tests	Run tests	2026-10-07T03:10:34.5729694Z   ---
Backend Tests	Run tests	2026-10-07T03:10:34.5730174Z   duration_ms: 41.084307
Backend Tests	Run tests	2026-10-07T03:10:34.5730805Z   ...
Backend Tests	Run tests	2026-10-07T03:10:34.5731463Z # Subtest: food route: GET /recent rejects an invalid meal period
Backend Tests	Run tests	2026-10-07T03:10:34.5732295Z ok 558 - food route: GET /recent rejects an invalid meal period
Backend Tests	Run tests	2026-10-07T03:10:34.5737752Z   ---
Backend Tests	Run tests	2026-10-07T03:10:34.5738310Z   duration_ms: 21.450689
Backend Tests	Run tests	2026-10-07T03:10:34.5738790Z   ...
Backend Tests	Run tests	2026-10-07T03:10:34.5739431Z # Subtest: food route: GET / validates local_date/date query params
Backend Tests	Run tests	2026-10-07T03:10:34.5740297Z ok 559 - food route: GET / validates local_date/date query params
Backend Tests	Run tests	2026-10-07T03:10:34.5741209Z   ---
Backend Tests	Run tests	2026-10-07T03:10:34.5741628Z   duration_ms: 18.879364
Backend Tests	Run tests	2026-10-07T03:10:34.5742063Z   ...
Backend Tests	Run tests	2026-10-07T03:10:34.5742727Z # Subtest: food route: GET / passes local_date filter through to Prisma
Backend Tests	Run tests	2026-10-07T03:10:34.5743624Z ok 560 - food route: GET / passes local_date filter through to Prisma
Backend Tests	Run tests	2026-10-07T03:10:34.5744230Z   ---
Backend Tests	Run tests	2026-10-07T03:10:34.5744638Z   duration_ms: 18.133413
Backend Tests	Run tests	2026-10-07T03:10:34.5745058Z   ...
Backend Tests	Run tests	2026-10-07T03:10:34.5745720Z # Subtest: food route: POST / creates a manual log after validating inputs
Backend Tests	Run tests	2026-10-07T03:10:34.5746667Z ok 561 - food route: POST / creates a manual log after validating inputs
Backend Tests	Run tests	2026-10-07T03:10:34.5747304Z   ---
Backend Tests	Run tests	2026-10-07T03:10:34.5747697Z   duration_ms: 27.063473
Backend Tests	Run tests	2026-10-07T03:10:34.5748122Z   ...
Backend Tests	Run tests	2026-10-07T03:10:34.5748804Z # Subtest: food route: POST / rejects writes when the canonical day is paused
Backend Tests	Run tests	2026-10-07T03:10:34.5749758Z ok 562 - food route: POST / rejects writes when the canonical day is paused
Backend Tests	Run tests	2026-10-07T03:10:34.5750403Z   ---
Backend Tests	Run tests	2026-10-07T03:10:34.5781252Z   duration_ms: 30.911161
Backend Tests	Run tests	2026-10-07T03:10:34.5874556Z   ...
Backend Tests	Run tests	2026-10-07T03:10:34.5955769Z # Subtest: food route: POST / stores external serving snapshots for search-backed logs
Backend Tests	Run tests	2026-10-07T03:10:34.6001569Z ok 563 - food route: POST / stores external serving snapshots for search-backed logs
Backend Tests	Run tests	2026-10-07T03:10:34.6030227Z   ---
Backend Tests	Run tests	2026-10-07T03:10:34.6051508Z   duration_ms: 29.391886
Backend Tests	Run tests	2026-10-07T03:10:34.6082117Z   ...
Backend Tests	Run tests	2026-10-07T03:10:34.6095848Z # Subtest: food route: POST / can create a my_food-backed log with snapshots
Backend Tests	Run tests	2026-10-07T03:10:34.6099667Z ok 564 - food route: POST / can create a my_food-backed log with snapshots
Backend Tests	Run tests	2026-10-07T03:10:34.6100576Z   ---
Backend Tests	Run tests	2026-10-07T03:10:34.6101427Z   duration_ms: 36.564529
Backend Tests	Run tests	2026-10-07T03:10:34.6102180Z   ...
Backend Tests	Run tests	2026-10-07T03:10:34.6103223Z # Subtest: food route: POST /copy requires a valid operation ID and local-date payload
Backend Tests	Run tests	2026-10-07T03:10:34.6105237Z ok 565 - food route: POST /copy requires a valid operation ID and local-date payload
Backend Tests	Run tests	2026-10-07T03:10:34.6106118Z   ---
Backend Tests	Run tests	2026-10-07T03:10:34.6106643Z   duration_ms: 33.770373
Backend Tests	Run tests	2026-10-07T03:10:34.6107185Z   ...
Backend Tests	Run tests	2026-10-07T03:10:34.6108055Z # Subtest: food route: POST /copy executes the owned copy in one idempotent transaction
Backend Tests	Run tests	2026-10-07T03:10:34.6109191Z ok 566 - food route: POST /copy executes the owned copy in one idempotent transaction
Backend Tests	Run tests	2026-10-07T03:10:34.6110027Z   ---
Backend Tests	Run tests	2026-10-07T03:10:34.6110541Z   duration_ms: 30.310605
Backend Tests	Run tests	2026-10-07T03:10:34.6111208Z   ...
Backend Tests	Run tests	2026-10-07T03:10:34.6111969Z # Subtest: food route: PATCH /:id validates and computes updateData
Backend Tests	Run tests	2026-10-07T03:10:34.6112951Z ok 567 - food route: PATCH /:id validates and computes updateData
Backend Tests	Run tests	2026-10-07T03:10:34.6113666Z   ---
Backend Tests	Run tests	2026-10-07T03:10:34.6114199Z   duration_ms: 22.715513
Backend Tests	Run tests	2026-10-07T03:10:34.6114747Z   ...
Backend Tests	Run tests	2026-10-07T03:10:34.6115518Z # Subtest: food route: DELETE /:id validates ids and returns 204 on delete
Backend Tests	Run tests	2026-10-07T03:10:34.6116581Z ok 568 - food route: DELETE /:id validates ids and returns 204 on delete
Backend Tests	Run tests	2026-10-07T03:10:34.6117318Z   ---
Backend Tests	Run tests	2026-10-07T03:10:34.6117817Z   duration_ms: 27.15224
Backend Tests	Run tests	2026-10-07T03:10:34.6118351Z   ...
Backend Tests	Run tests	2026-10-07T03:10:34.6119255Z # Subtest: food route: DELETE /:id treats an already-absent owned log as idempotent success
Backend Tests	Run tests	2026-10-07T03:10:34.6120504Z ok 569 - food route: DELETE /:id treats an already-absent owned log as idempotent success
Backend Tests	Run tests	2026-10-07T03:10:34.6121423Z   ---
Backend Tests	Run tests	2026-10-07T03:10:34.6121853Z   duration_ms: 21.974882
Backend Tests	Run tests	2026-10-07T03:10:34.6122299Z   ...
Backend Tests	Run tests	2026-10-07T03:10:34.6782094Z # Subtest: goals route: rejects unauthenticated requests via router.use middleware
Backend Tests	Run tests	2026-10-07T03:10:34.6821996Z ok 570 - goals route: rejects unauthenticated requests via router.use middleware
Backend Tests	Run tests	2026-10-07T03:10:34.6861335Z   ---
Backend Tests	Run tests	2026-10-07T03:10:34.6911317Z   duration_ms: 6095.855673
Backend Tests	Run tests	2026-10-07T03:10:34.6951242Z   ...
Backend Tests	Run tests	2026-10-07T03:10:34.7021524Z # Subtest: goals route: GET / returns null when the user has no goal
Backend Tests	Run tests	2026-10-07T03:10:34.7076246Z ok 571 - goals route: GET / returns null when the user has no goal
Backend Tests	Run tests	2026-10-07T03:10:34.7131255Z   ---
Backend Tests	Run tests	2026-10-07T03:10:34.7181434Z   duration_ms: 76.892615
Backend Tests	Run tests	2026-10-07T03:10:34.7271205Z   ...
Backend Tests	Run tests	2026-10-07T03:10:34.7281703Z # Subtest: goals route: GET / maps stored gram weights into the user unit
Backend Tests	Run tests	2026-10-07T03:10:34.7331606Z ok 572 - goals route: GET / maps stored gram weights into the user unit
Backend Tests	Run tests	2026-10-07T03:10:34.7381157Z   ---
Backend Tests	Run tests	2026-10-07T03:10:34.7411246Z   duration_ms: 52.72038
Backend Tests	Run tests	2026-10-07T03:10:34.7471336Z   ...
Backend Tests	Run tests	2026-10-07T03:10:34.7531635Z # Subtest: goals route: GET / preserves an unsafe historical daily deficit and marks it for review
Backend Tests	Run tests	2026-10-07T03:10:34.7561636Z ok 573 - goals route: GET / preserves an unsafe historical daily deficit and marks it for review
Backend Tests	Run tests	2026-10-07T03:10:34.7591274Z   ---
Backend Tests	Run tests	2026-10-07T03:10:34.7651318Z   duration_ms: 35.215157
Backend Tests	Run tests	2026-10-07T03:10:34.7711270Z   ...
Backend Tests	Run tests	2026-10-07T03:10:34.7771623Z # Subtest: goals route: POST / validates daily_deficit and weight inputs before writing
Backend Tests	Run tests	2026-10-07T03:10:34.7821749Z ok 574 - goals route: POST / validates daily_deficit and weight inputs before writing
Backend Tests	Run tests	2026-10-07T03:10:34.7857107Z   ---
Backend Tests	Run tests	2026-10-07T03:10:34.7931420Z   duration_ms: 37.500904
Backend Tests	Run tests	2026-10-07T03:10:34.8017869Z   ...
Backend Tests	Run tests	2026-10-07T03:10:34.8052354Z # Subtest: goals route: POST / rejects incoherent start/target weights for loss goals
Backend Tests	Run tests	2026-10-07T03:10:34.8071620Z ok 575 - goals route: POST / rejects incoherent start/target weights for loss goals
Backend Tests	Run tests	2026-10-07T03:10:34.8079276Z   ---
Backend Tests	Run tests	2026-10-07T03:10:34.8079904Z   duration_ms: 51.432551
Backend Tests	Run tests	2026-10-07T03:10:34.8080436Z   ...
Backend Tests	Run tests	2026-10-07T03:10:34.8112171Z # Subtest: goals route: POST / creates a goal and returns weights in user units
Backend Tests	Run tests	2026-10-07T03:10:34.8113142Z ok 576 - goals route: POST / creates a goal and returns weights in user units
Backend Tests	Run tests	2026-10-07T03:10:34.8113758Z   ---
Backend Tests	Run tests	2026-10-07T03:10:34.8114157Z   duration_ms: 37.936877
Backend Tests	Run tests	2026-10-07T03:10:34.8211214Z   ...
Backend Tests	Run tests	2026-10-07T03:10:34.8842313Z # Subtest: self-hosted deployments do not expose Calibrate hosted legal-consent routes
Backend Tests	Run tests	2026-10-07T03:10:34.8843832Z ok 577 - self-hosted deployments do not expose Calibrate hosted legal-consent routes
Backend Tests	Run tests	2026-10-07T03:10:34.8846795Z   ---
Backend Tests	Run tests	2026-10-07T03:10:34.8847252Z   duration_ms: 4112.552044
Backend Tests	Run tests	2026-10-07T03:10:34.8847644Z   ...
Backend Tests	Run tests	2026-10-07T03:10:34.8848207Z # Subtest: legal acceptance rejects outdated versions with a stable code
Backend Tests	Run tests	2026-10-07T03:10:34.8849139Z ok 578 - legal acceptance rejects outdated versions with a stable code
Backend Tests	Run tests	2026-10-07T03:10:34.8849708Z   ---
Backend Tests	Run tests	2026-10-07T03:10:34.8850143Z   duration_ms: 11.524977
Backend Tests	Run tests	2026-10-07T03:10:34.8850535Z   ...
Backend Tests	Run tests	2026-10-07T03:10:34.8851461Z # Subtest: legal status and current acceptance return the same account-access contract
Backend Tests	Run tests	2026-10-07T03:10:34.8852450Z ok 579 - legal status and current acceptance return the same account-access contract
Backend Tests	Run tests	2026-10-07T03:10:34.8853071Z   ---
Backend Tests	Run tests	2026-10-07T03:10:34.8853454Z   duration_ms: 6.314731
Backend Tests	Run tests	2026-10-07T03:10:34.8853926Z   ...
Backend Tests	Run tests	2026-10-07T03:10:34.8854473Z # Subtest: legal acceptance requires explicit affirmative consent
Backend Tests	Run tests	2026-10-07T03:10:34.8855155Z ok 580 - legal acceptance requires explicit affirmative consent
Backend Tests	Run tests	2026-10-07T03:10:34.8855595Z   ---
Backend Tests	Run tests	2026-10-07T03:10:34.8855908Z   duration_ms: 10.514905
Backend Tests	Run tests	2026-10-07T03:10:34.8856228Z   ...
Backend Tests	Run tests	2026-10-07T03:10:42.3732372Z # Subtest: metrics route: rejects unauthenticated requests via router.use middleware
Backend Tests	Run tests	2026-10-07T03:10:42.3791963Z ok 581 - metrics route: rejects unauthenticated requests via router.use middleware
Backend Tests	Run tests	2026-10-07T03:10:42.3816129Z   ---
Backend Tests	Run tests	2026-10-07T03:10:42.3832424Z   duration_ms: 4174.453626
Backend Tests	Run tests	2026-10-07T03:10:42.3833048Z   ...
Backend Tests	Run tests	2026-10-07T03:10:42.3833852Z # Subtest: metrics route: GET / validates start/end query params when provided
Backend Tests	Run tests	2026-10-07T03:10:42.3834883Z ok 582 - metrics route: GET / validates start/end query params when provided
Backend Tests	Run tests	2026-10-07T03:10:42.3835724Z   ---
Backend Tests	Run tests	2026-10-07T03:10:42.3836296Z   duration_ms: 68.52923
Backend Tests	Run tests	2026-10-07T03:10:42.3836766Z   ...
Backend Tests	Run tests	2026-10-07T03:10:42.3837430Z # Subtest: metrics route: GET / validates include_trend query values
Backend Tests	Run tests	2026-10-07T03:10:42.3838245Z ok 583 - metrics route: GET / validates include_trend query values
Backend Tests	Run tests	2026-10-07T03:10:42.3838743Z   ---
Backend Tests	Run tests	2026-10-07T03:10:42.3839087Z   duration_ms: 74.851802
Backend Tests	Run tests	2026-10-07T03:10:42.3839449Z   ...
Backend Tests	Run tests	2026-10-07T03:10:42.3861533Z # Subtest: metrics route: GET / validates range query values
Backend Tests	Run tests	2026-10-07T03:10:42.3891484Z ok 584 - metrics route: GET / validates range query values
Backend Tests	Run tests	2026-10-07T03:10:42.3912517Z   ---
Backend Tests	Run tests	2026-10-07T03:10:42.3913066Z   duration_ms: 74.263721
Backend Tests	Run tests	2026-10-07T03:10:42.3913574Z   ...
Backend Tests	Run tests	2026-10-07T03:10:42.3914405Z # Subtest: metrics route: GET / uses inclusive comparison endpoints for relative ranges
Backend Tests	Run tests	2026-10-07T03:10:42.3915503Z ok 585 - metrics route: GET / uses inclusive comparison endpoints for relative ranges
Backend Tests	Run tests	2026-10-07T03:10:42.3916175Z   ---
Backend Tests	Run tests	2026-10-07T03:10:42.3916549Z   duration_ms: 204.799259
Backend Tests	Run tests	2026-10-07T03:10:42.3916916Z   ...
Backend Tests	Run tests	2026-10-07T03:10:42.3917544Z # Subtest: metrics route: GET / anchors a relative trend range to an explicit historical end date
Backend Tests	Run tests	2026-10-07T03:10:42.3918629Z ok 586 - metrics route: GET / anchors a relative trend range to an explicit historical end date
Backend Tests	Run tests	2026-10-07T03:10:42.3919231Z   ---
Backend Tests	Run tests	2026-10-07T03:10:42.3919536Z   duration_ms: 50.513509
Backend Tests	Run tests	2026-10-07T03:10:42.3919863Z   ...
Backend Tests	Run tests	2026-10-07T03:10:42.3920909Z # Subtest: metrics route: GET / returns metrics with weight converted to the user unit
Backend Tests	Run tests	2026-10-07T03:10:42.3921789Z ok 587 - metrics route: GET / returns metrics with weight converted to the user unit
Backend Tests	Run tests	2026-10-07T03:10:42.3922287Z   ---
Backend Tests	Run tests	2026-10-07T03:10:42.3922655Z   duration_ms: 50.825395
Backend Tests	Run tests	2026-10-07T03:10:42.3923071Z   ...
Backend Tests	Run tests	2026-10-07T03:10:42.3923792Z # Subtest: metrics route: GET / returns trend-augmented payload when include_trend=true
Backend Tests	Run tests	2026-10-07T03:10:42.3924806Z ok 588 - metrics route: GET / returns trend-augmented payload when include_trend=true
Backend Tests	Run tests	2026-10-07T03:10:42.3925670Z   ---
Backend Tests	Run tests	2026-10-07T03:10:42.3926086Z   duration_ms: 56.677787
Backend Tests	Run tests	2026-10-07T03:10:42.3926984Z   ...
Backend Tests	Run tests	2026-10-07T03:10:42.3927684Z # Subtest: metrics route: GET / adds scoped v2 evidence and freshness metadata
Backend Tests	Run tests	2026-10-07T03:10:42.3928844Z ok 589 - metrics route: GET / adds scoped v2 evidence and freshness metadata
Backend Tests	Run tests	2026-10-07T03:10:42.3929510Z   ---
Backend Tests	Run tests	2026-10-07T03:10:42.3929893Z   duration_ms: 47.292163
Backend Tests	Run tests	2026-10-07T03:10:42.3930335Z   ...
Backend Tests	Run tests	2026-10-07T03:10:42.3931291Z # Subtest: metrics route: GET / derives point bands and summary from one raw source revision
Backend Tests	Run tests	2026-10-07T03:10:42.3932694Z ok 590 - metrics route: GET / derives point bands and summary from one raw source revision
Backend Tests	Run tests	2026-10-07T03:10:42.3933437Z   ---
Backend Tests	Run tests	2026-10-07T03:10:42.3933828Z   duration_ms: 53.291018
Backend Tests	Run tests	2026-10-07T03:10:42.3934380Z   ...
Backend Tests	Run tests	2026-10-07T03:10:42.3935366Z # Subtest: metrics route: GET / preserves raw measurements and marks trend unavailable after refresh failure
Backend Tests	Run tests	2026-10-07T03:10:42.3936693Z ok 591 - metrics route: GET / preserves raw measurements and marks trend unavailable after refresh failure
Backend Tests	Run tests	2026-10-07T03:10:42.3937498Z   ---
Backend Tests	Run tests	2026-10-07T03:10:42.3937920Z   duration_ms: 62.154658
Backend Tests	Run tests	2026-10-07T03:10:42.3938353Z   ...
Backend Tests	Run tests	2026-10-07T03:10:42.3939271Z # Subtest: metrics route: GET / degrades after a same-day source edit when read-time refitting still fails
Backend Tests	Run tests	2026-10-07T03:10:42.3954116Z ok 592 - metrics route: GET / degrades after a same-day source edit when read-time refitting still fails
Backend Tests	Run tests	2026-10-07T03:10:42.3961477Z   ---
Backend Tests	Run tests	2026-10-07T03:10:42.3967760Z   duration_ms: 92.245749
Backend Tests	Run tests	2026-10-07T03:10:42.3981679Z   ...
Backend Tests	Run tests	2026-10-07T03:10:42.3982651Z # Subtest: metrics route: GET / catches a fitting race and still returns raw measurements
Backend Tests	Run tests	2026-10-07T03:10:42.3984070Z ok 593 - metrics route: GET / catches a fitting race and still returns raw measurements
Backend Tests	Run tests	2026-10-07T03:10:42.3984989Z   ---
Backend Tests	Run tests	2026-10-07T03:10:42.3985606Z   duration_ms: 49.866814
Backend Tests	Run tests	2026-10-07T03:10:42.3986219Z   ...
Backend Tests	Run tests	2026-10-07T03:10:42.3987391Z # Subtest: metrics route: GET / keeps legacy fallback when last-known-good trends do not cover newest raw data
Backend Tests	Run tests	2026-10-07T03:10:42.3988943Z ok 594 - metrics route: GET / keeps legacy fallback when last-known-good trends do not cover newest raw data
Backend Tests	Run tests	2026-10-07T03:10:42.3989958Z   ---
Backend Tests	Run tests	2026-10-07T03:10:42.3990486Z   duration_ms: 82.129954
Backend Tests	Run tests	2026-10-07T03:10:42.3991156Z   ...
Backend Tests	Run tests	2026-10-07T03:10:42.3992028Z # Subtest: metrics route: GET / excludes future rows and suppresses outdated pace
Backend Tests	Run tests	2026-10-07T03:10:42.3993156Z ok 595 - metrics route: GET / excludes future rows and suppresses outdated pace
Backend Tests	Run tests	2026-10-07T03:10:42.3993927Z   ---
Backend Tests	Run tests	2026-10-07T03:10:42.3994452Z   duration_ms: 109.977398
Backend Tests	Run tests	2026-10-07T03:10:42.3995000Z   ...
Backend Tests	Run tests	2026-10-07T03:10:42.3995887Z # Subtest: metrics route: GET / applies current, stale, and outdated freshness boundaries
Backend Tests	Run tests	2026-10-07T03:10:42.3997075Z ok 596 - metrics route: GET / applies current, stale, and outdated freshness boundaries
Backend Tests	Run tests	2026-10-07T03:10:42.3997903Z   ---
Backend Tests	Run tests	2026-10-07T03:10:42.3998400Z   duration_ms: 236.797652
Backend Tests	Run tests	2026-10-07T03:10:42.3998979Z   ...
Backend Tests	Run tests	2026-10-07T03:10:42.3999870Z # Subtest: metrics route: GET / keeps stale as-of metadata when a narrow range has no returned weigh-ins
Backend Tests	Run tests	2026-10-07T03:10:42.4001787Z ok 597 - metrics route: GET / keeps stale as-of metadata when a narrow range has no returned weigh-ins
Backend Tests	Run tests	2026-10-07T03:10:42.4002712Z   ---
Backend Tests	Run tests	2026-10-07T03:10:42.4003191Z   duration_ms: 36.839695
Backend Tests	Run tests	2026-10-07T03:10:42.4031018Z   ...
Backend Tests	Run tests	2026-10-07T03:10:42.4032241Z # Subtest: metrics route: GET / recomputes a bounded historical trend as of the requested end date
Backend Tests	Run tests	2026-10-07T03:10:42.4033681Z ok 598 - metrics route: GET / recomputes a bounded historical trend as of the requested end date
Backend Tests	Run tests	2026-10-07T03:10:42.4034512Z   ---
Backend Tests	Run tests	2026-10-07T03:10:42.4034885Z   duration_ms: 54.964316
Backend Tests	Run tests	2026-10-07T03:10:42.4035276Z   ...
Backend Tests	Run tests	2026-10-07T03:10:42.4035922Z # Subtest: metrics route: GET / legacy weekly rate ignores a pre-gap reversal
Backend Tests	Run tests	2026-10-07T03:10:42.4036913Z ok 599 - metrics route: GET / legacy weekly rate ignores a pre-gap reversal
Backend Tests	Run tests	2026-10-07T03:10:42.4037502Z   ---
Backend Tests	Run tests	2026-10-07T03:10:42.4037852Z   duration_ms: 69.167377
Backend Tests	Run tests	2026-10-07T03:10:42.4038260Z   ...
Backend Tests	Run tests	2026-10-07T03:10:42.4039366Z # Subtest: metrics route: GET / trend payload stays unit-invariant across KG and LB preferences
Backend Tests	Run tests	2026-10-07T03:10:42.4040792Z ok 600 - metrics route: GET / trend payload stays unit-invariant across KG and LB preferences
Backend Tests	Run tests	2026-10-07T03:10:42.4061928Z   ---
Backend Tests	Run tests	2026-10-07T03:10:42.4062336Z   duration_ms: 57.411788
Backend Tests	Run tests	2026-10-07T03:10:42.4062756Z   ...
Backend Tests	Run tests	2026-10-07T03:10:42.4063470Z # Subtest: metrics route: GET / ignores trend rows older than the active trend horizon
Backend Tests	Run tests	2026-10-07T03:10:42.4064376Z ok 601 - metrics route: GET / ignores trend rows older than the active trend horizon
Backend Tests	Run tests	2026-10-07T03:10:42.4064871Z   ---
Backend Tests	Run tests	2026-10-07T03:10:42.4065106Z   duration_ms: 55.436017
Backend Tests	Run tests	2026-10-07T03:10:42.4065386Z   ...
Backend Tests	Run tests	2026-10-07T03:10:42.4065786Z # Subtest: metrics route: POST / rejects invalid date values
Backend Tests	Run tests	2026-10-07T03:10:42.4066318Z ok 602 - metrics route: POST / rejects invalid date values
Backend Tests	Run tests	2026-10-07T03:10:42.4066696Z   ---
Backend Tests	Run tests	2026-10-07T03:10:42.4066943Z   duration_ms: 46.94986
Backend Tests	Run tests	2026-10-07T03:10:42.4067196Z   ...
Backend Tests	Run tests	2026-10-07T03:10:42.4067655Z # Subtest: metrics route: POST / rejects future account-local weight dates
Backend Tests	Run tests	2026-10-07T03:10:42.4068332Z ok 603 - metrics route: POST / rejects future account-local weight dates
Backend Tests	Run tests	2026-10-07T03:10:42.4068812Z   ---
Backend Tests	Run tests	2026-10-07T03:10:42.4069082Z   duration_ms: 79.202741
Backend Tests	Run tests	2026-10-07T03:10:42.4069318Z   ...
Backend Tests	Run tests	2026-10-07T03:10:42.4069698Z # Subtest: metrics route: POST / rejects malformed or out-of-range body fat percentages
Backend Tests	Run tests	2026-10-07T03:10:42.4070252Z ok 604 - metrics route: POST / rejects malformed or out-of-range body fat percentages
Backend Tests	Run tests	2026-10-07T03:10:42.4070596Z   ---
Backend Tests	Run tests	2026-10-07T03:10:42.4071114Z   duration_ms: 41.524496
Backend Tests	Run tests	2026-10-07T03:10:42.4071489Z   ...
Backend Tests	Run tests	2026-10-07T03:10:42.4071930Z # Subtest: metrics route: POST / rejects empty updates
Backend Tests	Run tests	2026-10-07T03:10:42.4072496Z ok 605 - metrics route: POST / rejects empty updates
Backend Tests	Run tests	2026-10-07T03:10:42.4072898Z   ---
Backend Tests	Run tests	2026-10-07T03:10:42.4073163Z   duration_ms: 56.697297
Backend Tests	Run tests	2026-10-07T03:10:42.4073450Z   ...
Backend Tests	Run tests	2026-10-07T03:10:42.4074088Z # Subtest: metrics route: POST / requires weight when creating a new day via body_fat_percent-only update
Backend Tests	Run tests	2026-10-07T03:10:42.4075179Z ok 606 - metrics route: POST / requires weight when creating a new day via body_fat_percent-only update
Backend Tests	Run tests	2026-10-07T03:10:42.4075798Z   ---
Backend Tests	Run tests	2026-10-07T03:10:42.4076085Z   duration_ms: 52.769961
Backend Tests	Run tests	2026-10-07T03:10:42.4076400Z   ...
Backend Tests	Run tests	2026-10-07T03:10:42.4076979Z # Subtest: metrics route: POST / updates existing metrics when weight is omitted
Backend Tests	Run tests	2026-10-07T03:10:42.4077838Z ok 607 - metrics route: POST / updates existing metrics when weight is omitted
Backend Tests	Run tests	2026-10-07T03:10:42.4078400Z   ---
Backend Tests	Run tests	2026-10-07T03:10:42.4078685Z   duration_ms: 52.309407
Backend Tests	Run tests	2026-10-07T03:10:42.4079014Z   ...
Backend Tests	Run tests	2026-10-07T03:10:42.4079552Z # Subtest: metrics route: POST / upserts metrics when weight is provided
Backend Tests	Run tests	2026-10-07T03:10:42.4080364Z ok 608 - metrics route: POST / upserts metrics when weight is provided
Backend Tests	Run tests	2026-10-07T03:10:42.4081096Z   ---
Backend Tests	Run tests	2026-10-07T03:10:42.4081411Z   duration_ms: 51.354686
Backend Tests	Run tests	2026-10-07T03:10:42.4081730Z   ...
Backend Tests	Run tests	2026-10-07T03:10:42.4082505Z # Subtest: metrics route: POST / evaluates goal recognition from pre-save history inside the transaction
Backend Tests	Run tests	2026-10-07T03:10:42.4083657Z ok 609 - metrics route: POST / evaluates goal recognition from pre-save history inside the transaction
Backend Tests	Run tests	2026-10-07T03:10:42.4084330Z   ---
Backend Tests	Run tests	2026-10-07T03:10:42.4084628Z   duration_ms: 64.578652
Backend Tests	Run tests	2026-10-07T03:10:42.4084964Z   ...
Backend Tests	Run tests	2026-10-07T03:10:42.4085565Z # Subtest: metrics route: DELETE /:id validates ids and handles not-found deletes
Backend Tests	Run tests	2026-10-07T03:10:42.4086457Z ok 610 - metrics route: DELETE /:id validates ids and handles not-found deletes
Backend Tests	Run tests	2026-10-07T03:10:42.4087012Z   ---
Backend Tests	Run tests	2026-10-07T03:10:42.4087301Z   duration_ms: 48.43198
Backend Tests	Run tests	2026-10-07T03:10:42.4087620Z   ...
Backend Tests	Run tests	2026-10-07T03:10:42.4088161Z # Subtest: metrics route: DELETE /:id returns 204 when a row is deleted
Backend Tests	Run tests	2026-10-07T03:10:42.4088928Z ok 611 - metrics route: DELETE /:id returns 204 when a row is deleted
Backend Tests	Run tests	2026-10-07T03:10:42.4089427Z   ---
Backend Tests	Run tests	2026-10-07T03:10:42.4089720Z   duration_ms: 66.798111
Backend Tests	Run tests	2026-10-07T03:10:42.4090412Z   ...
Backend Tests	Run tests	2026-10-07T03:10:42.4091459Z # Subtest: metrics route: POST / saves a bounded weight but suppresses an unsafe goal progress receipt and marks review
Backend Tests	Run tests	2026-10-07T03:10:42.4092996Z ok 612 - metrics route: POST / saves a bounded weight but suppresses an unsafe goal progress receipt and marks review
Backend Tests	Run tests	2026-10-07T03:10:42.4093783Z   ---
Backend Tests	Run tests	2026-10-07T03:10:42.4094116Z   duration_ms: 46.621653
Backend Tests	Run tests	2026-10-07T03:10:42.4094474Z   ...
Backend Tests	Run tests	2026-10-07T03:10:42.4095335Z # Subtest: metrics route: DELETE /:id marks the current plan when deleting the latest weight makes it unsafe
Backend Tests	Run tests	2026-10-07T03:10:42.4096590Z ok 613 - metrics route: DELETE /:id marks the current plan when deleting the latest weight makes it unsafe
Backend Tests	Run tests	2026-10-07T03:10:42.4097328Z   ---
Backend Tests	Run tests	2026-10-07T03:10:42.4097663Z   duration_ms: 46.196739
Backend Tests	Run tests	2026-10-07T03:10:42.4098050Z   ...
Backend Tests	Run tests	2026-10-07T03:10:42.4601735Z # my_foods.create_recipe failed (request_id=unavailable, error_type=Error).
Backend Tests	Run tests	2026-10-07T03:10:42.4631798Z # my_foods.create_recipe failed (request_id=unavailable, error_type=Error).
Backend Tests	Run tests	2026-10-07T03:10:42.4633025Z # my_foods.create_recipe_from_food_logs failed (request_id=unavailable, error_type=Error).
Backend Tests	Run tests	2026-10-07T03:10:42.4653568Z # my_foods.create_recipe_from_food_logs failed (request_id=unavailable, error_type=Error).
Backend Tests	Run tests	2026-10-07T03:10:42.4654833Z # my_foods.create_recipe_from_food_logs failed (request_id=unavailable, error_type=Error).
Backend Tests	Run tests	2026-10-07T03:10:42.4655956Z # Subtest: myFoods route: rejects unauthenticated requests via router.use middleware
Backend Tests	Run tests	2026-10-07T03:10:42.4657110Z ok 614 - myFoods route: rejects unauthenticated requests via router.use middleware
Backend Tests	Run tests	2026-10-07T03:10:42.4657854Z   ---
Backend Tests	Run tests	2026-10-07T03:10:42.4658296Z   duration_ms: 4873.035542
Backend Tests	Run tests	2026-10-07T03:10:42.4658757Z   ...
Backend Tests	Run tests	2026-10-07T03:10:42.4659371Z # Subtest: myFoods route: GET / builds filters from q + type
Backend Tests	Run tests	2026-10-07T03:10:42.4660165Z ok 615 - myFoods route: GET / builds filters from q + type
Backend Tests	Run tests	2026-10-07T03:10:42.4660882Z   ---
Backend Tests	Run tests	2026-10-07T03:10:42.4661328Z   duration_ms: 59.382967
Backend Tests	Run tests	2026-10-07T03:10:42.4661768Z   ...
Backend Tests	Run tests	2026-10-07T03:10:42.4662653Z # Subtest: myFoods route: GET /library returns a paged envelope without changing the legacy array route
Backend Tests	Run tests	2026-10-07T03:10:42.4663898Z ok 616 - myFoods route: GET /library returns a paged envelope without changing the legacy array route
Backend Tests	Run tests	2026-10-07T03:10:42.4664693Z   ---
Backend Tests	Run tests	2026-10-07T03:10:42.4665118Z   duration_ms: 41.879017
Backend Tests	Run tests	2026-10-07T03:10:42.4665559Z   ...
Backend Tests	Run tests	2026-10-07T03:10:42.4666287Z # Subtest: myFoods route: GET /library rejects invalid filters, limits, and cursors
Backend Tests	Run tests	2026-10-07T03:10:42.4667297Z ok 617 - myFoods route: GET /library rejects invalid filters, limits, and cursors
Backend Tests	Run tests	2026-10-07T03:10:42.4667974Z   ---
Backend Tests	Run tests	2026-10-07T03:10:42.4668379Z   duration_ms: 43.602949
Backend Tests	Run tests	2026-10-07T03:10:42.4668802Z   ...
Backend Tests	Run tests	2026-10-07T03:10:42.4669618Z # Subtest: myFoods route: GET /library cursors are opaque, filter-bound, and advance without overlap
Backend Tests	Run tests	2026-10-07T03:10:42.4670932Z ok 618 - myFoods route: GET /library cursors are opaque, filter-bound, and advance without overlap
Backend Tests	Run tests	2026-10-07T03:10:42.4671722Z   ---
Backend Tests	Run tests	2026-10-07T03:10:42.4672145Z   duration_ms: 18.921352
Backend Tests	Run tests	2026-10-07T03:10:42.4672590Z   ...
Backend Tests	Run tests	2026-10-07T03:10:42.4673236Z # Subtest: myFoods route: PATCH /:id/pin validates id and boolean state
Backend Tests	Run tests	2026-10-07T03:10:42.4674120Z ok 619 - myFoods route: PATCH /:id/pin validates id and boolean state
Backend Tests	Run tests	2026-10-07T03:10:42.4674728Z   ---
Backend Tests	Run tests	2026-10-07T03:10:42.4675147Z   duration_ms: 29.384087
Backend Tests	Run tests	2026-10-07T03:10:42.4675575Z   ...
Backend Tests	Run tests	2026-10-07T03:10:42.4676277Z # Subtest: myFoods route: PATCH /:id/pin scopes writes to the authenticated user
Backend Tests	Run tests	2026-10-07T03:10:42.4677266Z ok 620 - myFoods route: PATCH /:id/pin scopes writes to the authenticated user
Backend Tests	Run tests	2026-10-07T03:10:42.4678220Z   ---
Backend Tests	Run tests	2026-10-07T03:10:42.4678784Z   duration_ms: 31.528384
Backend Tests	Run tests	2026-10-07T03:10:42.4679226Z   ...
Backend Tests	Run tests	2026-10-07T03:10:42.4680006Z # Subtest: myFoods route: PATCH /:id/pin returns the same 404 for missing or other-user items
Backend Tests	Run tests	2026-10-07T03:10:42.4681238Z ok 621 - myFoods route: PATCH /:id/pin returns the same 404 for missing or other-user items
Backend Tests	Run tests	2026-10-07T03:10:42.4682268Z   ---
Backend Tests	Run tests	2026-10-07T03:10:42.4682675Z   duration_ms: 32.706925
Backend Tests	Run tests	2026-10-07T03:10:42.4683227Z   ...
Backend Tests	Run tests	2026-10-07T03:10:42.4683896Z # Subtest: myFoods route: GET /:id validates ids and returns 404 when missing
Backend Tests	Run tests	2026-10-07T03:10:42.4684818Z ok 622 - myFoods route: GET /:id validates ids and returns 404 when missing
Backend Tests	Run tests	2026-10-07T03:10:42.4685470Z   ---
Backend Tests	Run tests	2026-10-07T03:10:42.4685861Z   duration_ms: 28.26645
Backend Tests	Run tests	2026-10-07T03:10:42.4686291Z   ...
Backend Tests	Run tests	2026-10-07T03:10:42.4686846Z # Subtest: myFoods route: POST /foods validates inputs
Backend Tests	Run tests	2026-10-07T03:10:42.4687565Z ok 623 - myFoods route: POST /foods validates inputs
Backend Tests	Run tests	2026-10-07T03:10:42.4688113Z   ---
Backend Tests	Run tests	2026-10-07T03:10:42.4688495Z   duration_ms: 28.159737
Backend Tests	Run tests	2026-10-07T03:10:42.4688965Z   ...
Backend Tests	Run tests	2026-10-07T03:10:42.4689602Z # Subtest: myFoods route: POST /recipes validates ingredients array
Backend Tests	Run tests	2026-10-07T03:10:42.4690462Z ok 624 - myFoods route: POST /recipes validates ingredients array
Backend Tests	Run tests	2026-10-07T03:10:42.4691196Z   ---
Backend Tests	Run tests	2026-10-07T03:10:42.4691612Z   duration_ms: 48.085253
Backend Tests	Run tests	2026-10-07T03:10:42.4692053Z   ...
Backend Tests	Run tests	2026-10-07T03:10:42.4692774Z # Subtest: myFoods route: POST /recipes maps validation errors thrown in the transaction
Backend Tests	Run tests	2026-10-07T03:10:42.4693827Z ok 625 - myFoods route: POST /recipes maps validation errors thrown in the transaction
Backend Tests	Run tests	2026-10-07T03:10:42.4694529Z   ---
Backend Tests	Run tests	2026-10-07T03:10:42.4694922Z   duration_ms: 24.466438
Backend Tests	Run tests	2026-10-07T03:10:42.4695351Z   ...
Backend Tests	Run tests	2026-10-07T03:10:42.4696215Z # Subtest: myFoods route: POST /recipes returns 404 when a MY_FOOD ingredient is missing
Backend Tests	Run tests	2026-10-07T03:10:42.4697291Z ok 626 - myFoods route: POST /recipes returns 404 when a MY_FOOD ingredient is missing
Backend Tests	Run tests	2026-10-07T03:10:42.4697986Z   ---
Backend Tests	Run tests	2026-10-07T03:10:42.4698388Z   duration_ms: 29.290785
Backend Tests	Run tests	2026-10-07T03:10:42.4698790Z   ...
Backend Tests	Run tests	2026-10-07T03:10:42.4699472Z # Subtest: myFoods route: POST /recipes batches owned MY_FOOD ingredient lookup
Backend Tests	Run tests	2026-10-07T03:10:42.4700388Z ok 627 - myFoods route: POST /recipes batches owned MY_FOOD ingredient lookup
Backend Tests	Run tests	2026-10-07T03:10:42.4701202Z   ---
Backend Tests	Run tests	2026-10-07T03:10:42.4701620Z   duration_ms: 29.505412
Backend Tests	Run tests	2026-10-07T03:10:42.4702062Z   ...
Backend Tests	Run tests	2026-10-07T03:10:42.4702776Z # Subtest: myFoods route: POST /recipes creates a recipe and ingredient snapshots
Backend Tests	Run tests	2026-10-07T03:10:42.4703763Z ok 628 - myFoods route: POST /recipes creates a recipe and ingredient snapshots
Backend Tests	Run tests	2026-10-07T03:10:42.4704415Z   ---
Backend Tests	Run tests	2026-10-07T03:10:42.4704812Z   duration_ms: 28.702433
Backend Tests	Run tests	2026-10-07T03:10:42.4705245Z   ...
Backend Tests	Run tests	2026-10-07T03:10:42.4706141Z # Subtest: myFoods route: POST /recipes/from-food-logs validates its payload before opening a transaction
Backend Tests	Run tests	2026-10-07T03:10:42.4707446Z ok 629 - myFoods route: POST /recipes/from-food-logs validates its payload before opening a transaction
Backend Tests	Run tests	2026-10-07T03:10:42.4708240Z   ---
Backend Tests	Run tests	2026-10-07T03:10:42.4708640Z   duration_ms: 20.580811
Backend Tests	Run tests	2026-10-07T03:10:42.4709022Z   ...
Backend Tests	Run tests	2026-10-07T03:10:42.4709796Z # Subtest: myFoods route: POST /recipes/from-food-logs hides missing and foreign log ownership
Backend Tests	Run tests	2026-10-07T03:10:42.4711076Z ok 630 - myFoods route: POST /recipes/from-food-logs hides missing and foreign log ownership
Backend Tests	Run tests	2026-10-07T03:10:42.4711789Z   ---
Backend Tests	Run tests	2026-10-07T03:10:42.4712196Z   duration_ms: 15.299422
Backend Tests	Run tests	2026-10-07T03:10:42.4712613Z   ...
Backend Tests	Run tests	2026-10-07T03:10:42.4713332Z # Subtest: myFoods route: POST /recipes/from-food-logs requires one local meal before writing
Backend Tests	Run tests	2026-10-07T03:10:42.4714450Z ok 631 - myFoods route: POST /recipes/from-food-logs requires one local meal before writing
Backend Tests	Run tests	2026-10-07T03:10:42.4715172Z   ---
Backend Tests	Run tests	2026-10-07T03:10:42.4715565Z   duration_ms: 23.550171
Backend Tests	Run tests	2026-10-07T03:10:42.4715994Z   ...
Backend Tests	Run tests	2026-10-07T03:10:42.4716898Z # Subtest: myFoods route: POST /recipes/from-food-logs preserves caller order and all log snapshots
Backend Tests	Run tests	2026-10-07T03:10:42.4718093Z ok 632 - myFoods route: POST /recipes/from-food-logs preserves caller order and all log snapshots
Backend Tests	Run tests	2026-10-07T03:10:42.4718849Z   ---
Backend Tests	Run tests	2026-10-07T03:10:42.4719233Z   duration_ms: 17.563769
Backend Tests	Run tests	2026-10-07T03:10:42.4719627Z   ...
Backend Tests	Run tests	2026-10-07T03:10:42.4720380Z # Subtest: myFoods route: PATCH /:id updates an owned food without touching historical logs
Backend Tests	Run tests	2026-10-07T03:10:42.4721850Z ok 633 - myFoods route: PATCH /:id updates an owned food without touching historical logs
Backend Tests	Run tests	2026-10-07T03:10:42.4722659Z   ---
Backend Tests	Run tests	2026-10-07T03:10:42.4723054Z   duration_ms: 15.655893
Backend Tests	Run tests	2026-10-07T03:10:42.4723487Z   ...
Backend Tests	Run tests	2026-10-07T03:10:42.4724266Z # Subtest: myFoods route: PATCH /:id atomically replaces only an owned recipe definition
Backend Tests	Run tests	2026-10-07T03:10:42.4725307Z ok 634 - myFoods route: PATCH /:id atomically replaces only an owned recipe definition
Backend Tests	Run tests	2026-10-07T03:10:42.4725991Z   ---
Backend Tests	Run tests	2026-10-07T03:10:42.4726392Z   duration_ms: 16.15271
Backend Tests	Run tests	2026-10-07T03:10:42.4741295Z   ...
Backend Tests	Run tests	2026-10-07T03:10:42.4783200Z # Subtest: myFoods route: DELETE /:id scopes deletion to the owner and returns 404 otherwise
Backend Tests	Run tests	2026-10-07T03:10:42.4821102Z ok 635 - myFoods route: DELETE /:id scopes deletion to the owner and returns 404 otherwise
Backend Tests	Run tests	2026-10-07T03:10:42.4827478Z   ---
Backend Tests	Run tests	2026-10-07T03:10:42.4828154Z   duration_ms: 23.275411
Backend Tests	Run tests	2026-10-07T03:10:42.4828864Z   ...
Backend Tests	Run tests	2026-10-07T03:10:42.4829994Z # Subtest: notifications route: transfers a browser endpoint and updates the owning session in place
Backend Tests	Run tests	2026-10-07T03:10:42.4841272Z ok 636 - notifications route: transfers a browser endpoint and updates the owning session in place
Backend Tests	Run tests	2026-10-07T03:10:42.4842184Z   ---
Backend Tests	Run tests	2026-10-07T03:10:42.4842608Z   duration_ms: 4802.717543
Backend Tests	Run tests	2026-10-07T03:10:42.4843047Z   ...
Backend Tests	Run tests	2026-10-07T03:10:42.4843779Z # Subtest: notifications route: rejects native bearer ownership for browser push
Backend Tests	Run tests	2026-10-07T03:10:42.4844788Z ok 637 - notifications route: rejects native bearer ownership for browser push
Backend Tests	Run tests	2026-10-07T03:10:42.4845454Z   ---
Backend Tests	Run tests	2026-10-07T03:10:42.4845846Z   duration_ms: 14.957987
Backend Tests	Run tests	2026-10-07T03:10:42.4846270Z   ...
Backend Tests	Run tests	2026-10-07T03:10:42.4847139Z # Subtest: notifications route: browser unsubscribe remains idempotent and owner-scoped after transfer
Backend Tests	Run tests	2026-10-07T03:10:42.4848389Z ok 638 - notifications route: browser unsubscribe remains idempotent and owner-scoped after transfer
Backend Tests	Run tests	2026-10-07T03:10:42.4849155Z   ---
Backend Tests	Run tests	2026-10-07T03:10:42.4849551Z   duration_ms: 33.176033
Backend Tests	Run tests	2026-10-07T03:10:42.4850005Z   ...
Backend Tests	Run tests	2026-10-07T03:10:42.4850890Z # Subtest: notifications route: transfers an Expo token to the authenticated mobile session
Backend Tests	Run tests	2026-10-07T03:10:42.4851972Z ok 639 - notifications route: transfers an Expo token to the authenticated mobile session
Backend Tests	Run tests	2026-10-07T03:10:42.4852715Z   ---
Backend Tests	Run tests	2026-10-07T03:10:42.4853103Z   duration_ms: 40.354359
Backend Tests	Run tests	2026-10-07T03:10:42.4853528Z   ...
Backend Tests	Run tests	2026-10-07T03:10:42.4854258Z # Subtest: notifications route: stores an iOS Expo token for an authenticated iOS session
Backend Tests	Run tests	2026-10-07T03:10:42.4855318Z ok 640 - notifications route: stores an iOS Expo token for an authenticated iOS session
Backend Tests	Run tests	2026-10-07T03:10:42.4856002Z   ---
Backend Tests	Run tests	2026-10-07T03:10:42.4856397Z   duration_ms: 27.520111
Backend Tests	Run tests	2026-10-07T03:10:42.4856799Z   ...
Backend Tests	Run tests	2026-10-07T03:10:42.4857639Z # Subtest: notifications route: rejects a push platform that does not match the native session
Backend Tests	Run tests	2026-10-07T03:10:42.4858775Z ok 641 - notifications route: rejects a push platform that does not match the native session
Backend Tests	Run tests	2026-10-07T03:10:42.4859491Z   ---
Backend Tests	Run tests	2026-10-07T03:10:42.4859899Z   duration_ms: 35.397048
Backend Tests	Run tests	2026-10-07T03:10:42.4860322Z   ...
Backend Tests	Run tests	2026-10-07T03:10:42.4861228Z # Subtest: notifications route: rejects registration when native push is not explicitly enabled
Backend Tests	Run tests	2026-10-07T03:10:42.4862408Z ok 642 - notifications route: rejects registration when native push is not explicitly enabled
Backend Tests	Run tests	2026-10-07T03:10:42.4863134Z   ---
Backend Tests	Run tests	2026-10-07T03:10:42.4863531Z   duration_ms: 25.646408
Backend Tests	Run tests	2026-10-07T03:10:42.4863954Z   ...
Backend Tests	Run tests	2026-10-07T03:10:42.4864614Z # Subtest: notifications route: rejects native subscription without token
Backend Tests	Run tests	2026-10-07T03:10:42.4865541Z ok 643 - notifications route: rejects native subscription without token
Backend Tests	Run tests	2026-10-07T03:10:42.4866167Z   ---
Backend Tests	Run tests	2026-10-07T03:10:42.4866560Z   duration_ms: 14.888408
Backend Tests	Run tests	2026-10-07T03:10:42.4866977Z   ...
Backend Tests	Run tests	2026-10-07T03:10:42.4867671Z # Subtest: notifications route: requires bearer-backed mobile session ownership
Backend Tests	Run tests	2026-10-07T03:10:42.4868663Z ok 644 - notifications route: requires bearer-backed mobile session ownership
Backend Tests	Run tests	2026-10-07T03:10:42.4869626Z   ---
Backend Tests	Run tests	2026-10-07T03:10:42.4870014Z   duration_ms: 13.365161
Backend Tests	Run tests	2026-10-07T03:10:42.4870564Z   ...
Backend Tests	Run tests	2026-10-07T03:10:42.4871329Z # Subtest: notifications route: rejects unsupported FCM registrations
Backend Tests	Run tests	2026-10-07T03:10:42.4872204Z ok 645 - notifications route: rejects unsupported FCM registrations
Backend Tests	Run tests	2026-10-07T03:10:42.4872844Z   ---
Backend Tests	Run tests	2026-10-07T03:10:42.4873241Z   duration_ms: 28.721515
Backend Tests	Run tests	2026-10-07T03:10:42.4873671Z   ...
Backend Tests	Run tests	2026-10-07T03:10:42.4874288Z # Subtest: notifications route: validates Expo provider token shape
Backend Tests	Run tests	2026-10-07T03:10:42.4875153Z ok 646 - notifications route: validates Expo provider token shape
Backend Tests	Run tests	2026-10-07T03:10:42.4875745Z   ---
Backend Tests	Run tests	2026-10-07T03:10:42.4876145Z   duration_ms: 14.59185
Backend Tests	Run tests	2026-10-07T03:10:42.4876560Z   ...
Backend Tests	Run tests	2026-10-07T03:10:42.4877385Z # Subtest: notifications route: revokes native push only for the authenticated user and mobile session
Backend Tests	Run tests	2026-10-07T03:10:42.4878606Z ok 647 - notifications route: revokes native push only for the authenticated user and mobile session
Backend Tests	Run tests	2026-10-07T03:10:42.4879367Z   ---
Backend Tests	Run tests	2026-10-07T03:10:42.4879734Z   duration_ms: 16.107858
Backend Tests	Run tests	2026-10-07T03:10:42.4880154Z   ...
Backend Tests	Run tests	2026-10-07T03:10:44.3792590Z # Subtest: scan endpoint authenticates, validates uploads, and aborts work on disconnect
Backend Tests	Run tests	2026-10-07T03:10:44.3831764Z ok 648 - scan endpoint authenticates, validates uploads, and aborts work on disconnect
Backend Tests	Run tests	2026-10-07T03:10:44.3832784Z   ---
Backend Tests	Run tests	2026-10-07T03:10:44.3857970Z   duration_ms: 3654.024969
Backend Tests	Run tests	2026-10-07T03:10:44.3881312Z   ...
Backend Tests	Run tests	2026-10-07T03:10:44.5442325Z # Subtest: sync route returns ordered changes with string cursors
Backend Tests	Run tests	2026-10-07T03:10:44.5471829Z ok 649 - sync route returns ordered changes with string cursors
Backend Tests	Run tests	2026-10-07T03:10:44.5472422Z   ---
Backend Tests	Run tests	2026-10-07T03:10:44.5472732Z   duration_ms: 3553.769032
Backend Tests	Run tests	2026-10-07T03:10:44.5473077Z   ...
Backend Tests	Run tests	2026-10-07T03:10:44.5473639Z # Subtest: sync route paginates without advancing past the returned page
Backend Tests	Run tests	2026-10-07T03:10:44.5474454Z ok 650 - sync route paginates without advancing past the returned page
Backend Tests	Run tests	2026-10-07T03:10:44.5475000Z   ---
Backend Tests	Run tests	2026-10-07T03:10:44.5475326Z   duration_ms: 13.994726
Backend Tests	Run tests	2026-10-07T03:10:44.5475664Z   ...
Backend Tests	Run tests	2026-10-07T03:10:44.5476093Z # Subtest: sync route rejects malformed cursors
Backend Tests	Run tests	2026-10-07T03:10:44.5476652Z ok 651 - sync route rejects malformed cursors
Backend Tests	Run tests	2026-10-07T03:10:44.5477072Z   ---
Backend Tests	Run tests	2026-10-07T03:10:44.5477369Z   duration_ms: 13.235933
Backend Tests	Run tests	2026-10-07T03:10:44.5477696Z   ...
Backend Tests	Run tests	2026-10-07T03:10:53.6581988Z # Subtest: user route: rejects unauthenticated requests via router.use middleware
Backend Tests	Run tests	2026-10-07T03:10:53.6632131Z ok 652 - user route: rejects unauthenticated requests via router.use middleware
Backend Tests	Run tests	2026-10-07T03:10:53.6670232Z   ---
Backend Tests	Run tests	2026-10-07T03:10:53.6671196Z   duration_ms: 9348.130592
Backend Tests	Run tests	2026-10-07T03:10:53.6671922Z   ...
Backend Tests	Run tests	2026-10-07T03:10:53.6672836Z # Subtest: user route: GET /me returns 404 when the user row is missing
Backend Tests	Run tests	2026-10-07T03:10:53.6673950Z ok 653 - user route: GET /me returns 404 when the user row is missing
Backend Tests	Run tests	2026-10-07T03:10:53.6674691Z   ---
Backend Tests	Run tests	2026-10-07T03:10:53.6675231Z   duration_ms: 87.070814
Backend Tests	Run tests	2026-10-07T03:10:53.6675763Z   ...
Backend Tests	Run tests	2026-10-07T03:10:53.6676540Z # Subtest: user route: GET /me returns serialized user data
Backend Tests	Run tests	2026-10-07T03:10:53.6677529Z ok 654 - user route: GET /me returns serialized user data
Backend Tests	Run tests	2026-10-07T03:10:53.6678189Z   ---
Backend Tests	Run tests	2026-10-07T03:10:53.6678693Z   duration_ms: 96.799382
Backend Tests	Run tests	2026-10-07T03:10:53.6679253Z   ...
Backend Tests	Run tests	2026-10-07T03:10:53.6679913Z # Subtest: user route: PUT /profile-image validates data_url input
Backend Tests	Run tests	2026-10-07T03:10:53.6680924Z ok 655 - user route: PUT /profile-image validates data_url input
Backend Tests	Run tests	2026-10-07T03:10:53.6681478Z   ---
Backend Tests	Run tests	2026-10-07T03:10:53.6681814Z   duration_ms: 210.419308
Backend Tests	Run tests	2026-10-07T03:10:53.6682257Z   ...
Backend Tests	Run tests	2026-10-07T03:10:53.6682951Z # Subtest: user route: PUT /profile-image rejects invalid profile image payloads
Backend Tests	Run tests	2026-10-07T03:10:53.6684025Z ok 656 - user route: PUT /profile-image rejects invalid profile image payloads
Backend Tests	Run tests	2026-10-07T03:10:53.6684748Z   ---
Backend Tests	Run tests	2026-10-07T03:10:53.6685229Z   duration_ms: 160.497538
Backend Tests	Run tests	2026-10-07T03:10:53.6685754Z   ...
Backend Tests	Run tests	2026-10-07T03:10:53.6686501Z # Subtest: user route: PUT /profile-image stores bytes and returns a data URL
Backend Tests	Run tests	2026-10-07T03:10:53.6687865Z ok 657 - user route: PUT /profile-image stores bytes and returns a data URL
Backend Tests	Run tests	2026-10-07T03:10:53.6688788Z   ---
Backend Tests	Run tests	2026-10-07T03:10:53.6689298Z   duration_ms: 95.494216
Backend Tests	Run tests	2026-10-07T03:10:53.6689850Z   ...
Backend Tests	Run tests	2026-10-07T03:10:53.6690912Z # Subtest: user route: PATCH /password validates request shape and rejects identical passwords
Backend Tests	Run tests	2026-10-07T03:10:53.6692253Z ok 658 - user route: PATCH /password validates request shape and rejects identical passwords
Backend Tests	Run tests	2026-10-07T03:10:53.6693161Z   ---
Backend Tests	Run tests	2026-10-07T03:10:53.6693663Z   duration_ms: 98.743187
Backend Tests	Run tests	2026-10-07T03:10:53.6694193Z   ...
Backend Tests	Run tests	2026-10-07T03:10:53.6695050Z # Subtest: user route: PATCH /password updates password when current password matches
Backend Tests	Run tests	2026-10-07T03:10:53.6696293Z ok 659 - user route: PATCH /password updates password when current password matches
Backend Tests	Run tests	2026-10-07T03:10:53.6697135Z   ---
Backend Tests	Run tests	2026-10-07T03:10:53.6697644Z   duration_ms: 120.92241
Backend Tests	Run tests	2026-10-07T03:10:53.6698207Z   ...
Backend Tests	Run tests	2026-10-07T03:10:53.6698994Z # Subtest: user route: GET /account/export returns a no-store attachment
Backend Tests	Run tests	2026-10-07T03:10:53.6700109Z ok 660 - user route: GET /account/export returns a no-store attachment
Backend Tests	Run tests	2026-10-07T03:10:53.6700971Z   ---
Backend Tests	Run tests	2026-10-07T03:10:53.6701470Z   duration_ms: 32.706596
Backend Tests	Run tests	2026-10-07T03:10:53.6702014Z   ...
Backend Tests	Run tests	2026-10-07T03:10:53.6702832Z # Subtest: user route: DELETE /account requires and verifies the current password
Backend Tests	Run tests	2026-10-07T03:10:53.6704022Z ok 661 - user route: DELETE /account requires and verifies the current password
Backend Tests	Run tests	2026-10-07T03:10:53.6704817Z   ---
Backend Tests	Run tests	2026-10-07T03:10:53.6705313Z   duration_ms: 53.865752
Backend Tests	Run tests	2026-10-07T03:10:53.6705907Z   ...
Backend Tests	Run tests	2026-10-07T03:10:53.6706934Z # Subtest: user route: DELETE /account deletes data, destroys the request session, and clears the cookie
Backend Tests	Run tests	2026-10-07T03:10:53.6708401Z ok 662 - user route: DELETE /account deletes data, destroys the request session, and clears the cookie
Backend Tests	Run tests	2026-10-07T03:10:53.6709352Z   ---
Backend Tests	Run tests	2026-10-07T03:10:53.6709860Z   duration_ms: 66.317563
Backend Tests	Run tests	2026-10-07T03:10:53.6710457Z   ...
Backend Tests	Run tests	2026-10-07T03:10:53.6711287Z # Subtest: user route: PATCH /preferences validates reminder preference booleans
Backend Tests	Run tests	2026-10-07T03:10:53.6748973Z ok 663 - user route: PATCH /preferences validates reminder preference booleans
Backend Tests	Run tests	2026-10-07T03:10:53.6753196Z   ---
Backend Tests	Run tests	2026-10-07T03:10:53.6753789Z   duration_ms: 76.484022
Backend Tests	Run tests	2026-10-07T03:10:53.6754275Z   ...
Backend Tests	Run tests	2026-10-07T03:10:53.6755684Z # Subtest: user route: PATCH /preferences updates reminder preference fields
Backend Tests	Run tests	2026-10-07T03:10:53.6756641Z ok 664 - user route: PATCH /preferences updates reminder preference fields
Backend Tests	Run tests	2026-10-07T03:10:53.6757299Z   ---
Backend Tests	Run tests	2026-10-07T03:10:53.6757728Z   duration_ms: 107.142
Backend Tests	Run tests	2026-10-07T03:10:53.6758152Z   ...
Backend Tests	Run tests	2026-10-07T03:10:53.6758747Z # Subtest: user route: PATCH /preferences validates haptics_enabled boolean
Backend Tests	Run tests	2026-10-07T03:10:53.6759534Z ok 665 - user route: PATCH /preferences validates haptics_enabled boolean
Backend Tests	Run tests	2026-10-07T03:10:53.6760056Z   ---
Backend Tests	Run tests	2026-10-07T03:10:53.6760398Z   duration_ms: 56.0215
Backend Tests	Run tests	2026-10-07T03:10:53.6760906Z   ...
Backend Tests	Run tests	2026-10-07T03:10:53.6761525Z # Subtest: user route: PATCH /preferences updates haptics_enabled field
Backend Tests	Run tests	2026-10-07T03:10:53.6771647Z ok 666 - user route: PATCH /preferences updates haptics_enabled field
Backend Tests	Run tests	2026-10-07T03:10:53.6772306Z   ---
Backend Tests	Run tests	2026-10-07T03:10:53.6772709Z   duration_ms: 50.642537
Backend Tests	Run tests	2026-10-07T03:10:53.6773103Z   ...
Backend Tests	Run tests	2026-10-07T03:10:53.6773771Z # Subtest: user route: GET /profile reads the latest goal with deterministic ordering
Backend Tests	Run tests	2026-10-07T03:10:53.6774730Z ok 667 - user route: GET /profile reads the latest goal with deterministic ordering
Backend Tests	Run tests	2026-10-07T03:10:53.6775348Z   ---
Backend Tests	Run tests	2026-10-07T03:10:53.6775681Z   duration_ms: 109.852529
Backend Tests	Run tests	2026-10-07T03:10:53.6781444Z   ...
Backend Tests	Run tests	2026-10-07T03:10:53.6782873Z # Subtest: user route: PATCH /profile fails invalid legacy timezones closed and marks the current goal in the same transaction
Backend Tests	Run tests	2026-10-07T03:10:53.6784387Z ok 668 - user route: PATCH /profile fails invalid legacy timezones closed and marks the current goal in the same transaction
Backend Tests	Run tests	2026-10-07T03:10:53.6785270Z   ---
Backend Tests	Run tests	2026-10-07T03:10:53.6785930Z   duration_ms: 102.210547
Backend Tests	Run tests	2026-10-07T03:10:53.6786381Z   ...
Backend Tests	Run tests	2026-10-07T03:10:53.6787117Z # Subtest: user route: a profile serialization conflict returns a retryable conflict
Backend Tests	Run tests	2026-10-07T03:10:53.6787996Z ok 669 - user route: a profile serialization conflict returns a retryable conflict
Backend Tests	Run tests	2026-10-07T03:10:53.6788573Z   ---
Backend Tests	Run tests	2026-10-07T03:10:53.6788917Z   duration_ms: 59.664825
Backend Tests	Run tests	2026-10-07T03:10:53.6789293Z   ...
Backend Tests	Run tests	2026-10-07T03:10:53.7562258Z # Subtest: watch routes reject non-Wear principals
Backend Tests	Run tests	2026-10-07T03:10:53.7566597Z ok 670 - watch routes reject non-Wear principals
Backend Tests	Run tests	2026-10-07T03:10:53.7567313Z   ---
Backend Tests	Run tests	2026-10-07T03:10:53.7567741Z   duration_ms: 3033.062859
Backend Tests	Run tests	2026-10-07T03:10:53.7568167Z   ...
Backend Tests	Run tests	2026-10-07T03:10:53.7568903Z # Subtest: watch snapshot returns a private ETag and supports conditional 304
Backend Tests	Run tests	2026-10-07T03:10:53.7569910Z ok 671 - watch snapshot returns a private ETag and supports conditional 304
Backend Tests	Run tests	2026-10-07T03:10:53.7570597Z   ---
Backend Tests	Run tests	2026-10-07T03:10:53.7571239Z   duration_ms: 83.819417
Backend Tests	Run tests	2026-10-07T03:10:53.7571708Z   ...
Backend Tests	Run tests	2026-10-07T03:10:53.7572371Z # Subtest: watch mutations require an operation id and trusted session provenance
Backend Tests	Run tests	2026-10-07T03:10:53.7573305Z ok 672 - watch mutations require an operation id and trusted session provenance
Backend Tests	Run tests	2026-10-07T03:10:53.7573849Z   ---
Backend Tests	Run tests	2026-10-07T03:10:53.7574200Z   duration_ms: 40.323744
Backend Tests	Run tests	2026-10-07T03:10:53.7574549Z   ...
Backend Tests	Run tests	2026-10-07T03:10:53.7575233Z # Subtest: browser mutation origin guard rejects cross-origin and same-site sibling requests
Backend Tests	Run tests	2026-10-07T03:10:53.7576258Z ok 673 - browser mutation origin guard rejects cross-origin and same-site sibling requests
Backend Tests	Run tests	2026-10-07T03:10:53.7576895Z   ---
Backend Tests	Run tests	2026-10-07T03:10:53.7577209Z   duration_ms: 115.643638
Backend Tests	Run tests	2026-10-07T03:10:53.7577628Z   ...
Backend Tests	Run tests	2026-10-07T03:10:53.7578391Z # Subtest: browser mutation origin guard permits arbitrary loopback ports only when development policy is enabled
Backend Tests	Run tests	2026-10-07T03:10:53.7631925Z ok 674 - browser mutation origin guard permits arbitrary loopback ports only when development policy is enabled
Backend Tests	Run tests	2026-10-07T03:10:53.7691223Z   ---
Backend Tests	Run tests	2026-10-07T03:10:53.7721449Z   duration_ms: 27.692348
Backend Tests	Run tests	2026-10-07T03:10:53.7751237Z   ...
Backend Tests	Run tests	2026-10-07T03:10:53.7770195Z # Subtest: auth rate limiting is narrow and returns a JSON 429 response
Backend Tests	Run tests	2026-10-07T03:10:53.7771494Z ok 675 - auth rate limiting is narrow and returns a JSON 429 response
Backend Tests	Run tests	2026-10-07T03:10:53.7772279Z   ---
Backend Tests	Run tests	2026-10-07T03:10:53.7772690Z   duration_ms: 66.998518
Backend Tests	Run tests	2026-10-07T03:10:53.7773126Z   ...
Backend Tests	Run tests	2026-10-07T03:10:53.7773762Z # Subtest: Wear pairing issuance and exchange have dedicated abuse limits
Backend Tests	Run tests	2026-10-07T03:10:53.7774674Z ok 676 - Wear pairing issuance and exchange have dedicated abuse limits
Backend Tests	Run tests	2026-10-07T03:10:53.7775350Z   ---
Backend Tests	Run tests	2026-10-07T03:10:53.7775772Z   duration_ms: 238.683018
Backend Tests	Run tests	2026-10-07T03:10:53.7776252Z   ...
Backend Tests	Run tests	2026-10-07T03:10:53.7776987Z # Subtest: Wear pairing issuance has a coarse pre-authentication IP limit
Backend Tests	Run tests	2026-10-07T03:10:53.7778002Z ok 677 - Wear pairing issuance has a coarse pre-authentication IP limit
Backend Tests	Run tests	2026-10-07T03:10:53.7778654Z   ---
Backend Tests	Run tests	2026-10-07T03:10:53.7779029Z   duration_ms: 121.788326
Backend Tests	Run tests	2026-10-07T03:10:53.7779412Z   ...
Backend Tests	Run tests	2026-10-07T03:10:56.6487137Z # Subtest: server settings authorize operator-bound accounts and persist strict feature switches
Backend Tests	Run tests	2026-10-07T03:10:56.6512131Z     # Subtest: register cannot turn an auto-verified email into admin access
Backend Tests	Run tests	2026-10-07T03:10:56.6541942Z     ok 1 - register cannot turn an auto-verified email into admin access
Backend Tests	Run tests	2026-10-07T03:10:56.6571376Z       ---
Backend Tests	Run tests	2026-10-07T03:10:56.6572010Z       duration_ms: 253.168323
Backend Tests	Run tests	2026-10-07T03:10:56.6601348Z       ...
Backend Tests	Run tests	2026-10-07T03:10:56.7715074Z     # Subtest: mobile/register cannot turn an auto-verified email into admin access
Backend Tests	Run tests	2026-10-07T03:10:56.7718444Z     ok 2 - mobile/register cannot turn an auto-verified email into admin access
Backend Tests	Run tests	2026-10-07T03:10:56.7719393Z       ---
Backend Tests	Run tests	2026-10-07T03:10:56.7719957Z       duration_ms: 124.540319
Backend Tests	Run tests	2026-10-07T03:10:56.7720550Z       ...
Backend Tests	Run tests	2026-10-07T03:10:56.8632229Z     1..2
Backend Tests	Run tests	2026-10-07T03:10:56.8633524Z ok 678 - server settings authorize operator-bound accounts and persist strict feature switches
Backend Tests	Run tests	2026-10-07T03:10:56.8634726Z   ---
Backend Tests	Run tests	2026-10-07T03:10:56.8635342Z   duration_ms: 8367.81585
Backend Tests	Run tests	2026-10-07T03:10:56.8635797Z   ...
Backend Tests	Run tests	2026-10-07T03:10:56.9379567Z # Subtest: clearing a session cookie preserves its configured domain
Backend Tests	Run tests	2026-10-07T03:10:56.9402295Z ok 679 - clearing a session cookie preserves its configured domain
Backend Tests	Run tests	2026-10-07T03:10:56.9421899Z   ---
Backend Tests	Run tests	2026-10-07T03:10:56.9437299Z   duration_ms: 2.465323
Backend Tests	Run tests	2026-10-07T03:10:56.9439204Z   ...
Backend Tests	Run tests	2026-10-07T03:10:56.9440069Z # Subtest: shared goalDeficit exports stable allowed values and defaults
Backend Tests	Run tests	2026-10-07T03:10:56.9441264Z ok 680 - shared goalDeficit exports stable allowed values and defaults
Backend Tests	Run tests	2026-10-07T03:10:56.9441949Z   ---
Backend Tests	Run tests	2026-10-07T03:10:56.9442404Z   duration_ms: 2.25773
Backend Tests	Run tests	2026-10-07T03:10:56.9442860Z   ...
Backend Tests	Run tests	2026-10-07T03:10:56.9443677Z # Subtest: shared goalDeficit exports stable UI choice values (non-maintenance)
Backend Tests	Run tests	2026-10-07T03:10:56.9444737Z ok 681 - shared goalDeficit exports stable UI choice values (non-maintenance)
Backend Tests	Run tests	2026-10-07T03:10:56.9445426Z   ---
Backend Tests	Run tests	2026-10-07T03:10:56.9445829Z   duration_ms: 0.221534
Backend Tests	Run tests	2026-10-07T03:10:56.9446290Z   ...
Backend Tests	Run tests	2026-10-07T03:10:56.9447078Z # Subtest: normalizeDailyDeficitChoiceAbsValue returns a non-maintenance abs magnitude
Backend Tests	Run tests	2026-10-07T03:10:56.9448244Z ok 682 - normalizeDailyDeficitChoiceAbsValue returns a non-maintenance abs magnitude
Backend Tests	Run tests	2026-10-07T03:10:56.9448961Z   ---
Backend Tests	Run tests	2026-10-07T03:10:56.9449370Z   duration_ms: 0.284118
Backend Tests	Run tests	2026-10-07T03:10:56.9449809Z   ...
Backend Tests	Run tests	2026-10-07T03:10:56.9450765Z # Subtest: shared product contract exposes hosted identity and origin-aware trust destinations
Backend Tests	Run tests	2026-10-07T03:10:56.9452319Z ok 683 - shared product contract exposes hosted identity and origin-aware trust destinations
Backend Tests	Run tests	2026-10-07T03:10:56.9453158Z   ---
Backend Tests	Run tests	2026-10-07T03:10:56.9453575Z   duration_ms: 2.169071
Backend Tests	Run tests	2026-10-07T03:10:56.9454164Z   ...
Backend Tests	Run tests	2026-10-07T03:10:59.3024283Z # Subtest: addUtcYearsClamped preserves calendar dates and clamps leap day
Backend Tests	Run tests	2026-10-07T03:10:59.3086960Z ok 684 - addUtcYearsClamped preserves calendar dates and clamps leap day
Backend Tests	Run tests	2026-10-07T03:10:59.3088013Z   ---
Backend Tests	Run tests	2026-10-07T03:10:59.3088484Z   duration_ms: 1.838599
Backend Tests	Run tests	2026-10-07T03:10:59.3088935Z   ...
Backend Tests	Run tests	2026-10-07T03:10:59.3089551Z # Subtest: isValidIanaTimeZone validates common IANA time zones
Backend Tests	Run tests	2026-10-07T03:10:59.3090409Z ok 685 - isValidIanaTimeZone validates common IANA time zones
Backend Tests	Run tests	2026-10-07T03:10:59.3091222Z   ---
Backend Tests	Run tests	2026-10-07T03:10:59.3091633Z   duration_ms: 19.147134
Backend Tests	Run tests	2026-10-07T03:10:59.3092066Z   ...
Backend Tests	Run tests	2026-10-07T03:10:59.3092813Z # Subtest: formatDateToLocalDateString returns the calendar day for the supplied time zone
Backend Tests	Run tests	2026-10-07T03:10:59.3093954Z ok 686 - formatDateToLocalDateString returns the calendar day for the supplied time zone
Backend Tests	Run tests	2026-10-07T03:10:59.3094684Z   ---
Backend Tests	Run tests	2026-10-07T03:10:59.3095041Z   duration_ms: 0.68155
Backend Tests	Run tests	2026-10-07T03:10:59.3095462Z   ...
Backend Tests	Run tests	2026-10-07T03:10:59.3096264Z # Subtest: formatDateToLocalDateString throws for invalid IANA time zone identifiers
Backend Tests	Run tests	2026-10-07T03:10:59.3097327Z ok 687 - formatDateToLocalDateString throws for invalid IANA time zone identifiers
Backend Tests	Run tests	2026-10-07T03:10:59.3097999Z   ---
Backend Tests	Run tests	2026-10-07T03:10:59.3098379Z   duration_ms: 0.634073
Backend Tests	Run tests	2026-10-07T03:10:59.3098811Z   ...
Backend Tests	Run tests	2026-10-07T03:10:59.3099644Z # Subtest: getUtcTodayDateOnlyInTimeZone returns a UTC-normalized date-only value for the local day
Backend Tests	Run tests	2026-10-07T03:10:59.3101055Z ok 688 - getUtcTodayDateOnlyInTimeZone returns a UTC-normalized date-only value for the local day
Backend Tests	Run tests	2026-10-07T03:10:59.3101882Z   ---
Backend Tests	Run tests	2026-10-07T03:10:59.3102277Z   duration_ms: 0.715618
Backend Tests	Run tests	2026-10-07T03:10:59.3102702Z   ...
Backend Tests	Run tests	2026-10-07T03:10:59.3103339Z # Subtest: normalizeToUtcDateOnly accepts Date and timestamp inputs
Backend Tests	Run tests	2026-10-07T03:10:59.3104226Z ok 689 - normalizeToUtcDateOnly accepts Date and timestamp inputs
Backend Tests	Run tests	2026-10-07T03:10:59.3104828Z   ---
Backend Tests	Run tests	2026-10-07T03:10:59.3105205Z   duration_ms: 0.239231
Backend Tests	Run tests	2026-10-07T03:10:59.3105617Z   ...
Backend Tests	Run tests	2026-10-07T03:10:59.3106179Z # Subtest: normalizeToUtcDateOnly rejects invalid inputs
Backend Tests	Run tests	2026-10-07T03:10:59.3106919Z ok 690 - normalizeToUtcDateOnly rejects invalid inputs
Backend Tests	Run tests	2026-10-07T03:10:59.3107905Z   ---
Backend Tests	Run tests	2026-10-07T03:10:59.3108299Z   duration_ms: 0.222298
Backend Tests	Run tests	2026-10-07T03:10:59.3108847Z   ...
Backend Tests	Run tests	2026-10-07T03:10:59.3109500Z # Subtest: getUtcTodayDateOnly returns a UTC-normalized date-only value
Backend Tests	Run tests	2026-10-07T03:10:59.3110437Z ok 691 - getUtcTodayDateOnly returns a UTC-normalized date-only value
Backend Tests	Run tests	2026-10-07T03:10:59.3111317Z   ---
Backend Tests	Run tests	2026-10-07T03:10:59.3111699Z   duration_ms: 0.251649
Backend Tests	Run tests	2026-10-07T03:10:59.3112107Z   ...
Backend Tests	Run tests	2026-10-07T03:10:59.8472039Z # Subtest: isWeightUnit identifies supported weight units
Backend Tests	Run tests	2026-10-07T03:10:59.8505351Z ok 692 - isWeightUnit identifies supported weight units
Backend Tests	Run tests	2026-10-07T03:10:59.8530474Z   ---
Backend Tests	Run tests	2026-10-07T03:10:59.8583789Z   duration_ms: 1.283009
Backend Tests	Run tests	2026-10-07T03:10:59.8587657Z   ...
Backend Tests	Run tests	2026-10-07T03:10:59.8588283Z # Subtest: isHeightUnit identifies supported height units
Backend Tests	Run tests	2026-10-07T03:10:59.8589000Z ok 693 - isHeightUnit identifies supported height units
Backend Tests	Run tests	2026-10-07T03:10:59.8589519Z   ---
Backend Tests	Run tests	2026-10-07T03:10:59.8589879Z   duration_ms: 0.25092
Backend Tests	Run tests	2026-10-07T03:10:59.8590276Z   ...
Backend Tests	Run tests	2026-10-07T03:10:59.8591119Z # Subtest: parseWeightToGrams converts kilograms to grams (rounded to 0.1 kg)
Backend Tests	Run tests	2026-10-07T03:10:59.8591994Z ok 694 - parseWeightToGrams converts kilograms to grams (rounded to 0.1 kg)
Backend Tests	Run tests	2026-10-07T03:10:59.8592598Z   ---
Backend Tests	Run tests	2026-10-07T03:10:59.8592960Z   duration_ms: 2.914781
Backend Tests	Run tests	2026-10-07T03:10:59.8593345Z   ...
Backend Tests	Run tests	2026-10-07T03:10:59.8593921Z # Subtest: parseWeightToGrams converts pounds to grams (rounded to 0.1 lb)
Backend Tests	Run tests	2026-10-07T03:10:59.8594707Z ok 695 - parseWeightToGrams converts pounds to grams (rounded to 0.1 lb)
Backend Tests	Run tests	2026-10-07T03:10:59.8595259Z   ---
Backend Tests	Run tests	2026-10-07T03:10:59.8595610Z   duration_ms: 16.606841
Backend Tests	Run tests	2026-10-07T03:10:59.8596002Z   ...
Backend Tests	Run tests	2026-10-07T03:10:59.8596703Z # Subtest: API weight conversion enforces exact KG and one-decimal LB policy boundaries
Backend Tests	Run tests	2026-10-07T03:10:59.8597609Z ok 696 - API weight conversion enforces exact KG and one-decimal LB policy boundaries
Backend Tests	Run tests	2026-10-07T03:10:59.8598233Z   ---
Backend Tests	Run tests	2026-10-07T03:10:59.8598588Z   duration_ms: 0.492694
Backend Tests	Run tests	2026-10-07T03:10:59.8598976Z   ...
Backend Tests	Run tests	2026-10-07T03:10:59.8599493Z # Subtest: parseWeightToGrams rejects invalid weights
Backend Tests	Run tests	2026-10-07T03:10:59.8600108Z ok 697 - parseWeightToGrams rejects invalid weights
Backend Tests	Run tests	2026-10-07T03:10:59.8600589Z   ---
Backend Tests	Run tests	2026-10-07T03:10:59.8601737Z   duration_ms: 0.66992
Backend Tests	Run tests	2026-10-07T03:10:59.8651449Z   ...
Backend Tests	Run tests	2026-10-07T03:10:59.8661678Z # Subtest: gramsToWeight converts grams to the requested unit (rounded to 0.1)
Backend Tests	Run tests	2026-10-07T03:10:59.8681658Z ok 698 - gramsToWeight converts grams to the requested unit (rounded to 0.1)
Backend Tests	Run tests	2026-10-07T03:10:59.8711194Z   ---
Backend Tests	Run tests	2026-10-07T03:10:59.8721200Z   duration_ms: 0.192931
Backend Tests	Run tests	2026-10-07T03:10:59.8741270Z   ...
Backend Tests	Run tests	2026-10-07T03:10:59.8771273Z # Subtest: gramsToWeight rejects invalid grams
Backend Tests	Run tests	2026-10-07T03:10:59.8831362Z ok 699 - gramsToWeight rejects invalid grams
Backend Tests	Run tests	2026-10-07T03:10:59.8861220Z   ---
Backend Tests	Run tests	2026-10-07T03:10:59.8891180Z   duration_ms: 0.210539
Backend Tests	Run tests	2026-10-07T03:10:59.8951289Z   ...
Backend Tests	Run tests	2026-10-07T03:11:00.1432737Z # Subtest: UsdaFoodDataProvider normalizes search results (measures + nutrients per 100g + scaled nutrients)
Backend Tests	Run tests	2026-10-07T03:11:00.1437978Z ok 700 - UsdaFoodDataProvider normalizes search results (measures + nutrients per 100g + scaled nutrients)
Backend Tests	Run tests	2026-10-07T03:11:00.1498643Z   ---
Backend Tests	Run tests	2026-10-07T03:11:00.1525741Z   duration_ms: 3.715
Backend Tests	Run tests	2026-10-07T03:11:00.1526364Z   ...
Backend Tests	Run tests	2026-10-07T03:11:00.1527276Z # Subtest: UsdaFoodDataProvider returns empty results when neither query nor barcode is provided
Backend Tests	Run tests	2026-10-07T03:11:00.1528594Z ok 701 - UsdaFoodDataProvider returns empty results when neither query nor barcode is provided
Backend Tests	Run tests	2026-10-07T03:11:00.1529400Z   ---
Backend Tests	Run tests	2026-10-07T03:11:00.1529833Z   duration_ms: 0.242618
Backend Tests	Run tests	2026-10-07T03:11:00.1530318Z   ...
Backend Tests	Run tests	2026-10-07T03:11:00.1531196Z # Subtest: UsdaFoodDataProvider barcode searches prefer exact gtinUpc matches
Backend Tests	Run tests	2026-10-07T03:11:00.1532285Z ok 702 - UsdaFoodDataProvider barcode searches prefer exact gtinUpc matches
Backend Tests	Run tests	2026-10-07T03:11:00.1532999Z   ---
Backend Tests	Run tests	2026-10-07T03:11:00.1533455Z   duration_ms: 0.538168
Backend Tests	Run tests	2026-10-07T03:11:00.1533931Z   ...
Backend Tests	Run tests	2026-10-07T03:11:00.1534956Z # Subtest: UsdaFoodDataProvider requires all words for multi-term queries and falls back when strict results are empty
Backend Tests	Run tests	2026-10-07T03:11:00.1536886Z ok 703 - UsdaFoodDataProvider requires all words for multi-term queries and falls back when strict results are empty
Backend Tests	Run tests	2026-10-07T03:11:00.1537862Z   ---
Backend Tests	Run tests	2026-10-07T03:11:00.1538334Z   duration_ms: 0.584364
Backend Tests	Run tests	2026-10-07T03:11:00.1538780Z   ...
Backend Tests	Run tests	2026-10-07T03:11:00.1539762Z # Subtest: UsdaFoodDataProvider ranking prefers product matches over brand-only matches for possessive brand queries
Backend Tests	Run tests	2026-10-07T03:11:00.1541314Z ok 704 - UsdaFoodDataProvider ranking prefers product matches over brand-only matches for possessive brand queries
Backend Tests	Run tests	2026-10-07T03:11:00.1542224Z   ---
Backend Tests	Run tests	2026-10-07T03:11:00.1542682Z   duration_ms: 0.828614
Backend Tests	Run tests	2026-10-07T03:11:00.1543148Z   ...
Backend Tests	Run tests	2026-10-07T03:11:00.1543930Z # Subtest: UsdaFoodDataProvider throws a detailed error for non-OK search responses
Backend Tests	Run tests	2026-10-07T03:11:00.1545026Z ok 705 - UsdaFoodDataProvider throws a detailed error for non-OK search responses
Backend Tests	Run tests	2026-10-07T03:11:00.1545770Z   ---
Backend Tests	Run tests	2026-10-07T03:11:00.1546240Z   duration_ms: 0.889152
Backend Tests	Run tests	2026-10-07T03:11:00.1546730Z   ...
Backend Tests	Run tests	2026-10-07T03:11:00.1547526Z # Subtest: UsdaFoodDataProvider prefers foodNutrients and converts kJ energy to kcal
Backend Tests	Run tests	2026-10-07T03:11:00.1548648Z ok 706 - UsdaFoodDataProvider prefers foodNutrients and converts kJ energy to kcal
Backend Tests	Run tests	2026-10-07T03:11:00.1549415Z   ---
Backend Tests	Run tests	2026-10-07T03:11:00.1549889Z   duration_ms: 0.698201
Backend Tests	Run tests	2026-10-07T03:11:00.1550376Z   ...
Backend Tests	Run tests	2026-10-07T03:11:00.1551340Z # Subtest: UsdaFoodDataProvider omits foods without usable nutrients when includeIncomplete=false
Backend Tests	Run tests	2026-10-07T03:11:00.1552589Z ok 707 - UsdaFoodDataProvider omits foods without usable nutrients when includeIncomplete=false
Backend Tests	Run tests	2026-10-07T03:11:00.1553429Z   ---
Backend Tests	Run tests	2026-10-07T03:11:00.1553844Z   duration_ms: 0.262464
Backend Tests	Run tests	2026-10-07T03:11:00.1554311Z   ...
Backend Tests	Run tests	2026-10-07T03:11:00.1555081Z # Subtest: UsdaFoodDataProvider includes incomplete foods when includeIncomplete=true
Backend Tests	Run tests	2026-10-07T03:11:00.1556163Z ok 708 - UsdaFoodDataProvider includes incomplete foods when includeIncomplete=true
Backend Tests	Run tests	2026-10-07T03:11:00.1556935Z   ---
Backend Tests	Run tests	2026-10-07T03:11:00.1557385Z   duration_ms: 0.374045
Backend Tests	Run tests	2026-10-07T03:11:00.1557818Z   ...
Backend Tests	Run tests	2026-10-07T03:11:00.1558567Z # Subtest: UsdaFoodDataProvider converts kilogram serving sizes to gram weights
Backend Tests	Run tests	2026-10-07T03:11:00.1559590Z ok 709 - UsdaFoodDataProvider converts kilogram serving sizes to gram weights
Backend Tests	Run tests	2026-10-07T03:11:00.1560308Z   ---
Backend Tests	Run tests	2026-10-07T03:11:00.1560845Z   duration_ms: 0.394517
Backend Tests	Run tests	2026-10-07T03:11:00.1561302Z   ...
Backend Tests	Run tests	2026-10-07T03:11:03.0397882Z # Subtest: userSerialization: USER_CLIENT_SELECT does not include sensitive columns
Backend Tests	Run tests	2026-10-07T03:11:03.0399406Z ok 710 - userSerialization: USER_CLIENT_SELECT does not include sensitive columns
Backend Tests	Run tests	2026-10-07T03:11:03.0400259Z   ---
Backend Tests	Run tests	2026-10-07T03:11:03.0400925Z   duration_ms: 1.686527
Backend Tests	Run tests	2026-10-07T03:11:03.0401425Z   ...
Backend Tests	Run tests	2026-10-07T03:11:03.0402491Z # Subtest: userSerialization: serializeUserForClient omits profile_image_url when bytes or mimeType are missing
Backend Tests	Run tests	2026-10-07T03:11:03.0404063Z ok 711 - userSerialization: serializeUserForClient omits profile_image_url when bytes or mimeType are missing
Backend Tests	Run tests	2026-10-07T03:11:03.0431701Z   ---
Backend Tests	Run tests	2026-10-07T03:11:03.0434548Z   duration_ms: 0.618791
Backend Tests	Run tests	2026-10-07T03:11:03.0435072Z   ...
Backend Tests	Run tests	2026-10-07T03:11:03.0436194Z # Subtest: userSerialization: serializeUserForClient builds a base64 data URL when image bytes and mimeType are present
Backend Tests	Run tests	2026-10-07T03:11:03.0437761Z ok 712 - userSerialization: serializeUserForClient builds a base64 data URL when image bytes and mimeType are present
Backend Tests	Run tests	2026-10-07T03:11:03.0438774Z   ---
Backend Tests	Run tests	2026-10-07T03:11:03.0439223Z   duration_ms: 1.335663
Backend Tests	Run tests	2026-10-07T03:11:03.0439671Z   ...
Backend Tests	Run tests	2026-10-07T03:11:09.0580162Z # Subtest: watch mutation parser accepts canonical grams and rejects unknown fields
Backend Tests	Run tests	2026-10-07T03:11:09.0595627Z ok 713 - watch mutation parser accepts canonical grams and rejects unknown fields
Backend Tests	Run tests	2026-10-07T03:11:09.0630514Z   ---
Backend Tests	Run tests	2026-10-07T03:11:09.0639495Z   duration_ms: 8242.638714
Backend Tests	Run tests	2026-10-07T03:11:09.0640069Z   ...
Backend Tests	Run tests	2026-10-07T03:11:09.0641067Z # Subtest: watch snapshot rejects an invalid stored timezone before reading any guessed local day
Backend Tests	Run tests	2026-10-07T03:11:09.0642823Z ok 714 - watch snapshot rejects an invalid stored timezone before reading any guessed local day
Backend Tests	Run tests	2026-10-07T03:11:09.0643555Z   ---
Backend Tests	Run tests	2026-10-07T03:11:09.0643955Z   duration_ms: 51.325059
Backend Tests	Run tests	2026-10-07T03:11:09.0644386Z   ...
Backend Tests	Run tests	2026-10-07T03:11:09.0645164Z # Subtest: watch snapshot is bounded, timezone-local, and derives current-session undo
Backend Tests	Run tests	2026-10-07T03:11:09.0646144Z ok 715 - watch snapshot is bounded, timezone-local, and derives current-session undo
Backend Tests	Run tests	2026-10-07T03:11:09.0646770Z   ---
Backend Tests	Run tests	2026-10-07T03:11:09.0647149Z   duration_ms: 62.872692
Backend Tests	Run tests	2026-10-07T03:11:09.0647556Z   ...
Backend Tests	Run tests	2026-10-07T03:11:09.0648307Z # Subtest: watch goal progress covers loss, gain, maintenance, missing goals, and completed targets
Backend Tests	Run tests	2026-10-07T03:11:09.0649394Z ok 716 - watch goal progress covers loss, gain, maintenance, missing goals, and completed targets
Backend Tests	Run tests	2026-10-07T03:11:09.0650115Z   ---
Backend Tests	Run tests	2026-10-07T03:11:09.0650502Z   duration_ms: 100.117205
Backend Tests	Run tests	2026-10-07T03:11:09.0651178Z   ...
Backend Tests	Run tests	2026-10-07T03:11:09.0651886Z # Subtest: watch food creation snapshots My Food and records trusted session provenance
Backend Tests	Run tests	2026-10-07T03:11:09.0652929Z ok 717 - watch food creation snapshots My Food and records trusted session provenance
Backend Tests	Run tests	2026-10-07T03:11:09.0654201Z   ---
Backend Tests	Run tests	2026-10-07T03:11:09.0654640Z   duration_ms: 54.417665
Backend Tests	Run tests	2026-10-07T03:11:09.0655094Z   ...
Backend Tests	Run tests	2026-10-07T03:11:09.0655790Z # Subtest: watch food creation rejects paused days before inserting
Backend Tests	Run tests	2026-10-07T03:11:09.0656654Z ok 718 - watch food creation rejects paused days before inserting
Backend Tests	Run tests	2026-10-07T03:11:09.0657267Z   ---
Backend Tests	Run tests	2026-10-07T03:11:09.0657663Z   duration_ms: 75.507878
Backend Tests	Run tests	2026-10-07T03:11:09.0658106Z   ...
Backend Tests	Run tests	2026-10-07T03:11:09.0658815Z # Subtest: watch food deletion is limited to the current session undo candidate
Backend Tests	Run tests	2026-10-07T03:11:09.0659834Z ok 719 - watch food deletion is limited to the current session undo candidate
Backend Tests	Run tests	2026-10-07T03:11:09.0660484Z   ---
Backend Tests	Run tests	2026-10-07T03:11:09.0660999Z   duration_ms: 47.960032
Backend Tests	Run tests	2026-10-07T03:11:09.0661410Z   ...
Backend Tests	Run tests	2026-10-07T03:11:09.0662127Z # Subtest: watch undo is invalidated by a later phone edit and never walks to an older create
Backend Tests	Run tests	2026-10-07T03:11:09.0663160Z ok 720 - watch undo is invalidated by a later phone edit and never walks to an older create
Backend Tests	Run tests	2026-10-07T03:11:09.0663846Z   ---
Backend Tests	Run tests	2026-10-07T03:11:09.0664222Z   duration_ms: 62.36937
Backend Tests	Run tests	2026-10-07T03:11:09.0664615Z   ...
Backend Tests	Run tests	2026-10-07T03:11:09.0665217Z # Subtest: watch metric and completion mutations use canonical date-only upserts
Backend Tests	Run tests	2026-10-07T03:11:09.0666136Z ok 721 - watch metric and completion mutations use canonical date-only upserts
Backend Tests	Run tests	2026-10-07T03:11:09.0666747Z   ---
Backend Tests	Run tests	2026-10-07T03:11:09.0667123Z   duration_ms: 92.578062
Backend Tests	Run tests	2026-10-07T03:11:09.0667524Z   ...
Backend Tests	Run tests	2026-10-07T03:11:09.0668189Z # Subtest: watch metric and completion mutations reject stale snapshot revisions
Backend Tests	Run tests	2026-10-07T03:11:09.0669147Z ok 722 - watch metric and completion mutations reject stale snapshot revisions
Backend Tests	Run tests	2026-10-07T03:11:09.0669792Z   ---
Backend Tests	Run tests	2026-10-07T03:11:09.0670165Z   duration_ms: 64.538078
Backend Tests	Run tests	2026-10-07T03:11:09.0670592Z   ...
Backend Tests	Run tests	2026-10-07T03:11:09.4210829Z # Subtest: weight trend benchmark: recovers representative steady rates without outlier-driven reversal
Backend Tests	Run tests	2026-10-07T03:11:09.4224858Z ok 723 - weight trend benchmark: recovers representative steady rates without outlier-driven reversal
Backend Tests	Run tests	2026-10-07T03:11:09.4252762Z   ---
Backend Tests	Run tests	2026-10-07T03:11:09.4271341Z   duration_ms: 18.957232
Backend Tests	Run tests	2026-10-07T03:11:09.4271799Z   ...
Backend Tests	Run tests	2026-10-07T03:11:09.4272815Z # Subtest: weight trend benchmark: seeded level and window-average pace intervals achieve 90%-98% empirical coverage
Backend Tests	Run tests	2026-10-07T03:11:09.4274178Z ok 724 - weight trend benchmark: seeded level and window-average pace intervals achieve 90%-98% empirical coverage
Backend Tests	Run tests	2026-10-07T03:11:09.4274946Z   ---
Backend Tests	Run tests	2026-10-07T03:11:09.4275301Z   duration_ms: 192.14486
Backend Tests	Run tests	2026-10-07T03:11:09.4275688Z   ...
Backend Tests	Run tests	2026-10-07T03:11:09.4276475Z # Subtest: weight trend benchmark: local velocity-state intervals achieve 90%-98% process coverage
Backend Tests	Run tests	2026-10-07T03:11:09.4277649Z ok 725 - weight trend benchmark: local velocity-state intervals achieve 90%-98% process coverage
Backend Tests	Run tests	2026-10-07T03:11:09.4278866Z   ---
Backend Tests	Run tests	2026-10-07T03:11:09.4279168Z   duration_ms: 167.398834
Backend Tests	Run tests	2026-10-07T03:11:09.4279510Z   ...
Backend Tests	Run tests	2026-10-07T03:11:09.4280234Z # Subtest: weight trend benchmark: causal stable and linear level RMSE is no more than 5% worse than v1
Backend Tests	Run tests	2026-10-07T03:11:09.4281682Z ok 726 - weight trend benchmark: causal stable and linear level RMSE is no more than 5% worse than v1
Backend Tests	Run tests	2026-10-07T03:11:09.4282368Z   ---
Backend Tests	Run tests	2026-10-07T03:11:09.4282660Z   duration_ms: 851.683678
Backend Tests	Run tests	2026-10-07T03:11:09.4283031Z   ...
Backend Tests	Run tests	2026-10-07T03:11:09.4283770Z # Subtest: weight trend benchmark: a sustained reversal becomes confidently visible within 14 days
Backend Tests	Run tests	2026-10-07T03:11:09.4301879Z ok 727 - weight trend benchmark: a sustained reversal becomes confidently visible within 14 days
Backend Tests	Run tests	2026-10-07T03:11:09.4302763Z   ---
Backend Tests	Run tests	2026-10-07T03:11:09.4303165Z   duration_ms: 4.08884
Backend Tests	Run tests	2026-10-07T03:11:09.4303587Z   ...
Backend Tests	Run tests	2026-10-07T03:11:09.4304368Z # Subtest: weight trend benchmark: local v2 pace changes direction sooner than v1 after a reversal
Backend Tests	Run tests	2026-10-07T03:11:09.4305792Z ok 728 - weight trend benchmark: local v2 pace changes direction sooner than v1 after a reversal
Backend Tests	Run tests	2026-10-07T03:11:09.4306600Z   ---
Backend Tests	Run tests	2026-10-07T03:11:09.4307027Z   duration_ms: 15.326765
Backend Tests	Run tests	2026-10-07T03:11:09.4307498Z   ...
Backend Tests	Run tests	2026-10-07T03:11:09.4308269Z # Subtest: weight trend benchmark: plateau after loss is recognized as steady
Backend Tests	Run tests	2026-10-07T03:11:09.4309338Z ok 729 - weight trend benchmark: plateau after loss is recognized as steady
Backend Tests	Run tests	2026-10-07T03:11:09.4310011Z   ---
Backend Tests	Run tests	2026-10-07T03:11:09.4310441Z   duration_ms: 1.102968
Backend Tests	Run tests	2026-10-07T03:11:09.4311033Z   ...
Backend Tests	Run tests	2026-10-07T03:11:09.4311836Z # Subtest: weight trend benchmark: isolated spikes are damped and recover within two weeks
Backend Tests	Run tests	2026-10-07T03:11:09.4401739Z ok 730 - weight trend benchmark: isolated spikes are damped and recover within two weeks
Backend Tests	Run tests	2026-10-07T03:11:09.4411227Z   ---
Backend Tests	Run tests	2026-10-07T03:11:09.4433884Z   duration_ms: 5.528211
Backend Tests	Run tests	2026-10-07T03:11:09.4521128Z   ...
Backend Tests	Run tests	2026-10-07T03:11:09.4542991Z # Subtest: weight trend benchmark: positive and negative three-kilogram spikes do not cause a lasting reversal
Backend Tests	Run tests	2026-10-07T03:11:09.4571848Z ok 731 - weight trend benchmark: positive and negative three-kilogram spikes do not cause a lasting reversal
Backend Tests	Run tests	2026-10-07T03:11:09.4581272Z   ---
Backend Tests	Run tests	2026-10-07T03:11:09.4611234Z   duration_ms: 15.195513
Backend Tests	Run tests	2026-10-07T03:11:09.4631357Z   ...
Backend Tests	Run tests	2026-10-07T03:11:09.4641854Z # Subtest: weight trend benchmark: a short hydration outlier run does not leave a lasting direction reversal
Backend Tests	Run tests	2026-10-07T03:11:09.4671697Z ok 732 - weight trend benchmark: a short hydration outlier run does not leave a lasting direction reversal
Backend Tests	Run tests	2026-10-07T03:11:09.4718196Z   ---
Backend Tests	Run tests	2026-10-07T03:11:09.4721364Z   duration_ms: 8.718388
Backend Tests	Run tests	2026-10-07T03:11:09.4751220Z   ...
Backend Tests	Run tests	2026-10-07T03:11:09.4765944Z # Subtest: weight trend benchmark: actual-date pace survives cadence changes without inventing continuity
Backend Tests	Run tests	2026-10-07T03:11:09.4791753Z ok 733 - weight trend benchmark: actual-date pace survives cadence changes without inventing continuity
Backend Tests	Run tests	2026-10-07T03:11:09.4819064Z   ---
Backend Tests	Run tests	2026-10-07T03:11:09.4841208Z   duration_ms: 1.116981
Backend Tests	Run tests	2026-10-07T03:11:09.4871286Z   ...
Backend Tests	Run tests	2026-10-07T03:11:09.4884711Z # Subtest: weight trend benchmark: backfills do not rewrite earlier forward states materially
Backend Tests	Run tests	2026-10-07T03:11:09.4911862Z ok 734 - weight trend benchmark: backfills do not rewrite earlier forward states materially
Backend Tests	Run tests	2026-10-07T03:11:09.4924389Z   ---
Backend Tests	Run tests	2026-10-07T03:11:09.4961252Z   duration_ms: 7.425206
Backend Tests	Run tests	2026-10-07T03:11:09.4995162Z   ...
Backend Tests	Run tests	2026-10-07T03:11:09.5021864Z # Subtest: weight trend benchmark: input order and kilogram boundary conversion are invariant
Backend Tests	Run tests	2026-10-07T03:11:09.5031933Z ok 735 - weight trend benchmark: input order and kilogram boundary conversion are invariant
Backend Tests	Run tests	2026-10-07T03:11:09.5071168Z   ---
Backend Tests	Run tests	2026-10-07T03:11:09.5131224Z   duration_ms: 6.345856
Backend Tests	Run tests	2026-10-07T03:11:09.5131664Z   ...
Backend Tests	Run tests	2026-10-07T03:11:09.5192173Z # Subtest: weight trend benchmark: appending one consistent observation keeps prior history stable
Backend Tests	Run tests	2026-10-07T03:11:09.5271760Z ok 736 - weight trend benchmark: appending one consistent observation keeps prior history stable
Backend Tests	Run tests	2026-10-07T03:11:09.5311148Z   ---
Backend Tests	Run tests	2026-10-07T03:11:09.5341178Z   duration_ms: 5.840002
Backend Tests	Run tests	2026-10-07T03:11:09.5381413Z   ...
Backend Tests	Run tests	2026-10-07T03:11:09.5388828Z # Subtest: weight trend benchmark: bounded-window workloads remain inexpensive
Backend Tests	Run tests	2026-10-07T03:11:09.5431578Z ok 737 - weight trend benchmark: bounded-window workloads remain inexpensive
Backend Tests	Run tests	2026-10-07T03:11:09.5441369Z   ---
Backend Tests	Run tests	2026-10-07T03:11:09.5471337Z   duration_ms: 2834.887611
Backend Tests	Run tests	2026-10-07T03:11:09.5491099Z   ...
Backend Tests	Run tests	2026-10-07T03:11:09.5521716Z # Subtest: weight trend governance: model constants come from the versioned parameter manifest
Backend Tests	Run tests	2026-10-07T03:11:09.5531759Z ok 738 - weight trend governance: model constants come from the versioned parameter manifest
Backend Tests	Run tests	2026-10-07T03:11:09.5537889Z   ---
Backend Tests	Run tests	2026-10-07T03:11:09.5538580Z   duration_ms: 18.524361
Backend Tests	Run tests	2026-10-07T03:11:09.5539050Z   ...
Backend Tests	Run tests	2026-10-07T03:11:09.5539953Z # Subtest: weight trend governance: regenerated report rejects numeric changes without a model-version bump
Backend Tests	Run tests	2026-10-07T03:11:09.5541493Z ok 739 - weight trend governance: regenerated report rejects numeric changes without a model-version bump
Backend Tests	Run tests	2026-10-07T03:11:09.5591263Z   ---
Backend Tests	Run tests	2026-10-07T03:11:09.5621148Z   duration_ms: 933.067739
Backend Tests	Run tests	2026-10-07T03:11:09.5673275Z   ...
Backend Tests	Run tests	2026-10-07T03:11:09.5791629Z # Subtest: weight trend governance: checked-in tuning report is reproducible and passes every gate
Backend Tests	Run tests	2026-10-07T03:11:09.5851778Z ok 740 - weight trend governance: checked-in tuning report is reproducible and passes every gate
Backend Tests	Run tests	2026-10-07T03:11:09.5881338Z   ---
Backend Tests	Run tests	2026-10-07T03:11:09.5882051Z   duration_ms: 709.610369
Backend Tests	Run tests	2026-10-07T03:11:09.5911333Z   ...
Backend Tests	Run tests	2026-10-07T03:11:09.5913986Z # Subtest: weight trend v2 migration adds pace state and invalidates only pending older recommendations
Backend Tests	Run tests	2026-10-07T03:11:09.5915674Z ok 741 - weight trend v2 migration adds pace state and invalidates only pending older recommendations
Backend Tests	Run tests	2026-10-07T03:11:09.5916680Z   ---
Backend Tests	Run tests	2026-10-07T03:11:09.5917248Z   duration_ms: 1.302206
Backend Tests	Run tests	2026-10-07T03:11:09.5917791Z   ...
Backend Tests	Run tests	2026-10-07T03:11:09.5918696Z # Subtest: weight trend source revision migration preserves legacy rows as nullable stale snapshots
Backend Tests	Run tests	2026-10-07T03:11:09.5920015Z ok 742 - weight trend source revision migration preserves legacy rows as nullable stale snapshots
Backend Tests	Run tests	2026-10-07T03:11:09.5920913Z   ---
Backend Tests	Run tests	2026-10-07T03:11:09.5921307Z   duration_ms: 0.22077
Backend Tests	Run tests	2026-10-07T03:11:09.5921730Z   ...
Backend Tests	Run tests	2026-10-07T03:11:11.2593097Z # Subtest: weightTrend resolver: defaults to shared v2 and exports model version 2
Backend Tests	Run tests	2026-10-07T03:11:11.2594888Z ok 743 - weightTrend resolver: defaults to shared v2 and exports model version 2
Backend Tests	Run tests	2026-10-07T03:11:11.2597220Z   ---
Backend Tests	Run tests	2026-10-07T03:11:11.2598638Z   duration_ms: 125.76115
Backend Tests	Run tests	2026-10-07T03:11:11.2599157Z   ...
Backend Tests	Run tests	2026-10-07T03:11:11.2600001Z # Subtest: weightTrend resolver: explicit v2 returns the shared v2 model output
Backend Tests	Run tests	2026-10-07T03:11:11.2603776Z ok 744 - weightTrend resolver: explicit v2 returns the shared v2 model output
Backend Tests	Run tests	2026-10-07T03:11:11.2605325Z   ---
Backend Tests	Run tests	2026-10-07T03:11:11.2607404Z   duration_ms: 10.836378
Backend Tests	Run tests	2026-10-07T03:11:11.2607904Z   ...
Backend Tests	Run tests	2026-10-07T03:11:11.2608750Z # Subtest: weightTrend resolver: v1 preserves legacy levels and adapts unavailable v2 fields
Backend Tests	Run tests	2026-10-07T03:11:11.2612632Z ok 745 - weightTrend resolver: v1 preserves legacy levels and adapts unavailable v2 fields
Backend Tests	Run tests	2026-10-07T03:11:11.2613402Z   ---
Backend Tests	Run tests	2026-10-07T03:11:11.2613815Z   duration_ms: 11.322186
Backend Tests	Run tests	2026-10-07T03:11:11.2614249Z   ...
Backend Tests	Run tests	2026-10-07T03:11:11.2614890Z # Subtest: weightTrend resolver: v1 honors the shared as-of option
Backend Tests	Run tests	2026-10-07T03:11:11.2615677Z ok 746 - weightTrend resolver: v1 honors the shared as-of option
Backend Tests	Run tests	2026-10-07T03:11:11.2616255Z   ---
Backend Tests	Run tests	2026-10-07T03:11:11.2616641Z   duration_ms: 10.675328
Backend Tests	Run tests	2026-10-07T03:11:11.2617047Z   ...
Backend Tests	Run tests	2026-10-07T03:11:11.2934295Z # Subtest: computeWeightTrendV1: reproduces the retired scalar Kalman output
Backend Tests	Run tests	2026-10-07T03:11:11.2935849Z ok 747 - computeWeightTrendV1: reproduces the retired scalar Kalman output
Backend Tests	Run tests	2026-10-07T03:11:11.2937134Z   ---
Backend Tests	Run tests	2026-10-07T03:11:11.2937867Z   duration_ms: 6.292117
Backend Tests	Run tests	2026-10-07T03:11:11.2938668Z   ...
Backend Tests	Run tests	2026-10-07T03:11:11.8888345Z # Subtest: computeWeightTrend: keeps a stable trend for mostly flat weight series
Backend Tests	Run tests	2026-10-07T03:11:11.8889603Z ok 748 - computeWeightTrend: keeps a stable trend for mostly flat weight series
Backend Tests	Run tests	2026-10-07T03:11:11.8890225Z   ---
Backend Tests	Run tests	2026-10-07T03:11:11.8890773Z   duration_ms: 3.977965
Backend Tests	Run tests	2026-10-07T03:11:11.8891181Z   ...
Backend Tests	Run tests	2026-10-07T03:11:11.8891781Z # Subtest: computeWeightTrend: dampens a short-lived spike
Backend Tests	Run tests	2026-10-07T03:11:11.8892565Z ok 749 - computeWeightTrend: dampens a short-lived spike
Backend Tests	Run tests	2026-10-07T03:11:11.8893124Z   ---
Backend Tests	Run tests	2026-10-07T03:11:11.8893462Z   duration_ms: 0.440391
Backend Tests	Run tests	2026-10-07T03:11:11.8893828Z   ...
Backend Tests	Run tests	2026-10-07T03:11:11.8894545Z # Subtest: computeWeightTrend: widens uncertainty under high volatility
Backend Tests	Run tests	2026-10-07T03:11:11.8895509Z ok 750 - computeWeightTrend: widens uncertainty under high volatility
Backend Tests	Run tests	2026-10-07T03:11:11.8896069Z   ---
Backend Tests	Run tests	2026-10-07T03:11:11.8896361Z   duration_ms: 0.751605
Backend Tests	Run tests	2026-10-07T03:11:11.8896721Z   ...
Backend Tests	Run tests	2026-10-07T03:11:11.8897335Z # Subtest: computeWeightTrend: supports sparse histories with finite defaults
Backend Tests	Run tests	2026-10-07T03:11:11.8898259Z ok 751 - computeWeightTrend: supports sparse histories with finite defaults
Backend Tests	Run tests	2026-10-07T03:11:11.8898828Z   ---
Backend Tests	Run tests	2026-10-07T03:11:11.8899120Z   duration_ms: 0.173739
Backend Tests	Run tests	2026-10-07T03:11:11.8899430Z   ...
Backend Tests	Run tests	2026-10-07T03:11:11.8900038Z # Subtest: computeWeightTrend: caps uncertainty growth across very large date gaps
Backend Tests	Run tests	2026-10-07T03:11:11.8901169Z ok 752 - computeWeightTrend: caps uncertainty growth across very large date gaps
Backend Tests	Run tests	2026-10-07T03:11:11.8901788Z   ---
Backend Tests	Run tests	2026-10-07T03:11:11.8902075Z   duration_ms: 0.179581
Backend Tests	Run tests	2026-10-07T03:11:11.8902399Z   ...
Backend Tests	Run tests	2026-10-07T03:11:11.8903176Z # Subtest: computeWeightTrend: reports a 95% confidence interval around the trend estimate
Backend Tests	Run tests	2026-10-07T03:11:11.8904291Z ok 753 - computeWeightTrend: reports a 95% confidence interval around the trend estimate
Backend Tests	Run tests	2026-10-07T03:11:11.8920288Z   ---
Backend Tests	Run tests	2026-10-07T03:11:11.8926849Z   duration_ms: 2.082015
Backend Tests	Run tests	2026-10-07T03:11:11.8927702Z   ...
Backend Tests	Run tests	2026-10-07T03:11:11.8928787Z # Subtest: computeWeightTrend: anchors the first trend point to the first observation
Backend Tests	Run tests	2026-10-07T03:11:11.8936488Z ok 754 - computeWeightTrend: anchors the first trend point to the first observation
Backend Tests	Run tests	2026-10-07T03:11:11.8954036Z   ---
Backend Tests	Run tests	2026-10-07T03:11:11.8954409Z   duration_ms: 0.311799
Backend Tests	Run tests	2026-10-07T03:11:11.8954753Z   ...
Backend Tests	Run tests	2026-10-07T03:11:11.8955649Z # Subtest: computeWeightTrend: recency-weighted drift adapts when recent direction differs from long-run history
Backend Tests	Run tests	2026-10-07T03:11:11.8956891Z ok 755 - computeWeightTrend: recency-weighted drift adapts when recent direction differs from long-run history
Backend Tests	Run tests	2026-10-07T03:11:11.8957339Z   ---
Backend Tests	Run tests	2026-10-07T03:11:11.8957529Z   duration_ms: 6.211141
Backend Tests	Run tests	2026-10-07T03:11:11.8957738Z   ...
Backend Tests	Run tests	2026-10-07T03:11:11.8958138Z # Subtest: computeWeightTrend: does not assimilate a segment-start observation twice
Backend Tests	Run tests	2026-10-07T03:11:11.8958735Z ok 756 - computeWeightTrend: does not assimilate a segment-start observation twice
Backend Tests	Run tests	2026-10-07T03:11:11.8959126Z   ---
Backend Tests	Run tests	2026-10-07T03:11:11.8959319Z   duration_ms: 0.348696
Backend Tests	Run tests	2026-10-07T03:11:11.8959521Z   ...
Backend Tests	Run tests	2026-10-07T03:11:11.8959964Z # Subtest: computeWeightTrend: uses actual elapsed time and resets only after gaps greater than 14 days
Backend Tests	Run tests	2026-10-07T03:11:11.8960842Z ok 757 - computeWeightTrend: uses actual elapsed time and resets only after gaps greater than 14 days
Backend Tests	Run tests	2026-10-07T03:11:11.8961524Z   ---
Backend Tests	Run tests	2026-10-07T03:11:11.8961808Z   duration_ms: 0.78774
Backend Tests	Run tests	2026-10-07T03:11:11.8962122Z   ...
Backend Tests	Run tests	2026-10-07T03:11:11.8962722Z # Subtest: computeWeightTrend: exposes coherent level and rate uncertainty bounds
Backend Tests	Run tests	2026-10-07T03:11:11.8963653Z ok 758 - computeWeightTrend: exposes coherent level and rate uncertainty bounds
Backend Tests	Run tests	2026-10-07T03:11:11.8964197Z   ---
Backend Tests	Run tests	2026-10-07T03:11:11.8964474Z   duration_ms: 0.926017
Backend Tests	Run tests	2026-10-07T03:11:11.8964775Z   ...
Backend Tests	Run tests	2026-10-07T03:11:11.8965285Z # Subtest: computeWeightTrend: requires explicit 7-42 day calibration-window bounds
Backend Tests	Run tests	2026-10-07T03:11:11.8965843Z ok 759 - computeWeightTrend: requires explicit 7-42 day calibration-window bounds
Backend Tests	Run tests	2026-10-07T03:11:11.8966682Z   ---
Backend Tests	Run tests	2026-10-07T03:11:11.8966913Z   duration_ms: 4.903148
Backend Tests	Run tests	2026-10-07T03:11:11.8967120Z   ...
Backend Tests	Run tests	2026-10-07T03:11:11.8967502Z # Subtest: computeWeightTrend: Huber weighting limits an isolated extreme observation
Backend Tests	Run tests	2026-10-07T03:11:11.8968060Z ok 760 - computeWeightTrend: Huber weighting limits an isolated extreme observation
Backend Tests	Run tests	2026-10-07T03:11:11.8968406Z   ---
Backend Tests	Run tests	2026-10-07T03:11:11.8968599Z   duration_ms: 1.428737
Backend Tests	Run tests	2026-10-07T03:11:11.8968798Z   ...
Backend Tests	Run tests	2026-10-07T03:11:11.8969265Z # Subtest: computeWeightTrend: estimates bounded two-pass measurement variability with sparse-data shrinkage
Backend Tests	Run tests	2026-10-07T03:11:11.8969977Z ok 761 - computeWeightTrend: estimates bounded two-pass measurement variability with sparse-data shrinkage
Backend Tests	Run tests	2026-10-07T03:11:11.8970391Z   ---
Backend Tests	Run tests	2026-10-07T03:11:11.8970576Z   duration_ms: 2.794782
Backend Tests	Run tests	2026-10-07T03:11:11.8970906Z   ...
Backend Tests	Run tests	2026-10-07T03:11:11.8971269Z # Subtest: computeWeightTrend: resets measurement variability at a new segment
Backend Tests	Run tests	2026-10-07T03:11:11.8971793Z ok 762 - computeWeightTrend: resets measurement variability at a new segment
Backend Tests	Run tests	2026-10-07T03:11:11.8972133Z   ---
Backend Tests	Run tests	2026-10-07T03:11:11.8972320Z   duration_ms: 0.739079
Backend Tests	Run tests	2026-10-07T03:11:11.8972520Z   ...
Backend Tests	Run tests	2026-10-07T03:11:11.8972940Z # Subtest: computeWeightTrend: limits as-of results and derives evidence from the latest segment
Backend Tests	Run tests	2026-10-07T03:11:11.8973558Z ok 763 - computeWeightTrend: limits as-of results and derives evidence from the latest segment
Backend Tests	Run tests	2026-10-07T03:11:11.8973939Z   ---
Backend Tests	Run tests	2026-10-07T03:11:11.8974121Z   duration_ms: 0.499537
Backend Tests	Run tests	2026-10-07T03:11:11.8974319Z   ...
Backend Tests	Run tests	2026-10-07T03:11:11.8974713Z # Subtest: classifyWeightTrendEvidence: uses raw point count and elapsed span boundaries
Backend Tests	Run tests	2026-10-07T03:11:11.8975318Z ok 764 - classifyWeightTrendEvidence: uses raw point count and elapsed span boundaries
Backend Tests	Run tests	2026-10-07T03:11:11.8975722Z   ---
Backend Tests	Run tests	2026-10-07T03:11:11.8975900Z   duration_ms: 0.176477
Backend Tests	Run tests	2026-10-07T03:11:11.8976096Z   ...
Backend Tests	Run tests	2026-10-07T03:11:11.8976504Z # Subtest: computeWeightTrend: withholds pace until the latest segment spans seven elapsed days
Backend Tests	Run tests	2026-10-07T03:11:11.8977142Z ok 765 - computeWeightTrend: withholds pace until the latest segment spans seven elapsed days
Backend Tests	Run tests	2026-10-07T03:11:11.8977513Z   ---
Backend Tests	Run tests	2026-10-07T03:11:11.8977694Z   duration_ms: 0.501804
Backend Tests	Run tests	2026-10-07T03:11:11.8977893Z   ...
Backend Tests	Run tests	2026-10-07T03:11:11.8978306Z # Subtest: computeWeightTrend: deprecated weekly rate uses only the latest uninterrupted segment
Backend Tests	Run tests	2026-10-07T03:11:11.8978926Z ok 766 - computeWeightTrend: deprecated weekly rate uses only the latest uninterrupted segment
Backend Tests	Run tests	2026-10-07T03:11:11.8979313Z   ---
Backend Tests	Run tests	2026-10-07T03:11:11.8979494Z   duration_ms: 0.606344
Backend Tests	Run tests	2026-10-07T03:11:11.8979693Z   ...
Backend Tests	Run tests	2026-10-07T03:11:11.8980088Z # Subtest: computeWeightTrend: exact calibration window never falls back across a reset gap
Backend Tests	Run tests	2026-10-07T03:11:11.8980756Z ok 767 - computeWeightTrend: exact calibration window never falls back across a reset gap
Backend Tests	Run tests	2026-10-07T03:11:11.8981137Z   ---
Backend Tests	Run tests	2026-10-07T03:11:11.8981327Z   duration_ms: 0.405386
Backend Tests	Run tests	2026-10-07T03:11:11.8981530Z   ...
Backend Tests	Run tests	2026-10-07T03:11:11.8981983Z # Subtest: classifyWeightTrendRate: requires sufficient evidence before assigning a confident direction
Backend Tests	Run tests	2026-10-07T03:11:11.8982668Z ok 768 - classifyWeightTrendRate: requires sufficient evidence before assigning a confident direction
Backend Tests	Run tests	2026-10-07T03:11:11.8983077Z   ---
Backend Tests	Run tests	2026-10-07T03:11:11.8983257Z   duration_ms: 0.206301
Backend Tests	Run tests	2026-10-07T03:11:11.8983466Z   ...
Backend Tests	Run tests	2026-10-07T03:11:11.9246489Z 1..768
Backend Tests	Run tests	2026-10-07T03:11:11.9246854Z # tests 775
Backend Tests	Run tests	2026-10-07T03:11:11.9247135Z # suites 0
Backend Tests	Run tests	2026-10-07T03:11:11.9247410Z # pass 775
Backend Tests	Run tests	2026-10-07T03:11:11.9247638Z # fail 0
Backend Tests	Run tests	2026-10-07T03:11:11.9247856Z # cancelled 0
Backend Tests	Run tests	2026-10-07T03:11:11.9248085Z # skipped 0
Backend Tests	Run tests	2026-10-07T03:11:11.9248308Z # todo 0
Backend Tests	Run tests	2026-10-07T03:11:11.9250870Z # duration_ms 194817.817734
Backend Tests	Post Setup Node	∩╗┐2026-10-07T03:11:11.9436809Z Post job cleanup.
Backend Tests	Post Setup Node	2026-10-07T03:11:12.0598124Z (node:4896) [DEP0040] DeprecationWarning: The `punycode` module is deprecated. Please use a userland alternative instead.
Backend Tests	Post Setup Node	2026-10-07T03:11:12.0599473Z (Use `node --trace-deprecation ...` to show where the warning was created)
Backend Tests	Post Setup Node	2026-10-07T03:11:12.0800424Z [command]/usr/bin/tar --posix -cf cache.tzst --exclude cache.tzst -P -C /home/runner/work/calibrate-health/calibrate-health --files-from manifest.txt --use-compress-program zstdmt
Backend Tests	Post Setup Node	2026-10-07T03:11:12.4430352Z Failed to save: Unable to reserve cache with key node-cache-Linux-x64-npm-9ad1fc3d02200f097d647c965e5a2c426e45ead6e22fb282009302d8eeb7a3d3, another job may be creating this cache.
Backend Tests	Post Checkout	∩╗┐2026-10-07T03:11:12.4634634Z Post job cleanup.
Backend Tests	Post Checkout	2026-10-07T03:11:12.5455280Z [command]/usr/bin/git version
Backend Tests	Post Checkout	2026-10-07T03:11:12.5498038Z git version 2.55.0
Backend Tests	Post Checkout	2026-10-07T03:11:12.5537634Z Temporarily overriding HOME='/home/runner/work/_temp/2f4b7320-ea22-4eba-b13d-bfda2cf3f3c5' before making global git config changes
Backend Tests	Post Checkout	2026-10-07T03:11:12.5538842Z Adding repository directory to the temporary git global config as a safe directory
Backend Tests	Post Checkout	2026-10-07T03:11:12.5544179Z [command]/usr/bin/git config --global --add safe.directory /home/runner/work/calibrate-health/calibrate-health
Backend Tests	Post Checkout	2026-10-07T03:11:12.5580274Z [command]/usr/bin/git config --local --name-only --get-regexp core\.sshCommand
Backend Tests	Post Checkout	2026-10-07T03:11:12.5611255Z [command]/usr/bin/git submodule foreach --recursive sh -c "git config --local --name-only --get-regexp 'core\.sshCommand' && git config --local --unset-all 'core.sshCommand' || :"
Backend Tests	Post Checkout	2026-10-07T03:11:12.5830363Z [command]/usr/bin/git config --local --name-only --get-regexp http\.https\:\/\/github\.com\/\.extraheader
Backend Tests	Post Checkout	2026-10-07T03:11:12.5855974Z http.https://github.com/.extraheader
Backend Tests	Post Checkout	2026-10-07T03:11:12.5865723Z [command]/usr/bin/git config --local --unset-all http.https://github.com/.extraheader
Backend Tests	Post Checkout	2026-10-07T03:11:12.5898413Z [command]/usr/bin/git submodule foreach --recursive sh -c "git config --local --name-only --get-regexp 'http\.https\:\/\/github\.com\/\.extraheader' && git config --local --unset-all 'http.https://github.com/.extraheader' || :"
Backend Tests	Post Checkout	2026-10-07T03:11:12.6118416Z [command]/usr/bin/git config --local --name-only --get-regexp ^includeIf\.gitdir:
Backend Tests	Post Checkout	2026-10-07T03:11:12.6149886Z [command]/usr/bin/git submodule foreach --recursive git config --local --show-origin --name-only --get-regexp remote.origin.url
Backend Tests	Stop containers	∩╗┐2026-10-07T03:11:12.6476821Z Print service container logs: 2d1234e7846f4d569ec63042352a023e_postgres16alpine_e2f8bb
Backend Tests	Stop containers	2026-10-07T03:11:12.6481081Z ##[command]/usr/bin/docker logs --details 1f55962ffd7bf4f1efa42ce98c3cfdc55cb023025627992ec8889015574b7c5e
Backend Tests	Stop containers	2026-10-07T03:11:12.6608138Z  The files belonging to this database system will be owned by user "postgres".
Backend Tests	Stop containers	2026-10-07T03:11:12.6609916Z  sh: locale: not found
Backend Tests	Stop containers	2026-10-07T03:11:12.6610488Z  2026-10-07 03:07:31.311 UTC [35] WARNING:  no usable system locales were found
Backend Tests	Stop containers	2026-10-07T03:11:12.6611385Z  initdb: warning: enabling "trust" authentication for local connections
Backend Tests	Stop containers	2026-10-07T03:11:12.6612433Z  initdb: hint: You can change this by editing pg_hba.conf or using the option -A, or --auth-local and --auth-host, the next time you run initdb.
Backend Tests	Stop containers	2026-10-07T03:11:12.6613837Z  2026-10-07 03:07:32.261 UTC [1] LOG:  starting PostgreSQL 16.15 on x86_64-pc-linux-musl, compiled by gcc (Alpine 15.2.0) 15.2.0, 64-bit
Backend Tests	Stop containers	2026-10-07T03:11:12.6614732Z  2026-10-07 03:07:32.261 UTC [1] LOG:  listening on IPv4 address "0.0.0.0", port 5432
Backend Tests	Stop containers	2026-10-07T03:11:12.6615254Z  2026-10-07 03:07:32.261 UTC [1] LOG:  listening on IPv6 address "::", port 5432
Backend Tests	Stop containers	2026-10-07T03:11:12.6615722Z  2026-10-07 03:07:32.262 UTC [1] LOG:  listening on Unix socket "/var/run/postgresql/.s.PGSQL.5432"
Backend Tests	Stop containers	2026-10-07T03:11:12.6616228Z  2026-10-07 03:07:32.264 UTC [57] LOG:  database system was shut down at 2026-10-07 03:07:32 UTC
Backend Tests	Stop containers	2026-10-07T03:11:12.6616680Z  2026-10-07 03:07:32.268 UTC [1] LOG:  database system is ready to accept connections
Backend Tests	Stop containers	2026-10-07T03:11:12.6617081Z  This user must also own the server process.
Backend Tests	Stop containers	2026-10-07T03:11:12.6617344Z  
Backend Tests	Stop containers	2026-10-07T03:11:12.6617611Z  The database cluster will be initialized with locale "en_US.utf8".
Backend Tests	Stop containers	2026-10-07T03:11:12.6618010Z  The default database encoding has accordingly been set to "UTF8".
Backend Tests	Stop containers	2026-10-07T03:11:12.6618394Z  The default text search configuration will be set to "english".
Backend Tests	Stop containers	2026-10-07T03:11:12.6618910Z  
Backend Tests	Stop containers	2026-10-07T03:11:12.6619105Z  Data page checksums are disabled.
Backend Tests	Stop containers	2026-10-07T03:11:12.6619340Z  
Backend Tests	Stop containers	2026-10-07T03:11:12.6619634Z  fixing permissions on existing directory /var/lib/postgresql/data ... ok
Backend Tests	Stop containers	2026-10-07T03:11:12.6619990Z  creating subdirectories ... ok
Backend Tests	Stop containers	2026-10-07T03:11:12.6620288Z  selecting dynamic shared memory implementation ... posix
Backend Tests	Stop containers	2026-10-07T03:11:12.6620769Z  selecting default max_connections ... 100
Backend Tests	Stop containers	2026-10-07T03:11:12.6621188Z  selecting default shared_buffers ... 128MB
Backend Tests	Stop containers	2026-10-07T03:11:12.6621572Z  selecting default time zone ... UTC
Backend Tests	Stop containers	2026-10-07T03:11:12.6621944Z  creating configuration files ... ok
Backend Tests	Stop containers	2026-10-07T03:11:12.6622314Z  running bootstrap script ... ok
Backend Tests	Stop containers	2026-10-07T03:11:12.6622719Z  performing post-bootstrap initialization ... ok
Backend Tests	Stop containers	2026-10-07T03:11:12.6623159Z  syncing data to disk ... ok
Backend Tests	Stop containers	2026-10-07T03:11:12.6623452Z  
Backend Tests	Stop containers	2026-10-07T03:11:12.6623669Z  
Backend Tests	Stop containers	2026-10-07T03:11:12.6623960Z  Success. You can now start the database server using:
Backend Tests	Stop containers	2026-10-07T03:11:12.6624355Z  
Backend Tests	Stop containers	2026-10-07T03:11:12.6624656Z      pg_ctl -D /var/lib/postgresql/data -l logfile start
Backend Tests	Stop containers	2026-10-07T03:11:12.6625024Z  
Backend Tests	Stop containers	2026-10-07T03:11:12.6625752Z  waiting for server to start....2026-10-07 03:07:32.010 UTC [41] LOG:  starting PostgreSQL 16.15 on x86_64-pc-linux-musl, compiled by gcc (Alpine 15.2.0) 15.2.0, 64-bit
Backend Tests	Stop containers	2026-10-07T03:11:12.6626924Z  2026-10-07 03:07:32.010 UTC [41] LOG:  listening on Unix socket "/var/run/postgresql/.s.PGSQL.5432"
Backend Tests	Stop containers	2026-10-07T03:11:12.6627727Z  2026-10-07 03:07:32.013 UTC [44] LOG:  database system was shut down at 2026-10-07 03:07:31 UTC
Backend Tests	Stop containers	2026-10-07T03:11:12.6628405Z  2026-10-07 03:07:32.016 UTC [41] LOG:  database system is ready to accept connections
Backend Tests	Stop containers	2026-10-07T03:11:12.6628960Z   done
Backend Tests	Stop containers	2026-10-07T03:11:12.6629827Z  server started
Backend Tests	Stop containers	2026-10-07T03:11:12.6630133Z  CREATE DATABASE
Backend Tests	Stop containers	2026-10-07T03:11:12.6630392Z  
Backend Tests	Stop containers	2026-10-07T03:11:12.6630601Z  
Backend Tests	Stop containers	2026-10-07T03:11:12.6631187Z  /usr/local/bin/docker-entrypoint.sh: ignoring /docker-entrypoint-initdb.d/*
Backend Tests	Stop containers	2026-10-07T03:11:12.6631547Z  
Backend Tests	Stop containers	2026-10-07T03:11:12.6631902Z  waiting for server to shut down....2026-10-07 03:07:32.143 UTC [41] LOG:  received fast shutdown request
Backend Tests	Stop containers	2026-10-07T03:11:12.6632598Z  2026-10-07 03:07:32.144 UTC [41] LOG:  aborting any active transactions
Backend Tests	Stop containers	2026-10-07T03:11:12.6633108Z  2026-10-07 03:07:32.146 UTC [41] LOG:  background worker "logical replication launcher" (PID 47) exited with exit code 1
Backend Tests	Stop containers	2026-10-07T03:11:12.6633592Z  2026-10-07 03:07:32.147 UTC [42] LOG:  shutting down
Backend Tests	Stop containers	2026-10-07T03:11:12.6633949Z  2026-10-07 03:07:32.148 UTC [42] LOG:  checkpoint starting: shutdown immediate
Backend Tests	Stop containers	2026-10-07T03:11:12.6634893Z  2026-10-07 03:07:32.234 UTC [42] LOG:  checkpoint complete: wrote 926 buffers (5.7%); 0 WAL file(s) added, 0 removed, 0 recycled; write=0.064 s, sync=0.021 s, total=0.087 s; sync files=301, longest=0.021 s, average=0.001 s; distance=4283 kB, estimate=4283 kB; lsn=0/1925D68, redo lsn=0/1925D68
Backend Tests	Stop containers	2026-10-07T03:11:12.6635818Z  2026-10-07 03:07:32.238 UTC [41] LOG:  database system is shut down
Backend Tests	Stop containers	2026-10-07T03:11:12.6636123Z   done
Backend Tests	Stop containers	2026-10-07T03:11:12.6636310Z  server stopped
Backend Tests	Stop containers	2026-10-07T03:11:12.6636507Z  
Backend Tests	Stop containers	2026-10-07T03:11:12.6636736Z  PostgreSQL init process complete; ready for start up.
Backend Tests	Stop containers	2026-10-07T03:11:12.6637024Z  
Backend Tests	Stop containers	2026-10-07T03:11:12.6642328Z Stop and remove container: 2d1234e7846f4d569ec63042352a023e_postgres16alpine_e2f8bb
Backend Tests	Stop containers	2026-10-07T03:11:12.6646776Z ##[command]/usr/bin/docker rm --force 1f55962ffd7bf4f1efa42ce98c3cfdc55cb023025627992ec8889015574b7c5e
Backend Tests	Stop containers	2026-10-07T03:11:12.8065369Z 1f55962ffd7bf4f1efa42ce98c3cfdc55cb023025627992ec8889015574b7c5e
Backend Tests	Stop containers	2026-10-07T03:11:12.8086990Z Remove container network: github_network_6d5fd8dc75724be5a213cdedac88e0f9
Backend Tests	Stop containers	2026-10-07T03:11:12.8091163Z ##[command]/usr/bin/docker network rm github_network_6d5fd8dc75724be5a213cdedac88e0f9
Backend Tests	Stop containers	2026-10-07T03:11:12.9018201Z github_network_6d5fd8dc75724be5a213cdedac88e0f9
Backend Tests	Complete job	∩╗┐2026-10-07T03:11:12.9097268Z Cleaning up orphan processes
Backend Tests	Complete job	2026-10-07T03:11:12.9359899Z ##[warning]Node.js 20 is deprecated. The following actions target Node.js 20 but are being forced to run on Node.js 24: actions/checkout@v4, actions/setup-node@v4. For more information see: https://github.blog/changelog/2025-09-19-deprecation-of-node-20-on-github-actions-runners/
