Classify Database Inputs	Set up job	﻿2026-10-06T00:02:31.5831850Z Current runner version: '2.337.0'
Classify Database Inputs	Set up job	2026-10-06T00:02:31.5850680Z ##[group]Runner Image Provisioner
Classify Database Inputs	Set up job	2026-10-06T00:02:31.5851406Z Hosted Compute Agent
Classify Database Inputs	Set up job	2026-10-06T00:02:31.5851777Z Version: 20260901.588
Classify Database Inputs	Set up job	2026-10-06T00:02:31.5852212Z Commit: f88ec8081b781fac6c440065ac7ff9e710ce3d0b
Classify Database Inputs	Set up job	2026-10-06T00:02:31.5852796Z Build Date: 2026-09-01T19:56:44Z
Classify Database Inputs	Set up job	2026-10-06T00:02:31.5853370Z Worker ID: {20e66b44-61b4-4a28-8319-74b6217cb20f}
Classify Database Inputs	Set up job	2026-10-06T00:02:31.5854221Z Azure Region: westus3
Classify Database Inputs	Set up job	2026-10-06T00:02:31.5854722Z ##[endgroup]
Classify Database Inputs	Set up job	2026-10-06T00:02:31.5855928Z ##[group]Operating System
Classify Database Inputs	Set up job	2026-10-06T00:02:31.5856349Z Ubuntu
Classify Database Inputs	Set up job	2026-10-06T00:02:31.5856680Z 24.04.5
Classify Database Inputs	Set up job	2026-10-06T00:02:31.5857107Z LTS
Classify Database Inputs	Set up job	2026-10-06T00:02:31.5857433Z ##[endgroup]
Classify Database Inputs	Set up job	2026-10-06T00:02:31.5857805Z ##[group]Runner Image
Classify Database Inputs	Set up job	2026-10-06T00:02:31.5858191Z Image: ubuntu-24.04
Classify Database Inputs	Set up job	2026-10-06T00:02:31.5858551Z Version: 20260927.320.1
Classify Database Inputs	Set up job	2026-10-06T00:02:31.5859257Z Included Software: https://github.com/actions/runner-images/blob/ubuntu24/20260927.320/images/ubuntu/Ubuntu2404-Readme.md
Classify Database Inputs	Set up job	2026-10-06T00:02:31.5860356Z Image Release: https://github.com/actions/runner-images/releases/tag/ubuntu24%2F20260927.320
Classify Database Inputs	Set up job	2026-10-06T00:02:31.5860965Z ##[endgroup]
Classify Database Inputs	Set up job	2026-10-06T00:02:31.5861778Z ##[group]GITHUB_TOKEN Permissions
Classify Database Inputs	Set up job	2026-10-06T00:02:31.5863256Z Contents: read
Classify Database Inputs	Set up job	2026-10-06T00:02:31.5863621Z Metadata: read
Classify Database Inputs	Set up job	2026-10-06T00:02:31.5864036Z PullRequests: read
Classify Database Inputs	Set up job	2026-10-06T00:02:31.5864596Z ##[endgroup]
Classify Database Inputs	Set up job	2026-10-06T00:02:31.5866316Z Secret source: Actions
Classify Database Inputs	Set up job	2026-10-06T00:02:31.5866979Z Cache mode: write
Classify Database Inputs	Set up job	2026-10-06T00:02:31.5867413Z Prepare workflow directory
Classify Database Inputs	Set up job	2026-10-06T00:02:31.6086125Z Prepare all required actions
Classify Database Inputs	Set up job	2026-10-06T00:02:31.6119939Z Getting action download info
Classify Database Inputs	Set up job	2026-10-06T00:02:31.9871380Z Download action repository 'dorny/paths-filter@v3' (SHA:0e4a8c6effa4802afeda77dc8d303f8176d7dfad)
Classify Database Inputs	Set up job	2026-10-06T00:02:32.6504413Z Complete job name: Classify Database Inputs
Classify Database Inputs	Detect affected database surfaces	﻿2026-10-06T00:02:32.6963167Z ##[group]Run dorny/paths-filter@v3
Classify Database Inputs	Detect affected database surfaces	2026-10-06T00:02:32.6963670Z with:
Classify Database Inputs	Detect affected database surfaces	2026-10-06T00:02:32.6966287Z   filters: database:
Classify Database Inputs	Detect affected database surfaces	  - '.github/workflows/database-upgrade.yml'
Classify Database Inputs	Detect affected database surfaces	  - 'backend/package.json'
Classify Database Inputs	Detect affected database surfaces	  - 'backend/package-lock.json'
Classify Database Inputs	Detect affected database surfaces	  - 'backend/prisma.config.ts'
Classify Database Inputs	Detect affected database surfaces	  - 'backend/prisma/**'
Classify Database Inputs	Detect affected database surfaces	  - 'backend/src/config/database.ts'
Classify Database Inputs	Detect affected database surfaces	  - 'backend/src/config/databaseUtils.ts'
Classify Database Inputs	Detect affected database surfaces	  - 'backend/src/observability.ts'
Classify Database Inputs	Detect affected database surfaces	  - 'backend/src/services/materializedWeightTrend.ts'
Classify Database Inputs	Detect affected database surfaces	  - 'backend/src/services/weightTrend*.ts'
Classify Database Inputs	Detect affected database surfaces	  - 'backend/src/utils/date.ts'
Classify Database Inputs	Detect affected database surfaces	  - 'backend/tsconfig.json'
Classify Database Inputs	Detect affected database surfaces	  - 'deploy/backup/**'
Classify Database Inputs	Detect affected database surfaces	  - 'scripts/postgres-*.mjs'
Classify Database Inputs	Detect affected database surfaces	  - 'shared/weightTrend*.ts'
Classify Database Inputs	Detect affected database surfaces	migrations:
Classify Database Inputs	Detect affected database surfaces	  - '.github/workflows/database-upgrade.yml'
Classify Database Inputs	Detect affected database surfaces	  - 'backend/prisma/migrations/**'
Classify Database Inputs	Detect affected database surfaces	  - 'scripts/postgres-rollback-smoke.mjs'
Classify Database Inputs	Detect affected database surfaces	  - 'scripts/postgres-rollback-smoke.test.mjs'
Classify Database Inputs	Detect affected database surfaces	
Classify Database Inputs	Detect affected database surfaces	2026-10-06T00:02:32.6970912Z   token: ***
Classify Database Inputs	Detect affected database surfaces	2026-10-06T00:02:32.6971176Z   list-files: none
Classify Database Inputs	Detect affected database surfaces	2026-10-06T00:02:32.6971458Z   initial-fetch-depth: 100
Classify Database Inputs	Detect affected database surfaces	2026-10-06T00:02:32.6971772Z   predicate-quantifier: some
Classify Database Inputs	Detect affected database surfaces	2026-10-06T00:02:32.6972193Z ##[endgroup]
Classify Database Inputs	Detect affected database surfaces	2026-10-06T00:02:32.7578113Z ##[group]Fetching list of changed files for PR#423 from Github API
Classify Database Inputs	Detect affected database surfaces	2026-10-06T00:02:32.7579003Z Invoking listFiles(pull_number: 423, per_page: 100)
Classify Database Inputs	Detect affected database surfaces	2026-10-06T00:02:33.2838783Z Received 100 items
Classify Database Inputs	Detect affected database surfaces	2026-10-06T00:02:33.2840411Z [added] backend/prisma/migrations/0045_firebase_identity_foundation/migration.sql
Classify Database Inputs	Detect affected database surfaces	2026-10-06T00:02:33.2841734Z [modified] backend/prisma/schema.prisma
Classify Database Inputs	Detect affected database surfaces	2026-10-06T00:02:33.2842766Z [added] backend/scripts/firebase-migration-plan.js
Classify Database Inputs	Detect affected database surfaces	2026-10-06T00:02:33.2843918Z [added] backend/scripts/lib/credentialProvider.ts
Classify Database Inputs	Detect affected database surfaces	2026-10-06T00:02:33.2845732Z [added] backend/scripts/lib/firebaseMigration.ts
Classify Database Inputs	Detect affected database surfaces	2026-10-06T00:02:33.2846637Z [added] backend/scripts/lib/migrationJournal.ts
Classify Database Inputs	Detect affected database surfaces	2026-10-06T00:02:33.2847590Z [added] backend/src/config/credentialProvider.ts
Classify Database Inputs	Detect affected database surfaces	2026-10-06T00:02:33.2848427Z [modified] backend/src/index.ts
Classify Database Inputs	Detect affected database surfaces	2026-10-06T00:02:33.2849146Z [modified] backend/src/services/mcpOAuth.ts
Classify Database Inputs	Detect affected database surfaces	2026-10-06T00:02:33.2850083Z [added] backend/test/config-credential-provider.test.js
Classify Database Inputs	Detect affected database surfaces	2026-10-06T00:02:33.2851117Z [added] backend/test/credential-provider.test.js
Classify Database Inputs	Detect affected database surfaces	2026-10-06T00:02:33.2852514Z [added] backend/test/firebase-migration-cli.test.js
Classify Database Inputs	Detect affected database surfaces	2026-10-06T00:02:33.2853434Z [added] backend/test/firebase-migration.test.js
Classify Database Inputs	Detect affected database surfaces	2026-10-06T00:02:33.2854509Z [modified] backend/test/mcp-oauth.test.js
Classify Database Inputs	Detect affected database surfaces	2026-10-06T00:02:33.2855660Z [added] backend/test/migration-journal.test.js
Classify Database Inputs	Detect affected database surfaces	2026-10-06T00:02:33.2856579Z [added] docs/firebase-migration-preparation.md
Classify Database Inputs	Detect affected database surfaces	2026-10-06T00:02:33.2857630Z [modified] e2e/expo-web/launch-19-hosted-pwa-trust.spec.ts
Classify Database Inputs	Detect affected database surfaces	2026-10-06T00:02:33.2858656Z [added] e2e/expo-web/offline-workspace.spec.ts
Classify Database Inputs	Detect affected database surfaces	2026-10-06T00:02:33.2859581Z [modified] e2e/expo-web/release-smoke.spec.ts
Classify Database Inputs	Detect affected database surfaces	2026-10-06T00:02:33.2860470Z [modified] mobile/app/(tabs)/(progress)/progress.tsx
Classify Database Inputs	Detect affected database surfaces	2026-10-06T00:02:33.2861406Z [modified] mobile/app/(tabs)/(today)/today.tsx
Classify Database Inputs	Detect affected database surfaces	2026-10-06T00:02:33.2862405Z [modified] mobile/app/_layout.tsx
Classify Database Inputs	Detect affected database surfaces	2026-10-06T00:02:33.2863329Z [modified] mobile/app/_layout.web.tsx
Classify Database Inputs	Detect affected database surfaces	2026-10-06T00:02:33.2864406Z [modified] mobile/public/sw.js
Classify Database Inputs	Detect affected database surfaces	2026-10-06T00:02:33.2865367Z [modified] mobile/src/auth/AuthContext.test.tsx
Classify Database Inputs	Detect affected database surfaces	2026-10-06T00:02:33.2866484Z [modified] mobile/src/auth/AuthContext.tsx
Classify Database Inputs	Detect affected database surfaces	2026-10-06T00:02:33.2867581Z [modified] mobile/src/auth/AuthContext.web.test.tsx
Classify Database Inputs	Detect affected database surfaces	2026-10-06T00:02:33.2868738Z [modified] mobile/src/auth/AuthContext.web.tsx
Classify Database Inputs	Detect affected database surfaces	2026-10-06T00:02:33.2869891Z [modified] mobile/src/auth/apiClientAuth.test.ts
Classify Database Inputs	Detect affected database surfaces	2026-10-06T00:02:33.2871068Z [added] mobile/src/auth/logoutIntent.ts
Classify Database Inputs	Detect affected database surfaces	2026-10-06T00:02:33.2872096Z [added] mobile/src/auth/logoutIntent.web.ts
Classify Database Inputs	Detect affected database surfaces	2026-10-06T00:02:33.2873199Z [added] mobile/src/auth/logoutIntentStore.test.ts
Classify Database Inputs	Detect affected database surfaces	2026-10-06T00:02:33.2874435Z [added] mobile/src/auth/logoutIntentStore.ts
Classify Database Inputs	Detect affected database surfaces	2026-10-06T00:02:33.2875687Z [added] mobile/src/auth/offlineWorkspace.test.ts
Classify Database Inputs	Detect affected database surfaces	2026-10-06T00:02:33.2876851Z [added] mobile/src/auth/offlineWorkspace.ts
Classify Database Inputs	Detect affected database surfaces	2026-10-06T00:02:33.2877923Z [added] mobile/src/auth/storage.test.ts
Classify Database Inputs	Detect affected database surfaces	2026-10-06T00:02:33.2878947Z [modified] mobile/src/auth/storage.ts
Classify Database Inputs	Detect affected database surfaces	2026-10-06T00:02:33.2880189Z [added] mobile/src/auth/usePendingLogoutRetry.ts
Classify Database Inputs	Detect affected database surfaces	2026-10-06T00:02:33.2881366Z [modified] mobile/src/barcode/BarcodeScreen.tsx
Classify Database Inputs	Detect affected database surfaces	2026-10-06T00:02:33.2882588Z [modified] mobile/src/components/AddFoodSheet.test.tsx
Classify Database Inputs	Detect affected database surfaces	2026-10-06T00:02:33.2883823Z [modified] mobile/src/components/AddFoodSheet.tsx
Classify Database Inputs	Detect affected database surfaces	2026-10-06T00:02:33.2885264Z [modified] mobile/src/components/FoodTrackingStatus.test.tsx
Classify Database Inputs	Detect affected database surfaces	2026-10-06T00:02:33.2886601Z [modified] mobile/src/components/FoodTrackingStatus.tsx
Classify Database Inputs	Detect affected database surfaces	2026-10-06T00:02:33.2887901Z [modified] mobile/src/components/WeightEntrySheet.test.tsx
Classify Database Inputs	Detect affected database surfaces	2026-10-06T00:02:33.2889174Z [modified] mobile/src/components/WeightEntrySheet.tsx
Classify Database Inputs	Detect affected database surfaces	2026-10-06T00:02:33.2890294Z [modified] mobile/src/errors/presentation.ts
Classify Database Inputs	Detect affected database surfaces	2026-10-06T00:02:33.2891365Z [modified] mobile/src/food/FoodLogContent.tsx
Classify Database Inputs	Detect affected database surfaces	2026-10-06T00:02:33.2892507Z [added] mobile/src/food/copyFoodWhenSynchronized.test.ts
Classify Database Inputs	Detect affected database surfaces	2026-10-06T00:02:33.2893697Z [added] mobile/src/food/copyFoodWhenSynchronized.ts
Classify Database Inputs	Detect affected database surfaces	2026-10-06T00:02:33.2894917Z [added] mobile/src/food/pendingPause.test.ts
Classify Database Inputs	Detect affected database surfaces	2026-10-06T00:02:33.2895896Z [added] mobile/src/food/pendingPause.ts
Classify Database Inputs	Detect affected database surfaces	2026-10-06T00:02:33.2896802Z [added] mobile/src/food/queryKeys.ts
Classify Database Inputs	Detect affected database surfaces	2026-10-06T00:02:33.2897767Z [modified] mobile/src/food/useFoodDeleteRecovery.ts
Classify Database Inputs	Detect affected database surfaces	2026-10-06T00:02:33.2898901Z [added] mobile/src/food/useFoodTrackingPause.test.tsx
Classify Database Inputs	Detect affected database surfaces	2026-10-06T00:02:33.2900004Z [added] mobile/src/food/useFoodTrackingPause.ts
Classify Database Inputs	Detect affected database surfaces	2026-10-06T00:02:33.2901156Z [modified] mobile/src/hooks/usePrefetchPreviousFoodLog.ts
Classify Database Inputs	Detect affected database surfaces	2026-10-06T00:02:33.2902404Z [added] mobile/src/offline/FailedChangeRecoveryPanel.tsx
Classify Database Inputs	Detect affected database surfaces	2026-10-06T00:02:33.2903587Z [added] mobile/src/offline/OfflineWorkspaceStatus.tsx
Classify Database Inputs	Detect affected database surfaces	2026-10-06T00:02:33.2904799Z [added] mobile/src/offline/failedCreation.test.ts
Classify Database Inputs	Detect affected database surfaces	2026-10-06T00:02:33.2905841Z [added] mobile/src/offline/failedCreation.ts
Classify Database Inputs	Detect affected database surfaces	2026-10-06T00:02:33.2906973Z [added] mobile/src/offline/failedMutationRecovery.test.ts
Classify Database Inputs	Detect affected database surfaces	2026-10-06T00:02:33.2908170Z [added] mobile/src/offline/failedMutationRecovery.ts
Classify Database Inputs	Detect affected database surfaces	2026-10-06T00:02:33.2909226Z [added] mobile/src/offline/foodDayIntent.ts
Classify Database Inputs	Detect affected database surfaces	2026-10-06T00:02:33.2910273Z [added] mobile/src/offline/foodDayIntent.web.test.ts
Classify Database Inputs	Detect affected database surfaces	2026-10-06T00:02:33.2911534Z [added] mobile/src/offline/foodDayReceipts.test.ts
Classify Database Inputs	Detect affected database surfaces	2026-10-06T00:02:33.2912576Z [added] mobile/src/offline/foodDayReceipts.ts
Classify Database Inputs	Detect affected database surfaces	2026-10-06T00:02:33.2913681Z [modified] mobile/src/offline/indexedDbOutbox.web.test.ts
Classify Database Inputs	Detect affected database surfaces	2026-10-06T00:02:33.2914971Z [modified] mobile/src/offline/indexedDbOutbox.web.ts
Classify Database Inputs	Detect affected database surfaces	2026-10-06T00:02:33.2916026Z [added] mobile/src/offline/mutationConflict.ts
Classify Database Inputs	Detect affected database surfaces	2026-10-06T00:02:33.2917073Z [added] mobile/src/offline/mutationDispatch.test.ts
Classify Database Inputs	Detect affected database surfaces	2026-10-06T00:02:33.2918119Z [added] mobile/src/offline/mutationDispatch.ts
Classify Database Inputs	Detect affected database surfaces	2026-10-06T00:02:33.2919107Z [added] mobile/src/offline/mutationKinds.ts
Classify Database Inputs	Detect affected database surfaces	2026-10-06T00:02:33.2920062Z [added] mobile/src/offline/mutationLock.ts
Classify Database Inputs	Detect affected database surfaces	2026-10-06T00:02:33.2921071Z [added] mobile/src/offline/mutationLock.web.test.ts
Classify Database Inputs	Detect affected database surfaces	2026-10-06T00:02:33.2922126Z [added] mobile/src/offline/mutationLock.web.ts
Classify Database Inputs	Detect affected database surfaces	2026-10-06T00:02:33.2923133Z [modified] mobile/src/offline/operations.test.ts
Classify Database Inputs	Detect affected database surfaces	2026-10-06T00:02:33.2924261Z [modified] mobile/src/offline/operations.ts
Classify Database Inputs	Detect affected database surfaces	2026-10-06T00:02:33.2925219Z [modified] mobile/src/offline/outbox.test.ts
Classify Database Inputs	Detect affected database surfaces	2026-10-06T00:02:33.2926166Z [modified] mobile/src/offline/outbox.ts
Classify Database Inputs	Detect affected database surfaces	2026-10-06T00:02:33.2927113Z [added] mobile/src/offline/pauseIntent.test.ts
Classify Database Inputs	Detect affected database surfaces	2026-10-06T00:02:33.2928096Z [added] mobile/src/offline/pauseIntent.ts
Classify Database Inputs	Detect affected database surfaces	2026-10-06T00:02:33.2929198Z [added] mobile/src/offline/pendingChangePresentation.test.ts
Classify Database Inputs	Detect affected database surfaces	2026-10-06T00:02:33.2930425Z [added] mobile/src/offline/pendingChangePresentation.ts
Classify Database Inputs	Detect affected database surfaces	2026-10-06T00:02:33.2931525Z [modified] mobile/src/offline/provider.test.tsx
Classify Database Inputs	Detect affected database surfaces	2026-10-06T00:02:33.2932505Z [modified] mobile/src/offline/provider.tsx
Classify Database Inputs	Detect affected database surfaces	2026-10-06T00:02:33.2933455Z [modified] mobile/src/offline/provider.web.test.tsx
Classify Database Inputs	Detect affected database surfaces	2026-10-06T00:02:33.2934524Z [modified] mobile/src/offline/provider.web.tsx
Classify Database Inputs	Detect affected database surfaces	2026-10-06T00:02:33.2935495Z [modified] mobile/src/offline/reconciler.test.ts
Classify Database Inputs	Detect affected database surfaces	2026-10-06T00:02:33.2936456Z [modified] mobile/src/offline/reconciler.ts
Classify Database Inputs	Detect affected database surfaces	2026-10-06T00:02:33.2937612Z [added] mobile/src/offline/reconcilerOwnership.web.test.ts
Classify Database Inputs	Detect affected database surfaces	2026-10-06T00:02:33.2938756Z [added] mobile/src/offline/trackingProjection.test.ts
Classify Database Inputs	Detect affected database surfaces	2026-10-06T00:02:33.2939810Z [added] mobile/src/offline/trackingProjection.ts
Classify Database Inputs	Detect affected database surfaces	2026-10-06T00:02:33.2940834Z [added] mobile/src/offline/trackingReceipts.test.ts
Classify Database Inputs	Detect affected database surfaces	2026-10-06T00:02:33.2941846Z [added] mobile/src/offline/trackingReceipts.ts
Classify Database Inputs	Detect affected database surfaces	2026-10-06T00:02:33.2942892Z [added] mobile/src/offline/useOfflineReplayExecutor.ts
Classify Database Inputs	Detect affected database surfaces	2026-10-06T00:02:33.2943984Z [added] mobile/src/offline/useTrackingQueries.test.tsx
Classify Database Inputs	Detect affected database surfaces	2026-10-06T00:02:33.2945099Z [added] mobile/src/offline/useTrackingQueries.ts
Classify Database Inputs	Detect affected database surfaces	2026-10-06T00:02:33.2946126Z [modified] mobile/src/progress/ProgressScreen.test.tsx
Classify Database Inputs	Detect affected database surfaces	2026-10-06T00:02:33.2947191Z [modified] mobile/src/pwa/PwaStatusBanner.web.test.ts
Classify Database Inputs	Detect affected database surfaces	2026-10-06T00:02:33.2948226Z [modified] mobile/src/pwa/PwaStatusBanner.web.tsx
Classify Database Inputs	Detect affected database surfaces	2026-10-06T00:02:33.5232050Z Received 7 items
Classify Database Inputs	Detect affected database surfaces	2026-10-06T00:02:33.5235014Z [modified] mobile/src/pwa/serviceWorkerSecurity.test.ts
Classify Database Inputs	Detect affected database surfaces	2026-10-06T00:02:33.5236463Z [modified] packages/api-client/src/client.ts
Classify Database Inputs	Detect affected database surfaces	2026-10-06T00:02:33.5237409Z [modified] scripts/expo-web-release.mjs
Classify Database Inputs	Detect affected database surfaces	2026-10-06T00:02:33.5238430Z [modified] scripts/expo-web-release.test.mjs
Classify Database Inputs	Detect affected database surfaces	2026-10-06T00:02:33.5239593Z [modified] scripts/postgres-populated-upgrade-smoke.mjs
Classify Database Inputs	Detect affected database surfaces	2026-10-06T00:02:33.5241088Z [modified] scripts/postgres-rollback-smoke.mjs
Classify Database Inputs	Detect affected database surfaces	2026-10-06T00:02:33.5242594Z [modified] scripts/postgres-rollback-smoke.test.mjs
Classify Database Inputs	Detect affected database surfaces	2026-10-06T00:02:33.5246146Z ##[endgroup]
Classify Database Inputs	Detect affected database surfaces	2026-10-06T00:02:33.5246764Z Detected 107 changed files
Classify Database Inputs	Detect affected database surfaces	2026-10-06T00:02:33.5250124Z Results:
Classify Database Inputs	Detect affected database surfaces	2026-10-06T00:02:33.5251169Z ##[group]Filter database = true
Classify Database Inputs	Detect affected database surfaces	2026-10-06T00:02:33.5251859Z Matching files:
Classify Database Inputs	Detect affected database surfaces	2026-10-06T00:02:33.5252870Z backend/prisma/migrations/0045_firebase_identity_foundation/migration.sql [added]
Classify Database Inputs	Detect affected database surfaces	2026-10-06T00:02:33.5254283Z backend/prisma/schema.prisma [modified]
Classify Database Inputs	Detect affected database surfaces	2026-10-06T00:02:33.5255286Z scripts/postgres-populated-upgrade-smoke.mjs [modified]
Classify Database Inputs	Detect affected database surfaces	2026-10-06T00:02:33.5256687Z scripts/postgres-rollback-smoke.mjs [modified]
Classify Database Inputs	Detect affected database surfaces	2026-10-06T00:02:33.5257825Z scripts/postgres-rollback-smoke.test.mjs [modified]
Classify Database Inputs	Detect affected database surfaces	2026-10-06T00:02:33.5259652Z ##[endgroup]
Classify Database Inputs	Detect affected database surfaces	2026-10-06T00:02:33.5261298Z ##[group]Filter migrations = true
Classify Database Inputs	Detect affected database surfaces	2026-10-06T00:02:33.5262297Z Matching files:
Classify Database Inputs	Detect affected database surfaces	2026-10-06T00:02:33.5263456Z backend/prisma/migrations/0045_firebase_identity_foundation/migration.sql [added]
Classify Database Inputs	Detect affected database surfaces	2026-10-06T00:02:33.5265173Z scripts/postgres-rollback-smoke.mjs [modified]
Classify Database Inputs	Detect affected database surfaces	2026-10-06T00:02:33.5266178Z scripts/postgres-rollback-smoke.test.mjs [modified]
Classify Database Inputs	Detect affected database surfaces	2026-10-06T00:02:33.5267469Z ##[endgroup]
Classify Database Inputs	Detect affected database surfaces	2026-10-06T00:02:33.5268141Z Changes output set to ["database","migrations"]
Classify Database Inputs	Select database execution	﻿2026-10-06T00:02:33.5509722Z ##[group]Run echo "database=${DATABASE_CHANGED}" >> "${GITHUB_OUTPUT}"
Classify Database Inputs	Select database execution	2026-10-06T00:02:33.5511101Z ^[[36;1mecho "database=${DATABASE_CHANGED}" >> "${GITHUB_OUTPUT}"^[[0m
Classify Database Inputs	Select database execution	2026-10-06T00:02:33.5512318Z ^[[36;1mecho "migrations=${MIGRATIONS_CHANGED}" >> "${GITHUB_OUTPUT}"^[[0m
Classify Database Inputs	Select database execution	2026-10-06T00:02:33.5736338Z shell: /usr/bin/bash --noprofile --norc -e -o pipefail {0}
Classify Database Inputs	Select database execution	2026-10-06T00:02:33.5737389Z env:
Classify Database Inputs	Select database execution	2026-10-06T00:02:33.5737963Z   DATABASE_CHANGED: true
Classify Database Inputs	Select database execution	2026-10-06T00:02:33.5738654Z   MIGRATIONS_CHANGED: true
Classify Database Inputs	Select database execution	2026-10-06T00:02:33.5739340Z ##[endgroup]
Classify Database Inputs	Complete job	﻿2026-10-06T00:02:33.5919403Z Evaluate and set job outputs
Classify Database Inputs	Complete job	2026-10-06T00:02:33.5925844Z Set output 'database'
Classify Database Inputs	Complete job	2026-10-06T00:02:33.5927565Z Set output 'migrations'
Classify Database Inputs	Complete job	2026-10-06T00:02:33.5928998Z Cleaning up orphan processes
Classify Database Inputs	Complete job	2026-10-06T00:02:33.6212615Z ##[warning]Node.js 20 is deprecated. The following actions target Node.js 20 but are being forced to run on Node.js 24: dorny/paths-filter@v3. For more information see: https://github.blog/changelog/2025-09-19-deprecation-of-node-20-on-github-actions-runners/
v0.14.0 Upgrade and Encrypted Rollback	Set up job	﻿2026-10-06T00:02:39.7819231Z Current runner version: '2.337.0'
v0.14.0 Upgrade and Encrypted Rollback	Set up job	2026-10-06T00:02:39.7853704Z ##[group]Runner Image Provisioner
v0.14.0 Upgrade and Encrypted Rollback	Set up job	2026-10-06T00:02:39.7855092Z Hosted Compute Agent
v0.14.0 Upgrade and Encrypted Rollback	Set up job	2026-10-06T00:02:39.7856110Z Version: 20260901.588
v0.14.0 Upgrade and Encrypted Rollback	Set up job	2026-10-06T00:02:39.7857284Z Commit: f88ec8081b781fac6c440065ac7ff9e710ce3d0b
v0.14.0 Upgrade and Encrypted Rollback	Set up job	2026-10-06T00:02:39.7858787Z Build Date: 2026-09-01T19:56:44Z
v0.14.0 Upgrade and Encrypted Rollback	Set up job	2026-10-06T00:02:39.7860023Z Worker ID: {28026a58-dde5-408e-945e-9509f7cf71e7}
v0.14.0 Upgrade and Encrypted Rollback	Set up job	2026-10-06T00:02:39.7861312Z Azure Region: eastus
v0.14.0 Upgrade and Encrypted Rollback	Set up job	2026-10-06T00:02:39.7862278Z ##[endgroup]
v0.14.0 Upgrade and Encrypted Rollback	Set up job	2026-10-06T00:02:39.7865352Z ##[group]Operating System
v0.14.0 Upgrade and Encrypted Rollback	Set up job	2026-10-06T00:02:39.7866378Z Ubuntu
v0.14.0 Upgrade and Encrypted Rollback	Set up job	2026-10-06T00:02:39.7867266Z 24.04.5
v0.14.0 Upgrade and Encrypted Rollback	Set up job	2026-10-06T00:02:39.7868149Z LTS
v0.14.0 Upgrade and Encrypted Rollback	Set up job	2026-10-06T00:02:39.7869346Z ##[endgroup]
v0.14.0 Upgrade and Encrypted Rollback	Set up job	2026-10-06T00:02:39.7870350Z ##[group]Runner Image
v0.14.0 Upgrade and Encrypted Rollback	Set up job	2026-10-06T00:02:39.7871307Z Image: ubuntu-24.04
v0.14.0 Upgrade and Encrypted Rollback	Set up job	2026-10-06T00:02:39.7872369Z Version: 20260927.320.1
v0.14.0 Upgrade and Encrypted Rollback	Set up job	2026-10-06T00:02:39.7874186Z Included Software: https://github.com/actions/runner-images/blob/ubuntu24/20260927.320/images/ubuntu/Ubuntu2404-Readme.md
v0.14.0 Upgrade and Encrypted Rollback	Set up job	2026-10-06T00:02:39.7877208Z Image Release: https://github.com/actions/runner-images/releases/tag/ubuntu24%2F20260927.320
v0.14.0 Upgrade and Encrypted Rollback	Set up job	2026-10-06T00:02:39.7879174Z ##[endgroup]
v0.14.0 Upgrade and Encrypted Rollback	Set up job	2026-10-06T00:02:39.7881107Z ##[group]GITHUB_TOKEN Permissions
v0.14.0 Upgrade and Encrypted Rollback	Set up job	2026-10-06T00:02:39.7883930Z Contents: read
v0.14.0 Upgrade and Encrypted Rollback	Set up job	2026-10-06T00:02:39.7885005Z Metadata: read
v0.14.0 Upgrade and Encrypted Rollback	Set up job	2026-10-06T00:02:39.7885975Z ##[endgroup]
v0.14.0 Upgrade and Encrypted Rollback	Set up job	2026-10-06T00:02:39.7889283Z Secret source: Actions
v0.14.0 Upgrade and Encrypted Rollback	Set up job	2026-10-06T00:02:39.7890896Z Cache mode: write
v0.14.0 Upgrade and Encrypted Rollback	Set up job	2026-10-06T00:02:39.7892535Z Prepare workflow directory
v0.14.0 Upgrade and Encrypted Rollback	Set up job	2026-10-06T00:02:39.8649694Z Prepare all required actions
v0.14.0 Upgrade and Encrypted Rollback	Set up job	2026-10-06T00:02:39.8723794Z Getting action download info
v0.14.0 Upgrade and Encrypted Rollback	Set up job	2026-10-06T00:02:40.1514720Z Download action repository 'actions/checkout@v4' (SHA:11d5960a326750d5838078e36cf38b85af677262)
v0.14.0 Upgrade and Encrypted Rollback	Set up job	2026-10-06T00:02:40.2715949Z Download action repository 'actions/setup-node@v4' (SHA:49933ea5288caeca8642d1e84afbd3f7d6820020)
v0.14.0 Upgrade and Encrypted Rollback	Set up job	2026-10-06T00:02:40.4415083Z Complete job name: v0.14.0 Upgrade and Encrypted Rollback
v0.14.0 Upgrade and Encrypted Rollback	Checkout candidate C with immutable base tag	﻿2026-10-06T00:02:40.5130713Z ##[group]Run actions/checkout@v4
v0.14.0 Upgrade and Encrypted Rollback	Checkout candidate C with immutable base tag	2026-10-06T00:02:40.5131653Z with:
v0.14.0 Upgrade and Encrypted Rollback	Checkout candidate C with immutable base tag	2026-10-06T00:02:40.5132108Z   fetch-depth: 0
v0.14.0 Upgrade and Encrypted Rollback	Checkout candidate C with immutable base tag	2026-10-06T00:02:40.5132644Z   ref: 7b83b3255c263efbb22fd1be1be3124bc46fc23c
v0.14.0 Upgrade and Encrypted Rollback	Checkout candidate C with immutable base tag	2026-10-06T00:02:40.5133333Z   repository: MChartier/calibrate-health
v0.14.0 Upgrade and Encrypted Rollback	Checkout candidate C with immutable base tag	2026-10-06T00:02:40.5137285Z   token: ***
v0.14.0 Upgrade and Encrypted Rollback	Checkout candidate C with immutable base tag	2026-10-06T00:02:40.5137768Z   ssh-strict: true
v0.14.0 Upgrade and Encrypted Rollback	Checkout candidate C with immutable base tag	2026-10-06T00:02:40.5138491Z   ssh-user: git
v0.14.0 Upgrade and Encrypted Rollback	Checkout candidate C with immutable base tag	2026-10-06T00:02:40.5139015Z   persist-credentials: true
v0.14.0 Upgrade and Encrypted Rollback	Checkout candidate C with immutable base tag	2026-10-06T00:02:40.5139538Z   clean: true
v0.14.0 Upgrade and Encrypted Rollback	Checkout candidate C with immutable base tag	2026-10-06T00:02:40.5140051Z   sparse-checkout-cone-mode: true
v0.14.0 Upgrade and Encrypted Rollback	Checkout candidate C with immutable base tag	2026-10-06T00:02:40.5140609Z   fetch-tags: false
v0.14.0 Upgrade and Encrypted Rollback	Checkout candidate C with immutable base tag	2026-10-06T00:02:40.5141097Z   show-progress: true
v0.14.0 Upgrade and Encrypted Rollback	Checkout candidate C with immutable base tag	2026-10-06T00:02:40.5141615Z   lfs: false
v0.14.0 Upgrade and Encrypted Rollback	Checkout candidate C with immutable base tag	2026-10-06T00:02:40.5142097Z   submodules: false
v0.14.0 Upgrade and Encrypted Rollback	Checkout candidate C with immutable base tag	2026-10-06T00:02:40.5142572Z   set-safe-directory: true
v0.14.0 Upgrade and Encrypted Rollback	Checkout candidate C with immutable base tag	2026-10-06T00:02:40.5143104Z   allow-unsafe-pr-checkout: false
v0.14.0 Upgrade and Encrypted Rollback	Checkout candidate C with immutable base tag	2026-10-06T00:02:40.5144218Z env:
v0.14.0 Upgrade and Encrypted Rollback	Checkout candidate C with immutable base tag	2026-10-06T00:02:40.5144863Z   CALIBRATE_SOURCE_COMMIT: 7b83b3255c263efbb22fd1be1be3124bc46fc23c
v0.14.0 Upgrade and Encrypted Rollback	Checkout candidate C with immutable base tag	2026-10-06T00:02:40.5145643Z ##[endgroup]
v0.14.0 Upgrade and Encrypted Rollback	Checkout candidate C with immutable base tag	2026-10-06T00:02:40.6131265Z Syncing repository: MChartier/calibrate-health
v0.14.0 Upgrade and Encrypted Rollback	Checkout candidate C with immutable base tag	2026-10-06T00:02:40.6134045Z ##[group]Getting Git version info
v0.14.0 Upgrade and Encrypted Rollback	Checkout candidate C with immutable base tag	2026-10-06T00:02:40.6135387Z Working directory is '/home/runner/work/calibrate-health/calibrate-health'
v0.14.0 Upgrade and Encrypted Rollback	Checkout candidate C with immutable base tag	2026-10-06T00:02:40.6137359Z [command]/usr/bin/git version
v0.14.0 Upgrade and Encrypted Rollback	Checkout candidate C with immutable base tag	2026-10-06T00:02:40.6198829Z git version 2.55.0
v0.14.0 Upgrade and Encrypted Rollback	Checkout candidate C with immutable base tag	2026-10-06T00:02:40.6221321Z ##[endgroup]
v0.14.0 Upgrade and Encrypted Rollback	Checkout candidate C with immutable base tag	2026-10-06T00:02:40.6235417Z Temporarily overriding HOME='/home/runner/work/_temp/d01174b7-2ff3-4f12-a12e-af1edf6ea63f' before making global git config changes
v0.14.0 Upgrade and Encrypted Rollback	Checkout candidate C with immutable base tag	2026-10-06T00:02:40.6237871Z Adding repository directory to the temporary git global config as a safe directory
v0.14.0 Upgrade and Encrypted Rollback	Checkout candidate C with immutable base tag	2026-10-06T00:02:40.6240804Z [command]/usr/bin/git config --global --add safe.directory /home/runner/work/calibrate-health/calibrate-health
v0.14.0 Upgrade and Encrypted Rollback	Checkout candidate C with immutable base tag	2026-10-06T00:02:40.6298493Z Deleting the contents of '/home/runner/work/calibrate-health/calibrate-health'
v0.14.0 Upgrade and Encrypted Rollback	Checkout candidate C with immutable base tag	2026-10-06T00:02:40.6302239Z ##[group]Initializing the repository
v0.14.0 Upgrade and Encrypted Rollback	Checkout candidate C with immutable base tag	2026-10-06T00:02:40.6306282Z [command]/usr/bin/git init /home/runner/work/calibrate-health/calibrate-health
v0.14.0 Upgrade and Encrypted Rollback	Checkout candidate C with immutable base tag	2026-10-06T00:02:40.6421454Z hint: Using 'master' as the name for the initial branch. This default branch name
v0.14.0 Upgrade and Encrypted Rollback	Checkout candidate C with immutable base tag	2026-10-06T00:02:40.6423490Z hint: will change to "main" in Git 3.0. To configure the initial branch name
v0.14.0 Upgrade and Encrypted Rollback	Checkout candidate C with immutable base tag	2026-10-06T00:02:40.6424662Z hint: to use in all of your new repositories, which will suppress this warning,
v0.14.0 Upgrade and Encrypted Rollback	Checkout candidate C with immutable base tag	2026-10-06T00:02:40.6426028Z hint: call:
v0.14.0 Upgrade and Encrypted Rollback	Checkout candidate C with immutable base tag	2026-10-06T00:02:40.6426652Z hint:
v0.14.0 Upgrade and Encrypted Rollback	Checkout candidate C with immutable base tag	2026-10-06T00:02:40.6427596Z hint: 	git config --global init.defaultBranch <name>
v0.14.0 Upgrade and Encrypted Rollback	Checkout candidate C with immutable base tag	2026-10-06T00:02:40.6429057Z hint:
v0.14.0 Upgrade and Encrypted Rollback	Checkout candidate C with immutable base tag	2026-10-06T00:02:40.6430160Z hint: Names commonly chosen instead of 'master' are 'main', 'trunk' and
v0.14.0 Upgrade and Encrypted Rollback	Checkout candidate C with immutable base tag	2026-10-06T00:02:40.6431859Z hint: 'development'. The just-created branch can be renamed via this command:
v0.14.0 Upgrade and Encrypted Rollback	Checkout candidate C with immutable base tag	2026-10-06T00:02:40.6433229Z hint:
v0.14.0 Upgrade and Encrypted Rollback	Checkout candidate C with immutable base tag	2026-10-06T00:02:40.6433969Z hint: 	git branch -m <name>
v0.14.0 Upgrade and Encrypted Rollback	Checkout candidate C with immutable base tag	2026-10-06T00:02:40.6434801Z hint:
v0.14.0 Upgrade and Encrypted Rollback	Checkout candidate C with immutable base tag	2026-10-06T00:02:40.6435855Z hint: Disable this message with "git config set advice.defaultBranchName false"
v0.14.0 Upgrade and Encrypted Rollback	Checkout candidate C with immutable base tag	2026-10-06T00:02:40.6437889Z Initialized empty Git repository in /home/runner/work/calibrate-health/calibrate-health/.git/
v0.14.0 Upgrade and Encrypted Rollback	Checkout candidate C with immutable base tag	2026-10-06T00:02:40.6443026Z [command]/usr/bin/git remote add origin https://github.com/MChartier/calibrate-health
v0.14.0 Upgrade and Encrypted Rollback	Checkout candidate C with immutable base tag	2026-10-06T00:02:40.6492237Z ##[endgroup]
v0.14.0 Upgrade and Encrypted Rollback	Checkout candidate C with immutable base tag	2026-10-06T00:02:40.6493591Z ##[group]Disabling automatic garbage collection
v0.14.0 Upgrade and Encrypted Rollback	Checkout candidate C with immutable base tag	2026-10-06T00:02:40.6497033Z [command]/usr/bin/git config --local gc.auto 0
v0.14.0 Upgrade and Encrypted Rollback	Checkout candidate C with immutable base tag	2026-10-06T00:02:40.6531165Z ##[endgroup]
v0.14.0 Upgrade and Encrypted Rollback	Checkout candidate C with immutable base tag	2026-10-06T00:02:40.6532603Z ##[group]Setting up auth
v0.14.0 Upgrade and Encrypted Rollback	Checkout candidate C with immutable base tag	2026-10-06T00:02:40.6539024Z [command]/usr/bin/git config --local --name-only --get-regexp core\.sshCommand
v0.14.0 Upgrade and Encrypted Rollback	Checkout candidate C with immutable base tag	2026-10-06T00:02:40.6576362Z [command]/usr/bin/git submodule foreach --recursive sh -c "git config --local --name-only --get-regexp 'core\.sshCommand' && git config --local --unset-all 'core.sshCommand' || :"
v0.14.0 Upgrade and Encrypted Rollback	Checkout candidate C with immutable base tag	2026-10-06T00:02:40.6964331Z [command]/usr/bin/git config --local --name-only --get-regexp http\.https\:\/\/github\.com\/\.extraheader
v0.14.0 Upgrade and Encrypted Rollback	Checkout candidate C with immutable base tag	2026-10-06T00:02:40.7005676Z [command]/usr/bin/git submodule foreach --recursive sh -c "git config --local --name-only --get-regexp 'http\.https\:\/\/github\.com\/\.extraheader' && git config --local --unset-all 'http.https://github.com/.extraheader' || :"
v0.14.0 Upgrade and Encrypted Rollback	Checkout candidate C with immutable base tag	2026-10-06T00:02:40.7237707Z [command]/usr/bin/git config --local --name-only --get-regexp ^includeIf\.gitdir:
v0.14.0 Upgrade and Encrypted Rollback	Checkout candidate C with immutable base tag	2026-10-06T00:02:40.7275941Z [command]/usr/bin/git submodule foreach --recursive git config --local --show-origin --name-only --get-regexp remote.origin.url
v0.14.0 Upgrade and Encrypted Rollback	Checkout candidate C with immutable base tag	2026-10-06T00:02:40.7512463Z [command]/usr/bin/git config --local http.https://github.com/.extraheader AUTHORIZATION: basic ***
v0.14.0 Upgrade and Encrypted Rollback	Checkout candidate C with immutable base tag	2026-10-06T00:02:40.7553251Z ##[endgroup]
v0.14.0 Upgrade and Encrypted Rollback	Checkout candidate C with immutable base tag	2026-10-06T00:02:40.7554252Z ##[group]Fetching the repository
v0.14.0 Upgrade and Encrypted Rollback	Checkout candidate C with immutable base tag	2026-10-06T00:02:40.7563297Z [command]/usr/bin/git -c protocol.version=2 fetch --prune --no-recurse-submodules origin +refs/heads/*:refs/remotes/origin/* +refs/tags/*:refs/tags/*
v0.14.0 Upgrade and Encrypted Rollback	Checkout candidate C with immutable base tag	2026-10-06T00:02:43.5560002Z From https://github.com/MChartier/calibrate-health
v0.14.0 Upgrade and Encrypted Rollback	Checkout candidate C with immutable base tag	2026-10-06T00:02:43.5563027Z  * [new branch]        MChartier-patch-1       -> origin/MChartier-patch-1
v0.14.0 Upgrade and Encrypted Rollback	Checkout candidate C with immutable base tag	2026-10-06T00:02:43.5565940Z  * [new branch]        add-test-coverage       -> origin/add-test-coverage
v0.14.0 Upgrade and Encrypted Rollback	Checkout candidate C with immutable base tag	2026-10-06T00:02:43.5567939Z  * [new branch]        agents-md-update        -> origin/agents-md-update
v0.14.0 Upgrade and Encrypted Rollback	Checkout candidate C with immutable base tag	2026-10-06T00:02:43.5570250Z  * [new branch]        alpha                   -> origin/alpha
v0.14.0 Upgrade and Encrypted Rollback	Checkout candidate C with immutable base tag	2026-10-06T00:02:43.5572757Z  * [new branch]        archive/pr415-pre-scope-cleanup-ed4a2a7 -> origin/archive/pr415-pre-scope-cleanup-ed4a2a7
v0.14.0 Upgrade and Encrypted Rollback	Checkout candidate C with immutable base tag	2026-10-06T00:02:43.5575458Z  * [new branch]        athletic-data-theme     -> origin/athletic-data-theme
v0.14.0 Upgrade and Encrypted Rollback	Checkout candidate C with immutable base tag	2026-10-06T00:02:43.5577100Z  * [new branch]        auto-start-dev-server   -> origin/auto-start-dev-server
v0.14.0 Upgrade and Encrypted Rollback	Checkout candidate C with immutable base tag	2026-10-06T00:02:43.5579175Z  * [new branch]        aws-deploy-ec2-rds      -> origin/aws-deploy-ec2-rds
v0.14.0 Upgrade and Encrypted Rollback	Checkout candidate C with immutable base tag	2026-10-06T00:02:43.5581127Z  * [new branch]        barcode-scanner         -> origin/barcode-scanner
v0.14.0 Upgrade and Encrypted Rollback	Checkout candidate C with immutable base tag	2026-10-06T00:02:43.5583728Z  * [new branch]        barcode-scanner-fix     -> origin/barcode-scanner-fix
v0.14.0 Upgrade and Encrypted Rollback	Checkout candidate C with immutable base tag	2026-10-06T00:02:43.5585677Z  * [new branch]        beta                    -> origin/beta
v0.14.0 Upgrade and Encrypted Rollback	Checkout candidate C with immutable base tag	2026-10-06T00:02:43.5587017Z  * [new branch]        build-image-fix         -> origin/build-image-fix
v0.14.0 Upgrade and Encrypted Rollback	Checkout candidate C with immutable base tag	2026-10-06T00:02:43.5589454Z  * [new branch]        calorie-target-card-profile-autosave -> origin/calorie-target-card-profile-autosave
v0.14.0 Upgrade and Encrypted Rollback	Checkout candidate C with immutable base tag	2026-10-06T00:02:43.5591713Z  * [new branch]        ci-actions              -> origin/ci-actions
v0.14.0 Upgrade and Encrypted Rollback	Checkout candidate C with immutable base tag	2026-10-06T00:02:43.5593586Z  * [new branch]        ci-fix-prod-deploy-on-master -> origin/ci-fix-prod-deploy-on-master
v0.14.0 Upgrade and Encrypted Rollback	Checkout candidate C with immutable base tag	2026-10-06T00:02:43.5595960Z  * [new branch]        ci/build-deploy-release-trigger -> origin/ci/build-deploy-release-trigger
v0.14.0 Upgrade and Encrypted Rollback	Checkout candidate C with immutable base tag	2026-10-06T00:02:43.5598435Z  * [new branch]        ci/cut-release-tag-workflow -> origin/ci/cut-release-tag-workflow
v0.14.0 Upgrade and Encrypted Rollback	Checkout candidate C with immutable base tag	2026-10-06T00:02:43.5600781Z  * [new branch]        ci/ecs-wait-stable-longer -> origin/ci/ecs-wait-stable-longer
v0.14.0 Upgrade and Encrypted Rollback	Checkout candidate C with immutable base tag	2026-10-06T00:02:43.5603127Z  * [new branch]        ci/pr-only-lint-tests   -> origin/ci/pr-only-lint-tests
v0.14.0 Upgrade and Encrypted Rollback	Checkout candidate C with immutable base tag	2026-10-06T00:02:43.5605931Z  * [new branch]        ci/prod-smoke-tests     -> origin/ci/prod-smoke-tests
v0.14.0 Upgrade and Encrypted Rollback	Checkout candidate C with immutable base tag	2026-10-06T00:02:43.5609512Z  * [new branch]        ci/staging-oidc-branch-deploy -> origin/ci/staging-oidc-branch-deploy
v0.14.0 Upgrade and Encrypted Rollback	Checkout candidate C with immutable base tag	2026-10-06T00:02:43.5612894Z  * [new branch]        ci/staging-smoke-tests  -> origin/ci/staging-smoke-tests
v0.14.0 Upgrade and Encrypted Rollback	Checkout candidate C with immutable base tag	2026-10-06T00:02:43.5615900Z  * [new branch]        codex-devcontainer-auth -> origin/codex-devcontainer-auth
v0.14.0 Upgrade and Encrypted Rollback	Checkout candidate C with immutable base tag	2026-10-06T00:02:43.5618682Z  * [new branch]        codex-init              -> origin/codex-init
v0.14.0 Upgrade and Encrypted Rollback	Checkout candidate C with immutable base tag	2026-10-06T00:02:43.5623358Z  * [new branch]        codex/add-persisted-unit-preference-functionality -> origin/codex/add-persisted-unit-preference-functionality
v0.14.0 Upgrade and Encrypted Rollback	Checkout candidate C with immutable base tag	2026-10-06T00:02:43.5628036Z  * [new branch]        codex/dismiss-keyboard-after-food-input -> origin/codex/dismiss-keyboard-after-food-input
v0.14.0 Upgrade and Encrypted Rollback	Checkout candidate C with immutable base tag	2026-10-06T00:02:43.5632334Z  * [new branch]        codex/enforce-server-side-goal-deficit-validation -> origin/codex/enforce-server-side-goal-deficit-validation
v0.14.0 Upgrade and Encrypted Rollback	Checkout candidate C with immutable base tag	2026-10-06T00:02:43.5636634Z  * [new branch]        codex/enhance-log-page-with-daily-summary -> origin/codex/enhance-log-page-with-daily-summary
v0.14.0 Upgrade and Encrypted Rollback	Checkout candidate C with immutable base tag	2026-10-06T00:02:43.5640159Z  * [new branch]        codex/fix-frontend-audit-187 -> origin/codex/fix-frontend-audit-187
v0.14.0 Upgrade and Encrypted Rollback	Checkout candidate C with immutable base tag	2026-10-06T00:02:43.5642826Z  * [new branch]        codex/fix-open-github-issues -> origin/codex/fix-open-github-issues
v0.14.0 Upgrade and Encrypted Rollback	Checkout candidate C with immutable base tag	2026-10-06T00:02:43.5645407Z  * [new branch]        codex/fix-vite-build-warnings -> origin/codex/fix-vite-build-warnings
v0.14.0 Upgrade and Encrypted Rollback	Checkout candidate C with immutable base tag	2026-10-06T00:02:43.5648800Z  * [new branch]        codex/harden-authentication-and-session-storage -> origin/codex/harden-authentication-and-session-storage
v0.14.0 Upgrade and Encrypted Rollback	Checkout candidate C with immutable base tag	2026-10-06T00:02:43.5652034Z  * [new branch]        codex/notification-sse-stream -> origin/codex/notification-sse-stream
v0.14.0 Upgrade and Encrypted Rollback	Checkout candidate C with immutable base tag	2026-10-06T00:02:43.5655220Z  * [new branch]        codex/pr-assets-weight-trend-preview-axes -> origin/codex/pr-assets-weight-trend-preview-axes
v0.14.0 Upgrade and Encrypted Rollback	Checkout candidate C with immutable base tag	2026-10-06T00:02:43.5658374Z  * [new branch]        codex/ui-ux-improvements -> origin/codex/ui-ux-improvements
v0.14.0 Upgrade and Encrypted Rollback	Checkout candidate C with immutable base tag	2026-10-06T00:02:43.5660888Z  * [new branch]        coverage/add-c8-tooling -> origin/coverage/add-c8-tooling
v0.14.0 Upgrade and Encrypted Rollback	Checkout candidate C with immutable base tag	2026-10-06T00:02:43.5663163Z  * [new branch]        dark-mode               -> origin/dark-mode
v0.14.0 Upgrade and Encrypted Rollback	Checkout candidate C with immutable base tag	2026-10-06T00:02:43.5665338Z  * [new branch]        date-picker-padding-fixes -> origin/date-picker-padding-fixes
v0.14.0 Upgrade and Encrypted Rollback	Checkout candidate C with immutable base tag	2026-10-06T00:02:43.5667841Z  * [new branch]        db-push-reset           -> origin/db-push-reset
v0.14.0 Upgrade and Encrypted Rollback	Checkout candidate C with immutable base tag	2026-10-06T00:02:43.5670201Z  * [new branch]        default-meal-period     -> origin/default-meal-period
v0.14.0 Upgrade and Encrypted Rollback	Checkout candidate C with immutable base tag	2026-10-06T00:02:43.5672390Z  * [new branch]        delta                   -> origin/delta
v0.14.0 Upgrade and Encrypted Rollback	Checkout candidate C with immutable base tag	2026-10-06T00:02:43.5674666Z  * [new branch]        deploy-logging          -> origin/deploy-logging
v0.14.0 Upgrade and Encrypted Rollback	Checkout candidate C with immutable base tag	2026-10-06T00:02:43.5677440Z  * [new branch]        deploy-script-loading-fix -> origin/deploy-script-loading-fix
v0.14.0 Upgrade and Encrypted Rollback	Checkout candidate C with immutable base tag	2026-10-06T00:02:43.5680012Z  * [new branch]        dev-seed-varied-food-logs -> origin/dev-seed-varied-food-logs
v0.14.0 Upgrade and Encrypted Rollback	Checkout candidate C with immutable base tag	2026-10-06T00:02:43.5682295Z  * [new branch]        devcontainer-cli-scripts -> origin/devcontainer-cli-scripts
v0.14.0 Upgrade and Encrypted Rollback	Checkout candidate C with immutable base tag	2026-10-06T00:02:43.5685001Z  * [new branch]        devcontainer-import-skills -> origin/devcontainer-import-skills
v0.14.0 Upgrade and Encrypted Rollback	Checkout candidate C with immutable base tag	2026-10-06T00:02:43.5687820Z  * [new branch]        devcontainer-test-users-avatar-onboarding -> origin/devcontainer-test-users-avatar-onboarding
v0.14.0 Upgrade and Encrypted Rollback	Checkout candidate C with immutable base tag	2026-10-06T00:02:43.5690569Z  * [new branch]        ec2-deploy-fix          -> origin/ec2-deploy-fix
v0.14.0 Upgrade and Encrypted Rollback	Checkout candidate C with immutable base tag	2026-10-06T00:02:43.5692504Z  * [new branch]        edit-logged-entries     -> origin/edit-logged-entries
v0.14.0 Upgrade and Encrypted Rollback	Checkout candidate C with immutable base tag	2026-10-06T00:02:43.5694747Z  * [new branch]        evidence/issue412-master-c5f149a -> origin/evidence/issue412-master-c5f149a
v0.14.0 Upgrade and Encrypted Rollback	Checkout candidate C with immutable base tag	2026-10-06T00:02:43.5697214Z  * [new branch]        evidence/issue413-clean-1af6ca9 -> origin/evidence/issue413-clean-1af6ca9
v0.14.0 Upgrade and Encrypted Rollback	Checkout candidate C with immutable base tag	2026-10-06T00:02:43.5699853Z  * [new branch]        evidence/issue414-master-25e90e19 -> origin/evidence/issue414-master-25e90e19
v0.14.0 Upgrade and Encrypted Rollback	Checkout candidate C with immutable base tag	2026-10-06T00:02:43.5702593Z  * [new branch]        evidence/issue421-preparation-d8a2ac14 -> origin/evidence/issue421-preparation-d8a2ac14
v0.14.0 Upgrade and Encrypted Rollback	Checkout candidate C with immutable base tag	2026-10-06T00:02:43.5705741Z  * [new branch]        evidence/pr410-base-to-final-4728d4f -> origin/evidence/pr410-base-to-final-4728d4f
v0.14.0 Upgrade and Encrypted Rollback	Checkout candidate C with immutable base tag	2026-10-06T00:02:43.5709173Z  * [new branch]        evidence/pr410-integrated-4728d4f -> origin/evidence/pr410-integrated-4728d4f
v0.14.0 Upgrade and Encrypted Rollback	Checkout candidate C with immutable base tag	2026-10-06T00:02:43.5711788Z  * [new branch]        evidence/pr410-reviewed-d8e55c -> origin/evidence/pr410-reviewed-d8e55c
v0.14.0 Upgrade and Encrypted Rollback	Checkout candidate C with immutable base tag	2026-10-06T00:02:43.5714941Z  * [new branch]        evidence/pr415-rail-integration-oct05 -> origin/evidence/pr415-rail-integration-oct05
v0.14.0 Upgrade and Encrypted Rollback	Checkout candidate C with immutable base tag	2026-10-06T00:02:43.5717588Z  * [new branch]        evidence/pr415-reviewed-a1df146 -> origin/evidence/pr415-reviewed-a1df146
v0.14.0 Upgrade and Encrypted Rollback	Checkout candidate C with immutable base tag	2026-10-06T00:02:43.5720494Z  * [new branch]        evidence/pr416-reviewed-0406e96 -> origin/evidence/pr416-reviewed-0406e96
v0.14.0 Upgrade and Encrypted Rollback	Checkout candidate C with immutable base tag	2026-10-06T00:02:43.5723123Z  * [new branch]        evidence/pr417-guard-recovery-4dcad2c -> origin/evidence/pr417-guard-recovery-4dcad2c
v0.14.0 Upgrade and Encrypted Rollback	Checkout candidate C with immutable base tag	2026-10-06T00:02:43.5725963Z  * [new branch]        evidence/pr417-offline-recovery-3c743b4 -> origin/evidence/pr417-offline-recovery-3c743b4
v0.14.0 Upgrade and Encrypted Rollback	Checkout candidate C with immutable base tag	2026-10-06T00:02:43.5729435Z  * [new branch]        evidence/pr417-refresh-recovery-123bab9 -> origin/evidence/pr417-refresh-recovery-123bab9
v0.14.0 Upgrade and Encrypted Rollback	Checkout candidate C with immutable base tag	2026-10-06T00:02:43.5732949Z  * [new branch]        evidence/pr417-reviewed-736a86c -> origin/evidence/pr417-reviewed-736a86c
v0.14.0 Upgrade and Encrypted Rollback	Checkout candidate C with immutable base tag	2026-10-06T00:02:43.5735446Z  * [new branch]        evidence/pr418-reviewed-fbb74a9 -> origin/evidence/pr418-reviewed-fbb74a9
v0.14.0 Upgrade and Encrypted Rollback	Checkout candidate C with immutable base tag	2026-10-06T00:02:43.5737878Z  * [new branch]        evidence/pr419-reviewed-fba1baf -> origin/evidence/pr419-reviewed-fba1baf
v0.14.0 Upgrade and Encrypted Rollback	Checkout candidate C with immutable base tag	2026-10-06T00:02:43.5740538Z  * [new branch]        evidence/pr424-scope-cleanup-oct05 -> origin/evidence/pr424-scope-cleanup-oct05
v0.14.0 Upgrade and Encrypted Rollback	Checkout candidate C with immutable base tag	2026-10-06T00:02:43.5742902Z  * [new branch]        fab-space-on-log        -> origin/fab-space-on-log
v0.14.0 Upgrade and Encrypted Rollback	Checkout candidate C with immutable base tag	2026-10-06T00:02:43.5744963Z  * [new branch]        fatsecret-barcode-oauth -> origin/fatsecret-barcode-oauth
v0.14.0 Upgrade and Encrypted Rollback	Checkout candidate C with immutable base tag	2026-10-06T00:02:43.5746980Z  * [new branch]        fatsecret-provider      -> origin/fatsecret-provider
v0.14.0 Upgrade and Encrypted Rollback	Checkout candidate C with immutable base tag	2026-10-06T00:02:43.5749575Z  * [new branch]        feat/barcode-scanner-zxing-fallback -> origin/feat/barcode-scanner-zxing-fallback
v0.14.0 Upgrade and Encrypted Rollback	Checkout candidate C with immutable base tag	2026-10-06T00:02:43.5752220Z  * [new branch]        feat/birthday-emoji-log-summary -> origin/feat/birthday-emoji-log-summary
v0.14.0 Upgrade and Encrypted Rollback	Checkout candidate C with immutable base tag	2026-10-06T00:02:43.5754652Z  * [new branch]        feat/i18n-language-preference -> origin/feat/i18n-language-preference
v0.14.0 Upgrade and Encrypted Rollback	Checkout candidate C with immutable base tag	2026-10-06T00:02:43.5756805Z  * [new branch]        feat/my-foods-recipes   -> origin/feat/my-foods-recipes
v0.14.0 Upgrade and Encrypted Rollback	Checkout candidate C with immutable base tag	2026-10-06T00:02:43.5759070Z  * [new branch]        feat/profile-photo-avatar -> origin/feat/profile-photo-avatar
v0.14.0 Upgrade and Encrypted Rollback	Checkout candidate C with immutable base tag	2026-10-06T00:02:43.5761242Z  * [new branch]        feat/public-landing-page -> origin/feat/public-landing-page
v0.14.0 Upgrade and Encrypted Rollback	Checkout candidate C with immutable base tag	2026-10-06T00:02:43.5763386Z  * [new branch]        fix-broken-frontend-build -> origin/fix-broken-frontend-build
v0.14.0 Upgrade and Encrypted Rollback	Checkout candidate C with immutable base tag	2026-10-06T00:02:43.5765855Z  * [new branch]        fix/issue-84-pwa-backstack-login -> origin/fix/issue-84-pwa-backstack-login
v0.14.0 Upgrade and Encrypted Rollback	Checkout candidate C with immutable base tag	2026-10-06T00:02:43.5768443Z  * [new branch]        fix/mifflin-st-jeor-age-clamp -> origin/fix/mifflin-st-jeor-age-clamp
v0.14.0 Upgrade and Encrypted Rollback	Checkout candidate C with immutable base tag	2026-10-06T00:02:43.5771067Z  * [new branch]        fix/prisma-db-url-from-db-env -> origin/fix/prisma-db-url-from-db-env
v0.14.0 Upgrade and Encrypted Rollback	Checkout candidate C with immutable base tag	2026-10-06T00:02:43.5773401Z  * [new branch]        fix/pwa-session-persistence -> origin/fix/pwa-session-persistence
v0.14.0 Upgrade and Encrypted Rollback	Checkout candidate C with immutable base tag	2026-10-06T00:02:43.5775574Z  * [new branch]        fix/rds-sslmode-require -> origin/fix/rds-sslmode-require
v0.14.0 Upgrade and Encrypted Rollback	Checkout candidate C with immutable base tag	2026-10-06T00:02:43.5777640Z  * [new branch]        fix/rds-sslmode-require-2 -> origin/fix/rds-sslmode-require-2
v0.14.0 Upgrade and Encrypted Rollback	Checkout candidate C with immutable base tag	2026-10-06T00:02:43.5779894Z  * [new branch]        fixed-meal-categories   -> origin/fixed-meal-categories
v0.14.0 Upgrade and Encrypted Rollback	Checkout candidate C with immutable base tag	2026-10-06T00:02:43.5781865Z  * [new branch]        friendly-log-date       -> origin/friendly-log-date
v0.14.0 Upgrade and Encrypted Rollback	Checkout candidate C with immutable base tag	2026-10-06T00:02:43.5783629Z  * [new branch]        gh-auth                 -> origin/gh-auth
v0.14.0 Upgrade and Encrypted Rollback	Checkout candidate C with immutable base tag	2026-10-06T00:02:43.5785480Z  * [new branch]        goal-and-log-improvements -> origin/goal-and-log-improvements
v0.14.0 Upgrade and Encrypted Rollback	Checkout candidate C with immutable base tag	2026-10-06T00:02:43.5787401Z  * [new branch]        goal-tracker            -> origin/goal-tracker
v0.14.0 Upgrade and Encrypted Rollback	Checkout candidate C with immutable base tag	2026-10-06T00:02:43.5789460Z  * [new branch]        goals-compact-goal-tracker -> origin/goals-compact-goal-tracker
v0.14.0 Upgrade and Encrypted Rollback	Checkout candidate C with immutable base tag	2026-10-06T00:02:43.5791658Z  * [new branch]        goals-weight-history-legend -> origin/goals-weight-history-legend
v0.14.0 Upgrade and Encrypted Rollback	Checkout candidate C with immutable base tag	2026-10-06T00:02:43.5793758Z  * [new branch]        infra-ecs-fargate-alb   -> origin/infra-ecs-fargate-alb
v0.14.0 Upgrade and Encrypted Rollback	Checkout candidate C with immutable base tag	2026-10-06T00:02:43.5795519Z  * [new branch]        issue/162               -> origin/issue/162
v0.14.0 Upgrade and Encrypted Rollback	Checkout candidate C with immutable base tag	2026-10-06T00:02:43.5797241Z  * [new branch]        local-service-worker    -> origin/local-service-worker
v0.14.0 Upgrade and Encrypted Rollback	Checkout candidate C with immutable base tag	2026-10-06T00:02:43.5799382Z  * [new branch]        log-date-navigation-ux  -> origin/log-date-navigation-ux
v0.14.0 Upgrade and Encrypted Rollback	Checkout candidate C with immutable base tag	2026-10-06T00:02:43.5801563Z  * [new branch]        log-date-picker-overlay-button -> origin/log-date-picker-overlay-button
v0.14.0 Upgrade and Encrypted Rollback	Checkout candidate C with immutable base tag	2026-10-06T00:02:43.5803703Z  * [new branch]        log-summary-header      -> origin/log-summary-header
v0.14.0 Upgrade and Encrypted Rollback	Checkout candidate C with immutable base tag	2026-10-06T00:02:43.5805541Z  * [new branch]        log-weight-entry-ux     -> origin/log-weight-entry-ux
v0.14.0 Upgrade and Encrypted Rollback	Checkout candidate C with immutable base tag	2026-10-06T00:02:43.5807581Z  * [new branch]        lose-it-import          -> origin/lose-it-import
v0.14.0 Upgrade and Encrypted Rollback	Checkout candidate C with immutable base tag	2026-10-06T00:02:43.5809571Z  * [new branch]        lowercase-ghcr-image    -> origin/lowercase-ghcr-image
v0.14.0 Upgrade and Encrypted Rollback	Checkout candidate C with immutable base tag	2026-10-06T00:02:43.5811307Z  * [new branch]        master                  -> origin/master
v0.14.0 Upgrade and Encrypted Rollback	Checkout candidate C with immutable base tag	2026-10-06T00:02:43.5812910Z  * [new branch]        mchartier/dev           -> origin/mchartier/dev
v0.14.0 Upgrade and Encrypted Rollback	Checkout candidate C with immutable base tag	2026-10-06T00:02:43.5814588Z  * [new branch]        mchartier/dev2          -> origin/mchartier/dev2
v0.14.0 Upgrade and Encrypted Rollback	Checkout candidate C with immutable base tag	2026-10-06T00:02:43.5816622Z  * [new branch]        mchartier/devcontainer-key-setup -> origin/mchartier/devcontainer-key-setup
v0.14.0 Upgrade and Encrypted Rollback	Checkout candidate C with immutable base tag	2026-10-06T00:02:43.5819407Z  * [new branch]        mchartier/firebase-migration-preparation -> origin/mchartier/firebase-migration-preparation
v0.14.0 Upgrade and Encrypted Rollback	Checkout candidate C with immutable base tag	2026-10-06T00:02:43.5822008Z  * [new branch]        mchartier/goal-pace-continuity -> origin/mchartier/goal-pace-continuity
v0.14.0 Upgrade and Encrypted Rollback	Checkout candidate C with immutable base tag	2026-10-06T00:02:43.5824181Z  * [new branch]        mchartier/goal-pace-scope -> origin/mchartier/goal-pace-scope
v0.14.0 Upgrade and Encrypted Rollback	Checkout candidate C with immutable base tag	2026-10-06T00:02:43.5826391Z  * [new branch]        mchartier/local-release-scripts -> origin/mchartier/local-release-scripts
v0.14.0 Upgrade and Encrypted Rollback	Checkout candidate C with immutable base tag	2026-10-06T00:02:43.5828913Z  * [new branch]        mchartier/managed-self-hosting -> origin/mchartier/managed-self-hosting
v0.14.0 Upgrade and Encrypted Rollback	Checkout candidate C with immutable base tag	2026-10-06T00:02:43.5831307Z  * [new branch]        mchartier/paused-weigh-in-divider -> origin/mchartier/paused-weigh-in-divider
v0.14.0 Upgrade and Encrypted Rollback	Checkout candidate C with immutable base tag	2026-10-06T00:02:43.5833948Z  * [new branch]        mchartier/paused-weigh-in-divider-clean -> origin/mchartier/paused-weigh-in-divider-clean
v0.14.0 Upgrade and Encrypted Rollback	Checkout candidate C with immutable base tag	2026-10-06T00:02:43.5836568Z  * [new branch]        mchartier/pilot-query-diagnostics -> origin/mchartier/pilot-query-diagnostics
v0.14.0 Upgrade and Encrypted Rollback	Checkout candidate C with immutable base tag	2026-10-06T00:02:43.5839261Z  * [new branch]        mchartier/planned-pause-visibility -> origin/mchartier/planned-pause-visibility
v0.14.0 Upgrade and Encrypted Rollback	Checkout candidate C with immutable base tag	2026-10-06T00:02:43.5841997Z  * [new branch]        mchartier/planned-pause-visibility-clean -> origin/mchartier/planned-pause-visibility-clean
v0.14.0 Upgrade and Encrypted Rollback	Checkout candidate C with immutable base tag	2026-10-06T00:02:43.5845020Z  * [new branch]        mchartier/preserve-android-wip-20260711 -> origin/mchartier/preserve-android-wip-20260711
v0.14.0 Upgrade and Encrypted Rollback	Checkout candidate C with immutable base tag	2026-10-06T00:02:43.5919499Z  * [new branch]        mchartier/remove-instance-release-actions -> origin/mchartier/remove-instance-release-actions
v0.14.0 Upgrade and Encrypted Rollback	Checkout candidate C with immutable base tag	2026-10-06T00:02:43.5922584Z  * [new branch]        mchartier/remove-notification-history -> origin/mchartier/remove-notification-history
v0.14.0 Upgrade and Encrypted Rollback	Checkout candidate C with immutable base tag	2026-10-06T00:02:43.5925474Z  * [new branch]        mchartier/remove-notification-history-clean -> origin/mchartier/remove-notification-history-clean
v0.14.0 Upgrade and Encrypted Rollback	Checkout candidate C with immutable base tag	2026-10-06T00:02:43.5928106Z  * [new branch]        mchartier/simplify-repository -> origin/mchartier/simplify-repository
v0.14.0 Upgrade and Encrypted Rollback	Checkout candidate C with immutable base tag	2026-10-06T00:02:43.5930747Z  * [new branch]        mchartier/streamline-deployment -> origin/mchartier/streamline-deployment
v0.14.0 Upgrade and Encrypted Rollback	Checkout candidate C with immutable base tag	2026-10-06T00:02:43.5932782Z  * [new branch]        mobile-logout           -> origin/mobile-logout
v0.14.0 Upgrade and Encrypted Rollback	Checkout candidate C with immutable base tag	2026-10-06T00:02:43.5934527Z  * [new branch]        mobile-ui-compact       -> origin/mobile-ui-compact
v0.14.0 Upgrade and Encrypted Rollback	Checkout candidate C with immutable base tag	2026-10-06T00:02:43.5936251Z  * [new branch]        new-logo                -> origin/new-logo
v0.14.0 Upgrade and Encrypted Rollback	Checkout candidate C with immutable base tag	2026-10-06T00:02:43.5937804Z  * [new branch]        notif/126               -> origin/notif/126
v0.14.0 Upgrade and Encrypted Rollback	Checkout candidate C with immutable base tag	2026-10-06T00:02:43.5939508Z  * [new branch]        notif/127               -> origin/notif/127
v0.14.0 Upgrade and Encrypted Rollback	Checkout candidate C with immutable base tag	2026-10-06T00:02:43.5941064Z  * [new branch]        notif/128               -> origin/notif/128
v0.14.0 Upgrade and Encrypted Rollback	Checkout candidate C with immutable base tag	2026-10-06T00:02:43.5942765Z  * [new branch]        notif/131-dedupe-fixes  -> origin/notif/131-dedupe-fixes
v0.14.0 Upgrade and Encrypted Rollback	Checkout candidate C with immutable base tag	2026-10-06T00:02:43.5944922Z  * [new branch]        notif/132-endpoint-ownership-guard -> origin/notif/132-endpoint-ownership-guard
v0.14.0 Upgrade and Encrypted Rollback	Checkout candidate C with immutable base tag	2026-10-06T00:02:43.5946989Z  * [new branch]        notifications           -> origin/notifications
v0.14.0 Upgrade and Encrypted Rollback	Checkout candidate C with immutable base tag	2026-10-06T00:02:43.5948929Z  * [new branch]        onboarding-guided-wizard -> origin/onboarding-guided-wizard
v0.14.0 Upgrade and Encrypted Rollback	Checkout candidate C with immutable base tag	2026-10-06T00:02:43.5950806Z  * [new branch]        peacock-rainbow         -> origin/peacock-rainbow
v0.14.0 Upgrade and Encrypted Rollback	Checkout candidate C with immutable base tag	2026-10-06T00:02:43.5952710Z  * [new branch]        perf/landing-mobile-scroll -> origin/perf/landing-mobile-scroll
v0.14.0 Upgrade and Encrypted Rollback	Checkout candidate C with immutable base tag	2026-10-06T00:02:43.5954626Z  * [new branch]        persistent-fab          -> origin/persistent-fab
v0.14.0 Upgrade and Encrypted Rollback	Checkout candidate C with immutable base tag	2026-10-06T00:02:43.5956548Z  * [new branch]        privacy-policy          -> origin/privacy-policy
v0.14.0 Upgrade and Encrypted Rollback	Checkout candidate C with immutable base tag	2026-10-06T00:02:43.5958677Z  * [new branch]        profile-account-management -> origin/profile-account-management
v0.14.0 Upgrade and Encrypted Rollback	Checkout candidate C with immutable base tag	2026-10-06T00:02:43.5960583Z  * [new branch]        profile-icon            -> origin/profile-icon
v0.14.0 Upgrade and Encrypted Rollback	Checkout candidate C with immutable base tag	2026-10-06T00:02:43.5962492Z  * [new branch]        profile-settings-separation -> origin/profile-settings-separation
v0.14.0 Upgrade and Encrypted Rollback	Checkout candidate C with immutable base tag	2026-10-06T00:02:43.5964406Z  * [new branch]        public-readme           -> origin/public-readme
v0.14.0 Upgrade and Encrypted Rollback	Checkout candidate C with immutable base tag	2026-10-06T00:02:43.5966333Z  * [new branch]        pwa-action-navigate-existing -> origin/pwa-action-navigate-existing
v0.14.0 Upgrade and Encrypted Rollback	Checkout candidate C with immutable base tag	2026-10-06T00:02:43.5968509Z  * [new branch]        pwa-icon-fix            -> origin/pwa-icon-fix
v0.14.0 Upgrade and Encrypted Rollback	Checkout candidate C with immutable base tag	2026-10-06T00:02:43.5970440Z  * [new branch]        pwa-launch-actions      -> origin/pwa-launch-actions
v0.14.0 Upgrade and Encrypted Rollback	Checkout candidate C with immutable base tag	2026-10-06T00:02:43.5972270Z  * [new branch]        pwa-manifest-polish     -> origin/pwa-manifest-polish
v0.14.0 Upgrade and Encrypted Rollback	Checkout candidate C with immutable base tag	2026-10-06T00:02:43.5973983Z  * [new branch]        pwa-setup               -> origin/pwa-setup
v0.14.0 Upgrade and Encrypted Rollback	Checkout candidate C with immutable base tag	2026-10-06T00:02:43.5975658Z  * [new branch]        rebrand-calibrate       -> origin/rebrand-calibrate
v0.14.0 Upgrade and Encrypted Rollback	Checkout candidate C with immutable base tag	2026-10-06T00:02:43.5977344Z  * [new branch]        release/v0.34.0         -> origin/release/v0.34.0
v0.14.0 Upgrade and Encrypted Rollback	Checkout candidate C with immutable base tag	2026-10-06T00:02:43.5979146Z  * [new branch]        release/v0.34.1         -> origin/release/v0.34.1
v0.14.0 Upgrade and Encrypted Rollback	Checkout candidate C with immutable base tag	2026-10-06T00:02:43.5980784Z  * [new branch]        release/v0.35.0         -> origin/release/v0.35.0
v0.14.0 Upgrade and Encrypted Rollback	Checkout candidate C with immutable base tag	2026-10-06T00:02:43.5982413Z  * [new branch]        release/v0.36.0         -> origin/release/v0.36.0
v0.14.0 Upgrade and Encrypted Rollback	Checkout candidate C with immutable base tag	2026-10-06T00:02:43.5984045Z  * [new branch]        release/v0.37.0         -> origin/release/v0.37.0
v0.14.0 Upgrade and Encrypted Rollback	Checkout candidate C with immutable base tag	2026-10-06T00:02:43.5985890Z  * [new branch]        rolling-average-weight-log -> origin/rolling-average-weight-log
v0.14.0 Upgrade and Encrypted Rollback	Checkout candidate C with immutable base tag	2026-10-06T00:02:43.5987734Z  * [new branch]        safe-areas              -> origin/safe-areas
v0.14.0 Upgrade and Encrypted Rollback	Checkout candidate C with immutable base tag	2026-10-06T00:02:43.5989574Z  * [new branch]        search-results          -> origin/search-results
v0.14.0 Upgrade and Encrypted Rollback	Checkout candidate C with immutable base tag	2026-10-06T00:02:43.5991297Z  * [new branch]        session-store-model     -> origin/session-store-model
v0.14.0 Upgrade and Encrypted Rollback	Checkout candidate C with immutable base tag	2026-10-06T00:02:43.5993273Z  * [new branch]        sidebar-item-style      -> origin/sidebar-item-style
v0.14.0 Upgrade and Encrypted Rollback	Checkout candidate C with immutable base tag	2026-10-06T00:02:43.5994983Z  * [new branch]        store-timezone          -> origin/store-timezone
v0.14.0 Upgrade and Encrypted Rollback	Checkout candidate C with immutable base tag	2026-10-06T00:02:43.5996625Z  * [new branch]        terraform-fix           -> origin/terraform-fix
v0.14.0 Upgrade and Encrypted Rollback	Checkout candidate C with immutable base tag	2026-10-06T00:02:43.5998477Z  * [new branch]        terraform-fixes         -> origin/terraform-fixes
v0.14.0 Upgrade and Encrypted Rollback	Checkout candidate C with immutable base tag	2026-10-06T00:02:43.6000192Z  * [new branch]        test-user               -> origin/test-user
v0.14.0 Upgrade and Encrypted Rollback	Checkout candidate C with immutable base tag	2026-10-06T00:02:43.6001964Z  * [new branch]        test/backend-unit-coverage -> origin/test/backend-unit-coverage
v0.14.0 Upgrade and Encrypted Rollback	Checkout candidate C with immutable base tag	2026-10-06T00:02:43.6003806Z  * [new branch]        tf-rds-rotation         -> origin/tf-rds-rotation
v0.14.0 Upgrade and Encrypted Rollback	Checkout candidate C with immutable base tag	2026-10-06T00:02:43.6005537Z  * [new branch]        tf-repo-rename-fix      -> origin/tf-repo-rename-fix
v0.14.0 Upgrade and Encrypted Rollback	Checkout candidate C with immutable base tag	2026-10-06T00:02:43.6007601Z  * [new branch]        timezone-picker-mui-autocomplete -> origin/timezone-picker-mui-autocomplete
v0.14.0 Upgrade and Encrypted Rollback	Checkout candidate C with immutable base tag	2026-10-06T00:02:43.6010534Z  * [new branch]        units-separate-controls-inline-status -> origin/units-separate-controls-inline-status
v0.14.0 Upgrade and Encrypted Rollback	Checkout candidate C with immutable base tag	2026-10-06T00:02:43.6012754Z  * [new branch]        update-comments         -> origin/update-comments
v0.14.0 Upgrade and Encrypted Rollback	Checkout candidate C with immutable base tag	2026-10-06T00:02:43.6014410Z  * [new branch]        update-docs             -> origin/update-docs
v0.14.0 Upgrade and Encrypted Rollback	Checkout candidate C with immutable base tag	2026-10-06T00:02:43.6016122Z  * [new branch]        vertical-spacing-fixes  -> origin/vertical-spacing-fixes
v0.14.0 Upgrade and Encrypted Rollback	Checkout candidate C with immutable base tag	2026-10-06T00:02:43.6017962Z  * [new branch]        weight-history-scale    -> origin/weight-history-scale
v0.14.0 Upgrade and Encrypted Rollback	Checkout candidate C with immutable base tag	2026-10-06T00:02:43.6019978Z  * [new branch]        worktree-colors         -> origin/worktree-colors
v0.14.0 Upgrade and Encrypted Rollback	Checkout candidate C with immutable base tag	2026-10-06T00:02:43.6021668Z  * [new branch]        worktree-reset          -> origin/worktree-reset
v0.14.0 Upgrade and Encrypted Rollback	Checkout candidate C with immutable base tag	2026-10-06T00:02:43.6023336Z  * [new branch]        worktree-script         -> origin/worktree-script
v0.14.0 Upgrade and Encrypted Rollback	Checkout candidate C with immutable base tag	2026-10-06T00:02:43.6024861Z  * [new tag]           v0.1.0                  -> v0.1.0
v0.14.0 Upgrade and Encrypted Rollback	Checkout candidate C with immutable base tag	2026-10-06T00:02:43.6026200Z  * [new tag]           v0.10.0                 -> v0.10.0
v0.14.0 Upgrade and Encrypted Rollback	Checkout candidate C with immutable base tag	2026-10-06T00:02:43.6027704Z  * [new tag]           v0.11.0                 -> v0.11.0
v0.14.0 Upgrade and Encrypted Rollback	Checkout candidate C with immutable base tag	2026-10-06T00:02:43.6029176Z  * [new tag]           v0.12.0                 -> v0.12.0
v0.14.0 Upgrade and Encrypted Rollback	Checkout candidate C with immutable base tag	2026-10-06T00:02:43.6030489Z  * [new tag]           v0.12.1                 -> v0.12.1
v0.14.0 Upgrade and Encrypted Rollback	Checkout candidate C with immutable base tag	2026-10-06T00:02:43.6031782Z  * [new tag]           v0.12.10                -> v0.12.10
v0.14.0 Upgrade and Encrypted Rollback	Checkout candidate C with immutable base tag	2026-10-06T00:02:43.6033093Z  * [new tag]           v0.12.11                -> v0.12.11
v0.14.0 Upgrade and Encrypted Rollback	Checkout candidate C with immutable base tag	2026-10-06T00:02:43.6034414Z  * [new tag]           v0.12.12                -> v0.12.12
v0.14.0 Upgrade and Encrypted Rollback	Checkout candidate C with immutable base tag	2026-10-06T00:02:43.6035713Z  * [new tag]           v0.12.13                -> v0.12.13
v0.14.0 Upgrade and Encrypted Rollback	Checkout candidate C with immutable base tag	2026-10-06T00:02:43.6037020Z  * [new tag]           v0.12.14                -> v0.12.14
v0.14.0 Upgrade and Encrypted Rollback	Checkout candidate C with immutable base tag	2026-10-06T00:02:43.6038517Z  * [new tag]           v0.12.15                -> v0.12.15
v0.14.0 Upgrade and Encrypted Rollback	Checkout candidate C with immutable base tag	2026-10-06T00:02:43.6039901Z  * [new tag]           v0.12.16                -> v0.12.16
v0.14.0 Upgrade and Encrypted Rollback	Checkout candidate C with immutable base tag	2026-10-06T00:02:43.6041217Z  * [new tag]           v0.12.17                -> v0.12.17
v0.14.0 Upgrade and Encrypted Rollback	Checkout candidate C with immutable base tag	2026-10-06T00:02:43.6042518Z  * [new tag]           v0.12.18                -> v0.12.18
v0.14.0 Upgrade and Encrypted Rollback	Checkout candidate C with immutable base tag	2026-10-06T00:02:43.6043844Z  * [new tag]           v0.12.19                -> v0.12.19
v0.14.0 Upgrade and Encrypted Rollback	Checkout candidate C with immutable base tag	2026-10-06T00:02:43.6045146Z  * [new tag]           v0.12.2                 -> v0.12.2
v0.14.0 Upgrade and Encrypted Rollback	Checkout candidate C with immutable base tag	2026-10-06T00:02:43.6046440Z  * [new tag]           v0.12.3                 -> v0.12.3
v0.14.0 Upgrade and Encrypted Rollback	Checkout candidate C with immutable base tag	2026-10-06T00:02:43.6047739Z  * [new tag]           v0.12.4                 -> v0.12.4
v0.14.0 Upgrade and Encrypted Rollback	Checkout candidate C with immutable base tag	2026-10-06T00:02:43.6049353Z  * [new tag]           v0.12.5                 -> v0.12.5
v0.14.0 Upgrade and Encrypted Rollback	Checkout candidate C with immutable base tag	2026-10-06T00:02:43.6050678Z  * [new tag]           v0.12.6                 -> v0.12.6
v0.14.0 Upgrade and Encrypted Rollback	Checkout candidate C with immutable base tag	2026-10-06T00:02:43.6051981Z  * [new tag]           v0.12.7                 -> v0.12.7
v0.14.0 Upgrade and Encrypted Rollback	Checkout candidate C with immutable base tag	2026-10-06T00:02:43.6053291Z  * [new tag]           v0.12.8                 -> v0.12.8
v0.14.0 Upgrade and Encrypted Rollback	Checkout candidate C with immutable base tag	2026-10-06T00:02:43.6054592Z  * [new tag]           v0.12.9                 -> v0.12.9
v0.14.0 Upgrade and Encrypted Rollback	Checkout candidate C with immutable base tag	2026-10-06T00:02:43.6055905Z  * [new tag]           v0.13.0                 -> v0.13.0
v0.14.0 Upgrade and Encrypted Rollback	Checkout candidate C with immutable base tag	2026-10-06T00:02:43.6057227Z  * [new tag]           v0.13.1                 -> v0.13.1
v0.14.0 Upgrade and Encrypted Rollback	Checkout candidate C with immutable base tag	2026-10-06T00:02:43.6058667Z  * [new tag]           v0.13.2                 -> v0.13.2
v0.14.0 Upgrade and Encrypted Rollback	Checkout candidate C with immutable base tag	2026-10-06T00:02:43.6060195Z  * [new tag]           v0.13.3                 -> v0.13.3
v0.14.0 Upgrade and Encrypted Rollback	Checkout candidate C with immutable base tag	2026-10-06T00:02:43.6061521Z  * [new tag]           v0.14.0                 -> v0.14.0
v0.14.0 Upgrade and Encrypted Rollback	Checkout candidate C with immutable base tag	2026-10-06T00:02:43.6062823Z  * [new tag]           v0.2.0                  -> v0.2.0
v0.14.0 Upgrade and Encrypted Rollback	Checkout candidate C with immutable base tag	2026-10-06T00:02:43.6064129Z  * [new tag]           v0.2.1                  -> v0.2.1
v0.14.0 Upgrade and Encrypted Rollback	Checkout candidate C with immutable base tag	2026-10-06T00:02:43.6065425Z  * [new tag]           v0.2.2                  -> v0.2.2
v0.14.0 Upgrade and Encrypted Rollback	Checkout candidate C with immutable base tag	2026-10-06T00:02:43.6066714Z  * [new tag]           v0.2.3                  -> v0.2.3
v0.14.0 Upgrade and Encrypted Rollback	Checkout candidate C with immutable base tag	2026-10-06T00:02:43.6068009Z  * [new tag]           v0.2.4                  -> v0.2.4
v0.14.0 Upgrade and Encrypted Rollback	Checkout candidate C with immutable base tag	2026-10-06T00:02:43.6069663Z  * [new tag]           v0.3.0                  -> v0.3.0
v0.14.0 Upgrade and Encrypted Rollback	Checkout candidate C with immutable base tag	2026-10-06T00:02:43.6070952Z  * [new tag]           v0.3.1                  -> v0.3.1
v0.14.0 Upgrade and Encrypted Rollback	Checkout candidate C with immutable base tag	2026-10-06T00:02:43.6072247Z  * [new tag]           v0.33.10                -> v0.33.10
v0.14.0 Upgrade and Encrypted Rollback	Checkout candidate C with immutable base tag	2026-10-06T00:02:43.6073540Z  * [new tag]           v0.33.11                -> v0.33.11
v0.14.0 Upgrade and Encrypted Rollback	Checkout candidate C with immutable base tag	2026-10-06T00:02:43.6074817Z  * [new tag]           v0.33.5                 -> v0.33.5
v0.14.0 Upgrade and Encrypted Rollback	Checkout candidate C with immutable base tag	2026-10-06T00:02:43.6076120Z  * [new tag]           v0.33.6                 -> v0.33.6
v0.14.0 Upgrade and Encrypted Rollback	Checkout candidate C with immutable base tag	2026-10-06T00:02:43.6077396Z  * [new tag]           v0.33.9                 -> v0.33.9
v0.14.0 Upgrade and Encrypted Rollback	Checkout candidate C with immutable base tag	2026-10-06T00:02:43.6078945Z  * [new tag]           v0.34.0                 -> v0.34.0
v0.14.0 Upgrade and Encrypted Rollback	Checkout candidate C with immutable base tag	2026-10-06T00:02:43.6080255Z  * [new tag]           v0.34.1                 -> v0.34.1
v0.14.0 Upgrade and Encrypted Rollback	Checkout candidate C with immutable base tag	2026-10-06T00:02:43.6081547Z  * [new tag]           v0.35.0                 -> v0.35.0
v0.14.0 Upgrade and Encrypted Rollback	Checkout candidate C with immutable base tag	2026-10-06T00:02:43.6082834Z  * [new tag]           v0.36.0                 -> v0.36.0
v0.14.0 Upgrade and Encrypted Rollback	Checkout candidate C with immutable base tag	2026-10-06T00:02:43.6084115Z  * [new tag]           v0.37.0                 -> v0.37.0
v0.14.0 Upgrade and Encrypted Rollback	Checkout candidate C with immutable base tag	2026-10-06T00:02:43.6085395Z  * [new tag]           v0.4.0                  -> v0.4.0
v0.14.0 Upgrade and Encrypted Rollback	Checkout candidate C with immutable base tag	2026-10-06T00:02:43.6086659Z  * [new tag]           v0.4.1                  -> v0.4.1
v0.14.0 Upgrade and Encrypted Rollback	Checkout candidate C with immutable base tag	2026-10-06T00:02:43.6087928Z  * [new tag]           v0.4.2                  -> v0.4.2
v0.14.0 Upgrade and Encrypted Rollback	Checkout candidate C with immutable base tag	2026-10-06T00:02:43.6089337Z  * [new tag]           v0.5.0                  -> v0.5.0
v0.14.0 Upgrade and Encrypted Rollback	Checkout candidate C with immutable base tag	2026-10-06T00:02:43.6090794Z  * [new tag]           v0.6.0                  -> v0.6.0
v0.14.0 Upgrade and Encrypted Rollback	Checkout candidate C with immutable base tag	2026-10-06T00:02:43.6092082Z  * [new tag]           v0.7.0                  -> v0.7.0
v0.14.0 Upgrade and Encrypted Rollback	Checkout candidate C with immutable base tag	2026-10-06T00:02:43.6093364Z  * [new tag]           v0.7.1                  -> v0.7.1
v0.14.0 Upgrade and Encrypted Rollback	Checkout candidate C with immutable base tag	2026-10-06T00:02:43.6094635Z  * [new tag]           v0.7.2                  -> v0.7.2
v0.14.0 Upgrade and Encrypted Rollback	Checkout candidate C with immutable base tag	2026-10-06T00:02:43.6095892Z  * [new tag]           v0.7.3                  -> v0.7.3
v0.14.0 Upgrade and Encrypted Rollback	Checkout candidate C with immutable base tag	2026-10-06T00:02:43.6097163Z  * [new tag]           v0.8.0                  -> v0.8.0
v0.14.0 Upgrade and Encrypted Rollback	Checkout candidate C with immutable base tag	2026-10-06T00:02:43.6098691Z  * [new tag]           v0.9.0                  -> v0.9.0
v0.14.0 Upgrade and Encrypted Rollback	Checkout candidate C with immutable base tag	2026-10-06T00:02:43.6100011Z  * [new tag]           v0.9.1                  -> v0.9.1
v0.14.0 Upgrade and Encrypted Rollback	Checkout candidate C with immutable base tag	2026-10-06T00:02:43.6103207Z [command]/usr/bin/git rev-parse --verify --quiet 7b83b3255c263efbb22fd1be1be3124bc46fc23c^{object}
v0.14.0 Upgrade and Encrypted Rollback	Checkout candidate C with immutable base tag	2026-10-06T00:02:43.6105069Z 7b83b3255c263efbb22fd1be1be3124bc46fc23c
v0.14.0 Upgrade and Encrypted Rollback	Checkout candidate C with immutable base tag	2026-10-06T00:02:43.6107906Z ##[endgroup]
v0.14.0 Upgrade and Encrypted Rollback	Checkout candidate C with immutable base tag	2026-10-06T00:02:43.6109606Z ##[group]Determining the checkout info
v0.14.0 Upgrade and Encrypted Rollback	Checkout candidate C with immutable base tag	2026-10-06T00:02:43.6111260Z ##[endgroup]
v0.14.0 Upgrade and Encrypted Rollback	Checkout candidate C with immutable base tag	2026-10-06T00:02:43.6112261Z [command]/usr/bin/git sparse-checkout disable
v0.14.0 Upgrade and Encrypted Rollback	Checkout candidate C with immutable base tag	2026-10-06T00:02:43.6114931Z [command]/usr/bin/git config --local --unset-all extensions.worktreeConfig
v0.14.0 Upgrade and Encrypted Rollback	Checkout candidate C with immutable base tag	2026-10-06T00:02:43.6118133Z ##[group]Checking out the ref
v0.14.0 Upgrade and Encrypted Rollback	Checkout candidate C with immutable base tag	2026-10-06T00:02:43.6119967Z [command]/usr/bin/git checkout --progress --force 7b83b3255c263efbb22fd1be1be3124bc46fc23c
v0.14.0 Upgrade and Encrypted Rollback	Checkout candidate C with immutable base tag	2026-10-06T00:02:43.7799727Z Note: switching to '7b83b3255c263efbb22fd1be1be3124bc46fc23c'.
v0.14.0 Upgrade and Encrypted Rollback	Checkout candidate C with immutable base tag	2026-10-06T00:02:43.7800480Z 
v0.14.0 Upgrade and Encrypted Rollback	Checkout candidate C with immutable base tag	2026-10-06T00:02:43.7800951Z You are in 'detached HEAD' state. You can look around, make experimental
v0.14.0 Upgrade and Encrypted Rollback	Checkout candidate C with immutable base tag	2026-10-06T00:02:43.7801997Z changes and commit them, and you can discard any commits you make in this
v0.14.0 Upgrade and Encrypted Rollback	Checkout candidate C with immutable base tag	2026-10-06T00:02:43.7803033Z state without impacting any branches by switching back to a branch.
v0.14.0 Upgrade and Encrypted Rollback	Checkout candidate C with immutable base tag	2026-10-06T00:02:43.7803644Z 
v0.14.0 Upgrade and Encrypted Rollback	Checkout candidate C with immutable base tag	2026-10-06T00:02:43.7804064Z If you want to create a new branch to retain commits you create, you may
v0.14.0 Upgrade and Encrypted Rollback	Checkout candidate C with immutable base tag	2026-10-06T00:02:43.7805042Z do so (now or later) by using -c with the switch command. Example:
v0.14.0 Upgrade and Encrypted Rollback	Checkout candidate C with immutable base tag	2026-10-06T00:02:43.7805656Z 
v0.14.0 Upgrade and Encrypted Rollback	Checkout candidate C with immutable base tag	2026-10-06T00:02:43.7806222Z   git switch -c <new-branch-name>
v0.14.0 Upgrade and Encrypted Rollback	Checkout candidate C with immutable base tag	2026-10-06T00:02:43.7806644Z 
v0.14.0 Upgrade and Encrypted Rollback	Checkout candidate C with immutable base tag	2026-10-06T00:02:43.7806893Z Or undo this operation with:
v0.14.0 Upgrade and Encrypted Rollback	Checkout candidate C with immutable base tag	2026-10-06T00:02:43.7807256Z 
v0.14.0 Upgrade and Encrypted Rollback	Checkout candidate C with immutable base tag	2026-10-06T00:02:43.7807479Z   git switch -
v0.14.0 Upgrade and Encrypted Rollback	Checkout candidate C with immutable base tag	2026-10-06T00:02:43.7807772Z 
v0.14.0 Upgrade and Encrypted Rollback	Checkout candidate C with immutable base tag	2026-10-06T00:02:43.7808510Z Turn off this advice by setting config variable advice.detachedHead to false
v0.14.0 Upgrade and Encrypted Rollback	Checkout candidate C with immutable base tag	2026-10-06T00:02:43.7809223Z 
v0.14.0 Upgrade and Encrypted Rollback	Checkout candidate C with immutable base tag	2026-10-06T00:02:43.7809806Z HEAD is now at 7b83b325 Reject stale day controls while preserving explicit historical backfill
v0.14.0 Upgrade and Encrypted Rollback	Checkout candidate C with immutable base tag	2026-10-06T00:02:43.7823927Z ##[endgroup]
v0.14.0 Upgrade and Encrypted Rollback	Checkout candidate C with immutable base tag	2026-10-06T00:02:43.7870562Z [command]/usr/bin/git log -1 --format=%H
v0.14.0 Upgrade and Encrypted Rollback	Checkout candidate C with immutable base tag	2026-10-06T00:02:43.7897829Z 7b83b3255c263efbb22fd1be1be3124bc46fc23c
v0.14.0 Upgrade and Encrypted Rollback	Setup Node	﻿2026-10-06T00:02:43.8152039Z ##[group]Run actions/setup-node@v4
v0.14.0 Upgrade and Encrypted Rollback	Setup Node	2026-10-06T00:02:43.8152422Z with:
v0.14.0 Upgrade and Encrypted Rollback	Setup Node	2026-10-06T00:02:43.8152679Z   node-version: 20
v0.14.0 Upgrade and Encrypted Rollback	Setup Node	2026-10-06T00:02:43.8152945Z   cache: npm
v0.14.0 Upgrade and Encrypted Rollback	Setup Node	2026-10-06T00:02:43.8153260Z   cache-dependency-path: backend/package-lock.json
v0.14.0 Upgrade and Encrypted Rollback	Setup Node	2026-10-06T00:02:43.8153645Z   always-auth: false
v0.14.0 Upgrade and Encrypted Rollback	Setup Node	2026-10-06T00:02:43.8153925Z   check-latest: false
v0.14.0 Upgrade and Encrypted Rollback	Setup Node	2026-10-06T00:02:43.8156866Z   token: ***
v0.14.0 Upgrade and Encrypted Rollback	Setup Node	2026-10-06T00:02:43.8157124Z env:
v0.14.0 Upgrade and Encrypted Rollback	Setup Node	2026-10-06T00:02:43.8157467Z   CALIBRATE_SOURCE_COMMIT: 7b83b3255c263efbb22fd1be1be3124bc46fc23c
v0.14.0 Upgrade and Encrypted Rollback	Setup Node	2026-10-06T00:02:43.8157892Z ##[endgroup]
v0.14.0 Upgrade and Encrypted Rollback	Setup Node	2026-10-06T00:02:43.9557300Z Attempting to download 20...
v0.14.0 Upgrade and Encrypted Rollback	Setup Node	2026-10-06T00:02:43.9660910Z (node:2301) [DEP0040] DeprecationWarning: The `punycode` module is deprecated. Please use a userland alternative instead.
v0.14.0 Upgrade and Encrypted Rollback	Setup Node	2026-10-06T00:02:43.9662074Z (Use `node --trace-deprecation ...` to show where the warning was created)
v0.14.0 Upgrade and Encrypted Rollback	Setup Node	2026-10-06T00:02:44.4048881Z Acquiring 20.20.2 - x64 from https://github.com/actions/node-versions/releases/download/20.20.2-23521894959/node-20.20.2-linux-x64.tar.gz
v0.14.0 Upgrade and Encrypted Rollback	Setup Node	2026-10-06T00:02:44.7452870Z Extracting ...
v0.14.0 Upgrade and Encrypted Rollback	Setup Node	2026-10-06T00:02:44.7569642Z [command]/usr/bin/tar xz --strip 1 --warning=no-unknown-keyword --overwrite -C /home/runner/work/_temp/568a35b5-38d3-4ad6-aed7-3c911090c315 -f /home/runner/work/_temp/000594e8-810d-4b6b-8423-9e90563e62c1
v0.14.0 Upgrade and Encrypted Rollback	Setup Node	2026-10-06T00:02:45.7445730Z Adding to the cache ...
v0.14.0 Upgrade and Encrypted Rollback	Setup Node	2026-10-06T00:02:47.7146193Z ##[group]Environment details
v0.14.0 Upgrade and Encrypted Rollback	Setup Node	2026-10-06T00:02:47.9425585Z node: v20.20.2
v0.14.0 Upgrade and Encrypted Rollback	Setup Node	2026-10-06T00:02:47.9426401Z npm: 10.8.2
v0.14.0 Upgrade and Encrypted Rollback	Setup Node	2026-10-06T00:02:47.9426835Z yarn: 1.22.22
v0.14.0 Upgrade and Encrypted Rollback	Setup Node	2026-10-06T00:02:47.9427667Z ##[endgroup]
v0.14.0 Upgrade and Encrypted Rollback	Setup Node	2026-10-06T00:02:47.9446891Z [command]/opt/hostedtoolcache/node/20.20.2/x64/bin/npm config get cache
v0.14.0 Upgrade and Encrypted Rollback	Setup Node	2026-10-06T00:02:48.0470897Z /home/runner/.npm
v0.14.0 Upgrade and Encrypted Rollback	Setup Node	2026-10-06T00:02:48.1101034Z Cache hit for: node-cache-Linux-x64-npm-9ad1fc3d02200f097d647c965e5a2c426e45ead6e22fb282009302d8eeb7a3d3
v0.14.0 Upgrade and Encrypted Rollback	Setup Node	2026-10-06T00:02:48.1207462Z (node:2301) [DEP0169] DeprecationWarning: `url.parse()` behavior is not standardized and prone to errors that have security implications. Use the WHATWG URL API instead. CVEs are not issued for `url.parse()` vulnerabilities.
v0.14.0 Upgrade and Encrypted Rollback	Setup Node	2026-10-06T00:02:48.9129398Z Received 142506313 of 142506313 (100.0%), 181.2 MBs/sec
v0.14.0 Upgrade and Encrypted Rollback	Setup Node	2026-10-06T00:02:48.9130636Z Cache Size: ~136 MB (142506313 B)
v0.14.0 Upgrade and Encrypted Rollback	Setup Node	2026-10-06T00:02:48.9255669Z [command]/usr/bin/tar -xf /home/runner/work/_temp/11c03f76-1fe0-4216-8941-63dcd7f96fc3/cache.tzst -P -C /home/runner/work/calibrate-health/calibrate-health --use-compress-program unzstd
v0.14.0 Upgrade and Encrypted Rollback	Setup Node	2026-10-06T00:02:49.1719591Z Cache restored successfully
v0.14.0 Upgrade and Encrypted Rollback	Setup Node	2026-10-06T00:02:49.1793105Z Cache restored from key: node-cache-Linux-x64-npm-9ad1fc3d02200f097d647c965e5a2c426e45ead6e22fb282009302d8eeb7a3d3
v0.14.0 Upgrade and Encrypted Rollback	Install backend dependencies	﻿2026-10-06T00:02:49.2052907Z ##[group]Run npm --prefix backend ci --no-audit --fund=false
v0.14.0 Upgrade and Encrypted Rollback	Install backend dependencies	2026-10-06T00:02:49.2053472Z ^[[36;1mnpm --prefix backend ci --no-audit --fund=false^[[0m
v0.14.0 Upgrade and Encrypted Rollback	Install backend dependencies	2026-10-06T00:02:49.2311543Z shell: /usr/bin/bash -e {0}
v0.14.0 Upgrade and Encrypted Rollback	Install backend dependencies	2026-10-06T00:02:49.2311879Z env:
v0.14.0 Upgrade and Encrypted Rollback	Install backend dependencies	2026-10-06T00:02:49.2312235Z   CALIBRATE_SOURCE_COMMIT: 7b83b3255c263efbb22fd1be1be3124bc46fc23c
v0.14.0 Upgrade and Encrypted Rollback	Install backend dependencies	2026-10-06T00:02:49.2312698Z ##[endgroup]
v0.14.0 Upgrade and Encrypted Rollback	Install backend dependencies	2026-10-06T00:02:49.6638732Z npm warn EBADENGINE Unsupported engine {
v0.14.0 Upgrade and Encrypted Rollback	Install backend dependencies	2026-10-06T00:02:49.6639479Z npm warn EBADENGINE   package: '@prisma/streams-local@0.1.11',
v0.14.0 Upgrade and Encrypted Rollback	Install backend dependencies	2026-10-06T00:02:49.6640576Z npm warn EBADENGINE   required: { bun: '>=1.2.0', node: '>=22.0.0' },
v0.14.0 Upgrade and Encrypted Rollback	Install backend dependencies	2026-10-06T00:02:49.6642138Z npm warn EBADENGINE   current: { node: 'v20.20.2', npm: '10.8.2' }
v0.14.0 Upgrade and Encrypted Rollback	Install backend dependencies	2026-10-06T00:02:49.6642872Z npm warn EBADENGINE }
v0.14.0 Upgrade and Encrypted Rollback	Install backend dependencies	2026-10-06T00:02:55.7341658Z 
v0.14.0 Upgrade and Encrypted Rollback	Install backend dependencies	2026-10-06T00:02:55.7342439Z added 430 packages in 6s
v0.14.0 Upgrade and Encrypted Rollback	Validate rollback rehearsal helpers	﻿2026-10-06T00:02:55.7837428Z ##[group]Run npm run test:db:rollback:unit
v0.14.0 Upgrade and Encrypted Rollback	Validate rollback rehearsal helpers	2026-10-06T00:02:55.7837795Z ^[[36;1mnpm run test:db:rollback:unit^[[0m
v0.14.0 Upgrade and Encrypted Rollback	Validate rollback rehearsal helpers	2026-10-06T00:02:55.7904101Z shell: /usr/bin/bash -e {0}
v0.14.0 Upgrade and Encrypted Rollback	Validate rollback rehearsal helpers	2026-10-06T00:02:55.7904379Z env:
v0.14.0 Upgrade and Encrypted Rollback	Validate rollback rehearsal helpers	2026-10-06T00:02:55.7904680Z   CALIBRATE_SOURCE_COMMIT: 7b83b3255c263efbb22fd1be1be3124bc46fc23c
v0.14.0 Upgrade and Encrypted Rollback	Validate rollback rehearsal helpers	2026-10-06T00:02:55.7905056Z ##[endgroup]
v0.14.0 Upgrade and Encrypted Rollback	Validate rollback rehearsal helpers	2026-10-06T00:02:55.9044228Z 
v0.14.0 Upgrade and Encrypted Rollback	Validate rollback rehearsal helpers	2026-10-06T00:02:55.9044926Z > cal-io@0.37.0 test:db:rollback:unit
v0.14.0 Upgrade and Encrypted Rollback	Validate rollback rehearsal helpers	2026-10-06T00:02:55.9045589Z > node --test scripts/postgres-rollback-smoke.test.mjs
v0.14.0 Upgrade and Encrypted Rollback	Validate rollback rehearsal helpers	2026-10-06T00:02:55.9045932Z 
v0.14.0 Upgrade and Encrypted Rollback	Validate rollback rehearsal helpers	2026-10-06T00:02:55.9421530Z TAP version 13
v0.14.0 Upgrade and Encrypted Rollback	Validate rollback rehearsal helpers	2026-10-06T00:02:56.0084894Z # Subtest: resource plan owns only generated Docker and database names
v0.14.0 Upgrade and Encrypted Rollback	Validate rollback rehearsal helpers	2026-10-06T00:02:56.0099596Z ok 1 - resource plan owns only generated Docker and database names
v0.14.0 Upgrade and Encrypted Rollback	Validate rollback rehearsal helpers	2026-10-06T00:02:56.0100351Z   ---
v0.14.0 Upgrade and Encrypted Rollback	Validate rollback rehearsal helpers	2026-10-06T00:02:56.0100788Z   duration_ms: 5.901155
v0.14.0 Upgrade and Encrypted Rollback	Validate rollback rehearsal helpers	2026-10-06T00:02:56.0101247Z   ...
v0.14.0 Upgrade and Encrypted Rollback	Validate rollback rehearsal helpers	2026-10-06T00:02:56.0102050Z # Subtest: published database ports must be loopback-only and singular
v0.14.0 Upgrade and Encrypted Rollback	Validate rollback rehearsal helpers	2026-10-06T00:02:56.0103716Z ok 2 - published database ports must be loopback-only and singular
v0.14.0 Upgrade and Encrypted Rollback	Validate rollback rehearsal helpers	2026-10-06T00:02:56.0104445Z   ---
v0.14.0 Upgrade and Encrypted Rollback	Validate rollback rehearsal helpers	2026-10-06T00:02:56.0104850Z   duration_ms: 0.374592
v0.14.0 Upgrade and Encrypted Rollback	Validate rollback rehearsal helpers	2026-10-06T00:02:56.0105290Z   ...
v0.14.0 Upgrade and Encrypted Rollback	Validate rollback rehearsal helpers	2026-10-06T00:02:56.0107966Z # Subtest: database URLs cannot escape the generated loopback target
v0.14.0 Upgrade and Encrypted Rollback	Validate rollback rehearsal helpers	2026-10-06T00:02:56.0109624Z ok 3 - database URLs cannot escape the generated loopback target
v0.14.0 Upgrade and Encrypted Rollback	Validate rollback rehearsal helpers	2026-10-06T00:02:56.0110342Z   ---
v0.14.0 Upgrade and Encrypted Rollback	Validate rollback rehearsal helpers	2026-10-06T00:02:56.0110739Z   duration_ms: 1.444709
v0.14.0 Upgrade and Encrypted Rollback	Validate rollback rehearsal helpers	2026-10-06T00:02:56.0111186Z   ...
v0.14.0 Upgrade and Encrypted Rollback	Validate rollback rehearsal helpers	2026-10-06T00:02:56.0112936Z # Subtest: Postgres launch is private, disposable, labeled, and loopback-published
v0.14.0 Upgrade and Encrypted Rollback	Validate rollback rehearsal helpers	2026-10-06T00:02:56.0114258Z ok 4 - Postgres launch is private, disposable, labeled, and loopback-published
v0.14.0 Upgrade and Encrypted Rollback	Validate rollback rehearsal helpers	2026-10-06T00:02:56.0115188Z   ---
v0.14.0 Upgrade and Encrypted Rollback	Validate rollback rehearsal helpers	2026-10-06T00:02:56.0115644Z   duration_ms: 0.32539
v0.14.0 Upgrade and Encrypted Rollback	Validate rollback rehearsal helpers	2026-10-06T00:02:56.0116081Z   ...
v0.14.0 Upgrade and Encrypted Rollback	Validate rollback rehearsal helpers	2026-10-06T00:02:56.0117203Z # Subtest: migration contract pins exact v0.14.0 and candidate ledgers
v0.14.0 Upgrade and Encrypted Rollback	Validate rollback rehearsal helpers	2026-10-06T00:02:56.0139561Z ok 5 - migration contract pins exact v0.14.0 and candidate ledgers
v0.14.0 Upgrade and Encrypted Rollback	Validate rollback rehearsal helpers	2026-10-06T00:02:56.0158955Z   ---
v0.14.0 Upgrade and Encrypted Rollback	Validate rollback rehearsal helpers	2026-10-06T00:02:56.0159379Z   duration_ms: 8.70423
v0.14.0 Upgrade and Encrypted Rollback	Validate rollback rehearsal helpers	2026-10-06T00:02:56.0159813Z   ...
v0.14.0 Upgrade and Encrypted Rollback	Validate rollback rehearsal helpers	2026-10-06T00:02:56.0160696Z # Subtest: hosted source binding accepts only the checked-out lowercase full SHA
v0.14.0 Upgrade and Encrypted Rollback	Validate rollback rehearsal helpers	2026-10-06T00:02:56.0161871Z ok 6 - hosted source binding accepts only the checked-out lowercase full SHA
v0.14.0 Upgrade and Encrypted Rollback	Validate rollback rehearsal helpers	2026-10-06T00:02:56.0162593Z   ---
v0.14.0 Upgrade and Encrypted Rollback	Validate rollback rehearsal helpers	2026-10-06T00:02:56.0163141Z   duration_ms: 0.388188
v0.14.0 Upgrade and Encrypted Rollback	Validate rollback rehearsal helpers	2026-10-06T00:02:56.0163692Z   ...
v0.14.0 Upgrade and Encrypted Rollback	Validate rollback rehearsal helpers	2026-10-06T00:02:56.0164605Z # Subtest: source resolver binds the actual checkout to the workflow candidate
v0.14.0 Upgrade and Encrypted Rollback	Validate rollback rehearsal helpers	2026-10-06T00:02:56.0165699Z ok 7 - source resolver binds the actual checkout to the workflow candidate
v0.14.0 Upgrade and Encrypted Rollback	Validate rollback rehearsal helpers	2026-10-06T00:02:56.0166376Z   ---
v0.14.0 Upgrade and Encrypted Rollback	Validate rollback rehearsal helpers	2026-10-06T00:02:56.0166629Z   duration_ms: 0.289774
v0.14.0 Upgrade and Encrypted Rollback	Validate rollback rehearsal helpers	2026-10-06T00:02:56.0166887Z   ...
v0.14.0 Upgrade and Encrypted Rollback	Validate rollback rehearsal helpers	2026-10-06T00:02:56.0167394Z # Subtest: representative snapshots distinguish base from the intentional candidate transform
v0.14.0 Upgrade and Encrypted Rollback	Validate rollback rehearsal helpers	2026-10-06T00:02:56.0168165Z ok 8 - representative snapshots distinguish base from the intentional candidate transform
v0.14.0 Upgrade and Encrypted Rollback	Validate rollback rehearsal helpers	2026-10-06T00:02:56.0169234Z   ---
v0.14.0 Upgrade and Encrypted Rollback	Validate rollback rehearsal helpers	2026-10-06T00:02:56.0169601Z   duration_ms: 0.313278
v0.14.0 Upgrade and Encrypted Rollback	Validate rollback rehearsal helpers	2026-10-06T00:02:56.0170051Z   ...
v0.14.0 Upgrade and Encrypted Rollback	Validate rollback rehearsal helpers	2026-10-06T00:02:56.0170683Z # Subtest: diagnostics redact credentials and absolute host paths
v0.14.0 Upgrade and Encrypted Rollback	Validate rollback rehearsal helpers	2026-10-06T00:02:56.0171574Z ok 9 - diagnostics redact credentials and absolute host paths
v0.14.0 Upgrade and Encrypted Rollback	Validate rollback rehearsal helpers	2026-10-06T00:02:56.0172135Z   ---
v0.14.0 Upgrade and Encrypted Rollback	Validate rollback rehearsal helpers	2026-10-06T00:02:56.0172354Z   duration_ms: 0.622457
v0.14.0 Upgrade and Encrypted Rollback	Validate rollback rehearsal helpers	2026-10-06T00:02:56.0172580Z   ...
v0.14.0 Upgrade and Encrypted Rollback	Validate rollback rehearsal helpers	2026-10-06T00:02:56.0172999Z # Subtest: success evidence is sanitized, exact, and contains no resource target
v0.14.0 Upgrade and Encrypted Rollback	Validate rollback rehearsal helpers	2026-10-06T00:02:56.0173625Z ok 10 - success evidence is sanitized, exact, and contains no resource target
v0.14.0 Upgrade and Encrypted Rollback	Validate rollback rehearsal helpers	2026-10-06T00:02:56.0174012Z   ---
v0.14.0 Upgrade and Encrypted Rollback	Validate rollback rehearsal helpers	2026-10-06T00:02:56.0174213Z   duration_ms: 0.51238
v0.14.0 Upgrade and Encrypted Rollback	Validate rollback rehearsal helpers	2026-10-06T00:02:56.0174731Z   ...
v0.14.0 Upgrade and Encrypted Rollback	Validate rollback rehearsal helpers	2026-10-06T00:02:56.0175108Z # Subtest: failed evidence remains bound to the checked-out candidate
v0.14.0 Upgrade and Encrypted Rollback	Validate rollback rehearsal helpers	2026-10-06T00:02:56.0175642Z ok 11 - failed evidence remains bound to the checked-out candidate
v0.14.0 Upgrade and Encrypted Rollback	Validate rollback rehearsal helpers	2026-10-06T00:02:56.0206747Z   ---
v0.14.0 Upgrade and Encrypted Rollback	Validate rollback rehearsal helpers	2026-10-06T00:02:56.0207027Z   duration_ms: 0.279164
v0.14.0 Upgrade and Encrypted Rollback	Validate rollback rehearsal helpers	2026-10-06T00:02:56.0207284Z   ...
v0.14.0 Upgrade and Encrypted Rollback	Validate rollback rehearsal helpers	2026-10-06T00:02:56.0207720Z # Subtest: schema names, arguments, and evidence path are fixed and guarded
v0.14.0 Upgrade and Encrypted Rollback	Validate rollback rehearsal helpers	2026-10-06T00:02:56.0208592Z ok 12 - schema names, arguments, and evidence path are fixed and guarded
v0.14.0 Upgrade and Encrypted Rollback	Validate rollback rehearsal helpers	2026-10-06T00:02:56.0209012Z   ---
v0.14.0 Upgrade and Encrypted Rollback	Validate rollback rehearsal helpers	2026-10-06T00:02:56.0209231Z   duration_ms: 0.258624
v0.14.0 Upgrade and Encrypted Rollback	Validate rollback rehearsal helpers	2026-10-06T00:02:56.0209469Z   ...
v0.14.0 Upgrade and Encrypted Rollback	Validate rollback rehearsal helpers	2026-10-06T00:02:56.0209932Z # Subtest: command encoding defaults to text while preserving explicit spawn encodings
v0.14.0 Upgrade and Encrypted Rollback	Validate rollback rehearsal helpers	2026-10-06T00:02:56.0210667Z ok 13 - command encoding defaults to text while preserving explicit spawn encodings
v0.14.0 Upgrade and Encrypted Rollback	Validate rollback rehearsal helpers	2026-10-06T00:02:56.0211460Z   ---
v0.14.0 Upgrade and Encrypted Rollback	Validate rollback rehearsal helpers	2026-10-06T00:02:56.0211855Z   duration_ms: 0.153397
v0.14.0 Upgrade and Encrypted Rollback	Validate rollback rehearsal helpers	2026-10-06T00:02:56.0212324Z   ...
v0.14.0 Upgrade and Encrypted Rollback	Validate rollback rehearsal helpers	2026-10-06T00:02:56.0212922Z # Subtest: script contract uses production backup/restore and cleanup without external DATABASE_URL
v0.14.0 Upgrade and Encrypted Rollback	Validate rollback rehearsal helpers	2026-10-06T00:02:56.0213715Z ok 14 - script contract uses production backup/restore and cleanup without external DATABASE_URL
v0.14.0 Upgrade and Encrypted Rollback	Validate rollback rehearsal helpers	2026-10-06T00:02:56.0214185Z   ---
v0.14.0 Upgrade and Encrypted Rollback	Validate rollback rehearsal helpers	2026-10-06T00:02:56.0214392Z   duration_ms: 0.674895
v0.14.0 Upgrade and Encrypted Rollback	Validate rollback rehearsal helpers	2026-10-06T00:02:56.0214626Z   ...
v0.14.0 Upgrade and Encrypted Rollback	Validate rollback rehearsal helpers	2026-10-06T00:02:56.0276802Z 1..14
v0.14.0 Upgrade and Encrypted Rollback	Validate rollback rehearsal helpers	2026-10-06T00:02:56.0277181Z # tests 14
v0.14.0 Upgrade and Encrypted Rollback	Validate rollback rehearsal helpers	2026-10-06T00:02:56.0277766Z # suites 0
v0.14.0 Upgrade and Encrypted Rollback	Validate rollback rehearsal helpers	2026-10-06T00:02:56.0278790Z # pass 14
v0.14.0 Upgrade and Encrypted Rollback	Validate rollback rehearsal helpers	2026-10-06T00:02:56.0279336Z # fail 0
v0.14.0 Upgrade and Encrypted Rollback	Validate rollback rehearsal helpers	2026-10-06T00:02:56.0279835Z # cancelled 0
v0.14.0 Upgrade and Encrypted Rollback	Validate rollback rehearsal helpers	2026-10-06T00:02:56.0280397Z # skipped 0
v0.14.0 Upgrade and Encrypted Rollback	Validate rollback rehearsal helpers	2026-10-06T00:02:56.0283081Z # todo 0
v0.14.0 Upgrade and Encrypted Rollback	Validate rollback rehearsal helpers	2026-10-06T00:02:56.0286955Z # duration_ms 94.712879
v0.14.0 Upgrade and Encrypted Rollback	Upgrade from v0.14.0, restore, and re-upgrade	﻿2026-10-06T00:02:56.0401737Z ##[group]Run npm run test:db:rollback
v0.14.0 Upgrade and Encrypted Rollback	Upgrade from v0.14.0, restore, and re-upgrade	2026-10-06T00:02:56.0402077Z ^[[36;1mnpm run test:db:rollback^[[0m
v0.14.0 Upgrade and Encrypted Rollback	Upgrade from v0.14.0, restore, and re-upgrade	2026-10-06T00:02:56.0467657Z shell: /usr/bin/bash -e {0}
v0.14.0 Upgrade and Encrypted Rollback	Upgrade from v0.14.0, restore, and re-upgrade	2026-10-06T00:02:56.0467921Z env:
v0.14.0 Upgrade and Encrypted Rollback	Upgrade from v0.14.0, restore, and re-upgrade	2026-10-06T00:02:56.0468448Z   CALIBRATE_SOURCE_COMMIT: 7b83b3255c263efbb22fd1be1be3124bc46fc23c
v0.14.0 Upgrade and Encrypted Rollback	Upgrade from v0.14.0, restore, and re-upgrade	2026-10-06T00:02:56.0468890Z ##[endgroup]
v0.14.0 Upgrade and Encrypted Rollback	Upgrade from v0.14.0, restore, and re-upgrade	2026-10-06T00:02:56.1590481Z 
v0.14.0 Upgrade and Encrypted Rollback	Upgrade from v0.14.0, restore, and re-upgrade	2026-10-06T00:02:56.1591057Z > cal-io@0.37.0 test:db:rollback
v0.14.0 Upgrade and Encrypted Rollback	Upgrade from v0.14.0, restore, and re-upgrade	2026-10-06T00:02:56.1591798Z > node scripts/postgres-rollback-smoke.mjs
v0.14.0 Upgrade and Encrypted Rollback	Upgrade from v0.14.0, restore, and re-upgrade	2026-10-06T00:02:56.1592220Z 
v0.14.0 Upgrade and Encrypted Rollback	Upgrade from v0.14.0, restore, and re-upgrade	2026-10-06T00:03:06.7471299Z [postgres-rollback-smoke] Applying immutable v0.14.0 migration ledger.
v0.14.0 Upgrade and Encrypted Rollback	Upgrade from v0.14.0, restore, and re-upgrade	2026-10-06T00:03:10.0742104Z [postgres-rollback-smoke] Applying candidate migrations through 0045_firebase_identity_foundation.
v0.14.0 Upgrade and Encrypted Rollback	Upgrade from v0.14.0, restore, and re-upgrade	2026-10-06T00:03:11.8970001Z [postgres-rollback-smoke] Restoring the encrypted predecessor backup into the owned empty target.
v0.14.0 Upgrade and Encrypted Rollback	Upgrade from v0.14.0, restore, and re-upgrade	2026-10-06T00:03:12.4013971Z [postgres-rollback-smoke] Re-applying the candidate ledger to the restored predecessor data.
v0.14.0 Upgrade and Encrypted Rollback	Upgrade from v0.14.0, restore, and re-upgrade	2026-10-06T00:03:14.3292219Z [postgres-rollback-smoke] PASS: restored v0.14.0, verified its exact data/ledger, and re-upgraded through 0045_firebase_identity_foundation.
v0.14.0 Upgrade and Encrypted Rollback	Post Setup Node	﻿2026-10-06T00:03:14.3481400Z Post job cleanup.
v0.14.0 Upgrade and Encrypted Rollback	Post Setup Node	2026-10-06T00:03:14.4693205Z (node:4502) [DEP0040] DeprecationWarning: The `punycode` module is deprecated. Please use a userland alternative instead.
v0.14.0 Upgrade and Encrypted Rollback	Post Setup Node	2026-10-06T00:03:14.4694293Z (Use `node --trace-deprecation ...` to show where the warning was created)
v0.14.0 Upgrade and Encrypted Rollback	Post Setup Node	2026-10-06T00:03:14.4697205Z Cache hit occurred on the primary key node-cache-Linux-x64-npm-9ad1fc3d02200f097d647c965e5a2c426e45ead6e22fb282009302d8eeb7a3d3, not saving cache.
v0.14.0 Upgrade and Encrypted Rollback	Post Checkout candidate C with immutable base tag	﻿2026-10-06T00:03:14.4850581Z Post job cleanup.
v0.14.0 Upgrade and Encrypted Rollback	Post Checkout candidate C with immutable base tag	2026-10-06T00:03:14.5736717Z [command]/usr/bin/git version
v0.14.0 Upgrade and Encrypted Rollback	Post Checkout candidate C with immutable base tag	2026-10-06T00:03:14.5781246Z git version 2.55.0
v0.14.0 Upgrade and Encrypted Rollback	Post Checkout candidate C with immutable base tag	2026-10-06T00:03:14.5821164Z Temporarily overriding HOME='/home/runner/work/_temp/bc0c5009-416c-486b-a5d8-0a3e1bf533e1' before making global git config changes
v0.14.0 Upgrade and Encrypted Rollback	Post Checkout candidate C with immutable base tag	2026-10-06T00:03:14.5822795Z Adding repository directory to the temporary git global config as a safe directory
v0.14.0 Upgrade and Encrypted Rollback	Post Checkout candidate C with immutable base tag	2026-10-06T00:03:14.5827295Z [command]/usr/bin/git config --global --add safe.directory /home/runner/work/calibrate-health/calibrate-health
v0.14.0 Upgrade and Encrypted Rollback	Post Checkout candidate C with immutable base tag	2026-10-06T00:03:14.5866917Z [command]/usr/bin/git config --local --name-only --get-regexp core\.sshCommand
v0.14.0 Upgrade and Encrypted Rollback	Post Checkout candidate C with immutable base tag	2026-10-06T00:03:14.5903942Z [command]/usr/bin/git submodule foreach --recursive sh -c "git config --local --name-only --get-regexp 'core\.sshCommand' && git config --local --unset-all 'core.sshCommand' || :"
v0.14.0 Upgrade and Encrypted Rollback	Post Checkout candidate C with immutable base tag	2026-10-06T00:03:14.6155956Z [command]/usr/bin/git config --local --name-only --get-regexp http\.https\:\/\/github\.com\/\.extraheader
v0.14.0 Upgrade and Encrypted Rollback	Post Checkout candidate C with immutable base tag	2026-10-06T00:03:14.6180787Z http.https://github.com/.extraheader
v0.14.0 Upgrade and Encrypted Rollback	Post Checkout candidate C with immutable base tag	2026-10-06T00:03:14.6192998Z [command]/usr/bin/git config --local --unset-all http.https://github.com/.extraheader
v0.14.0 Upgrade and Encrypted Rollback	Post Checkout candidate C with immutable base tag	2026-10-06T00:03:14.6233283Z [command]/usr/bin/git submodule foreach --recursive sh -c "git config --local --name-only --get-regexp 'http\.https\:\/\/github\.com\/\.extraheader' && git config --local --unset-all 'http.https://github.com/.extraheader' || :"
v0.14.0 Upgrade and Encrypted Rollback	Post Checkout candidate C with immutable base tag	2026-10-06T00:03:14.6558477Z [command]/usr/bin/git config --local --name-only --get-regexp ^includeIf\.gitdir:
v0.14.0 Upgrade and Encrypted Rollback	Post Checkout candidate C with immutable base tag	2026-10-06T00:03:14.6621280Z [command]/usr/bin/git submodule foreach --recursive git config --local --show-origin --name-only --get-regexp remote.origin.url
v0.14.0 Upgrade and Encrypted Rollback	Complete job	﻿2026-10-06T00:03:14.7060794Z Cleaning up orphan processes
v0.14.0 Upgrade and Encrypted Rollback	Complete job	2026-10-06T00:03:14.7493342Z ##[warning]Node.js 20 is deprecated. The following actions target Node.js 20 but are being forced to run on Node.js 24: actions/checkout@v4, actions/setup-node@v4. For more information see: https://github.blog/changelog/2025-09-19-deprecation-of-node-20-on-github-actions-runners/
Populated Postgres Upgrade	Set up job	﻿2026-10-06T00:02:39.0042775Z Current runner version: '2.337.0'
Populated Postgres Upgrade	Set up job	2026-10-06T00:02:39.0072586Z ##[group]Runner Image Provisioner
Populated Postgres Upgrade	Set up job	2026-10-06T00:02:39.0073516Z Hosted Compute Agent
Populated Postgres Upgrade	Set up job	2026-10-06T00:02:39.0074348Z Version: 20260901.588
Populated Postgres Upgrade	Set up job	2026-10-06T00:02:39.0075062Z Commit: f88ec8081b781fac6c440065ac7ff9e710ce3d0b
Populated Postgres Upgrade	Set up job	2026-10-06T00:02:39.0075909Z Build Date: 2026-09-01T19:56:44Z
Populated Postgres Upgrade	Set up job	2026-10-06T00:02:39.0076737Z Worker ID: {0a2b051f-6684-48fe-b591-98158df913d5}
Populated Postgres Upgrade	Set up job	2026-10-06T00:02:39.0077770Z Azure Region: northcentralus
Populated Postgres Upgrade	Set up job	2026-10-06T00:02:39.0078743Z ##[endgroup]
Populated Postgres Upgrade	Set up job	2026-10-06T00:02:39.0080604Z ##[group]Operating System
Populated Postgres Upgrade	Set up job	2026-10-06T00:02:39.0081388Z Ubuntu
Populated Postgres Upgrade	Set up job	2026-10-06T00:02:39.0082130Z 24.04.5
Populated Postgres Upgrade	Set up job	2026-10-06T00:02:39.0082744Z LTS
Populated Postgres Upgrade	Set up job	2026-10-06T00:02:39.0083463Z ##[endgroup]
Populated Postgres Upgrade	Set up job	2026-10-06T00:02:39.0084099Z ##[group]Runner Image
Populated Postgres Upgrade	Set up job	2026-10-06T00:02:39.0084793Z Image: ubuntu-24.04
Populated Postgres Upgrade	Set up job	2026-10-06T00:02:39.0085588Z Version: 20260927.320.1
Populated Postgres Upgrade	Set up job	2026-10-06T00:02:39.0086915Z Included Software: https://github.com/actions/runner-images/blob/ubuntu24/20260927.320/images/ubuntu/Ubuntu2404-Readme.md
Populated Postgres Upgrade	Set up job	2026-10-06T00:02:39.0089382Z Image Release: https://github.com/actions/runner-images/releases/tag/ubuntu24%2F20260927.320
Populated Postgres Upgrade	Set up job	2026-10-06T00:02:39.0090566Z ##[endgroup]
Populated Postgres Upgrade	Set up job	2026-10-06T00:02:39.0092196Z ##[group]GITHUB_TOKEN Permissions
Populated Postgres Upgrade	Set up job	2026-10-06T00:02:39.0094527Z Contents: read
Populated Postgres Upgrade	Set up job	2026-10-06T00:02:39.0095336Z Metadata: read
Populated Postgres Upgrade	Set up job	2026-10-06T00:02:39.0095987Z ##[endgroup]
Populated Postgres Upgrade	Set up job	2026-10-06T00:02:39.0098469Z Secret source: Actions
Populated Postgres Upgrade	Set up job	2026-10-06T00:02:39.0099616Z Cache mode: write
Populated Postgres Upgrade	Set up job	2026-10-06T00:02:39.0100725Z Prepare workflow directory
Populated Postgres Upgrade	Set up job	2026-10-06T00:02:39.0477820Z Prepare all required actions
Populated Postgres Upgrade	Set up job	2026-10-06T00:02:39.0531995Z Getting action download info
Populated Postgres Upgrade	Set up job	2026-10-06T00:02:39.2547665Z Download action repository 'actions/checkout@v4' (SHA:11d5960a326750d5838078e36cf38b85af677262)
Populated Postgres Upgrade	Set up job	2026-10-06T00:02:39.3600869Z Download action repository 'actions/setup-node@v4' (SHA:49933ea5288caeca8642d1e84afbd3f7d6820020)
Populated Postgres Upgrade	Set up job	2026-10-06T00:02:39.5582983Z Complete job name: Populated Postgres Upgrade
Populated Postgres Upgrade	Initialize containers	﻿2026-10-06T00:02:39.5997996Z ##[group]Checking docker version
Populated Postgres Upgrade	Initialize containers	2026-10-06T00:02:39.6008603Z ##[command]/usr/bin/docker version --format '{{.Server.APIVersion}}'
Populated Postgres Upgrade	Initialize containers	2026-10-06T00:02:39.6683760Z '1.48'
Populated Postgres Upgrade	Initialize containers	2026-10-06T00:02:39.6691477Z Docker daemon API version: '1.48'
Populated Postgres Upgrade	Initialize containers	2026-10-06T00:02:39.6692100Z ##[command]/usr/bin/docker version --format '{{.Client.APIVersion}}'
Populated Postgres Upgrade	Initialize containers	2026-10-06T00:02:39.6820884Z '1.48'
Populated Postgres Upgrade	Initialize containers	2026-10-06T00:02:39.6830358Z Docker client API version: '1.48'
Populated Postgres Upgrade	Initialize containers	2026-10-06T00:02:39.6834139Z ##[endgroup]
Populated Postgres Upgrade	Initialize containers	2026-10-06T00:02:39.6836161Z ##[group]Clean up resources from previous jobs
Populated Postgres Upgrade	Initialize containers	2026-10-06T00:02:39.6841057Z ##[command]/usr/bin/docker ps --all --quiet --no-trunc --filter "label=090f02"
Populated Postgres Upgrade	Initialize containers	2026-10-06T00:02:39.6954545Z ##[command]/usr/bin/docker network prune --force --filter "label=090f02"
Populated Postgres Upgrade	Initialize containers	2026-10-06T00:02:39.7055265Z ##[endgroup]
Populated Postgres Upgrade	Initialize containers	2026-10-06T00:02:39.7055703Z ##[group]Create local container network
Populated Postgres Upgrade	Initialize containers	2026-10-06T00:02:39.7063837Z ##[command]/usr/bin/docker network create --label 090f02 github_network_0a29ca10d27740bb948ed09f06cb03ab
Populated Postgres Upgrade	Initialize containers	2026-10-06T00:02:39.7514360Z bd6d84bc5835dad20ceb959a1503d94fb8bf5161db2e0e6ec4a17ae190cbd1f1
Populated Postgres Upgrade	Initialize containers	2026-10-06T00:02:39.7530223Z ##[endgroup]
Populated Postgres Upgrade	Initialize containers	2026-10-06T00:02:39.7550863Z ##[group]Starting postgres service container
Populated Postgres Upgrade	Initialize containers	2026-10-06T00:02:39.7568227Z ##[command]/usr/bin/docker pull postgres:15-alpine
Populated Postgres Upgrade	Initialize containers	2026-10-06T00:02:40.1900753Z 15-alpine: Pulling from library/postgres
Populated Postgres Upgrade	Initialize containers	2026-10-06T00:02:40.3179715Z e2de96513ba9: Already exists
Populated Postgres Upgrade	Initialize containers	2026-10-06T00:02:40.3200760Z 2c2e40dd947e: Pulling fs layer
Populated Postgres Upgrade	Initialize containers	2026-10-06T00:02:40.3202032Z 2e9987a42d41: Pulling fs layer
Populated Postgres Upgrade	Initialize containers	2026-10-06T00:02:40.3202980Z 3f49193fd82d: Pulling fs layer
Populated Postgres Upgrade	Initialize containers	2026-10-06T00:02:40.3203733Z bc2205dd5a3a: Pulling fs layer
Populated Postgres Upgrade	Initialize containers	2026-10-06T00:02:40.3204481Z e9516be90840: Pulling fs layer
Populated Postgres Upgrade	Initialize containers	2026-10-06T00:02:40.3205218Z 4f83103187f5: Pulling fs layer
Populated Postgres Upgrade	Initialize containers	2026-10-06T00:02:40.3205942Z c020dab2e853: Pulling fs layer
Populated Postgres Upgrade	Initialize containers	2026-10-06T00:02:40.3206673Z 0976f43b012c: Pulling fs layer
Populated Postgres Upgrade	Initialize containers	2026-10-06T00:02:40.3207504Z 6ba2251a51ae: Pulling fs layer
Populated Postgres Upgrade	Initialize containers	2026-10-06T00:02:40.3208053Z 277e2289225f: Pulling fs layer
Populated Postgres Upgrade	Initialize containers	2026-10-06T00:02:40.3208494Z 4f83103187f5: Waiting
Populated Postgres Upgrade	Initialize containers	2026-10-06T00:02:40.3209227Z c020dab2e853: Waiting
Populated Postgres Upgrade	Initialize containers	2026-10-06T00:02:40.3209618Z 0976f43b012c: Waiting
Populated Postgres Upgrade	Initialize containers	2026-10-06T00:02:40.3210015Z 6ba2251a51ae: Waiting
Populated Postgres Upgrade	Initialize containers	2026-10-06T00:02:40.3210386Z 277e2289225f: Waiting
Populated Postgres Upgrade	Initialize containers	2026-10-06T00:02:40.3210766Z bc2205dd5a3a: Waiting
Populated Postgres Upgrade	Initialize containers	2026-10-06T00:02:40.3211142Z e9516be90840: Waiting
Populated Postgres Upgrade	Initialize containers	2026-10-06T00:02:40.3934107Z 2c2e40dd947e: Verifying Checksum
Populated Postgres Upgrade	Initialize containers	2026-10-06T00:02:40.3935028Z 2c2e40dd947e: Download complete
Populated Postgres Upgrade	Initialize containers	2026-10-06T00:02:40.4116087Z 2e9987a42d41: Verifying Checksum
Populated Postgres Upgrade	Initialize containers	2026-10-06T00:02:40.4117461Z 2e9987a42d41: Download complete
Populated Postgres Upgrade	Initialize containers	2026-10-06T00:02:40.4118606Z 3f49193fd82d: Verifying Checksum
Populated Postgres Upgrade	Initialize containers	2026-10-06T00:02:40.4119579Z 3f49193fd82d: Download complete
Populated Postgres Upgrade	Initialize containers	2026-10-06T00:02:40.4524980Z 2c2e40dd947e: Pull complete
Populated Postgres Upgrade	Initialize containers	2026-10-06T00:02:40.4638287Z bc2205dd5a3a: Verifying Checksum
Populated Postgres Upgrade	Initialize containers	2026-10-06T00:02:40.4639159Z bc2205dd5a3a: Download complete
Populated Postgres Upgrade	Initialize containers	2026-10-06T00:02:40.4854170Z 2e9987a42d41: Pull complete
Populated Postgres Upgrade	Initialize containers	2026-10-06T00:02:40.4958908Z 3f49193fd82d: Pull complete
Populated Postgres Upgrade	Initialize containers	2026-10-06T00:02:40.5036997Z bc2205dd5a3a: Pull complete
Populated Postgres Upgrade	Initialize containers	2026-10-06T00:02:40.5065637Z 4f83103187f5: Verifying Checksum
Populated Postgres Upgrade	Initialize containers	2026-10-06T00:02:40.5066508Z 4f83103187f5: Download complete
Populated Postgres Upgrade	Initialize containers	2026-10-06T00:02:40.5484802Z c020dab2e853: Verifying Checksum
Populated Postgres Upgrade	Initialize containers	2026-10-06T00:02:40.5485539Z c020dab2e853: Download complete
Populated Postgres Upgrade	Initialize containers	2026-10-06T00:02:40.5795095Z 0976f43b012c: Verifying Checksum
Populated Postgres Upgrade	Initialize containers	2026-10-06T00:02:40.5796693Z 0976f43b012c: Download complete
Populated Postgres Upgrade	Initialize containers	2026-10-06T00:02:40.6236405Z 6ba2251a51ae: Verifying Checksum
Populated Postgres Upgrade	Initialize containers	2026-10-06T00:02:40.6237520Z 6ba2251a51ae: Download complete
Populated Postgres Upgrade	Initialize containers	2026-10-06T00:02:40.6614505Z 277e2289225f: Download complete
Populated Postgres Upgrade	Initialize containers	2026-10-06T00:02:40.8570057Z e9516be90840: Download complete
Populated Postgres Upgrade	Initialize containers	2026-10-06T00:02:43.9406449Z e9516be90840: Pull complete
Populated Postgres Upgrade	Initialize containers	2026-10-06T00:02:43.9498128Z 4f83103187f5: Pull complete
Populated Postgres Upgrade	Initialize containers	2026-10-06T00:02:43.9592458Z c020dab2e853: Pull complete
Populated Postgres Upgrade	Initialize containers	2026-10-06T00:02:43.9689821Z 0976f43b012c: Pull complete
Populated Postgres Upgrade	Initialize containers	2026-10-06T00:02:43.9769967Z 6ba2251a51ae: Pull complete
Populated Postgres Upgrade	Initialize containers	2026-10-06T00:02:43.9844603Z 277e2289225f: Pull complete
Populated Postgres Upgrade	Initialize containers	2026-10-06T00:02:43.9872821Z Digest: sha256:f7d23353e1b15400d22ebe31189f4d314b87a4c129cc400c8c2d8d4ca127bf81
Populated Postgres Upgrade	Initialize containers	2026-10-06T00:02:43.9884135Z Status: Downloaded newer image for postgres:15-alpine
Populated Postgres Upgrade	Initialize containers	2026-10-06T00:02:43.9890474Z docker.io/library/postgres:15-alpine
Populated Postgres Upgrade	Initialize containers	2026-10-06T00:02:43.9944850Z ##[command]/usr/bin/docker create --name 4dd6aff69767460faa5957c92d10aad2_postgres15alpine_dcc1bf --label 090f02 --network github_network_0a29ca10d27740bb948ed09f06cb03ab --network-alias postgres -p 5432:5432 --health-cmd "pg_isready -U calibrate -d calibrate" --health-interval 2s --health-timeout 5s --health-retries 10 -e "POSTGRES_USER=calibrate" -e "POSTGRES_PASSWORD=calibrate" -e "POSTGRES_DB=calibrate" -e GITHUB_ACTIONS=true -e CI=true postgres:15-alpine
Populated Postgres Upgrade	Initialize containers	2026-10-06T00:02:44.0139055Z 94cec90783b7d3a6b85bffb40f95a34a1fad984dd9f1192857a01d2d6ee4e5de
Populated Postgres Upgrade	Initialize containers	2026-10-06T00:02:44.0156115Z ##[command]/usr/bin/docker start 94cec90783b7d3a6b85bffb40f95a34a1fad984dd9f1192857a01d2d6ee4e5de
Populated Postgres Upgrade	Initialize containers	2026-10-06T00:02:44.1814987Z 94cec90783b7d3a6b85bffb40f95a34a1fad984dd9f1192857a01d2d6ee4e5de
Populated Postgres Upgrade	Initialize containers	2026-10-06T00:02:44.1829638Z ##[command]/usr/bin/docker ps --all --filter id=94cec90783b7d3a6b85bffb40f95a34a1fad984dd9f1192857a01d2d6ee4e5de --filter status=running --no-trunc --format "{{.ID}} {{.Status}}"
Populated Postgres Upgrade	Initialize containers	2026-10-06T00:02:44.1938589Z 94cec90783b7d3a6b85bffb40f95a34a1fad984dd9f1192857a01d2d6ee4e5de Up Less than a second (health: starting)
Populated Postgres Upgrade	Initialize containers	2026-10-06T00:02:44.1951263Z ##[command]/usr/bin/docker port 94cec90783b7d3a6b85bffb40f95a34a1fad984dd9f1192857a01d2d6ee4e5de
Populated Postgres Upgrade	Initialize containers	2026-10-06T00:02:44.2054194Z 5432/tcp -> 0.0.0.0:5432
Populated Postgres Upgrade	Initialize containers	2026-10-06T00:02:44.2063046Z 5432/tcp -> [::]:5432
Populated Postgres Upgrade	Initialize containers	2026-10-06T00:02:44.2097993Z ##[endgroup]
Populated Postgres Upgrade	Initialize containers	2026-10-06T00:02:44.2105082Z ##[group]Waiting for all services to be ready
Populated Postgres Upgrade	Initialize containers	2026-10-06T00:02:44.2115818Z ##[command]/usr/bin/docker inspect --format="{{if .Config.Healthcheck}}{{print .State.Health.Status}}{{end}}" 94cec90783b7d3a6b85bffb40f95a34a1fad984dd9f1192857a01d2d6ee4e5de
Populated Postgres Upgrade	Initialize containers	2026-10-06T00:02:44.2213501Z starting
Populated Postgres Upgrade	Initialize containers	2026-10-06T00:02:44.2228809Z postgres service is starting, waiting 2 seconds before checking again.
Populated Postgres Upgrade	Initialize containers	2026-10-06T00:02:46.2238558Z ##[command]/usr/bin/docker inspect --format="{{if .Config.Healthcheck}}{{print .State.Health.Status}}{{end}}" 94cec90783b7d3a6b85bffb40f95a34a1fad984dd9f1192857a01d2d6ee4e5de
Populated Postgres Upgrade	Initialize containers	2026-10-06T00:02:46.2335443Z healthy
Populated Postgres Upgrade	Initialize containers	2026-10-06T00:02:46.2349069Z postgres service is healthy.
Populated Postgres Upgrade	Initialize containers	2026-10-06T00:02:46.2349428Z ##[endgroup]
Populated Postgres Upgrade	Checkout	﻿2026-10-06T00:02:46.2676516Z ##[group]Run actions/checkout@v4
Populated Postgres Upgrade	Checkout	2026-10-06T00:02:46.2676948Z with:
Populated Postgres Upgrade	Checkout	2026-10-06T00:02:46.2677351Z   ref: 7b83b3255c263efbb22fd1be1be3124bc46fc23c
Populated Postgres Upgrade	Checkout	2026-10-06T00:02:46.2677639Z   repository: MChartier/calibrate-health
Populated Postgres Upgrade	Checkout	2026-10-06T00:02:46.2679848Z   token: ***
Populated Postgres Upgrade	Checkout	2026-10-06T00:02:46.2680018Z   ssh-strict: true
Populated Postgres Upgrade	Checkout	2026-10-06T00:02:46.2680188Z   ssh-user: git
Populated Postgres Upgrade	Checkout	2026-10-06T00:02:46.2680367Z   persist-credentials: true
Populated Postgres Upgrade	Checkout	2026-10-06T00:02:46.2680566Z   clean: true
Populated Postgres Upgrade	Checkout	2026-10-06T00:02:46.2680739Z   sparse-checkout-cone-mode: true
Populated Postgres Upgrade	Checkout	2026-10-06T00:02:46.2680949Z   fetch-depth: 1
Populated Postgres Upgrade	Checkout	2026-10-06T00:02:46.2681118Z   fetch-tags: false
Populated Postgres Upgrade	Checkout	2026-10-06T00:02:46.2681283Z   show-progress: true
Populated Postgres Upgrade	Checkout	2026-10-06T00:02:46.2681450Z   lfs: false
Populated Postgres Upgrade	Checkout	2026-10-06T00:02:46.2681612Z   submodules: false
Populated Postgres Upgrade	Checkout	2026-10-06T00:02:46.2681787Z   set-safe-directory: true
Populated Postgres Upgrade	Checkout	2026-10-06T00:02:46.2681994Z   allow-unsafe-pr-checkout: false
Populated Postgres Upgrade	Checkout	2026-10-06T00:02:46.2682335Z env:
Populated Postgres Upgrade	Checkout	2026-10-06T00:02:46.2682711Z   DATABASE_URL: ***localhost:5432/calibrate?schema=public
Populated Postgres Upgrade	Checkout	2026-10-06T00:02:46.2682961Z ##[endgroup]
Populated Postgres Upgrade	Checkout	2026-10-06T00:02:46.3473995Z Syncing repository: MChartier/calibrate-health
Populated Postgres Upgrade	Checkout	2026-10-06T00:02:46.3475476Z ##[group]Getting Git version info
Populated Postgres Upgrade	Checkout	2026-10-06T00:02:46.3475996Z Working directory is '/home/runner/work/calibrate-health/calibrate-health'
Populated Postgres Upgrade	Checkout	2026-10-06T00:02:46.3476785Z [command]/usr/bin/git version
Populated Postgres Upgrade	Checkout	2026-10-06T00:02:46.3513639Z git version 2.55.0
Populated Postgres Upgrade	Checkout	2026-10-06T00:02:46.3529734Z ##[endgroup]
Populated Postgres Upgrade	Checkout	2026-10-06T00:02:46.3540427Z Temporarily overriding HOME='/home/runner/work/_temp/c5cdd888-a50f-42bf-8940-2ef254862742' before making global git config changes
Populated Postgres Upgrade	Checkout	2026-10-06T00:02:46.3541511Z Adding repository directory to the temporary git global config as a safe directory
Populated Postgres Upgrade	Checkout	2026-10-06T00:02:46.3544461Z [command]/usr/bin/git config --global --add safe.directory /home/runner/work/calibrate-health/calibrate-health
Populated Postgres Upgrade	Checkout	2026-10-06T00:02:46.3583754Z Deleting the contents of '/home/runner/work/calibrate-health/calibrate-health'
Populated Postgres Upgrade	Checkout	2026-10-06T00:02:46.3587491Z ##[group]Initializing the repository
Populated Postgres Upgrade	Checkout	2026-10-06T00:02:46.3590702Z [command]/usr/bin/git init /home/runner/work/calibrate-health/calibrate-health
Populated Postgres Upgrade	Checkout	2026-10-06T00:02:46.3658856Z hint: Using 'master' as the name for the initial branch. This default branch name
Populated Postgres Upgrade	Checkout	2026-10-06T00:02:46.3659665Z hint: will change to "main" in Git 3.0. To configure the initial branch name
Populated Postgres Upgrade	Checkout	2026-10-06T00:02:46.3660353Z hint: to use in all of your new repositories, which will suppress this warning,
Populated Postgres Upgrade	Checkout	2026-10-06T00:02:46.3660838Z hint: call:
Populated Postgres Upgrade	Checkout	2026-10-06T00:02:46.3661070Z hint:
Populated Postgres Upgrade	Checkout	2026-10-06T00:02:46.3661445Z hint: 	git config --global init.defaultBranch <name>
Populated Postgres Upgrade	Checkout	2026-10-06T00:02:46.3661826Z hint:
Populated Postgres Upgrade	Checkout	2026-10-06T00:02:46.3662195Z hint: Names commonly chosen instead of 'master' are 'main', 'trunk' and
Populated Postgres Upgrade	Checkout	2026-10-06T00:02:46.3663158Z hint: 'development'. The just-created branch can be renamed via this command:
Populated Postgres Upgrade	Checkout	2026-10-06T00:02:46.3663653Z hint:
Populated Postgres Upgrade	Checkout	2026-10-06T00:02:46.3663899Z hint: 	git branch -m <name>
Populated Postgres Upgrade	Checkout	2026-10-06T00:02:46.3664236Z hint:
Populated Postgres Upgrade	Checkout	2026-10-06T00:02:46.3664635Z hint: Disable this message with "git config set advice.defaultBranchName false"
Populated Postgres Upgrade	Checkout	2026-10-06T00:02:46.3665402Z Initialized empty Git repository in /home/runner/work/calibrate-health/calibrate-health/.git/
Populated Postgres Upgrade	Checkout	2026-10-06T00:02:46.3670454Z [command]/usr/bin/git remote add origin https://github.com/MChartier/calibrate-health
Populated Postgres Upgrade	Checkout	2026-10-06T00:02:46.3707730Z ##[endgroup]
Populated Postgres Upgrade	Checkout	2026-10-06T00:02:46.3708308Z ##[group]Disabling automatic garbage collection
Populated Postgres Upgrade	Checkout	2026-10-06T00:02:46.3711614Z [command]/usr/bin/git config --local gc.auto 0
Populated Postgres Upgrade	Checkout	2026-10-06T00:02:46.3738239Z ##[endgroup]
Populated Postgres Upgrade	Checkout	2026-10-06T00:02:46.3738695Z ##[group]Setting up auth
Populated Postgres Upgrade	Checkout	2026-10-06T00:02:46.3744278Z [command]/usr/bin/git config --local --name-only --get-regexp core\.sshCommand
Populated Postgres Upgrade	Checkout	2026-10-06T00:02:46.3774301Z [command]/usr/bin/git submodule foreach --recursive sh -c "git config --local --name-only --get-regexp 'core\.sshCommand' && git config --local --unset-all 'core.sshCommand' || :"
Populated Postgres Upgrade	Checkout	2026-10-06T00:02:46.4079893Z [command]/usr/bin/git config --local --name-only --get-regexp http\.https\:\/\/github\.com\/\.extraheader
Populated Postgres Upgrade	Checkout	2026-10-06T00:02:46.4113670Z [command]/usr/bin/git submodule foreach --recursive sh -c "git config --local --name-only --get-regexp 'http\.https\:\/\/github\.com\/\.extraheader' && git config --local --unset-all 'http.https://github.com/.extraheader' || :"
Populated Postgres Upgrade	Checkout	2026-10-06T00:02:46.4313403Z [command]/usr/bin/git config --local --name-only --get-regexp ^includeIf\.gitdir:
Populated Postgres Upgrade	Checkout	2026-10-06T00:02:46.4342370Z [command]/usr/bin/git submodule foreach --recursive git config --local --show-origin --name-only --get-regexp remote.origin.url
Populated Postgres Upgrade	Checkout	2026-10-06T00:02:46.4531693Z [command]/usr/bin/git config --local http.https://github.com/.extraheader AUTHORIZATION: basic ***
Populated Postgres Upgrade	Checkout	2026-10-06T00:02:46.4566972Z ##[endgroup]
Populated Postgres Upgrade	Checkout	2026-10-06T00:02:46.4567808Z ##[group]Fetching the repository
Populated Postgres Upgrade	Checkout	2026-10-06T00:02:46.4574321Z [command]/usr/bin/git -c protocol.version=2 fetch --no-tags --prune --no-recurse-submodules --depth=1 origin 7b83b3255c263efbb22fd1be1be3124bc46fc23c
Populated Postgres Upgrade	Checkout	2026-10-06T00:02:47.1748729Z From https://github.com/MChartier/calibrate-health
Populated Postgres Upgrade	Checkout	2026-10-06T00:02:47.1749400Z  * branch            7b83b3255c263efbb22fd1be1be3124bc46fc23c -> FETCH_HEAD
Populated Postgres Upgrade	Checkout	2026-10-06T00:02:47.1753996Z ##[endgroup]
Populated Postgres Upgrade	Checkout	2026-10-06T00:02:47.1754456Z ##[group]Determining the checkout info
Populated Postgres Upgrade	Checkout	2026-10-06T00:02:47.1754991Z ##[endgroup]
Populated Postgres Upgrade	Checkout	2026-10-06T00:02:47.1765495Z [command]/usr/bin/git sparse-checkout disable
Populated Postgres Upgrade	Checkout	2026-10-06T00:02:47.1812119Z [command]/usr/bin/git config --local --unset-all extensions.worktreeConfig
Populated Postgres Upgrade	Checkout	2026-10-06T00:02:47.1840318Z ##[group]Checking out the ref
Populated Postgres Upgrade	Checkout	2026-10-06T00:02:47.1843633Z [command]/usr/bin/git checkout --progress --force 7b83b3255c263efbb22fd1be1be3124bc46fc23c
Populated Postgres Upgrade	Checkout	2026-10-06T00:02:47.3452617Z Note: switching to '7b83b3255c263efbb22fd1be1be3124bc46fc23c'.
Populated Postgres Upgrade	Checkout	2026-10-06T00:02:47.3453160Z 
Populated Postgres Upgrade	Checkout	2026-10-06T00:02:47.3453408Z You are in 'detached HEAD' state. You can look around, make experimental
Populated Postgres Upgrade	Checkout	2026-10-06T00:02:47.3453997Z changes and commit them, and you can discard any commits you make in this
Populated Postgres Upgrade	Checkout	2026-10-06T00:02:47.3454556Z state without impacting any branches by switching back to a branch.
Populated Postgres Upgrade	Checkout	2026-10-06T00:02:47.3454930Z 
Populated Postgres Upgrade	Checkout	2026-10-06T00:02:47.3455155Z If you want to create a new branch to retain commits you create, you may
Populated Postgres Upgrade	Checkout	2026-10-06T00:02:47.3455660Z do so (now or later) by using -c with the switch command. Example:
Populated Postgres Upgrade	Checkout	2026-10-06T00:02:47.3455940Z 
Populated Postgres Upgrade	Checkout	2026-10-06T00:02:47.3456064Z   git switch -c <new-branch-name>
Populated Postgres Upgrade	Checkout	2026-10-06T00:02:47.3456317Z 
Populated Postgres Upgrade	Checkout	2026-10-06T00:02:47.3456428Z Or undo this operation with:
Populated Postgres Upgrade	Checkout	2026-10-06T00:02:47.3456622Z 
Populated Postgres Upgrade	Checkout	2026-10-06T00:02:47.3456725Z   git switch -
Populated Postgres Upgrade	Checkout	2026-10-06T00:02:47.3456897Z 
Populated Postgres Upgrade	Checkout	2026-10-06T00:02:47.3457305Z Turn off this advice by setting config variable advice.detachedHead to false
Populated Postgres Upgrade	Checkout	2026-10-06T00:02:47.3457686Z 
Populated Postgres Upgrade	Checkout	2026-10-06T00:02:47.3457998Z HEAD is now at 7b83b32 Reject stale day controls while preserving explicit historical backfill
Populated Postgres Upgrade	Checkout	2026-10-06T00:02:47.3466656Z ##[endgroup]
Populated Postgres Upgrade	Checkout	2026-10-06T00:02:47.3505207Z [command]/usr/bin/git log -1 --format=%H
Populated Postgres Upgrade	Checkout	2026-10-06T00:02:47.3526873Z 7b83b3255c263efbb22fd1be1be3124bc46fc23c
Populated Postgres Upgrade	Setup Node	﻿2026-10-06T00:02:47.3728361Z ##[group]Run actions/setup-node@v4
Populated Postgres Upgrade	Setup Node	2026-10-06T00:02:47.3728608Z with:
Populated Postgres Upgrade	Setup Node	2026-10-06T00:02:47.3728772Z   node-version: 20
Populated Postgres Upgrade	Setup Node	2026-10-06T00:02:47.3728942Z   cache: npm
Populated Postgres Upgrade	Setup Node	2026-10-06T00:02:47.3729140Z   cache-dependency-path: backend/package-lock.json
Populated Postgres Upgrade	Setup Node	2026-10-06T00:02:47.3729406Z   always-auth: false
Populated Postgres Upgrade	Setup Node	2026-10-06T00:02:47.3729606Z   check-latest: false
Populated Postgres Upgrade	Setup Node	2026-10-06T00:02:47.3731691Z   token: ***
Populated Postgres Upgrade	Setup Node	2026-10-06T00:02:47.3731853Z env:
Populated Postgres Upgrade	Setup Node	2026-10-06T00:02:47.3732247Z   DATABASE_URL: ***localhost:5432/calibrate?schema=public
Populated Postgres Upgrade	Setup Node	2026-10-06T00:02:47.3732500Z ##[endgroup]
Populated Postgres Upgrade	Setup Node	2026-10-06T00:02:47.4831574Z Attempting to download 20...
Populated Postgres Upgrade	Setup Node	2026-10-06T00:02:47.4912777Z (node:2446) [DEP0040] DeprecationWarning: The `punycode` module is deprecated. Please use a userland alternative instead.
Populated Postgres Upgrade	Setup Node	2026-10-06T00:02:47.4913680Z (Use `node --trace-deprecation ...` to show where the warning was created)
Populated Postgres Upgrade	Setup Node	2026-10-06T00:02:48.1219750Z Acquiring 20.20.2 - x64 from https://github.com/actions/node-versions/releases/download/20.20.2-23521894959/node-20.20.2-linux-x64.tar.gz
Populated Postgres Upgrade	Setup Node	2026-10-06T00:02:48.4381603Z Extracting ...
Populated Postgres Upgrade	Setup Node	2026-10-06T00:02:48.4473098Z [command]/usr/bin/tar xz --strip 1 --warning=no-unknown-keyword --overwrite -C /home/runner/work/_temp/254e51f5-c9be-40a9-a8f0-010e2c45de5a -f /home/runner/work/_temp/1591a244-0e1e-4921-8696-ca21fd650e92
Populated Postgres Upgrade	Setup Node	2026-10-06T00:02:49.3175920Z Adding to the cache ...
Populated Postgres Upgrade	Setup Node	2026-10-06T00:02:50.9224148Z ##[group]Environment details
Populated Postgres Upgrade	Setup Node	2026-10-06T00:02:51.0913409Z node: v20.20.2
Populated Postgres Upgrade	Setup Node	2026-10-06T00:02:51.0914147Z npm: 10.8.2
Populated Postgres Upgrade	Setup Node	2026-10-06T00:02:51.0914602Z yarn: 1.22.22
Populated Postgres Upgrade	Setup Node	2026-10-06T00:02:51.0915131Z ##[endgroup]
Populated Postgres Upgrade	Setup Node	2026-10-06T00:02:51.0930037Z [command]/opt/hostedtoolcache/node/20.20.2/x64/bin/npm config get cache
Populated Postgres Upgrade	Setup Node	2026-10-06T00:02:51.1743061Z /home/runner/.npm
Populated Postgres Upgrade	Setup Node	2026-10-06T00:02:51.2818257Z Cache hit for: node-cache-Linux-x64-npm-9ad1fc3d02200f097d647c965e5a2c426e45ead6e22fb282009302d8eeb7a3d3
Populated Postgres Upgrade	Setup Node	2026-10-06T00:02:51.2902872Z (node:2446) [DEP0169] DeprecationWarning: `url.parse()` behavior is not standardized and prone to errors that have security implications. Use the WHATWG URL API instead. CVEs are not issued for `url.parse()` vulnerabilities.
Populated Postgres Upgrade	Setup Node	2026-10-06T00:02:52.4165244Z Received 134217728 of 142506313 (94.2%), 126.5 MBs/sec
Populated Postgres Upgrade	Setup Node	2026-10-06T00:02:52.5561183Z Received 142506313 of 142506313 (100.0%), 118.1 MBs/sec
Populated Postgres Upgrade	Setup Node	2026-10-06T00:02:52.5561678Z Cache Size: ~136 MB (142506313 B)
Populated Postgres Upgrade	Setup Node	2026-10-06T00:02:52.5653473Z [command]/usr/bin/tar -xf /home/runner/work/_temp/6cea3e1d-41b5-4183-9ab3-76ef90841307/cache.tzst -P -C /home/runner/work/calibrate-health/calibrate-health --use-compress-program unzstd
Populated Postgres Upgrade	Setup Node	2026-10-06T00:02:52.7629100Z Cache restored successfully
Populated Postgres Upgrade	Setup Node	2026-10-06T00:02:52.7690661Z Cache restored from key: node-cache-Linux-x64-npm-9ad1fc3d02200f097d647c965e5a2c426e45ead6e22fb282009302d8eeb7a3d3
Populated Postgres Upgrade	Install backend dependencies	﻿2026-10-06T00:02:52.7844931Z ##[group]Run npm --prefix backend ci --no-audit --fund=false
Populated Postgres Upgrade	Install backend dependencies	2026-10-06T00:02:52.7845374Z ^[[36;1mnpm --prefix backend ci --no-audit --fund=false^[[0m
Populated Postgres Upgrade	Install backend dependencies	2026-10-06T00:02:52.8014061Z shell: /usr/bin/bash -e {0}
Populated Postgres Upgrade	Install backend dependencies	2026-10-06T00:02:52.8014303Z env:
Populated Postgres Upgrade	Install backend dependencies	2026-10-06T00:02:52.8014777Z   DATABASE_URL: ***localhost:5432/calibrate?schema=public
Populated Postgres Upgrade	Install backend dependencies	2026-10-06T00:02:52.8015038Z ##[endgroup]
Populated Postgres Upgrade	Install backend dependencies	2026-10-06T00:02:53.1294635Z npm warn EBADENGINE Unsupported engine {
Populated Postgres Upgrade	Install backend dependencies	2026-10-06T00:02:53.1295428Z npm warn EBADENGINE   package: '@prisma/streams-local@0.1.11',
Populated Postgres Upgrade	Install backend dependencies	2026-10-06T00:02:53.1296115Z npm warn EBADENGINE   required: { bun: '>=1.2.0', node: '>=22.0.0' },
Populated Postgres Upgrade	Install backend dependencies	2026-10-06T00:02:53.1296793Z npm warn EBADENGINE   current: { node: 'v20.20.2', npm: '10.8.2' }
Populated Postgres Upgrade	Install backend dependencies	2026-10-06T00:02:53.1297545Z npm warn EBADENGINE }
Populated Postgres Upgrade	Install backend dependencies	2026-10-06T00:02:57.8742087Z 
Populated Postgres Upgrade	Install backend dependencies	2026-10-06T00:02:57.8742715Z added 430 packages in 5s
Populated Postgres Upgrade	Generate Prisma client	﻿2026-10-06T00:02:57.9123561Z ##[group]Run npm run prisma:generate
Populated Postgres Upgrade	Generate Prisma client	2026-10-06T00:02:57.9123884Z ^[[36;1mnpm run prisma:generate^[[0m
Populated Postgres Upgrade	Generate Prisma client	2026-10-06T00:02:57.9184638Z shell: /usr/bin/bash -e {0}
Populated Postgres Upgrade	Generate Prisma client	2026-10-06T00:02:57.9184879Z env:
Populated Postgres Upgrade	Generate Prisma client	2026-10-06T00:02:57.9185341Z   DATABASE_URL: ***localhost:5432/calibrate?schema=public
Populated Postgres Upgrade	Generate Prisma client	2026-10-06T00:02:57.9185603Z ##[endgroup]
Populated Postgres Upgrade	Generate Prisma client	2026-10-06T00:02:58.0109625Z 
Populated Postgres Upgrade	Generate Prisma client	2026-10-06T00:02:58.0110017Z > cal-io@0.37.0 prisma:generate
Populated Postgres Upgrade	Generate Prisma client	2026-10-06T00:02:58.0110464Z > npm --prefix backend run prisma:generate
Populated Postgres Upgrade	Generate Prisma client	2026-10-06T00:02:58.0110651Z 
Populated Postgres Upgrade	Generate Prisma client	2026-10-06T00:02:58.0946034Z 
Populated Postgres Upgrade	Generate Prisma client	2026-10-06T00:02:58.0946797Z > backend@0.37.0 prisma:generate
Populated Postgres Upgrade	Generate Prisma client	2026-10-06T00:02:58.0947522Z > prisma generate
Populated Postgres Upgrade	Generate Prisma client	2026-10-06T00:02:58.0947724Z 
Populated Postgres Upgrade	Generate Prisma client	2026-10-06T00:02:58.8126466Z Loaded Prisma config from prisma.config.ts.
Populated Postgres Upgrade	Generate Prisma client	2026-10-06T00:02:58.8126859Z 
Populated Postgres Upgrade	Generate Prisma client	2026-10-06T00:02:58.9440900Z Prisma schema loaded from prisma/schema.prisma.
Populated Postgres Upgrade	Generate Prisma client	2026-10-06T00:02:59.5190457Z 
Populated Postgres Upgrade	Generate Prisma client	2026-10-06T00:02:59.5191931Z ✔ Generated Prisma Client (v7.9.0) to ./node_modules/@prisma/client in 388ms
Populated Postgres Upgrade	Generate Prisma client	2026-10-06T00:02:59.5192420Z 
Populated Postgres Upgrade	Generate Prisma client	2026-10-06T00:02:59.5192918Z Start by importing your Prisma Client (See: https://pris.ly/d/importing-client)
Populated Postgres Upgrade	Generate Prisma client	2026-10-06T00:02:59.5193723Z 
Populated Postgres Upgrade	Generate Prisma client	2026-10-06T00:02:59.5193902Z 
Populated Postgres Upgrade	Validate upgrade-smoke helpers	﻿2026-10-06T00:02:59.5513886Z ##[group]Run node --test scripts/postgres-populated-upgrade-smoke.test.mjs
Populated Postgres Upgrade	Validate upgrade-smoke helpers	2026-10-06T00:02:59.5514336Z ^[[36;1mnode --test scripts/postgres-populated-upgrade-smoke.test.mjs^[[0m
Populated Postgres Upgrade	Validate upgrade-smoke helpers	2026-10-06T00:02:59.5570143Z shell: /usr/bin/bash -e {0}
Populated Postgres Upgrade	Validate upgrade-smoke helpers	2026-10-06T00:02:59.5570362Z env:
Populated Postgres Upgrade	Validate upgrade-smoke helpers	2026-10-06T00:02:59.5570883Z   DATABASE_URL: ***localhost:5432/calibrate?schema=public
Populated Postgres Upgrade	Validate upgrade-smoke helpers	2026-10-06T00:02:59.5571155Z ##[endgroup]
Populated Postgres Upgrade	Validate upgrade-smoke helpers	2026-10-06T00:02:59.5911645Z TAP version 13
Populated Postgres Upgrade	Validate upgrade-smoke helpers	2026-10-06T00:02:59.6504496Z # Subtest: migrationOrdinal accepts tracked ordinal names and rejects malformed names
Populated Postgres Upgrade	Validate upgrade-smoke helpers	2026-10-06T00:02:59.6521953Z ok 1 - migrationOrdinal accepts tracked ordinal names and rejects malformed names
Populated Postgres Upgrade	Validate upgrade-smoke helpers	2026-10-06T00:02:59.6522684Z   ---
Populated Postgres Upgrade	Validate upgrade-smoke helpers	2026-10-06T00:02:59.6523084Z   duration_ms: 1.153971
Populated Postgres Upgrade	Validate upgrade-smoke helpers	2026-10-06T00:02:59.6523361Z   ...
Populated Postgres Upgrade	Validate upgrade-smoke helpers	2026-10-06T00:02:59.6523940Z # Subtest: databaseUrlForSchema preserves connection options while replacing schema
Populated Postgres Upgrade	Validate upgrade-smoke helpers	2026-10-06T00:02:59.6524758Z ok 2 - databaseUrlForSchema preserves connection options while replacing schema
Populated Postgres Upgrade	Validate upgrade-smoke helpers	2026-10-06T00:02:59.6525334Z   ---
Populated Postgres Upgrade	Validate upgrade-smoke helpers	2026-10-06T00:02:59.6525578Z   duration_ms: 0.676761
Populated Postgres Upgrade	Validate upgrade-smoke helpers	2026-10-06T00:02:59.6525847Z   ...
Populated Postgres Upgrade	Validate upgrade-smoke helpers	2026-10-06T00:02:59.6526402Z # Subtest: legacy migration tree includes every migration through 0020 and no native migrations
Populated Postgres Upgrade	Validate upgrade-smoke helpers	2026-10-06T00:02:59.6526973Z ok 3 - legacy migration tree includes every migration through 0020 and no native migrations
Populated Postgres Upgrade	Validate upgrade-smoke helpers	2026-10-06T00:02:59.6527559Z   ---
Populated Postgres Upgrade	Validate upgrade-smoke helpers	2026-10-06T00:02:59.6527724Z   duration_ms: 22.357585
Populated Postgres Upgrade	Validate upgrade-smoke helpers	2026-10-06T00:02:59.6528008Z   ...
Populated Postgres Upgrade	Validate upgrade-smoke helpers	2026-10-06T00:02:59.6588182Z 1..3
Populated Postgres Upgrade	Validate upgrade-smoke helpers	2026-10-06T00:02:59.6588489Z # tests 3
Populated Postgres Upgrade	Validate upgrade-smoke helpers	2026-10-06T00:02:59.6588952Z # suites 0
Populated Postgres Upgrade	Validate upgrade-smoke helpers	2026-10-06T00:02:59.6589455Z # pass 3
Populated Postgres Upgrade	Validate upgrade-smoke helpers	2026-10-06T00:02:59.6589908Z # fail 0
Populated Postgres Upgrade	Validate upgrade-smoke helpers	2026-10-06T00:02:59.6590364Z # cancelled 0
Populated Postgres Upgrade	Validate upgrade-smoke helpers	2026-10-06T00:02:59.6590739Z # skipped 0
Populated Postgres Upgrade	Validate upgrade-smoke helpers	2026-10-06T00:02:59.6591113Z # todo 0
Populated Postgres Upgrade	Validate upgrade-smoke helpers	2026-10-06T00:02:59.6597696Z # duration_ms 74.230973
Populated Postgres Upgrade	Upgrade populated schema from 0020 through current	﻿2026-10-06T00:02:59.6651258Z ##[group]Run node scripts/postgres-populated-upgrade-smoke.mjs
Populated Postgres Upgrade	Upgrade populated schema from 0020 through current	2026-10-06T00:02:59.6651669Z ^[[36;1mnode scripts/postgres-populated-upgrade-smoke.mjs^[[0m
Populated Postgres Upgrade	Upgrade populated schema from 0020 through current	2026-10-06T00:02:59.6709594Z shell: /usr/bin/bash -e {0}
Populated Postgres Upgrade	Upgrade populated schema from 0020 through current	2026-10-06T00:02:59.6709812Z env:
Populated Postgres Upgrade	Upgrade populated schema from 0020 through current	2026-10-06T00:02:59.6710258Z   DATABASE_URL: ***localhost:5432/calibrate?schema=public
Populated Postgres Upgrade	Upgrade populated schema from 0020 through current	2026-10-06T00:02:59.6710525Z ##[endgroup]
Populated Postgres Upgrade	Upgrade populated schema from 0020 through current	2026-10-06T00:02:59.7678349Z [db-upgrade-smoke] Applying 24 migrations through 0020.
Populated Postgres Upgrade	Upgrade populated schema from 0020 through current	2026-10-06T00:03:00.3680962Z Loaded Prisma config from prisma.config.ts.
Populated Postgres Upgrade	Upgrade populated schema from 0020 through current	2026-10-06T00:03:00.3681355Z 
Populated Postgres Upgrade	Upgrade populated schema from 0020 through current	2026-10-06T00:03:00.4628655Z Prisma schema loaded from ../../../../../../tmp/calibrate-upgrade-r0ekzX/prisma/schema.prisma.
Populated Postgres Upgrade	Upgrade populated schema from 0020 through current	2026-10-06T00:03:00.4708839Z Datasource "db": PostgreSQL database "calibrate", schema "calibrate_upgrade_smoke_2726_51dcb747419e" at "localhost:5432"
Populated Postgres Upgrade	Upgrade populated schema from 0020 through current	2026-10-06T00:03:00.5306017Z 
Populated Postgres Upgrade	Upgrade populated schema from 0020 through current	2026-10-06T00:03:00.5306783Z 24 migrations found in prisma/migrations
Populated Postgres Upgrade	Upgrade populated schema from 0020 through current	2026-10-06T00:03:00.5307209Z 
Populated Postgres Upgrade	Upgrade populated schema from 0020 through current	2026-10-06T00:03:00.6543068Z Applying migration `0001_init`
Populated Postgres Upgrade	Upgrade populated schema from 0020 through current	2026-10-06T00:03:00.6792477Z Applying migration `0002_weight_units_grams`
Populated Postgres Upgrade	Upgrade populated schema from 0020 through current	2026-10-06T00:03:00.6886901Z Applying migration `0003_bodymetric_date_only`
Populated Postgres Upgrade	Upgrade populated schema from 0020 through current	2026-10-06T00:03:00.6975261Z Applying migration `0004_add_profile_fields`
Populated Postgres Upgrade	Upgrade populated schema from 0020 through current	2026-10-06T00:03:00.7011983Z Applying migration `0005_add_user_timezone`
Populated Postgres Upgrade	Upgrade populated schema from 0020 through current	2026-10-06T00:03:00.7035372Z Applying migration `0006_foodlog_local_date`
Populated Postgres Upgrade	Upgrade populated schema from 0020 through current	2026-10-06T00:03:00.7078605Z Applying migration `0007_height_unit_preference`
Populated Postgres Upgrade	Upgrade populated schema from 0020 through current	2026-10-06T00:03:00.7118941Z Applying migration `0008_meal_period_enum`
Populated Postgres Upgrade	Upgrade populated schema from 0020 through current	2026-10-06T00:03:00.7207847Z Applying migration `0009_add_user_profile_image`
Populated Postgres Upgrade	Upgrade populated schema from 0020 through current	2026-10-06T00:03:00.7229803Z Applying migration `0010_my_foods`
Populated Postgres Upgrade	Upgrade populated schema from 0020 through current	2026-10-06T00:03:00.7421793Z Applying migration `0011_add_user_language`
Populated Postgres Upgrade	Upgrade populated schema from 0020 through current	2026-10-06T00:03:00.7443527Z Applying migration `0012_session_store`
Populated Postgres Upgrade	Upgrade populated schema from 0020 through current	2026-10-06T00:03:00.7496053Z Applying migration `0013_food_log_day_completion`
Populated Postgres Upgrade	Upgrade populated schema from 0020 through current	2026-10-06T00:03:00.7562220Z Applying migration `0013_push_subscriptions`
Populated Postgres Upgrade	Upgrade populated schema from 0020 through current	2026-10-06T00:03:00.7654524Z Applying migration `0014_push_subscription_reminders`
Populated Postgres Upgrade	Upgrade populated schema from 0020 through current	2026-10-06T00:03:00.7675365Z Applying migration `0014_push_subscription_user_endpoint_uniqueness`
Populated Postgres Upgrade	Upgrade populated schema from 0020 through current	2026-10-06T00:03:00.7709894Z Applying migration `0015_reminder_preference_flags`
Populated Postgres Upgrade	Upgrade populated schema from 0020 through current	2026-10-06T00:03:00.7737292Z Applying migration `0016_bodymetric_trend_precompute`
Populated Postgres Upgrade	Upgrade populated schema from 0020 through current	2026-10-06T00:03:00.7801449Z Applying migration `0016_in_app_notifications`
Populated Postgres Upgrade	Upgrade populated schema from 0020 through current	2026-10-06T00:03:00.7903605Z Applying migration `0017_haptics_preference`
Populated Postgres Upgrade	Upgrade populated schema from 0020 through current	2026-10-06T00:03:00.7926350Z Applying migration `0017_notification_delivery_channels`
Populated Postgres Upgrade	Upgrade populated schema from 0020 through current	2026-10-06T00:03:00.7982169Z Applying migration `0018_food_log_external_snapshots`
Populated Postgres Upgrade	Upgrade populated schema from 0020 through current	2026-10-06T00:03:00.8010290Z Applying migration `0019_backend_server_audit_indexes`
Populated Postgres Upgrade	Upgrade populated schema from 0020 through current	2026-10-06T00:03:00.8037450Z Applying migration `0020_goal_active_lookup_index`
Populated Postgres Upgrade	Upgrade populated schema from 0020 through current	2026-10-06T00:03:00.8061952Z 
Populated Postgres Upgrade	Upgrade populated schema from 0020 through current	2026-10-06T00:03:00.8072713Z The following migration(s) have been applied:
Populated Postgres Upgrade	Upgrade populated schema from 0020 through current	2026-10-06T00:03:00.8073026Z 
Populated Postgres Upgrade	Upgrade populated schema from 0020 through current	2026-10-06T00:03:00.8073168Z migrations/
Populated Postgres Upgrade	Upgrade populated schema from 0020 through current	2026-10-06T00:03:00.8073684Z   └─ 0001_init/
Populated Postgres Upgrade	Upgrade populated schema from 0020 through current	2026-10-06T00:03:00.8074017Z     └─ migration.sql
Populated Postgres Upgrade	Upgrade populated schema from 0020 through current	2026-10-06T00:03:00.8074374Z   └─ 0002_weight_units_grams/
Populated Postgres Upgrade	Upgrade populated schema from 0020 through current	2026-10-06T00:03:00.8074735Z     └─ migration.sql
Populated Postgres Upgrade	Upgrade populated schema from 0020 through current	2026-10-06T00:03:00.8075096Z   └─ 0003_bodymetric_date_only/
Populated Postgres Upgrade	Upgrade populated schema from 0020 through current	2026-10-06T00:03:00.8075434Z     └─ migration.sql
Populated Postgres Upgrade	Upgrade populated schema from 0020 through current	2026-10-06T00:03:00.8075762Z   └─ 0004_add_profile_fields/
Populated Postgres Upgrade	Upgrade populated schema from 0020 through current	2026-10-06T00:03:00.8076087Z     └─ migration.sql
Populated Postgres Upgrade	Upgrade populated schema from 0020 through current	2026-10-06T00:03:00.8076402Z   └─ 0005_add_user_timezone/
Populated Postgres Upgrade	Upgrade populated schema from 0020 through current	2026-10-06T00:03:00.8076720Z     └─ migration.sql
Populated Postgres Upgrade	Upgrade populated schema from 0020 through current	2026-10-06T00:03:00.8077495Z   └─ 0006_foodlog_local_date/
Populated Postgres Upgrade	Upgrade populated schema from 0020 through current	2026-10-06T00:03:00.8077834Z     └─ migration.sql
Populated Postgres Upgrade	Upgrade populated schema from 0020 through current	2026-10-06T00:03:00.8078199Z   └─ 0007_height_unit_preference/
Populated Postgres Upgrade	Upgrade populated schema from 0020 through current	2026-10-06T00:03:00.8078499Z     └─ migration.sql
Populated Postgres Upgrade	Upgrade populated schema from 0020 through current	2026-10-06T00:03:00.8078806Z   └─ 0008_meal_period_enum/
Populated Postgres Upgrade	Upgrade populated schema from 0020 through current	2026-10-06T00:03:00.8079138Z     └─ migration.sql
Populated Postgres Upgrade	Upgrade populated schema from 0020 through current	2026-10-06T00:03:00.8079458Z   └─ 0009_add_user_profile_image/
Populated Postgres Upgrade	Upgrade populated schema from 0020 through current	2026-10-06T00:03:00.8079765Z     └─ migration.sql
Populated Postgres Upgrade	Upgrade populated schema from 0020 through current	2026-10-06T00:03:00.8080071Z   └─ 0010_my_foods/
Populated Postgres Upgrade	Upgrade populated schema from 0020 through current	2026-10-06T00:03:00.8080336Z     └─ migration.sql
Populated Postgres Upgrade	Upgrade populated schema from 0020 through current	2026-10-06T00:03:00.8080649Z   └─ 0011_add_user_language/
Populated Postgres Upgrade	Upgrade populated schema from 0020 through current	2026-10-06T00:03:00.8081305Z     └─ migration.sql
Populated Postgres Upgrade	Upgrade populated schema from 0020 through current	2026-10-06T00:03:00.8081700Z   └─ 0012_session_store/
Populated Postgres Upgrade	Upgrade populated schema from 0020 through current	2026-10-06T00:03:00.8082012Z     └─ migration.sql
Populated Postgres Upgrade	Upgrade populated schema from 0020 through current	2026-10-06T00:03:00.8082367Z   └─ 0013_food_log_day_completion/
Populated Postgres Upgrade	Upgrade populated schema from 0020 through current	2026-10-06T00:03:00.8082731Z     └─ migration.sql
Populated Postgres Upgrade	Upgrade populated schema from 0020 through current	2026-10-06T00:03:00.8083040Z   └─ 0013_push_subscriptions/
Populated Postgres Upgrade	Upgrade populated schema from 0020 through current	2026-10-06T00:03:00.8083370Z     └─ migration.sql
Populated Postgres Upgrade	Upgrade populated schema from 0020 through current	2026-10-06T00:03:00.8083784Z   └─ 0014_push_subscription_reminders/
Populated Postgres Upgrade	Upgrade populated schema from 0020 through current	2026-10-06T00:03:00.8084189Z     └─ migration.sql
Populated Postgres Upgrade	Upgrade populated schema from 0020 through current	2026-10-06T00:03:00.8084636Z   └─ 0014_push_subscription_user_endpoint_uniqueness/
Populated Postgres Upgrade	Upgrade populated schema from 0020 through current	2026-10-06T00:03:00.8085084Z     └─ migration.sql
Populated Postgres Upgrade	Upgrade populated schema from 0020 through current	2026-10-06T00:03:00.8085470Z   └─ 0015_reminder_preference_flags/
Populated Postgres Upgrade	Upgrade populated schema from 0020 through current	2026-10-06T00:03:00.8085848Z     └─ migration.sql
Populated Postgres Upgrade	Upgrade populated schema from 0020 through current	2026-10-06T00:03:00.8086218Z   └─ 0016_bodymetric_trend_precompute/
Populated Postgres Upgrade	Upgrade populated schema from 0020 through current	2026-10-06T00:03:00.8086604Z     └─ migration.sql
Populated Postgres Upgrade	Upgrade populated schema from 0020 through current	2026-10-06T00:03:00.8086960Z   └─ 0016_in_app_notifications/
Populated Postgres Upgrade	Upgrade populated schema from 0020 through current	2026-10-06T00:03:00.8087950Z     └─ migration.sql
Populated Postgres Upgrade	Upgrade populated schema from 0020 through current	2026-10-06T00:03:00.8088305Z   └─ 0017_haptics_preference/
Populated Postgres Upgrade	Upgrade populated schema from 0020 through current	2026-10-06T00:03:00.8088668Z     └─ migration.sql
Populated Postgres Upgrade	Upgrade populated schema from 0020 through current	2026-10-06T00:03:00.8089061Z   └─ 0017_notification_delivery_channels/
Populated Postgres Upgrade	Upgrade populated schema from 0020 through current	2026-10-06T00:03:00.8089451Z     └─ migration.sql
Populated Postgres Upgrade	Upgrade populated schema from 0020 through current	2026-10-06T00:03:00.8089831Z   └─ 0018_food_log_external_snapshots/
Populated Postgres Upgrade	Upgrade populated schema from 0020 through current	2026-10-06T00:03:00.8090215Z     └─ migration.sql
Populated Postgres Upgrade	Upgrade populated schema from 0020 through current	2026-10-06T00:03:00.8090586Z   └─ 0019_backend_server_audit_indexes/
Populated Postgres Upgrade	Upgrade populated schema from 0020 through current	2026-10-06T00:03:00.8091052Z     └─ migration.sql
Populated Postgres Upgrade	Upgrade populated schema from 0020 through current	2026-10-06T00:03:00.8091404Z   └─ 0020_goal_active_lookup_index/
Populated Postgres Upgrade	Upgrade populated schema from 0020 through current	2026-10-06T00:03:00.8091769Z     └─ migration.sql
Populated Postgres Upgrade	Upgrade populated schema from 0020 through current	2026-10-06T00:03:00.8091938Z 
Populated Postgres Upgrade	Upgrade populated schema from 0020 through current	2026-10-06T00:03:00.8092175Z All migrations have been successfully applied.
Populated Postgres Upgrade	Upgrade populated schema from 0020 through current	2026-10-06T00:03:00.8329770Z [db-upgrade-smoke] Applying migrations 0021-0045 to populated data.
Populated Postgres Upgrade	Upgrade populated schema from 0020 through current	2026-10-06T00:03:01.4330195Z Loaded Prisma config from prisma.config.ts.
Populated Postgres Upgrade	Upgrade populated schema from 0020 through current	2026-10-06T00:03:01.4330469Z 
Populated Postgres Upgrade	Upgrade populated schema from 0020 through current	2026-10-06T00:03:01.5358206Z Prisma schema loaded from prisma/schema.prisma.
Populated Postgres Upgrade	Upgrade populated schema from 0020 through current	2026-10-06T00:03:01.5439195Z Datasource "db": PostgreSQL database "calibrate", schema "calibrate_upgrade_smoke_2726_51dcb747419e" at "localhost:5432"
Populated Postgres Upgrade	Upgrade populated schema from 0020 through current	2026-10-06T00:03:01.5961919Z 
Populated Postgres Upgrade	Upgrade populated schema from 0020 through current	2026-10-06T00:03:01.5962471Z 47 migrations found in prisma/migrations
Populated Postgres Upgrade	Upgrade populated schema from 0020 through current	2026-10-06T00:03:01.5962734Z 
Populated Postgres Upgrade	Upgrade populated schema from 0020 through current	2026-10-06T00:03:01.6528040Z Applying migration `0021_mobile_native_client`
Populated Postgres Upgrade	Upgrade populated schema from 0020 through current	2026-10-06T00:03:01.6801409Z Applying migration `0022_bind_native_push_to_mobile_session`
Populated Postgres Upgrade	Upgrade populated schema from 0020 through current	2026-10-06T00:03:01.6895719Z Applying migration `0023_client_sync_foundation`
Populated Postgres Upgrade	Upgrade populated schema from 0020 through current	2026-10-06T00:03:01.7061375Z Applying migration `0024_account_lifecycle`
Populated Postgres Upgrade	Upgrade populated schema from 0020 through current	2026-10-06T00:03:01.7290021Z Applying migration `0025_my_food_pinning`
Populated Postgres Upgrade	Upgrade populated schema from 0020 through current	2026-10-06T00:03:01.7329100Z Applying migration `0026_health_connect_activity`
Populated Postgres Upgrade	Upgrade populated schema from 0020 through current	2026-10-06T00:03:01.7655042Z Applying migration `0027_wear_os_pairing`
Populated Postgres Upgrade	Upgrade populated schema from 0020 through current	2026-10-06T00:03:01.7805815Z Applying migration `0028_watch_operation_provenance`
Populated Postgres Upgrade	Upgrade populated schema from 0020 through current	2026-10-06T00:03:01.7856932Z Applying migration `0029_push_subscription_endpoint_ownership`
Populated Postgres Upgrade	Upgrade populated schema from 0020 through current	2026-10-06T00:03:01.7938166Z Applying migration `0030_day_resolution_and_tracking_pauses`
Populated Postgres Upgrade	Upgrade populated schema from 0020 through current	2026-10-06T00:03:01.8097792Z Applying migration `0031_calibration_insights`
Populated Postgres Upgrade	Upgrade populated schema from 0020 through current	2026-10-06T00:03:01.8292543Z Applying migration `0032_weight_trend_v2`
Populated Postgres Upgrade	Upgrade populated schema from 0020 through current	2026-10-06T00:03:01.8319523Z Applying migration `0033_weight_trend_source_revision`
Populated Postgres Upgrade	Upgrade populated schema from 0020 through current	2026-10-06T00:03:01.8340933Z Applying migration `0034_calorie_safety_policy`
Populated Postgres Upgrade	Upgrade populated schema from 0020 through current	2026-10-06T00:03:01.9102188Z Applying migration `0035_account_verification_and_legal_consent`
Populated Postgres Upgrade	Upgrade populated schema from 0020 through current	2026-10-06T00:03:01.9285156Z Applying migration `0036_atomic_onboarding`
Populated Postgres Upgrade	Upgrade populated schema from 0020 through current	2026-10-06T00:03:01.9318940Z Applying migration `0037_saved_foods_library`
Populated Postgres Upgrade	Upgrade populated schema from 0020 through current	2026-10-06T00:03:01.9347967Z Applying migration `0038_settings_trust_center`
Populated Postgres Upgrade	Upgrade populated schema from 0020 through current	2026-10-06T00:03:01.9602135Z Applying migration `0039_mcp_oauth`
Populated Postgres Upgrade	Upgrade populated schema from 0020 through current	2026-10-06T00:03:02.3471502Z Applying migration `0040_ios_native_support`
Populated Postgres Upgrade	Upgrade populated schema from 0020 through current	2026-10-06T00:03:02.3492545Z Applying migration `0041_server_settings`
Populated Postgres Upgrade	Upgrade populated schema from 0020 through current	2026-10-06T00:03:02.3527291Z Applying migration `0043_food_day_comparison`
Populated Postgres Upgrade	Upgrade populated schema from 0020 through current	2026-10-06T00:03:02.3549780Z Applying migration `0045_firebase_identity_foundation`
Populated Postgres Upgrade	Upgrade populated schema from 0020 through current	2026-10-06T00:03:02.3679570Z 
Populated Postgres Upgrade	Upgrade populated schema from 0020 through current	2026-10-06T00:03:02.3701959Z ┌─────────────────────────────────────────────────────────┐
Populated Postgres Upgrade	Upgrade populated schema from 0020 through current	2026-10-06T00:03:02.3702753Z │  Update available 7.9.0 -> 8.0.0-rc.20                  │
Populated Postgres Upgrade	Upgrade populated schema from 0020 through current	2026-10-06T00:03:02.3703402Z │                                                         │
Populated Postgres Upgrade	Upgrade populated schema from 0020 through current	2026-10-06T00:03:02.3704000Z │  This is a major update - please follow the guide at    │
Populated Postgres Upgrade	Upgrade populated schema from 0020 through current	2026-10-06T00:03:02.3704672Z │  https://pris.ly/d/major-version-upgrade                │
Populated Postgres Upgrade	Upgrade populated schema from 0020 through current	2026-10-06T00:03:02.3705275Z │                                                         │
Populated Postgres Upgrade	Upgrade populated schema from 0020 through current	2026-10-06T00:03:02.3705852Z │  Run the following to update                            │
Populated Postgres Upgrade	Upgrade populated schema from 0020 through current	2026-10-06T00:03:02.3706470Z │    npm i --save-dev prisma@latest                       │
Populated Postgres Upgrade	Upgrade populated schema from 0020 through current	2026-10-06T00:03:02.3707270Z │    npm i @prisma/client@latest                          │
Populated Postgres Upgrade	Upgrade populated schema from 0020 through current	2026-10-06T00:03:02.3707909Z └─────────────────────────────────────────────────────────┘
Populated Postgres Upgrade	Upgrade populated schema from 0020 through current	2026-10-06T00:03:02.3708709Z The following migration(s) have been applied:
Populated Postgres Upgrade	Upgrade populated schema from 0020 through current	2026-10-06T00:03:02.3709141Z 
Populated Postgres Upgrade	Upgrade populated schema from 0020 through current	2026-10-06T00:03:02.3709327Z migrations/
Populated Postgres Upgrade	Upgrade populated schema from 0020 through current	2026-10-06T00:03:02.3709798Z   └─ 0021_mobile_native_client/
Populated Postgres Upgrade	Upgrade populated schema from 0020 through current	2026-10-06T00:03:02.3710169Z     └─ migration.sql
Populated Postgres Upgrade	Upgrade populated schema from 0020 through current	2026-10-06T00:03:02.3710601Z   └─ 0022_bind_native_push_to_mobile_session/
Populated Postgres Upgrade	Upgrade populated schema from 0020 through current	2026-10-06T00:03:02.3711019Z     └─ migration.sql
Populated Postgres Upgrade	Upgrade populated schema from 0020 through current	2026-10-06T00:03:02.3711382Z   └─ 0023_client_sync_foundation/
Populated Postgres Upgrade	Upgrade populated schema from 0020 through current	2026-10-06T00:03:02.3711720Z     └─ migration.sql
Populated Postgres Upgrade	Upgrade populated schema from 0020 through current	2026-10-06T00:03:02.3712049Z   └─ 0024_account_lifecycle/
Populated Postgres Upgrade	Upgrade populated schema from 0020 through current	2026-10-06T00:03:02.3712385Z     └─ migration.sql
Populated Postgres Upgrade	Upgrade populated schema from 0020 through current	2026-10-06T00:03:02.3712697Z   └─ 0025_my_food_pinning/
Populated Postgres Upgrade	Upgrade populated schema from 0020 through current	2026-10-06T00:03:02.3713022Z     └─ migration.sql
Populated Postgres Upgrade	Upgrade populated schema from 0020 through current	2026-10-06T00:03:02.3713374Z   └─ 0026_health_connect_activity/
Populated Postgres Upgrade	Upgrade populated schema from 0020 through current	2026-10-06T00:03:02.3713727Z     └─ migration.sql
Populated Postgres Upgrade	Upgrade populated schema from 0020 through current	2026-10-06T00:03:02.3714039Z   └─ 0027_wear_os_pairing/
Populated Postgres Upgrade	Upgrade populated schema from 0020 through current	2026-10-06T00:03:02.3714363Z     └─ migration.sql
Populated Postgres Upgrade	Upgrade populated schema from 0020 through current	2026-10-06T00:03:02.3714732Z   └─ 0028_watch_operation_provenance/
Populated Postgres Upgrade	Upgrade populated schema from 0020 through current	2026-10-06T00:03:02.3715106Z     └─ migration.sql
Populated Postgres Upgrade	Upgrade populated schema from 0020 through current	2026-10-06T00:03:02.3715521Z   └─ 0029_push_subscription_endpoint_ownership/
Populated Postgres Upgrade	Upgrade populated schema from 0020 through current	2026-10-06T00:03:02.3715936Z     └─ migration.sql
Populated Postgres Upgrade	Upgrade populated schema from 0020 through current	2026-10-06T00:03:02.3716339Z   └─ 0030_day_resolution_and_tracking_pauses/
Populated Postgres Upgrade	Upgrade populated schema from 0020 through current	2026-10-06T00:03:02.3717195Z     └─ migration.sql
Populated Postgres Upgrade	Upgrade populated schema from 0020 through current	2026-10-06T00:03:02.3717550Z   └─ 0031_calibration_insights/
Populated Postgres Upgrade	Upgrade populated schema from 0020 through current	2026-10-06T00:03:02.3717886Z     └─ migration.sql
Populated Postgres Upgrade	Upgrade populated schema from 0020 through current	2026-10-06T00:03:02.3718205Z   └─ 0032_weight_trend_v2/
Populated Postgres Upgrade	Upgrade populated schema from 0020 through current	2026-10-06T00:03:02.3718522Z     └─ migration.sql
Populated Postgres Upgrade	Upgrade populated schema from 0020 through current	2026-10-06T00:03:02.3718895Z   └─ 0033_weight_trend_source_revision/
Populated Postgres Upgrade	Upgrade populated schema from 0020 through current	2026-10-06T00:03:02.3719282Z     └─ migration.sql
Populated Postgres Upgrade	Upgrade populated schema from 0020 through current	2026-10-06T00:03:02.3719643Z   └─ 0034_calorie_safety_policy/
Populated Postgres Upgrade	Upgrade populated schema from 0020 through current	2026-10-06T00:03:02.3720005Z     └─ migration.sql
Populated Postgres Upgrade	Upgrade populated schema from 0020 through current	2026-10-06T00:03:02.3720407Z   └─ 0035_account_verification_and_legal_consent/
Populated Postgres Upgrade	Upgrade populated schema from 0020 through current	2026-10-06T00:03:02.3720801Z     └─ migration.sql
Populated Postgres Upgrade	Upgrade populated schema from 0020 through current	2026-10-06T00:03:02.3721120Z   └─ 0036_atomic_onboarding/
Populated Postgres Upgrade	Upgrade populated schema from 0020 through current	2026-10-06T00:03:02.3721453Z     └─ migration.sql
Populated Postgres Upgrade	Upgrade populated schema from 0020 through current	2026-10-06T00:03:02.3721789Z   └─ 0037_saved_foods_library/
Populated Postgres Upgrade	Upgrade populated schema from 0020 through current	2026-10-06T00:03:02.3722122Z     └─ migration.sql
Populated Postgres Upgrade	Upgrade populated schema from 0020 through current	2026-10-06T00:03:02.3722454Z   └─ 0038_settings_trust_center/
Populated Postgres Upgrade	Upgrade populated schema from 0020 through current	2026-10-06T00:03:02.3722805Z     └─ migration.sql
Populated Postgres Upgrade	Upgrade populated schema from 0020 through current	2026-10-06T00:03:02.3723130Z   └─ 0039_mcp_oauth/
Populated Postgres Upgrade	Upgrade populated schema from 0020 through current	2026-10-06T00:03:02.3723429Z     └─ migration.sql
Populated Postgres Upgrade	Upgrade populated schema from 0020 through current	2026-10-06T00:03:02.3723758Z   └─ 0040_ios_native_support/
Populated Postgres Upgrade	Upgrade populated schema from 0020 through current	2026-10-06T00:03:02.3724106Z     └─ migration.sql
Populated Postgres Upgrade	Upgrade populated schema from 0020 through current	2026-10-06T00:03:02.3724406Z   └─ 0041_server_settings/
Populated Postgres Upgrade	Upgrade populated schema from 0020 through current	2026-10-06T00:03:02.3724700Z     └─ migration.sql
Populated Postgres Upgrade	Upgrade populated schema from 0020 through current	2026-10-06T00:03:02.3725056Z   └─ 0043_food_day_comparison/
Populated Postgres Upgrade	Upgrade populated schema from 0020 through current	2026-10-06T00:03:02.3725392Z     └─ migration.sql
Populated Postgres Upgrade	Upgrade populated schema from 0020 through current	2026-10-06T00:03:02.3725741Z   └─ 0045_firebase_identity_foundation/
Populated Postgres Upgrade	Upgrade populated schema from 0020 through current	2026-10-06T00:03:02.3726063Z     └─ migration.sql
Populated Postgres Upgrade	Upgrade populated schema from 0020 through current	2026-10-06T00:03:02.3726162Z 
Populated Postgres Upgrade	Upgrade populated schema from 0020 through current	2026-10-06T00:03:02.3726310Z All migrations have been successfully applied.
Populated Postgres Upgrade	Upgrade populated schema from 0020 through current	2026-10-06T00:03:02.4333135Z [db-upgrade-smoke] PASS: immutable mapping, local deletion cascade and monotonic credential security version.
Populated Postgres Upgrade	Upgrade populated schema from 0020 through current	2026-10-06T00:03:02.4337617Z [db-upgrade-smoke] PASS: retained core data across 47 migrations.
Populated Postgres Upgrade	Serialize concurrent weight-trend materialization	﻿2026-10-06T00:03:02.6144943Z ##[group]Run node scripts/postgres-weight-trend-concurrency-smoke.mjs
Populated Postgres Upgrade	Serialize concurrent weight-trend materialization	2026-10-06T00:03:02.6145380Z ^[[36;1mnode scripts/postgres-weight-trend-concurrency-smoke.mjs^[[0m
Populated Postgres Upgrade	Serialize concurrent weight-trend materialization	2026-10-06T00:03:02.6200177Z shell: /usr/bin/bash -e {0}
Populated Postgres Upgrade	Serialize concurrent weight-trend materialization	2026-10-06T00:03:02.6200410Z env:
Populated Postgres Upgrade	Serialize concurrent weight-trend materialization	2026-10-06T00:03:02.6201048Z   DATABASE_URL: ***localhost:5432/calibrate?schema=public
Populated Postgres Upgrade	Serialize concurrent weight-trend materialization	2026-10-06T00:03:02.6201324Z ##[endgroup]
Populated Postgres Upgrade	Serialize concurrent weight-trend materialization	2026-10-06T00:03:03.3055486Z Loaded Prisma config from prisma.config.ts.
Populated Postgres Upgrade	Serialize concurrent weight-trend materialization	2026-10-06T00:03:03.3056036Z 
Populated Postgres Upgrade	Serialize concurrent weight-trend materialization	2026-10-06T00:03:03.4025228Z Prisma schema loaded from prisma/schema.prisma.
Populated Postgres Upgrade	Serialize concurrent weight-trend materialization	2026-10-06T00:03:03.4124722Z Datasource "db": PostgreSQL database "calibrate", schema "calibrate_upgrade_smoke_weight_trend_2855_abad04643d6a" at "localhost:5432"
Populated Postgres Upgrade	Serialize concurrent weight-trend materialization	2026-10-06T00:03:03.4665471Z 
Populated Postgres Upgrade	Serialize concurrent weight-trend materialization	2026-10-06T00:03:03.4666055Z 47 migrations found in prisma/migrations
Populated Postgres Upgrade	Serialize concurrent weight-trend materialization	2026-10-06T00:03:03.4666356Z 
Populated Postgres Upgrade	Serialize concurrent weight-trend materialization	2026-10-06T00:03:03.5276850Z Applying migration `0001_init`
Populated Postgres Upgrade	Serialize concurrent weight-trend materialization	2026-10-06T00:03:03.5502571Z Applying migration `0002_weight_units_grams`
Populated Postgres Upgrade	Serialize concurrent weight-trend materialization	2026-10-06T00:03:03.5594387Z Applying migration `0003_bodymetric_date_only`
Populated Postgres Upgrade	Serialize concurrent weight-trend materialization	2026-10-06T00:03:03.5689533Z Applying migration `0004_add_profile_fields`
Populated Postgres Upgrade	Serialize concurrent weight-trend materialization	2026-10-06T00:03:03.5725309Z Applying migration `0005_add_user_timezone`
Populated Postgres Upgrade	Serialize concurrent weight-trend materialization	2026-10-06T00:03:03.5749156Z Applying migration `0006_foodlog_local_date`
Populated Postgres Upgrade	Serialize concurrent weight-trend materialization	2026-10-06T00:03:03.5789633Z Applying migration `0007_height_unit_preference`
Populated Postgres Upgrade	Serialize concurrent weight-trend materialization	2026-10-06T00:03:03.5829079Z Applying migration `0008_meal_period_enum`
Populated Postgres Upgrade	Serialize concurrent weight-trend materialization	2026-10-06T00:03:03.5918203Z Applying migration `0009_add_user_profile_image`
Populated Postgres Upgrade	Serialize concurrent weight-trend materialization	2026-10-06T00:03:03.5941008Z Applying migration `0010_my_foods`
Populated Postgres Upgrade	Serialize concurrent weight-trend materialization	2026-10-06T00:03:03.6124404Z Applying migration `0011_add_user_language`
Populated Postgres Upgrade	Serialize concurrent weight-trend materialization	2026-10-06T00:03:03.6146882Z Applying migration `0012_session_store`
Populated Postgres Upgrade	Serialize concurrent weight-trend materialization	2026-10-06T00:03:03.6200449Z Applying migration `0013_food_log_day_completion`
Populated Postgres Upgrade	Serialize concurrent weight-trend materialization	2026-10-06T00:03:03.6305803Z Applying migration `0013_push_subscriptions`
Populated Postgres Upgrade	Serialize concurrent weight-trend materialization	2026-10-06T00:03:03.6391780Z Applying migration `0014_push_subscription_reminders`
Populated Postgres Upgrade	Serialize concurrent weight-trend materialization	2026-10-06T00:03:03.6411970Z Applying migration `0014_push_subscription_user_endpoint_uniqueness`
Populated Postgres Upgrade	Serialize concurrent weight-trend materialization	2026-10-06T00:03:03.6447534Z Applying migration `0015_reminder_preference_flags`
Populated Postgres Upgrade	Serialize concurrent weight-trend materialization	2026-10-06T00:03:03.6478796Z Applying migration `0016_bodymetric_trend_precompute`
Populated Postgres Upgrade	Serialize concurrent weight-trend materialization	2026-10-06T00:03:03.6547241Z Applying migration `0016_in_app_notifications`
Populated Postgres Upgrade	Serialize concurrent weight-trend materialization	2026-10-06T00:03:03.6648286Z Applying migration `0017_haptics_preference`
Populated Postgres Upgrade	Serialize concurrent weight-trend materialization	2026-10-06T00:03:03.6671068Z Applying migration `0017_notification_delivery_channels`
Populated Postgres Upgrade	Serialize concurrent weight-trend materialization	2026-10-06T00:03:03.6726569Z Applying migration `0018_food_log_external_snapshots`
Populated Postgres Upgrade	Serialize concurrent weight-trend materialization	2026-10-06T00:03:03.6754434Z Applying migration `0019_backend_server_audit_indexes`
Populated Postgres Upgrade	Serialize concurrent weight-trend materialization	2026-10-06T00:03:03.6782928Z Applying migration `0020_goal_active_lookup_index`
Populated Postgres Upgrade	Serialize concurrent weight-trend materialization	2026-10-06T00:03:03.6800858Z Applying migration `0021_mobile_native_client`
Populated Postgres Upgrade	Serialize concurrent weight-trend materialization	2026-10-06T00:03:03.7010871Z Applying migration `0022_bind_native_push_to_mobile_session`
Populated Postgres Upgrade	Serialize concurrent weight-trend materialization	2026-10-06T00:03:03.7090853Z Applying migration `0023_client_sync_foundation`
Populated Postgres Upgrade	Serialize concurrent weight-trend materialization	2026-10-06T00:03:03.7246432Z Applying migration `0024_account_lifecycle`
Populated Postgres Upgrade	Serialize concurrent weight-trend materialization	2026-10-06T00:03:03.7436348Z Applying migration `0025_my_food_pinning`
Populated Postgres Upgrade	Serialize concurrent weight-trend materialization	2026-10-06T00:03:03.7473490Z Applying migration `0026_health_connect_activity`
Populated Postgres Upgrade	Serialize concurrent weight-trend materialization	2026-10-06T00:03:03.7784205Z Applying migration `0027_wear_os_pairing`
Populated Postgres Upgrade	Serialize concurrent weight-trend materialization	2026-10-06T00:03:03.7921231Z Applying migration `0028_watch_operation_provenance`
Populated Postgres Upgrade	Serialize concurrent weight-trend materialization	2026-10-06T00:03:03.7968139Z Applying migration `0029_push_subscription_endpoint_ownership`
Populated Postgres Upgrade	Serialize concurrent weight-trend materialization	2026-10-06T00:03:03.8029731Z Applying migration `0030_day_resolution_and_tracking_pauses`
Populated Postgres Upgrade	Serialize concurrent weight-trend materialization	2026-10-06T00:03:03.8151769Z Applying migration `0031_calibration_insights`
Populated Postgres Upgrade	Serialize concurrent weight-trend materialization	2026-10-06T00:03:03.8357227Z Applying migration `0032_weight_trend_v2`
Populated Postgres Upgrade	Serialize concurrent weight-trend materialization	2026-10-06T00:03:03.8387001Z Applying migration `0033_weight_trend_source_revision`
Populated Postgres Upgrade	Serialize concurrent weight-trend materialization	2026-10-06T00:03:03.8408122Z Applying migration `0034_calorie_safety_policy`
Populated Postgres Upgrade	Serialize concurrent weight-trend materialization	2026-10-06T00:03:03.8633955Z Applying migration `0035_account_verification_and_legal_consent`
Populated Postgres Upgrade	Serialize concurrent weight-trend materialization	2026-10-06T00:03:03.8814366Z Applying migration `0036_atomic_onboarding`
Populated Postgres Upgrade	Serialize concurrent weight-trend materialization	2026-10-06T00:03:03.8845967Z Applying migration `0037_saved_foods_library`
Populated Postgres Upgrade	Serialize concurrent weight-trend materialization	2026-10-06T00:03:03.8874853Z Applying migration `0038_settings_trust_center`
Populated Postgres Upgrade	Serialize concurrent weight-trend materialization	2026-10-06T00:03:03.9124863Z Applying migration `0039_mcp_oauth`
Populated Postgres Upgrade	Serialize concurrent weight-trend materialization	2026-10-06T00:03:03.9551055Z Applying migration `0040_ios_native_support`
Populated Postgres Upgrade	Serialize concurrent weight-trend materialization	2026-10-06T00:03:03.9573571Z Applying migration `0041_server_settings`
Populated Postgres Upgrade	Serialize concurrent weight-trend materialization	2026-10-06T00:03:03.9609437Z Applying migration `0043_food_day_comparison`
Populated Postgres Upgrade	Serialize concurrent weight-trend materialization	2026-10-06T00:03:03.9633117Z Applying migration `0045_firebase_identity_foundation`
Populated Postgres Upgrade	Serialize concurrent weight-trend materialization	2026-10-06T00:03:03.9757548Z 
Populated Postgres Upgrade	Serialize concurrent weight-trend materialization	2026-10-06T00:03:03.9766499Z The following migration(s) have been applied:
Populated Postgres Upgrade	Serialize concurrent weight-trend materialization	2026-10-06T00:03:03.9766803Z 
Populated Postgres Upgrade	Serialize concurrent weight-trend materialization	2026-10-06T00:03:03.9767136Z migrations/
Populated Postgres Upgrade	Serialize concurrent weight-trend materialization	2026-10-06T00:03:03.9767680Z   └─ 0001_init/
Populated Postgres Upgrade	Serialize concurrent weight-trend materialization	2026-10-06T00:03:03.9768000Z     └─ migration.sql
Populated Postgres Upgrade	Serialize concurrent weight-trend materialization	2026-10-06T00:03:03.9768304Z   └─ 0002_weight_units_grams/
Populated Postgres Upgrade	Serialize concurrent weight-trend materialization	2026-10-06T00:03:03.9768668Z     └─ migration.sql
Populated Postgres Upgrade	Serialize concurrent weight-trend materialization	2026-10-06T00:03:03.9769016Z   └─ 0003_bodymetric_date_only/
Populated Postgres Upgrade	Serialize concurrent weight-trend materialization	2026-10-06T00:03:03.9769360Z     └─ migration.sql
Populated Postgres Upgrade	Serialize concurrent weight-trend materialization	2026-10-06T00:03:03.9769725Z   └─ 0004_add_profile_fields/
Populated Postgres Upgrade	Serialize concurrent weight-trend materialization	2026-10-06T00:03:03.9770065Z     └─ migration.sql
Populated Postgres Upgrade	Serialize concurrent weight-trend materialization	2026-10-06T00:03:03.9770393Z   └─ 0005_add_user_timezone/
Populated Postgres Upgrade	Serialize concurrent weight-trend materialization	2026-10-06T00:03:03.9770748Z     └─ migration.sql
Populated Postgres Upgrade	Serialize concurrent weight-trend materialization	2026-10-06T00:03:03.9771056Z   └─ 0006_foodlog_local_date/
Populated Postgres Upgrade	Serialize concurrent weight-trend materialization	2026-10-06T00:03:03.9771393Z     └─ migration.sql
Populated Postgres Upgrade	Serialize concurrent weight-trend materialization	2026-10-06T00:03:03.9771735Z   └─ 0007_height_unit_preference/
Populated Postgres Upgrade	Serialize concurrent weight-trend materialization	2026-10-06T00:03:03.9772154Z     └─ migration.sql
Populated Postgres Upgrade	Serialize concurrent weight-trend materialization	2026-10-06T00:03:03.9772469Z   └─ 0008_meal_period_enum/
Populated Postgres Upgrade	Serialize concurrent weight-trend materialization	2026-10-06T00:03:03.9772791Z     └─ migration.sql
Populated Postgres Upgrade	Serialize concurrent weight-trend materialization	2026-10-06T00:03:03.9773132Z   └─ 0009_add_user_profile_image/
Populated Postgres Upgrade	Serialize concurrent weight-trend materialization	2026-10-06T00:03:03.9773475Z     └─ migration.sql
Populated Postgres Upgrade	Serialize concurrent weight-trend materialization	2026-10-06T00:03:03.9773758Z   └─ 0010_my_foods/
Populated Postgres Upgrade	Serialize concurrent weight-trend materialization	2026-10-06T00:03:03.9774046Z     └─ migration.sql
Populated Postgres Upgrade	Serialize concurrent weight-trend materialization	2026-10-06T00:03:03.9774354Z   └─ 0011_add_user_language/
Populated Postgres Upgrade	Serialize concurrent weight-trend materialization	2026-10-06T00:03:03.9774681Z     └─ migration.sql
Populated Postgres Upgrade	Serialize concurrent weight-trend materialization	2026-10-06T00:03:03.9775001Z   └─ 0012_session_store/
Populated Postgres Upgrade	Serialize concurrent weight-trend materialization	2026-10-06T00:03:03.9775312Z     └─ migration.sql
Populated Postgres Upgrade	Serialize concurrent weight-trend materialization	2026-10-06T00:03:03.9775659Z   └─ 0013_food_log_day_completion/
Populated Postgres Upgrade	Serialize concurrent weight-trend materialization	2026-10-06T00:03:03.9776006Z     └─ migration.sql
Populated Postgres Upgrade	Serialize concurrent weight-trend materialization	2026-10-06T00:03:03.9776311Z   └─ 0013_push_subscriptions/
Populated Postgres Upgrade	Serialize concurrent weight-trend materialization	2026-10-06T00:03:03.9776685Z     └─ migration.sql
Populated Postgres Upgrade	Serialize concurrent weight-trend materialization	2026-10-06T00:03:03.9779257Z   └─ 0014_push_subscription_reminders/
Populated Postgres Upgrade	Serialize concurrent weight-trend materialization	2026-10-06T00:03:03.9779596Z     └─ migration.sql
Populated Postgres Upgrade	Serialize concurrent weight-trend materialization	2026-10-06T00:03:03.9779973Z   └─ 0014_push_subscription_user_endpoint_uniqueness/
Populated Postgres Upgrade	Serialize concurrent weight-trend materialization	2026-10-06T00:03:03.9780535Z     └─ migration.sql
Populated Postgres Upgrade	Serialize concurrent weight-trend materialization	2026-10-06T00:03:03.9780769Z   └─ 0015_reminder_preference_flags/
Populated Postgres Upgrade	Serialize concurrent weight-trend materialization	2026-10-06T00:03:03.9781012Z     └─ migration.sql
Populated Postgres Upgrade	Serialize concurrent weight-trend materialization	2026-10-06T00:03:03.9781241Z   └─ 0016_bodymetric_trend_precompute/
Populated Postgres Upgrade	Serialize concurrent weight-trend materialization	2026-10-06T00:03:03.9781489Z     └─ migration.sql
Populated Postgres Upgrade	Serialize concurrent weight-trend materialization	2026-10-06T00:03:03.9781714Z   └─ 0016_in_app_notifications/
Populated Postgres Upgrade	Serialize concurrent weight-trend materialization	2026-10-06T00:03:03.9781939Z     └─ migration.sql
Populated Postgres Upgrade	Serialize concurrent weight-trend materialization	2026-10-06T00:03:03.9782144Z   └─ 0017_haptics_preference/
Populated Postgres Upgrade	Serialize concurrent weight-trend materialization	2026-10-06T00:03:03.9782356Z     └─ migration.sql
Populated Postgres Upgrade	Serialize concurrent weight-trend materialization	2026-10-06T00:03:03.9782600Z   └─ 0017_notification_delivery_channels/
Populated Postgres Upgrade	Serialize concurrent weight-trend materialization	2026-10-06T00:03:03.9782838Z     └─ migration.sql
Populated Postgres Upgrade	Serialize concurrent weight-trend materialization	2026-10-06T00:03:03.9783063Z   └─ 0018_food_log_external_snapshots/
Populated Postgres Upgrade	Serialize concurrent weight-trend materialization	2026-10-06T00:03:03.9783300Z     └─ migration.sql
Populated Postgres Upgrade	Serialize concurrent weight-trend materialization	2026-10-06T00:03:03.9783523Z   └─ 0019_backend_server_audit_indexes/
Populated Postgres Upgrade	Serialize concurrent weight-trend materialization	2026-10-06T00:03:03.9783798Z     └─ migration.sql
Populated Postgres Upgrade	Serialize concurrent weight-trend materialization	2026-10-06T00:03:03.9784031Z   └─ 0020_goal_active_lookup_index/
Populated Postgres Upgrade	Serialize concurrent weight-trend materialization	2026-10-06T00:03:03.9784259Z     └─ migration.sql
Populated Postgres Upgrade	Serialize concurrent weight-trend materialization	2026-10-06T00:03:03.9784482Z   └─ 0021_mobile_native_client/
Populated Postgres Upgrade	Serialize concurrent weight-trend materialization	2026-10-06T00:03:03.9784703Z     └─ migration.sql
Populated Postgres Upgrade	Serialize concurrent weight-trend materialization	2026-10-06T00:03:03.9784950Z   └─ 0022_bind_native_push_to_mobile_session/
Populated Postgres Upgrade	Serialize concurrent weight-trend materialization	2026-10-06T00:03:03.9785215Z     └─ migration.sql
Populated Postgres Upgrade	Serialize concurrent weight-trend materialization	2026-10-06T00:03:03.9785432Z   └─ 0023_client_sync_foundation/
Populated Postgres Upgrade	Serialize concurrent weight-trend materialization	2026-10-06T00:03:03.9785663Z     └─ migration.sql
Populated Postgres Upgrade	Serialize concurrent weight-trend materialization	2026-10-06T00:03:03.9785862Z   └─ 0024_account_lifecycle/
Populated Postgres Upgrade	Serialize concurrent weight-trend materialization	2026-10-06T00:03:03.9786078Z     └─ migration.sql
Populated Postgres Upgrade	Serialize concurrent weight-trend materialization	2026-10-06T00:03:03.9786280Z   └─ 0025_my_food_pinning/
Populated Postgres Upgrade	Serialize concurrent weight-trend materialization	2026-10-06T00:03:03.9786491Z     └─ migration.sql
Populated Postgres Upgrade	Serialize concurrent weight-trend materialization	2026-10-06T00:03:03.9786720Z   └─ 0026_health_connect_activity/
Populated Postgres Upgrade	Serialize concurrent weight-trend materialization	2026-10-06T00:03:03.9786961Z     └─ migration.sql
Populated Postgres Upgrade	Serialize concurrent weight-trend materialization	2026-10-06T00:03:03.9787388Z   └─ 0027_wear_os_pairing/
Populated Postgres Upgrade	Serialize concurrent weight-trend materialization	2026-10-06T00:03:03.9787706Z     └─ migration.sql
Populated Postgres Upgrade	Serialize concurrent weight-trend materialization	2026-10-06T00:03:03.9788062Z   └─ 0028_watch_operation_provenance/
Populated Postgres Upgrade	Serialize concurrent weight-trend materialization	2026-10-06T00:03:03.9788482Z     └─ migration.sql
Populated Postgres Upgrade	Serialize concurrent weight-trend materialization	2026-10-06T00:03:03.9788739Z   └─ 0029_push_subscription_endpoint_ownership/
Populated Postgres Upgrade	Serialize concurrent weight-trend materialization	2026-10-06T00:03:03.9788993Z     └─ migration.sql
Populated Postgres Upgrade	Serialize concurrent weight-trend materialization	2026-10-06T00:03:03.9789251Z   └─ 0030_day_resolution_and_tracking_pauses/
Populated Postgres Upgrade	Serialize concurrent weight-trend materialization	2026-10-06T00:03:03.9789497Z     └─ migration.sql
Populated Postgres Upgrade	Serialize concurrent weight-trend materialization	2026-10-06T00:03:03.9789714Z   └─ 0031_calibration_insights/
Populated Postgres Upgrade	Serialize concurrent weight-trend materialization	2026-10-06T00:03:03.9789948Z     └─ migration.sql
Populated Postgres Upgrade	Serialize concurrent weight-trend materialization	2026-10-06T00:03:03.9790143Z   └─ 0032_weight_trend_v2/
Populated Postgres Upgrade	Serialize concurrent weight-trend materialization	2026-10-06T00:03:03.9790346Z     └─ migration.sql
Populated Postgres Upgrade	Serialize concurrent weight-trend materialization	2026-10-06T00:03:03.9790576Z   └─ 0033_weight_trend_source_revision/
Populated Postgres Upgrade	Serialize concurrent weight-trend materialization	2026-10-06T00:03:03.9790847Z     └─ migration.sql
Populated Postgres Upgrade	Serialize concurrent weight-trend materialization	2026-10-06T00:03:03.9791075Z   └─ 0034_calorie_safety_policy/
Populated Postgres Upgrade	Serialize concurrent weight-trend materialization	2026-10-06T00:03:03.9791302Z     └─ migration.sql
Populated Postgres Upgrade	Serialize concurrent weight-trend materialization	2026-10-06T00:03:03.9791565Z   └─ 0035_account_verification_and_legal_consent/
Populated Postgres Upgrade	Serialize concurrent weight-trend materialization	2026-10-06T00:03:03.9791826Z     └─ migration.sql
Populated Postgres Upgrade	Serialize concurrent weight-trend materialization	2026-10-06T00:03:03.9792028Z   └─ 0036_atomic_onboarding/
Populated Postgres Upgrade	Serialize concurrent weight-trend materialization	2026-10-06T00:03:03.9792247Z     └─ migration.sql
Populated Postgres Upgrade	Serialize concurrent weight-trend materialization	2026-10-06T00:03:03.9792473Z   └─ 0037_saved_foods_library/
Populated Postgres Upgrade	Serialize concurrent weight-trend materialization	2026-10-06T00:03:03.9792690Z     └─ migration.sql
Populated Postgres Upgrade	Serialize concurrent weight-trend materialization	2026-10-06T00:03:03.9792909Z   └─ 0038_settings_trust_center/
Populated Postgres Upgrade	Serialize concurrent weight-trend materialization	2026-10-06T00:03:03.9793126Z     └─ migration.sql
Populated Postgres Upgrade	Serialize concurrent weight-trend materialization	2026-10-06T00:03:03.9793323Z   └─ 0039_mcp_oauth/
Populated Postgres Upgrade	Serialize concurrent weight-trend materialization	2026-10-06T00:03:03.9793515Z     └─ migration.sql
Populated Postgres Upgrade	Serialize concurrent weight-trend materialization	2026-10-06T00:03:03.9793713Z   └─ 0040_ios_native_support/
Populated Postgres Upgrade	Serialize concurrent weight-trend materialization	2026-10-06T00:03:03.9793925Z     └─ migration.sql
Populated Postgres Upgrade	Serialize concurrent weight-trend materialization	2026-10-06T00:03:03.9794134Z   └─ 0041_server_settings/
Populated Postgres Upgrade	Serialize concurrent weight-trend materialization	2026-10-06T00:03:03.9794356Z     └─ migration.sql
Populated Postgres Upgrade	Serialize concurrent weight-trend materialization	2026-10-06T00:03:03.9794572Z   └─ 0043_food_day_comparison/
Populated Postgres Upgrade	Serialize concurrent weight-trend materialization	2026-10-06T00:03:03.9794789Z     └─ migration.sql
Populated Postgres Upgrade	Serialize concurrent weight-trend materialization	2026-10-06T00:03:03.9795021Z   └─ 0045_firebase_identity_foundation/
Populated Postgres Upgrade	Serialize concurrent weight-trend materialization	2026-10-06T00:03:03.9795258Z     └─ migration.sql
Populated Postgres Upgrade	Serialize concurrent weight-trend materialization	2026-10-06T00:03:03.9795366Z 
Populated Postgres Upgrade	Serialize concurrent weight-trend materialization	2026-10-06T00:03:03.9795513Z All migrations have been successfully applied.
Populated Postgres Upgrade	Serialize concurrent weight-trend materialization	2026-10-06T00:03:04.7583326Z [weight-trend-concurrency-smoke] PASS: two same-user recomputations queued on the advisory lock and produced one 12-row source revision.
Populated Postgres Upgrade	Post Setup Node	﻿2026-10-06T00:03:04.9621525Z Post job cleanup.
Populated Postgres Upgrade	Post Setup Node	2026-10-06T00:03:05.0584561Z (node:2930) [DEP0040] DeprecationWarning: The `punycode` module is deprecated. Please use a userland alternative instead.
Populated Postgres Upgrade	Post Setup Node	2026-10-06T00:03:05.0585619Z (Use `node --trace-deprecation ...` to show where the warning was created)
Populated Postgres Upgrade	Post Setup Node	2026-10-06T00:03:05.0586766Z Cache hit occurred on the primary key node-cache-Linux-x64-npm-9ad1fc3d02200f097d647c965e5a2c426e45ead6e22fb282009302d8eeb7a3d3, not saving cache.
Populated Postgres Upgrade	Post Checkout	﻿2026-10-06T00:03:05.0695151Z Post job cleanup.
Populated Postgres Upgrade	Post Checkout	2026-10-06T00:03:05.1361759Z [command]/usr/bin/git version
Populated Postgres Upgrade	Post Checkout	2026-10-06T00:03:05.1395191Z git version 2.55.0
Populated Postgres Upgrade	Post Checkout	2026-10-06T00:03:05.1424247Z Temporarily overriding HOME='/home/runner/work/_temp/f68e8b30-bf0e-40f2-8f69-23a9b6864450' before making global git config changes
Populated Postgres Upgrade	Post Checkout	2026-10-06T00:03:05.1425395Z Adding repository directory to the temporary git global config as a safe directory
Populated Postgres Upgrade	Post Checkout	2026-10-06T00:03:05.1429005Z [command]/usr/bin/git config --global --add safe.directory /home/runner/work/calibrate-health/calibrate-health
Populated Postgres Upgrade	Post Checkout	2026-10-06T00:03:05.1460090Z [command]/usr/bin/git config --local --name-only --get-regexp core\.sshCommand
Populated Postgres Upgrade	Post Checkout	2026-10-06T00:03:05.1487878Z [command]/usr/bin/git submodule foreach --recursive sh -c "git config --local --name-only --get-regexp 'core\.sshCommand' && git config --local --unset-all 'core.sshCommand' || :"
Populated Postgres Upgrade	Post Checkout	2026-10-06T00:03:05.1694546Z [command]/usr/bin/git config --local --name-only --get-regexp http\.https\:\/\/github\.com\/\.extraheader
Populated Postgres Upgrade	Post Checkout	2026-10-06T00:03:05.1718632Z http.https://github.com/.extraheader
Populated Postgres Upgrade	Post Checkout	2026-10-06T00:03:05.1727283Z [command]/usr/bin/git config --local --unset-all http.https://github.com/.extraheader
Populated Postgres Upgrade	Post Checkout	2026-10-06T00:03:05.1756933Z [command]/usr/bin/git submodule foreach --recursive sh -c "git config --local --name-only --get-regexp 'http\.https\:\/\/github\.com\/\.extraheader' && git config --local --unset-all 'http.https://github.com/.extraheader' || :"
Populated Postgres Upgrade	Post Checkout	2026-10-06T00:03:05.2003523Z [command]/usr/bin/git config --local --name-only --get-regexp ^includeIf\.gitdir:
Populated Postgres Upgrade	Post Checkout	2026-10-06T00:03:05.2033880Z [command]/usr/bin/git submodule foreach --recursive git config --local --show-origin --name-only --get-regexp remote.origin.url
Populated Postgres Upgrade	Stop containers	﻿2026-10-06T00:03:05.2341071Z Print service container logs: 4dd6aff69767460faa5957c92d10aad2_postgres15alpine_dcc1bf
Populated Postgres Upgrade	Stop containers	2026-10-06T00:03:05.2345010Z ##[command]/usr/bin/docker logs --details 94cec90783b7d3a6b85bffb40f95a34a1fad984dd9f1192857a01d2d6ee4e5de
Populated Postgres Upgrade	Stop containers	2026-10-06T00:03:05.2450542Z  The files belonging to this database system will be owned by user "postgres".
Populated Postgres Upgrade	Stop containers	2026-10-06T00:03:05.2452697Z  sh: locale: not found
Populated Postgres Upgrade	Stop containers	2026-10-06T00:03:05.2453023Z  This user must also own the server process.
Populated Postgres Upgrade	Stop containers	2026-10-06T00:03:05.2453378Z  
Populated Postgres Upgrade	Stop containers	2026-10-06T00:03:05.2453726Z  The database cluster will be initialized with locale "en_US.utf8".
Populated Postgres Upgrade	Stop containers	2026-10-06T00:03:05.2454282Z  The default database encoding has accordingly been set to "UTF8".
Populated Postgres Upgrade	Stop containers	2026-10-06T00:03:05.2454824Z  The default text search configuration will be set to "english".
Populated Postgres Upgrade	Stop containers	2026-10-06T00:03:05.2455235Z  
Populated Postgres Upgrade	Stop containers	2026-10-06T00:03:05.2455477Z  Data page checksums are disabled.
Populated Postgres Upgrade	Stop containers	2026-10-06T00:03:05.2455784Z  
Populated Postgres Upgrade	Stop containers	2026-10-06T00:03:05.2456159Z  fixing permissions on existing directory /var/lib/postgresql/data ... ok
Populated Postgres Upgrade	Stop containers	2026-10-06T00:03:05.2456722Z  creating subdirectories ... ok
Populated Postgres Upgrade	Stop containers	2026-10-06T00:03:05.2457529Z  selecting dynamic shared memory implementation ... posix
Populated Postgres Upgrade	Stop containers	2026-10-06T00:03:05.2457961Z  selecting default max_connections ... 100
Populated Postgres Upgrade	Stop containers	2026-10-06T00:03:05.2458344Z  selecting default shared_buffers ... 128MB
Populated Postgres Upgrade	Stop containers	2026-10-06T00:03:05.2458702Z  selecting default time zone ... UTC
Populated Postgres Upgrade	Stop containers	2026-10-06T00:03:05.2459038Z  creating configuration files ... ok
Populated Postgres Upgrade	Stop containers	2026-10-06T00:03:05.2459379Z  running bootstrap script ... ok
Populated Postgres Upgrade	Stop containers	2026-10-06T00:03:05.2459840Z  2026-10-06 00:02:44.623 UTC [35] WARNING:  no usable system locales were found
Populated Postgres Upgrade	Stop containers	2026-10-06T00:03:05.2460483Z  initdb: warning: enabling "trust" authentication for local connections
Populated Postgres Upgrade	Stop containers	2026-10-06T00:03:05.2461364Z  initdb: hint: You can change this by editing pg_hba.conf or using the option -A, or --auth-local and --auth-host, the next time you run initdb.
Populated Postgres Upgrade	Stop containers	2026-10-06T00:03:05.2462423Z  2026-10-06 00:02:45.631 UTC [1] LOG:  starting PostgreSQL 15.19 on x86_64-pc-linux-musl, compiled by gcc (Alpine 15.2.0) 15.2.0, 64-bit
Populated Postgres Upgrade	Stop containers	2026-10-06T00:03:05.2463240Z  2026-10-06 00:02:45.631 UTC [1] LOG:  listening on IPv4 address "0.0.0.0", port 5432
Populated Postgres Upgrade	Stop containers	2026-10-06T00:03:05.2463834Z  2026-10-06 00:02:45.631 UTC [1] LOG:  listening on IPv6 address "::", port 5432
Populated Postgres Upgrade	Stop containers	2026-10-06T00:03:05.2464461Z  2026-10-06 00:02:45.632 UTC [1] LOG:  listening on Unix socket "/var/run/postgresql/.s.PGSQL.5432"
Populated Postgres Upgrade	Stop containers	2026-10-06T00:03:05.2465396Z  2026-10-06 00:02:45.634 UTC [57] LOG:  database system was shut down at 2026-10-06 00:02:45 UTC
Populated Postgres Upgrade	Stop containers	2026-10-06T00:03:05.2466000Z  2026-10-06 00:02:45.637 UTC [1] LOG:  database system is ready to accept connections
Populated Postgres Upgrade	Stop containers	2026-10-06T00:03:05.2466391Z  2026-10-06 00:03:02.412 UTC [110] ERROR:  Firebase identity mapping is immutable
Populated Postgres Upgrade	Stop containers	2026-10-06T00:03:05.2466960Z  2026-10-06 00:03:02.412 UTC [110] CONTEXT:  PL/pgSQL function calibrate_upgrade_smoke_2726_51dcb747419e.calibrate_immutable_firebase_identity() line 15 at RAISE
Populated Postgres Upgrade	Stop containers	2026-10-06T00:03:05.2467920Z  2026-10-06 00:03:02.412 UTC [110] STATEMENT:  UPDATE "calibrate_upgrade_smoke_2726_51dcb747419e"."FirebaseIdentity" SET "uid" = 'changed-uid' WHERE "user_id" = $1
Populated Postgres Upgrade	Stop containers	2026-10-06T00:03:05.2468595Z  2026-10-06 00:03:02.413 UTC [110] ERROR:  Firebase identity mapping cannot be removed from a live account
Populated Postgres Upgrade	Stop containers	2026-10-06T00:03:05.2469225Z  2026-10-06 00:03:02.413 UTC [110] CONTEXT:  PL/pgSQL function calibrate_upgrade_smoke_2726_51dcb747419e.calibrate_immutable_firebase_identity() line 8 at RAISE
Populated Postgres Upgrade	Stop containers	2026-10-06T00:03:05.2469924Z  2026-10-06 00:03:02.413 UTC [110] STATEMENT:  DELETE FROM "calibrate_upgrade_smoke_2726_51dcb747419e"."FirebaseIdentity" WHERE "user_id" = $1
Populated Postgres Upgrade	Stop containers	2026-10-06T00:03:05.2470536Z  2026-10-06 00:03:02.414 UTC [110] ERROR:  duplicate key value violates unique constraint "FirebaseIdentity_project_id_uid_key"
Populated Postgres Upgrade	Stop containers	2026-10-06T00:03:05.2471092Z  2026-10-06 00:03:02.414 UTC [110] DETAIL:  Key (project_id, uid)=(synthetic-project, synthetic-uid) already exists.
Populated Postgres Upgrade	Stop containers	2026-10-06T00:03:05.2471771Z  2026-10-06 00:03:02.414 UTC [110] STATEMENT:  INSERT INTO "calibrate_upgrade_smoke_2726_51dcb747419e"."FirebaseIdentity" ("user_id", "installation_id", "source_id", "project_id", "uid")
Populated Postgres Upgrade	Stop containers	2026-10-06T00:03:05.2472682Z  	      VALUES ($1, 'synthetic-install', 'synthetic-source', 'synthetic-project', 'synthetic-uid')
Populated Postgres Upgrade	Stop containers	2026-10-06T00:03:05.2473127Z  2026-10-06 00:03:02.432 UTC [110] ERROR:  Credential security version cannot decrease
Populated Postgres Upgrade	Stop containers	2026-10-06T00:03:05.2473694Z  2026-10-06 00:03:02.432 UTC [110] CONTEXT:  PL/pgSQL function calibrate_upgrade_smoke_2726_51dcb747419e.calibrate_credential_security_version() line 4 at RAISE
Populated Postgres Upgrade	Stop containers	2026-10-06T00:03:05.2474427Z  2026-10-06 00:03:02.432 UTC [110] STATEMENT:  UPDATE "calibrate_upgrade_smoke_2726_51dcb747419e"."User" SET "credential_security_version" = 0 WHERE "id" = $1
Populated Postgres Upgrade	Stop containers	2026-10-06T00:03:05.2475026Z  2026-10-06 00:03:04.701 UTC [140] ERROR:  duplicate key value violates unique constraint "BodyMetricTrend_pkey"
Populated Postgres Upgrade	Stop containers	2026-10-06T00:03:05.2475462Z  2026-10-06 00:03:04.701 UTC [140] DETAIL:  Key (metric_id)=(1700000000) already exists.
Populated Postgres Upgrade	Stop containers	2026-10-06T00:03:05.2477532Z  2026-10-06 00:03:04.701 UTC [140] STATEMENT:  INSERT INTO "calibrate_upgrade_smoke_weight_trend_2855_abad04643d6a"."BodyMetricTrend" ("metric_id","user_id","date","trend_weight_grams","trend_ci_lower_grams","trend_ci_upper_grams","trend_std_grams","trend_rate_grams_per_day","trend_rate_std_grams_per_day","model_version","source_revision","computed_at") VALUES ($1,$2,$3,$4,$5,$6,$7,$8,$9,$10,$11,$12), ($13,$14,$15,$16,$17,$18,$19,$20,$21,$22,$23,$24), ($25,$26,$27,$28,$29,$30,$31,$32,$33,$34,$35,$36), ($37,$38,$39,$40,$41,$42,$43,$44,$45,$46,$47,$48), ($49,$50,$51,$52,$53,$54,$55,$56,$57,$58,$59,$60), ($61,$62,$63,$64,$65,$66,$67,$68,$69,$70,$71,$72), ($73,$74,$75,$76,$77,$78,$79,$80,$81,$82,$83,$84), ($85,$86,$87,$88,$89,$90,$91,$92,$93,$94,$95,$96), ($97,$98,$99,$100,$101,$102,$103,$104,$105,$106,$107,$108), ($109,$110,$111,$112,$113,$114,$115,$116,$117,$118,$119,$120), ($121,$122,$123,$124,$125,$126,$127,$128,$129,$130,$131,$132), ($133,$134,$135,$136,$137,$138,$139,$140,$141,$142,$143,$144)
Populated Postgres Upgrade	Stop containers	2026-10-06T00:03:05.2479613Z  performing post-bootstrap initialization ... ok
Populated Postgres Upgrade	Stop containers	2026-10-06T00:03:05.2479879Z  syncing data to disk ... ok
Populated Postgres Upgrade	Stop containers	2026-10-06T00:03:05.2480085Z  
Populated Postgres Upgrade	Stop containers	2026-10-06T00:03:05.2480229Z  
Populated Postgres Upgrade	Stop containers	2026-10-06T00:03:05.2480414Z  Success. You can now start the database server using:
Populated Postgres Upgrade	Stop containers	2026-10-06T00:03:05.2480652Z  
Populated Postgres Upgrade	Stop containers	2026-10-06T00:03:05.2480851Z      pg_ctl -D /var/lib/postgresql/data -l logfile start
Populated Postgres Upgrade	Stop containers	2026-10-06T00:03:05.2481089Z  
Populated Postgres Upgrade	Stop containers	2026-10-06T00:03:05.2481515Z  waiting for server to start....2026-10-06 00:02:45.367 UTC [41] LOG:  starting PostgreSQL 15.19 on x86_64-pc-linux-musl, compiled by gcc (Alpine 15.2.0) 15.2.0, 64-bit
Populated Postgres Upgrade	Stop containers	2026-10-06T00:03:05.2482195Z  2026-10-06 00:02:45.368 UTC [41] LOG:  listening on Unix socket "/var/run/postgresql/.s.PGSQL.5432"
Populated Postgres Upgrade	Stop containers	2026-10-06T00:03:05.2482625Z  2026-10-06 00:02:45.370 UTC [44] LOG:  database system was shut down at 2026-10-06 00:02:44 UTC
Populated Postgres Upgrade	Stop containers	2026-10-06T00:03:05.2483012Z  2026-10-06 00:02:45.373 UTC [41] LOG:  database system is ready to accept connections
Populated Postgres Upgrade	Stop containers	2026-10-06T00:03:05.2483311Z   done
Populated Postgres Upgrade	Stop containers	2026-10-06T00:03:05.2483485Z  server started
Populated Postgres Upgrade	Stop containers	2026-10-06T00:03:05.2483674Z  CREATE DATABASE
Populated Postgres Upgrade	Stop containers	2026-10-06T00:03:05.2483851Z  
Populated Postgres Upgrade	Stop containers	2026-10-06T00:03:05.2484005Z  
Populated Postgres Upgrade	Stop containers	2026-10-06T00:03:05.2484264Z  /usr/local/bin/docker-entrypoint.sh: ignoring /docker-entrypoint-initdb.d/*
Populated Postgres Upgrade	Stop containers	2026-10-06T00:03:05.2484571Z  
Populated Postgres Upgrade	Stop containers	2026-10-06T00:03:05.2484851Z  waiting for server to shut down....2026-10-06 00:02:45.514 UTC [41] LOG:  received fast shutdown request
Populated Postgres Upgrade	Stop containers	2026-10-06T00:03:05.2485272Z  2026-10-06 00:02:45.515 UTC [41] LOG:  aborting any active transactions
Populated Postgres Upgrade	Stop containers	2026-10-06T00:03:05.2485725Z  2026-10-06 00:02:45.517 UTC [41] LOG:  background worker "logical replication launcher" (PID 47) exited with exit code 1
Populated Postgres Upgrade	Stop containers	2026-10-06T00:03:05.2486135Z  2026-10-06 00:02:45.518 UTC [42] LOG:  shutting down
Populated Postgres Upgrade	Stop containers	2026-10-06T00:03:05.2486442Z  2026-10-06 00:02:45.518 UTC [42] LOG:  checkpoint starting: shutdown immediate
Populated Postgres Upgrade	Stop containers	2026-10-06T00:03:05.2487310Z  2026-10-06 00:02:45.605 UTC [42] LOG:  checkpoint complete: wrote 922 buffers (5.6%); 0 WAL file(s) added, 0 removed, 0 recycled; write=0.070 s, sync=0.016 s, total=0.087 s; sync files=301, longest=0.013 s, average=0.001 s; distance=4249 kB, estimate=4249 kB
Populated Postgres Upgrade	Stop containers	2026-10-06T00:03:05.2488188Z  2026-10-06 00:02:45.611 UTC [41] LOG:  database system is shut down
Populated Postgres Upgrade	Stop containers	2026-10-06T00:03:05.2488455Z   done
Populated Postgres Upgrade	Stop containers	2026-10-06T00:03:05.2488607Z  server stopped
Populated Postgres Upgrade	Stop containers	2026-10-06T00:03:05.2488767Z  
Populated Postgres Upgrade	Stop containers	2026-10-06T00:03:05.2488964Z  PostgreSQL init process complete; ready for start up.
Populated Postgres Upgrade	Stop containers	2026-10-06T00:03:05.2489204Z  
Populated Postgres Upgrade	Stop containers	2026-10-06T00:03:05.2493914Z Stop and remove container: 4dd6aff69767460faa5957c92d10aad2_postgres15alpine_dcc1bf
Populated Postgres Upgrade	Stop containers	2026-10-06T00:03:05.2497822Z ##[command]/usr/bin/docker rm --force 94cec90783b7d3a6b85bffb40f95a34a1fad984dd9f1192857a01d2d6ee4e5de
Populated Postgres Upgrade	Stop containers	2026-10-06T00:03:09.2786325Z 94cec90783b7d3a6b85bffb40f95a34a1fad984dd9f1192857a01d2d6ee4e5de
Populated Postgres Upgrade	Stop containers	2026-10-06T00:03:09.2809683Z Remove container network: github_network_0a29ca10d27740bb948ed09f06cb03ab
Populated Postgres Upgrade	Stop containers	2026-10-06T00:03:09.2813220Z ##[command]/usr/bin/docker network rm github_network_0a29ca10d27740bb948ed09f06cb03ab
Populated Postgres Upgrade	Stop containers	2026-10-06T00:03:09.3657387Z github_network_0a29ca10d27740bb948ed09f06cb03ab
Populated Postgres Upgrade	Complete job	﻿2026-10-06T00:03:09.3717965Z Cleaning up orphan processes
Populated Postgres Upgrade	Complete job	2026-10-06T00:03:09.3983416Z ##[warning]Node.js 20 is deprecated. The following actions target Node.js 20 but are being forced to run on Node.js 24: actions/checkout@v4, actions/setup-node@v4. For more information see: https://github.blog/changelog/2025-09-19-deprecation-of-node-20-on-github-actions-runners/
