Classify Database Inputs	Set up job	﻿2026-10-05T22:44:52.0318884Z Current runner version: '2.337.0'
Classify Database Inputs	Set up job	2026-10-05T22:44:52.0344267Z ##[group]Runner Image Provisioner
Classify Database Inputs	Set up job	2026-10-05T22:44:52.0345229Z Hosted Compute Agent
Classify Database Inputs	Set up job	2026-10-05T22:44:52.0345825Z Version: 20260901.588
Classify Database Inputs	Set up job	2026-10-05T22:44:52.0346560Z Commit: f88ec8081b781fac6c440065ac7ff9e710ce3d0b
Classify Database Inputs	Set up job	2026-10-05T22:44:52.0347315Z Build Date: 2026-09-01T19:56:44Z
Classify Database Inputs	Set up job	2026-10-05T22:44:52.0347996Z Worker ID: {192bcea6-beed-4b31-a333-8b61c862ba4e}
Classify Database Inputs	Set up job	2026-10-05T22:44:52.0348771Z Azure Region: westus2
Classify Database Inputs	Set up job	2026-10-05T22:44:52.0349353Z ##[endgroup]
Classify Database Inputs	Set up job	2026-10-05T22:44:52.0351126Z ##[group]Operating System
Classify Database Inputs	Set up job	2026-10-05T22:44:52.0351944Z Ubuntu
Classify Database Inputs	Set up job	2026-10-05T22:44:52.0352896Z 24.04.5
Classify Database Inputs	Set up job	2026-10-05T22:44:52.0353489Z LTS
Classify Database Inputs	Set up job	2026-10-05T22:44:52.0354020Z ##[endgroup]
Classify Database Inputs	Set up job	2026-10-05T22:44:52.0354604Z ##[group]Runner Image
Classify Database Inputs	Set up job	2026-10-05T22:44:52.0355282Z Image: ubuntu-24.04
Classify Database Inputs	Set up job	2026-10-05T22:44:52.0355842Z Version: 20260927.320.1
Classify Database Inputs	Set up job	2026-10-05T22:44:52.0356943Z Included Software: https://github.com/actions/runner-images/blob/ubuntu24/20260927.320/images/ubuntu/Ubuntu2404-Readme.md
Classify Database Inputs	Set up job	2026-10-05T22:44:52.0358714Z Image Release: https://github.com/actions/runner-images/releases/tag/ubuntu24%2F20260927.320
Classify Database Inputs	Set up job	2026-10-05T22:44:52.0359754Z ##[endgroup]
Classify Database Inputs	Set up job	2026-10-05T22:44:52.0360983Z ##[group]GITHUB_TOKEN Permissions
Classify Database Inputs	Set up job	2026-10-05T22:44:52.0363522Z Contents: read
Classify Database Inputs	Set up job	2026-10-05T22:44:52.0364188Z Metadata: read
Classify Database Inputs	Set up job	2026-10-05T22:44:52.0364813Z PullRequests: read
Classify Database Inputs	Set up job	2026-10-05T22:44:52.0365401Z ##[endgroup]
Classify Database Inputs	Set up job	2026-10-05T22:44:52.0367409Z Secret source: Actions
Classify Database Inputs	Set up job	2026-10-05T22:44:52.0368502Z Cache mode: write
Classify Database Inputs	Set up job	2026-10-05T22:44:52.0369183Z Prepare workflow directory
Classify Database Inputs	Set up job	2026-10-05T22:44:52.0706050Z Prepare all required actions
Classify Database Inputs	Set up job	2026-10-05T22:44:52.0756022Z Getting action download info
Classify Database Inputs	Set up job	2026-10-05T22:44:52.4825870Z Download action repository 'dorny/paths-filter@v3' (SHA:0e4a8c6effa4802afeda77dc8d303f8176d7dfad)
Classify Database Inputs	Set up job	2026-10-05T22:44:52.8223909Z Complete job name: Classify Database Inputs
Classify Database Inputs	Detect affected database surfaces	﻿2026-10-05T22:44:52.8953236Z ##[group]Run dorny/paths-filter@v3
Classify Database Inputs	Detect affected database surfaces	2026-10-05T22:44:52.8954242Z with:
Classify Database Inputs	Detect affected database surfaces	2026-10-05T22:44:52.8958285Z   filters: database:
Classify Database Inputs	Detect affected database surfaces	  - '.github/workflows/database-upgrade.yml'
Classify Database Inputs	Detect affected database surfaces	  - 'backend/package.json'
Classify Database Inputs	Detect affected database surfaces	  - 'backend/package-lock.json'
Classify Database Inputs	Detect affected database surfaces	  - 'backend/prisma.config.ts'
Classify Database Inputs	Detect affected database surfaces	  - 'backend/prisma/**'
Classify Database Inputs	Detect affected database surfaces	  - 'backend/src/config/database.ts'
Classify Database Inputs	Detect affected database surfaces	  - 'backend/src/config/databaseUtils.ts'
Classify Database Inputs	Detect affected database surfaces	  - 'backend/src/observability.ts'
Classify Database Inputs	Detect affected database surfaces	  - 'backend/src/services/materializedWeightTrend.ts'
Classify Database Inputs	Detect affected database surfaces	  - 'backend/src/services/weightTrend*.ts'
Classify Database Inputs	Detect affected database surfaces	  - 'backend/src/utils/date.ts'
Classify Database Inputs	Detect affected database surfaces	  - 'backend/tsconfig.json'
Classify Database Inputs	Detect affected database surfaces	  - 'deploy/backup/**'
Classify Database Inputs	Detect affected database surfaces	  - 'scripts/postgres-*.mjs'
Classify Database Inputs	Detect affected database surfaces	  - 'shared/weightTrend*.ts'
Classify Database Inputs	Detect affected database surfaces	migrations:
Classify Database Inputs	Detect affected database surfaces	  - '.github/workflows/database-upgrade.yml'
Classify Database Inputs	Detect affected database surfaces	  - 'backend/prisma/migrations/**'
Classify Database Inputs	Detect affected database surfaces	  - 'scripts/postgres-rollback-smoke.mjs'
Classify Database Inputs	Detect affected database surfaces	  - 'scripts/postgres-rollback-smoke.test.mjs'
Classify Database Inputs	Detect affected database surfaces	
Classify Database Inputs	Detect affected database surfaces	2026-10-05T22:44:52.8965999Z   token: ***
Classify Database Inputs	Detect affected database surfaces	2026-10-05T22:44:52.8966439Z   list-files: none
Classify Database Inputs	Detect affected database surfaces	2026-10-05T22:44:52.8966898Z   initial-fetch-depth: 100
Classify Database Inputs	Detect affected database surfaces	2026-10-05T22:44:52.8967413Z   predicate-quantifier: some
Classify Database Inputs	Detect affected database surfaces	2026-10-05T22:44:52.8968201Z ##[endgroup]
Classify Database Inputs	Detect affected database surfaces	2026-10-05T22:44:52.9886126Z ##[group]Fetching list of changed files for PR#423 from Github API
Classify Database Inputs	Detect affected database surfaces	2026-10-05T22:44:52.9887325Z Invoking listFiles(pull_number: 423, per_page: 100)
Classify Database Inputs	Detect affected database surfaces	2026-10-05T22:44:53.6474256Z Received 96 items
Classify Database Inputs	Detect affected database surfaces	2026-10-05T22:44:53.6475911Z [added] backend/prisma/migrations/0045_firebase_identity_foundation/migration.sql
Classify Database Inputs	Detect affected database surfaces	2026-10-05T22:44:53.6477514Z [modified] backend/prisma/schema.prisma
Classify Database Inputs	Detect affected database surfaces	2026-10-05T22:44:53.6478702Z [added] backend/scripts/firebase-migration-plan.js
Classify Database Inputs	Detect affected database surfaces	2026-10-05T22:44:53.6480023Z [added] backend/scripts/lib/credentialProvider.ts
Classify Database Inputs	Detect affected database surfaces	2026-10-05T22:44:53.6481306Z [added] backend/scripts/lib/firebaseMigration.ts
Classify Database Inputs	Detect affected database surfaces	2026-10-05T22:44:53.6482849Z [added] backend/scripts/lib/migrationJournal.ts
Classify Database Inputs	Detect affected database surfaces	2026-10-05T22:44:53.6484115Z [added] backend/src/config/credentialProvider.ts
Classify Database Inputs	Detect affected database surfaces	2026-10-05T22:44:53.6485111Z [modified] backend/src/index.ts
Classify Database Inputs	Detect affected database surfaces	2026-10-05T22:44:53.6485773Z [modified] backend/src/services/mcpOAuth.ts
Classify Database Inputs	Detect affected database surfaces	2026-10-05T22:44:53.6486551Z [added] backend/test/config-credential-provider.test.js
Classify Database Inputs	Detect affected database surfaces	2026-10-05T22:44:53.6487406Z [added] backend/test/credential-provider.test.js
Classify Database Inputs	Detect affected database surfaces	2026-10-05T22:44:53.6488656Z [added] backend/test/firebase-migration-cli.test.js
Classify Database Inputs	Detect affected database surfaces	2026-10-05T22:44:53.6489423Z [added] backend/test/firebase-migration.test.js
Classify Database Inputs	Detect affected database surfaces	2026-10-05T22:44:53.6490154Z [modified] backend/test/mcp-oauth.test.js
Classify Database Inputs	Detect affected database surfaces	2026-10-05T22:44:53.6490980Z [added] backend/test/migration-journal.test.js
Classify Database Inputs	Detect affected database surfaces	2026-10-05T22:44:53.6491883Z [added] docs/firebase-migration-preparation.md
Classify Database Inputs	Detect affected database surfaces	2026-10-05T22:44:53.6492968Z [modified] e2e/expo-web/launch-19-hosted-pwa-trust.spec.ts
Classify Database Inputs	Detect affected database surfaces	2026-10-05T22:44:53.6493894Z [added] e2e/expo-web/offline-workspace.spec.ts
Classify Database Inputs	Detect affected database surfaces	2026-10-05T22:44:53.6494919Z [modified] e2e/expo-web/release-smoke.spec.ts
Classify Database Inputs	Detect affected database surfaces	2026-10-05T22:44:53.6495674Z [modified] mobile/app/(tabs)/(progress)/progress.tsx
Classify Database Inputs	Detect affected database surfaces	2026-10-05T22:44:53.6496429Z [modified] mobile/app/(tabs)/(today)/today.tsx
Classify Database Inputs	Detect affected database surfaces	2026-10-05T22:44:53.6497111Z [modified] mobile/app/_layout.tsx
Classify Database Inputs	Detect affected database surfaces	2026-10-05T22:44:53.6497750Z [modified] mobile/app/_layout.web.tsx
Classify Database Inputs	Detect affected database surfaces	2026-10-05T22:44:53.6498422Z [modified] mobile/public/sw.js
Classify Database Inputs	Detect affected database surfaces	2026-10-05T22:44:53.6499074Z [modified] mobile/src/auth/AuthContext.test.tsx
Classify Database Inputs	Detect affected database surfaces	2026-10-05T22:44:53.6499801Z [modified] mobile/src/auth/AuthContext.tsx
Classify Database Inputs	Detect affected database surfaces	2026-10-05T22:44:53.6500518Z [modified] mobile/src/auth/AuthContext.web.test.tsx
Classify Database Inputs	Detect affected database surfaces	2026-10-05T22:44:53.6501264Z [modified] mobile/src/auth/AuthContext.web.tsx
Classify Database Inputs	Detect affected database surfaces	2026-10-05T22:44:53.6502012Z [modified] mobile/src/auth/apiClientAuth.test.ts
Classify Database Inputs	Detect affected database surfaces	2026-10-05T22:44:53.6503742Z [added] mobile/src/auth/logoutIntent.ts
Classify Database Inputs	Detect affected database surfaces	2026-10-05T22:44:53.6505137Z [added] mobile/src/auth/logoutIntent.web.ts
Classify Database Inputs	Detect affected database surfaces	2026-10-05T22:44:53.6506547Z [added] mobile/src/auth/logoutIntentStore.test.ts
Classify Database Inputs	Detect affected database surfaces	2026-10-05T22:44:53.6508045Z [added] mobile/src/auth/logoutIntentStore.ts
Classify Database Inputs	Detect affected database surfaces	2026-10-05T22:44:53.6509220Z [added] mobile/src/auth/offlineWorkspace.test.ts
Classify Database Inputs	Detect affected database surfaces	2026-10-05T22:44:53.6510080Z [added] mobile/src/auth/offlineWorkspace.ts
Classify Database Inputs	Detect affected database surfaces	2026-10-05T22:44:53.6510848Z [added] mobile/src/auth/storage.test.ts
Classify Database Inputs	Detect affected database surfaces	2026-10-05T22:44:53.6511773Z [modified] mobile/src/auth/storage.ts
Classify Database Inputs	Detect affected database surfaces	2026-10-05T22:44:53.6513074Z [added] mobile/src/auth/usePendingLogoutRetry.ts
Classify Database Inputs	Detect affected database surfaces	2026-10-05T22:44:53.6513882Z [modified] mobile/src/barcode/BarcodeScreen.tsx
Classify Database Inputs	Detect affected database surfaces	2026-10-05T22:44:53.6514865Z [modified] mobile/src/components/AddFoodSheet.test.tsx
Classify Database Inputs	Detect affected database surfaces	2026-10-05T22:44:53.6515749Z [modified] mobile/src/components/AddFoodSheet.tsx
Classify Database Inputs	Detect affected database surfaces	2026-10-05T22:44:53.6516560Z [modified] mobile/src/components/FoodTrackingStatus.test.tsx
Classify Database Inputs	Detect affected database surfaces	2026-10-05T22:44:53.6517525Z [modified] mobile/src/components/FoodTrackingStatus.tsx
Classify Database Inputs	Detect affected database surfaces	2026-10-05T22:44:53.6518874Z [modified] mobile/src/components/WeightEntrySheet.test.tsx
Classify Database Inputs	Detect affected database surfaces	2026-10-05T22:44:53.6519782Z [modified] mobile/src/components/WeightEntrySheet.tsx
Classify Database Inputs	Detect affected database surfaces	2026-10-05T22:44:53.6520540Z [modified] mobile/src/food/FoodLogContent.tsx
Classify Database Inputs	Detect affected database surfaces	2026-10-05T22:44:53.6521284Z [modified] mobile/src/food/useFoodDeleteRecovery.ts
Classify Database Inputs	Detect affected database surfaces	2026-10-05T22:44:53.6522091Z [modified] mobile/src/hooks/usePrefetchPreviousFoodLog.ts
Classify Database Inputs	Detect affected database surfaces	2026-10-05T22:44:53.6523216Z [added] mobile/src/offline/FailedChangeRecoveryPanel.tsx
Classify Database Inputs	Detect affected database surfaces	2026-10-05T22:44:53.6524075Z [added] mobile/src/offline/OfflineWorkspaceStatus.tsx
Classify Database Inputs	Detect affected database surfaces	2026-10-05T22:44:53.6524864Z [added] mobile/src/offline/failedCreation.test.ts
Classify Database Inputs	Detect affected database surfaces	2026-10-05T22:44:53.6525944Z [added] mobile/src/offline/failedCreation.ts
Classify Database Inputs	Detect affected database surfaces	2026-10-05T22:44:53.6526969Z [added] mobile/src/offline/failedMutationRecovery.test.ts
Classify Database Inputs	Detect affected database surfaces	2026-10-05T22:44:53.6527862Z [added] mobile/src/offline/failedMutationRecovery.ts
Classify Database Inputs	Detect affected database surfaces	2026-10-05T22:44:53.6528976Z [added] mobile/src/offline/foodDayIntent.ts
Classify Database Inputs	Detect affected database surfaces	2026-10-05T22:44:53.6529709Z [added] mobile/src/offline/foodDayIntent.web.test.ts
Classify Database Inputs	Detect affected database surfaces	2026-10-05T22:44:53.6530469Z [added] mobile/src/offline/foodDayReceipts.test.ts
Classify Database Inputs	Detect affected database surfaces	2026-10-05T22:44:53.6531233Z [added] mobile/src/offline/foodDayReceipts.ts
Classify Database Inputs	Detect affected database surfaces	2026-10-05T22:44:53.6532041Z [modified] mobile/src/offline/indexedDbOutbox.web.test.ts
Classify Database Inputs	Detect affected database surfaces	2026-10-05T22:44:53.6533064Z [modified] mobile/src/offline/indexedDbOutbox.web.ts
Classify Database Inputs	Detect affected database surfaces	2026-10-05T22:44:53.6533913Z [added] mobile/src/offline/mutationDispatch.test.ts
Classify Database Inputs	Detect affected database surfaces	2026-10-05T22:44:53.6534699Z [added] mobile/src/offline/mutationDispatch.ts
Classify Database Inputs	Detect affected database surfaces	2026-10-05T22:44:53.6535462Z [added] mobile/src/offline/mutationKinds.ts
Classify Database Inputs	Detect affected database surfaces	2026-10-05T22:44:53.6536192Z [added] mobile/src/offline/mutationLock.ts
Classify Database Inputs	Detect affected database surfaces	2026-10-05T22:44:53.6537210Z [added] mobile/src/offline/mutationLock.web.test.ts
Classify Database Inputs	Detect affected database surfaces	2026-10-05T22:44:53.6538037Z [added] mobile/src/offline/mutationLock.web.ts
Classify Database Inputs	Detect affected database surfaces	2026-10-05T22:44:53.6538834Z [modified] mobile/src/offline/operations.test.ts
Classify Database Inputs	Detect affected database surfaces	2026-10-05T22:44:53.6539666Z [modified] mobile/src/offline/operations.ts
Classify Database Inputs	Detect affected database surfaces	2026-10-05T22:44:53.6540411Z [modified] mobile/src/offline/outbox.test.ts
Classify Database Inputs	Detect affected database surfaces	2026-10-05T22:44:53.6541237Z [modified] mobile/src/offline/outbox.ts
Classify Database Inputs	Detect affected database surfaces	2026-10-05T22:44:53.6542079Z [added] mobile/src/offline/pendingChangePresentation.test.ts
Classify Database Inputs	Detect affected database surfaces	2026-10-05T22:44:53.6543323Z [added] mobile/src/offline/pendingChangePresentation.ts
Classify Database Inputs	Detect affected database surfaces	2026-10-05T22:44:53.6544222Z [modified] mobile/src/offline/provider.test.tsx
Classify Database Inputs	Detect affected database surfaces	2026-10-05T22:44:53.6545022Z [modified] mobile/src/offline/provider.tsx
Classify Database Inputs	Detect affected database surfaces	2026-10-05T22:44:53.6545806Z [modified] mobile/src/offline/provider.web.test.tsx
Classify Database Inputs	Detect affected database surfaces	2026-10-05T22:44:53.6546637Z [modified] mobile/src/offline/provider.web.tsx
Classify Database Inputs	Detect affected database surfaces	2026-10-05T22:44:53.6547463Z [modified] mobile/src/offline/reconciler.test.ts
Classify Database Inputs	Detect affected database surfaces	2026-10-05T22:44:53.6548250Z [modified] mobile/src/offline/reconciler.ts
Classify Database Inputs	Detect affected database surfaces	2026-10-05T22:44:53.6549189Z [added] mobile/src/offline/reconcilerOwnership.web.test.ts
Classify Database Inputs	Detect affected database surfaces	2026-10-05T22:44:53.6550098Z [added] mobile/src/offline/trackingProjection.test.ts
Classify Database Inputs	Detect affected database surfaces	2026-10-05T22:44:53.6551054Z [added] mobile/src/offline/trackingProjection.ts
Classify Database Inputs	Detect affected database surfaces	2026-10-05T22:44:53.6551869Z [added] mobile/src/offline/trackingReceipts.test.ts
Classify Database Inputs	Detect affected database surfaces	2026-10-05T22:44:53.6552916Z [added] mobile/src/offline/trackingReceipts.ts
Classify Database Inputs	Detect affected database surfaces	2026-10-05T22:44:53.6553796Z [added] mobile/src/offline/useOfflineReplayExecutor.ts
Classify Database Inputs	Detect affected database surfaces	2026-10-05T22:44:53.6554613Z [added] mobile/src/offline/useTrackingQueries.test.tsx
Classify Database Inputs	Detect affected database surfaces	2026-10-05T22:44:53.6555406Z [added] mobile/src/offline/useTrackingQueries.ts
Classify Database Inputs	Detect affected database surfaces	2026-10-05T22:44:53.6556204Z [modified] mobile/src/progress/ProgressScreen.test.tsx
Classify Database Inputs	Detect affected database surfaces	2026-10-05T22:44:53.6557381Z [modified] mobile/src/pwa/PwaStatusBanner.web.test.ts
Classify Database Inputs	Detect affected database surfaces	2026-10-05T22:44:53.6559057Z [modified] mobile/src/pwa/PwaStatusBanner.web.tsx
Classify Database Inputs	Detect affected database surfaces	2026-10-05T22:44:53.6560010Z [modified] mobile/src/pwa/serviceWorkerSecurity.test.ts
Classify Database Inputs	Detect affected database surfaces	2026-10-05T22:44:53.6560803Z [modified] packages/api-client/src/client.ts
Classify Database Inputs	Detect affected database surfaces	2026-10-05T22:44:53.6561498Z [modified] scripts/expo-web-release.mjs
Classify Database Inputs	Detect affected database surfaces	2026-10-05T22:44:53.6562413Z [modified] scripts/expo-web-release.test.mjs
Classify Database Inputs	Detect affected database surfaces	2026-10-05T22:44:53.6563609Z [modified] scripts/postgres-populated-upgrade-smoke.mjs
Classify Database Inputs	Detect affected database surfaces	2026-10-05T22:44:53.6564907Z [modified] scripts/postgres-rollback-smoke.mjs
Classify Database Inputs	Detect affected database surfaces	2026-10-05T22:44:53.6566025Z [modified] scripts/postgres-rollback-smoke.test.mjs
Classify Database Inputs	Detect affected database surfaces	2026-10-05T22:44:53.6568481Z ##[endgroup]
Classify Database Inputs	Detect affected database surfaces	2026-10-05T22:44:53.6569464Z Detected 96 changed files
Classify Database Inputs	Detect affected database surfaces	2026-10-05T22:44:53.6570392Z Results:
Classify Database Inputs	Detect affected database surfaces	2026-10-05T22:44:53.6571821Z ##[group]Filter database = true
Classify Database Inputs	Detect affected database surfaces	2026-10-05T22:44:53.6572948Z Matching files:
Classify Database Inputs	Detect affected database surfaces	2026-10-05T22:44:53.6574170Z backend/prisma/migrations/0045_firebase_identity_foundation/migration.sql [added]
Classify Database Inputs	Detect affected database surfaces	2026-10-05T22:44:53.6575655Z backend/prisma/schema.prisma [modified]
Classify Database Inputs	Detect affected database surfaces	2026-10-05T22:44:53.6576842Z scripts/postgres-populated-upgrade-smoke.mjs [modified]
Classify Database Inputs	Detect affected database surfaces	2026-10-05T22:44:53.6578097Z scripts/postgres-rollback-smoke.mjs [modified]
Classify Database Inputs	Detect affected database surfaces	2026-10-05T22:44:53.6579294Z scripts/postgres-rollback-smoke.test.mjs [modified]
Classify Database Inputs	Detect affected database surfaces	2026-10-05T22:44:53.6580812Z ##[endgroup]
Classify Database Inputs	Detect affected database surfaces	2026-10-05T22:44:53.6581990Z ##[group]Filter migrations = true
Classify Database Inputs	Detect affected database surfaces	2026-10-05T22:44:53.6583142Z Matching files:
Classify Database Inputs	Detect affected database surfaces	2026-10-05T22:44:53.6584346Z backend/prisma/migrations/0045_firebase_identity_foundation/migration.sql [added]
Classify Database Inputs	Detect affected database surfaces	2026-10-05T22:44:53.6585876Z scripts/postgres-rollback-smoke.mjs [modified]
Classify Database Inputs	Detect affected database surfaces	2026-10-05T22:44:53.6587121Z scripts/postgres-rollback-smoke.test.mjs [modified]
Classify Database Inputs	Detect affected database surfaces	2026-10-05T22:44:53.6588668Z ##[endgroup]
Classify Database Inputs	Detect affected database surfaces	2026-10-05T22:44:53.6589494Z Changes output set to ["database","migrations"]
Classify Database Inputs	Select database execution	﻿2026-10-05T22:44:53.6770016Z ##[group]Run echo "database=${DATABASE_CHANGED}" >> "${GITHUB_OUTPUT}"
Classify Database Inputs	Select database execution	2026-10-05T22:44:53.6770988Z ^[[36;1mecho "database=${DATABASE_CHANGED}" >> "${GITHUB_OUTPUT}"^[[0m
Classify Database Inputs	Select database execution	2026-10-05T22:44:53.6771867Z ^[[36;1mecho "migrations=${MIGRATIONS_CHANGED}" >> "${GITHUB_OUTPUT}"^[[0m
Classify Database Inputs	Select database execution	2026-10-05T22:44:53.7037917Z shell: /usr/bin/bash --noprofile --norc -e -o pipefail {0}
Classify Database Inputs	Select database execution	2026-10-05T22:44:53.7038842Z env:
Classify Database Inputs	Select database execution	2026-10-05T22:44:53.7039263Z   DATABASE_CHANGED: true
Classify Database Inputs	Select database execution	2026-10-05T22:44:53.7039753Z   MIGRATIONS_CHANGED: true
Classify Database Inputs	Select database execution	2026-10-05T22:44:53.7040235Z ##[endgroup]
Classify Database Inputs	Complete job	﻿2026-10-05T22:44:53.7229125Z Evaluate and set job outputs
Classify Database Inputs	Complete job	2026-10-05T22:44:53.7234737Z Set output 'database'
Classify Database Inputs	Complete job	2026-10-05T22:44:53.7236653Z Set output 'migrations'
Classify Database Inputs	Complete job	2026-10-05T22:44:53.7238147Z Cleaning up orphan processes
Classify Database Inputs	Complete job	2026-10-05T22:44:53.7564594Z ##[warning]Node.js 20 is deprecated. The following actions target Node.js 20 but are being forced to run on Node.js 24: dorny/paths-filter@v3. For more information see: https://github.blog/changelog/2025-09-19-deprecation-of-node-20-on-github-actions-runners/
v0.14.0 Upgrade and Encrypted Rollback	Set up job	﻿2026-10-05T22:44:59.5036317Z Current runner version: '2.337.0'
v0.14.0 Upgrade and Encrypted Rollback	Set up job	2026-10-05T22:44:59.5061782Z ##[group]Runner Image Provisioner
v0.14.0 Upgrade and Encrypted Rollback	Set up job	2026-10-05T22:44:59.5062782Z Hosted Compute Agent
v0.14.0 Upgrade and Encrypted Rollback	Set up job	2026-10-05T22:44:59.5063317Z Version: 20260901.588
v0.14.0 Upgrade and Encrypted Rollback	Set up job	2026-10-05T22:44:59.5063872Z Commit: f88ec8081b781fac6c440065ac7ff9e710ce3d0b
v0.14.0 Upgrade and Encrypted Rollback	Set up job	2026-10-05T22:44:59.5064589Z Build Date: 2026-09-01T19:56:44Z
v0.14.0 Upgrade and Encrypted Rollback	Set up job	2026-10-05T22:44:59.5065202Z Worker ID: {218282b8-4f2e-4c87-b9b6-1b58ab8eb67b}
v0.14.0 Upgrade and Encrypted Rollback	Set up job	2026-10-05T22:44:59.5065857Z Azure Region: westus3
v0.14.0 Upgrade and Encrypted Rollback	Set up job	2026-10-05T22:44:59.5066368Z ##[endgroup]
v0.14.0 Upgrade and Encrypted Rollback	Set up job	2026-10-05T22:44:59.5067643Z ##[group]Operating System
v0.14.0 Upgrade and Encrypted Rollback	Set up job	2026-10-05T22:44:59.5068257Z Ubuntu
v0.14.0 Upgrade and Encrypted Rollback	Set up job	2026-10-05T22:44:59.5068711Z 24.04.5
v0.14.0 Upgrade and Encrypted Rollback	Set up job	2026-10-05T22:44:59.5069220Z LTS
v0.14.0 Upgrade and Encrypted Rollback	Set up job	2026-10-05T22:44:59.5069822Z ##[endgroup]
v0.14.0 Upgrade and Encrypted Rollback	Set up job	2026-10-05T22:44:59.5070309Z ##[group]Runner Image
v0.14.0 Upgrade and Encrypted Rollback	Set up job	2026-10-05T22:44:59.5070902Z Image: ubuntu-24.04
v0.14.0 Upgrade and Encrypted Rollback	Set up job	2026-10-05T22:44:59.5071416Z Version: 20260927.320.1
v0.14.0 Upgrade and Encrypted Rollback	Set up job	2026-10-05T22:44:59.5072368Z Included Software: https://github.com/actions/runner-images/blob/ubuntu24/20260927.320/images/ubuntu/Ubuntu2404-Readme.md
v0.14.0 Upgrade and Encrypted Rollback	Set up job	2026-10-05T22:44:59.5073977Z Image Release: https://github.com/actions/runner-images/releases/tag/ubuntu24%2F20260927.320
v0.14.0 Upgrade and Encrypted Rollback	Set up job	2026-10-05T22:44:59.5074880Z ##[endgroup]
v0.14.0 Upgrade and Encrypted Rollback	Set up job	2026-10-05T22:44:59.5075894Z ##[group]GITHUB_TOKEN Permissions
v0.14.0 Upgrade and Encrypted Rollback	Set up job	2026-10-05T22:44:59.5077771Z Contents: read
v0.14.0 Upgrade and Encrypted Rollback	Set up job	2026-10-05T22:44:59.5078297Z Metadata: read
v0.14.0 Upgrade and Encrypted Rollback	Set up job	2026-10-05T22:44:59.5078780Z ##[endgroup]
v0.14.0 Upgrade and Encrypted Rollback	Set up job	2026-10-05T22:44:59.5081370Z Secret source: Actions
v0.14.0 Upgrade and Encrypted Rollback	Set up job	2026-10-05T22:44:59.5082264Z Cache mode: write
v0.14.0 Upgrade and Encrypted Rollback	Set up job	2026-10-05T22:44:59.5082970Z Prepare workflow directory
v0.14.0 Upgrade and Encrypted Rollback	Set up job	2026-10-05T22:44:59.5589280Z Prepare all required actions
v0.14.0 Upgrade and Encrypted Rollback	Set up job	2026-10-05T22:44:59.5637108Z Getting action download info
v0.14.0 Upgrade and Encrypted Rollback	Set up job	2026-10-05T22:44:59.8754286Z Download action repository 'actions/checkout@v4' (SHA:11d5960a326750d5838078e36cf38b85af677262)
v0.14.0 Upgrade and Encrypted Rollback	Set up job	2026-10-05T22:44:59.9807233Z Download action repository 'actions/setup-node@v4' (SHA:49933ea5288caeca8642d1e84afbd3f7d6820020)
v0.14.0 Upgrade and Encrypted Rollback	Set up job	2026-10-05T22:45:00.1334153Z Complete job name: v0.14.0 Upgrade and Encrypted Rollback
v0.14.0 Upgrade and Encrypted Rollback	Checkout candidate C with immutable base tag	﻿2026-10-05T22:45:00.2077314Z ##[group]Run actions/checkout@v4
v0.14.0 Upgrade and Encrypted Rollback	Checkout candidate C with immutable base tag	2026-10-05T22:45:00.2078140Z with:
v0.14.0 Upgrade and Encrypted Rollback	Checkout candidate C with immutable base tag	2026-10-05T22:45:00.2078529Z   fetch-depth: 0
v0.14.0 Upgrade and Encrypted Rollback	Checkout candidate C with immutable base tag	2026-10-05T22:45:00.2078978Z   ref: 709f4545bdcad2627b54308b368958d45c95b715
v0.14.0 Upgrade and Encrypted Rollback	Checkout candidate C with immutable base tag	2026-10-05T22:45:00.2079828Z   repository: MChartier/calibrate-health
v0.14.0 Upgrade and Encrypted Rollback	Checkout candidate C with immutable base tag	2026-10-05T22:45:00.2083362Z   token: ***
v0.14.0 Upgrade and Encrypted Rollback	Checkout candidate C with immutable base tag	2026-10-05T22:45:00.2083749Z   ssh-strict: true
v0.14.0 Upgrade and Encrypted Rollback	Checkout candidate C with immutable base tag	2026-10-05T22:45:00.2084132Z   ssh-user: git
v0.14.0 Upgrade and Encrypted Rollback	Checkout candidate C with immutable base tag	2026-10-05T22:45:00.2084530Z   persist-credentials: true
v0.14.0 Upgrade and Encrypted Rollback	Checkout candidate C with immutable base tag	2026-10-05T22:45:00.2084966Z   clean: true
v0.14.0 Upgrade and Encrypted Rollback	Checkout candidate C with immutable base tag	2026-10-05T22:45:00.2085379Z   sparse-checkout-cone-mode: true
v0.14.0 Upgrade and Encrypted Rollback	Checkout candidate C with immutable base tag	2026-10-05T22:45:00.2085839Z   fetch-tags: false
v0.14.0 Upgrade and Encrypted Rollback	Checkout candidate C with immutable base tag	2026-10-05T22:45:00.2086226Z   show-progress: true
v0.14.0 Upgrade and Encrypted Rollback	Checkout candidate C with immutable base tag	2026-10-05T22:45:00.2086618Z   lfs: false
v0.14.0 Upgrade and Encrypted Rollback	Checkout candidate C with immutable base tag	2026-10-05T22:45:00.2086986Z   submodules: false
v0.14.0 Upgrade and Encrypted Rollback	Checkout candidate C with immutable base tag	2026-10-05T22:45:00.2087380Z   set-safe-directory: true
v0.14.0 Upgrade and Encrypted Rollback	Checkout candidate C with immutable base tag	2026-10-05T22:45:00.2087828Z   allow-unsafe-pr-checkout: false
v0.14.0 Upgrade and Encrypted Rollback	Checkout candidate C with immutable base tag	2026-10-05T22:45:00.2088577Z env:
v0.14.0 Upgrade and Encrypted Rollback	Checkout candidate C with immutable base tag	2026-10-05T22:45:00.2089069Z   CALIBRATE_SOURCE_COMMIT: 709f4545bdcad2627b54308b368958d45c95b715
v0.14.0 Upgrade and Encrypted Rollback	Checkout candidate C with immutable base tag	2026-10-05T22:45:00.2090000Z ##[endgroup]
v0.14.0 Upgrade and Encrypted Rollback	Checkout candidate C with immutable base tag	2026-10-05T22:45:00.3049346Z Syncing repository: MChartier/calibrate-health
v0.14.0 Upgrade and Encrypted Rollback	Checkout candidate C with immutable base tag	2026-10-05T22:45:00.3051428Z ##[group]Getting Git version info
v0.14.0 Upgrade and Encrypted Rollback	Checkout candidate C with immutable base tag	2026-10-05T22:45:00.3052224Z Working directory is '/home/runner/work/calibrate-health/calibrate-health'
v0.14.0 Upgrade and Encrypted Rollback	Checkout candidate C with immutable base tag	2026-10-05T22:45:00.3059262Z [command]/usr/bin/git version
v0.14.0 Upgrade and Encrypted Rollback	Checkout candidate C with immutable base tag	2026-10-05T22:45:00.3171980Z git version 2.55.0
v0.14.0 Upgrade and Encrypted Rollback	Checkout candidate C with immutable base tag	2026-10-05T22:45:00.3202363Z ##[endgroup]
v0.14.0 Upgrade and Encrypted Rollback	Checkout candidate C with immutable base tag	2026-10-05T22:45:00.3220099Z Temporarily overriding HOME='/home/runner/work/_temp/e950b438-4fc5-4e8d-81f4-c247b9747346' before making global git config changes
v0.14.0 Upgrade and Encrypted Rollback	Checkout candidate C with immutable base tag	2026-10-05T22:45:00.3222145Z Adding repository directory to the temporary git global config as a safe directory
v0.14.0 Upgrade and Encrypted Rollback	Checkout candidate C with immutable base tag	2026-10-05T22:45:00.3227439Z [command]/usr/bin/git config --global --add safe.directory /home/runner/work/calibrate-health/calibrate-health
v0.14.0 Upgrade and Encrypted Rollback	Checkout candidate C with immutable base tag	2026-10-05T22:45:00.3278486Z Deleting the contents of '/home/runner/work/calibrate-health/calibrate-health'
v0.14.0 Upgrade and Encrypted Rollback	Checkout candidate C with immutable base tag	2026-10-05T22:45:00.3283563Z ##[group]Initializing the repository
v0.14.0 Upgrade and Encrypted Rollback	Checkout candidate C with immutable base tag	2026-10-05T22:45:00.3288557Z [command]/usr/bin/git init /home/runner/work/calibrate-health/calibrate-health
v0.14.0 Upgrade and Encrypted Rollback	Checkout candidate C with immutable base tag	2026-10-05T22:45:00.3377052Z hint: Using 'master' as the name for the initial branch. This default branch name
v0.14.0 Upgrade and Encrypted Rollback	Checkout candidate C with immutable base tag	2026-10-05T22:45:00.3379135Z hint: will change to "main" in Git 3.0. To configure the initial branch name
v0.14.0 Upgrade and Encrypted Rollback	Checkout candidate C with immutable base tag	2026-10-05T22:45:00.3380969Z hint: to use in all of your new repositories, which will suppress this warning,
v0.14.0 Upgrade and Encrypted Rollback	Checkout candidate C with immutable base tag	2026-10-05T22:45:00.3381952Z hint: call:
v0.14.0 Upgrade and Encrypted Rollback	Checkout candidate C with immutable base tag	2026-10-05T22:45:00.3382747Z hint:
v0.14.0 Upgrade and Encrypted Rollback	Checkout candidate C with immutable base tag	2026-10-05T22:45:00.3383724Z hint: 	git config --global init.defaultBranch <name>
v0.14.0 Upgrade and Encrypted Rollback	Checkout candidate C with immutable base tag	2026-10-05T22:45:00.3384641Z hint:
v0.14.0 Upgrade and Encrypted Rollback	Checkout candidate C with immutable base tag	2026-10-05T22:45:00.3385707Z hint: Names commonly chosen instead of 'master' are 'main', 'trunk' and
v0.14.0 Upgrade and Encrypted Rollback	Checkout candidate C with immutable base tag	2026-10-05T22:45:00.3387015Z hint: 'development'. The just-created branch can be renamed via this command:
v0.14.0 Upgrade and Encrypted Rollback	Checkout candidate C with immutable base tag	2026-10-05T22:45:00.3387979Z hint:
v0.14.0 Upgrade and Encrypted Rollback	Checkout candidate C with immutable base tag	2026-10-05T22:45:00.3388808Z hint: 	git branch -m <name>
v0.14.0 Upgrade and Encrypted Rollback	Checkout candidate C with immutable base tag	2026-10-05T22:45:00.3389783Z hint:
v0.14.0 Upgrade and Encrypted Rollback	Checkout candidate C with immutable base tag	2026-10-05T22:45:00.3390419Z hint: Disable this message with "git config set advice.defaultBranchName false"
v0.14.0 Upgrade and Encrypted Rollback	Checkout candidate C with immutable base tag	2026-10-05T22:45:00.3391455Z Initialized empty Git repository in /home/runner/work/calibrate-health/calibrate-health/.git/
v0.14.0 Upgrade and Encrypted Rollback	Checkout candidate C with immutable base tag	2026-10-05T22:45:00.3393588Z [command]/usr/bin/git remote add origin https://github.com/MChartier/calibrate-health
v0.14.0 Upgrade and Encrypted Rollback	Checkout candidate C with immutable base tag	2026-10-05T22:45:00.3438041Z ##[endgroup]
v0.14.0 Upgrade and Encrypted Rollback	Checkout candidate C with immutable base tag	2026-10-05T22:45:00.3438979Z ##[group]Disabling automatic garbage collection
v0.14.0 Upgrade and Encrypted Rollback	Checkout candidate C with immutable base tag	2026-10-05T22:45:00.3443133Z [command]/usr/bin/git config --local gc.auto 0
v0.14.0 Upgrade and Encrypted Rollback	Checkout candidate C with immutable base tag	2026-10-05T22:45:00.3471681Z ##[endgroup]
v0.14.0 Upgrade and Encrypted Rollback	Checkout candidate C with immutable base tag	2026-10-05T22:45:00.3472489Z ##[group]Setting up auth
v0.14.0 Upgrade and Encrypted Rollback	Checkout candidate C with immutable base tag	2026-10-05T22:45:00.3480143Z [command]/usr/bin/git config --local --name-only --get-regexp core\.sshCommand
v0.14.0 Upgrade and Encrypted Rollback	Checkout candidate C with immutable base tag	2026-10-05T22:45:00.3510266Z [command]/usr/bin/git submodule foreach --recursive sh -c "git config --local --name-only --get-regexp 'core\.sshCommand' && git config --local --unset-all 'core.sshCommand' || :"
v0.14.0 Upgrade and Encrypted Rollback	Checkout candidate C with immutable base tag	2026-10-05T22:45:00.3849712Z [command]/usr/bin/git config --local --name-only --get-regexp http\.https\:\/\/github\.com\/\.extraheader
v0.14.0 Upgrade and Encrypted Rollback	Checkout candidate C with immutable base tag	2026-10-05T22:45:00.3885005Z [command]/usr/bin/git submodule foreach --recursive sh -c "git config --local --name-only --get-regexp 'http\.https\:\/\/github\.com\/\.extraheader' && git config --local --unset-all 'http.https://github.com/.extraheader' || :"
v0.14.0 Upgrade and Encrypted Rollback	Checkout candidate C with immutable base tag	2026-10-05T22:45:00.4081632Z [command]/usr/bin/git config --local --name-only --get-regexp ^includeIf\.gitdir:
v0.14.0 Upgrade and Encrypted Rollback	Checkout candidate C with immutable base tag	2026-10-05T22:45:00.4110276Z [command]/usr/bin/git submodule foreach --recursive git config --local --show-origin --name-only --get-regexp remote.origin.url
v0.14.0 Upgrade and Encrypted Rollback	Checkout candidate C with immutable base tag	2026-10-05T22:45:00.4319725Z [command]/usr/bin/git config --local http.https://github.com/.extraheader AUTHORIZATION: basic ***
v0.14.0 Upgrade and Encrypted Rollback	Checkout candidate C with immutable base tag	2026-10-05T22:45:00.4352406Z ##[endgroup]
v0.14.0 Upgrade and Encrypted Rollback	Checkout candidate C with immutable base tag	2026-10-05T22:45:00.4353214Z ##[group]Fetching the repository
v0.14.0 Upgrade and Encrypted Rollback	Checkout candidate C with immutable base tag	2026-10-05T22:45:00.4361907Z [command]/usr/bin/git -c protocol.version=2 fetch --prune --no-recurse-submodules origin +refs/heads/*:refs/remotes/origin/* +refs/tags/*:refs/tags/*
v0.14.0 Upgrade and Encrypted Rollback	Checkout candidate C with immutable base tag	2026-10-05T22:45:03.6965180Z From https://github.com/MChartier/calibrate-health
v0.14.0 Upgrade and Encrypted Rollback	Checkout candidate C with immutable base tag	2026-10-05T22:45:03.6967703Z  * [new branch]        MChartier-patch-1       -> origin/MChartier-patch-1
v0.14.0 Upgrade and Encrypted Rollback	Checkout candidate C with immutable base tag	2026-10-05T22:45:03.6970292Z  * [new branch]        add-test-coverage       -> origin/add-test-coverage
v0.14.0 Upgrade and Encrypted Rollback	Checkout candidate C with immutable base tag	2026-10-05T22:45:03.6971479Z  * [new branch]        agents-md-update        -> origin/agents-md-update
v0.14.0 Upgrade and Encrypted Rollback	Checkout candidate C with immutable base tag	2026-10-05T22:45:03.6972690Z  * [new branch]        alpha                   -> origin/alpha
v0.14.0 Upgrade and Encrypted Rollback	Checkout candidate C with immutable base tag	2026-10-05T22:45:03.6973939Z  * [new branch]        archive/pr415-pre-scope-cleanup-ed4a2a7 -> origin/archive/pr415-pre-scope-cleanup-ed4a2a7
v0.14.0 Upgrade and Encrypted Rollback	Checkout candidate C with immutable base tag	2026-10-05T22:45:03.6975461Z  * [new branch]        athletic-data-theme     -> origin/athletic-data-theme
v0.14.0 Upgrade and Encrypted Rollback	Checkout candidate C with immutable base tag	2026-10-05T22:45:03.6976582Z  * [new branch]        auto-start-dev-server   -> origin/auto-start-dev-server
v0.14.0 Upgrade and Encrypted Rollback	Checkout candidate C with immutable base tag	2026-10-05T22:45:03.6977972Z  * [new branch]        aws-deploy-ec2-rds      -> origin/aws-deploy-ec2-rds
v0.14.0 Upgrade and Encrypted Rollback	Checkout candidate C with immutable base tag	2026-10-05T22:45:03.6979065Z  * [new branch]        barcode-scanner         -> origin/barcode-scanner
v0.14.0 Upgrade and Encrypted Rollback	Checkout candidate C with immutable base tag	2026-10-05T22:45:03.6981123Z  * [new branch]        barcode-scanner-fix     -> origin/barcode-scanner-fix
v0.14.0 Upgrade and Encrypted Rollback	Checkout candidate C with immutable base tag	2026-10-05T22:45:03.6983018Z  * [new branch]        beta                    -> origin/beta
v0.14.0 Upgrade and Encrypted Rollback	Checkout candidate C with immutable base tag	2026-10-05T22:45:03.6984565Z  * [new branch]        build-image-fix         -> origin/build-image-fix
v0.14.0 Upgrade and Encrypted Rollback	Checkout candidate C with immutable base tag	2026-10-05T22:45:03.6986341Z  * [new branch]        calorie-target-card-profile-autosave -> origin/calorie-target-card-profile-autosave
v0.14.0 Upgrade and Encrypted Rollback	Checkout candidate C with immutable base tag	2026-10-05T22:45:03.6987866Z  * [new branch]        ci-actions              -> origin/ci-actions
v0.14.0 Upgrade and Encrypted Rollback	Checkout candidate C with immutable base tag	2026-10-05T22:45:03.6989333Z  * [new branch]        ci-fix-prod-deploy-on-master -> origin/ci-fix-prod-deploy-on-master
v0.14.0 Upgrade and Encrypted Rollback	Checkout candidate C with immutable base tag	2026-10-05T22:45:03.6991053Z  * [new branch]        ci/build-deploy-release-trigger -> origin/ci/build-deploy-release-trigger
v0.14.0 Upgrade and Encrypted Rollback	Checkout candidate C with immutable base tag	2026-10-05T22:45:03.6992546Z  * [new branch]        ci/cut-release-tag-workflow -> origin/ci/cut-release-tag-workflow
v0.14.0 Upgrade and Encrypted Rollback	Checkout candidate C with immutable base tag	2026-10-05T22:45:03.6994347Z  * [new branch]        ci/ecs-wait-stable-longer -> origin/ci/ecs-wait-stable-longer
v0.14.0 Upgrade and Encrypted Rollback	Checkout candidate C with immutable base tag	2026-10-05T22:45:03.6996194Z  * [new branch]        ci/pr-only-lint-tests   -> origin/ci/pr-only-lint-tests
v0.14.0 Upgrade and Encrypted Rollback	Checkout candidate C with immutable base tag	2026-10-05T22:45:03.6997919Z  * [new branch]        ci/prod-smoke-tests     -> origin/ci/prod-smoke-tests
v0.14.0 Upgrade and Encrypted Rollback	Checkout candidate C with immutable base tag	2026-10-05T22:45:03.7000228Z  * [new branch]        ci/staging-oidc-branch-deploy -> origin/ci/staging-oidc-branch-deploy
v0.14.0 Upgrade and Encrypted Rollback	Checkout candidate C with immutable base tag	2026-10-05T22:45:03.7002225Z  * [new branch]        ci/staging-smoke-tests  -> origin/ci/staging-smoke-tests
v0.14.0 Upgrade and Encrypted Rollback	Checkout candidate C with immutable base tag	2026-10-05T22:45:03.7004226Z  * [new branch]        codex-devcontainer-auth -> origin/codex-devcontainer-auth
v0.14.0 Upgrade and Encrypted Rollback	Checkout candidate C with immutable base tag	2026-10-05T22:45:03.7006338Z  * [new branch]        codex-init              -> origin/codex-init
v0.14.0 Upgrade and Encrypted Rollback	Checkout candidate C with immutable base tag	2026-10-05T22:45:03.7017635Z  * [new branch]        codex/add-persisted-unit-preference-functionality -> origin/codex/add-persisted-unit-preference-functionality
v0.14.0 Upgrade and Encrypted Rollback	Checkout candidate C with immutable base tag	2026-10-05T22:45:03.7020386Z  * [new branch]        codex/dismiss-keyboard-after-food-input -> origin/codex/dismiss-keyboard-after-food-input
v0.14.0 Upgrade and Encrypted Rollback	Checkout candidate C with immutable base tag	2026-10-05T22:45:03.7023100Z  * [new branch]        codex/enforce-server-side-goal-deficit-validation -> origin/codex/enforce-server-side-goal-deficit-validation
v0.14.0 Upgrade and Encrypted Rollback	Checkout candidate C with immutable base tag	2026-10-05T22:45:03.7025810Z  * [new branch]        codex/enhance-log-page-with-daily-summary -> origin/codex/enhance-log-page-with-daily-summary
v0.14.0 Upgrade and Encrypted Rollback	Checkout candidate C with immutable base tag	2026-10-05T22:45:03.7028380Z  * [new branch]        codex/fix-frontend-audit-187 -> origin/codex/fix-frontend-audit-187
v0.14.0 Upgrade and Encrypted Rollback	Checkout candidate C with immutable base tag	2026-10-05T22:45:03.7030335Z  * [new branch]        codex/fix-open-github-issues -> origin/codex/fix-open-github-issues
v0.14.0 Upgrade and Encrypted Rollback	Checkout candidate C with immutable base tag	2026-10-05T22:45:03.7032279Z  * [new branch]        codex/fix-vite-build-warnings -> origin/codex/fix-vite-build-warnings
v0.14.0 Upgrade and Encrypted Rollback	Checkout candidate C with immutable base tag	2026-10-05T22:45:03.7034446Z  * [new branch]        codex/harden-authentication-and-session-storage -> origin/codex/harden-authentication-and-session-storage
v0.14.0 Upgrade and Encrypted Rollback	Checkout candidate C with immutable base tag	2026-10-05T22:45:03.7035785Z  * [new branch]        codex/notification-sse-stream -> origin/codex/notification-sse-stream
v0.14.0 Upgrade and Encrypted Rollback	Checkout candidate C with immutable base tag	2026-10-05T22:45:03.7037082Z  * [new branch]        codex/pr-assets-weight-trend-preview-axes -> origin/codex/pr-assets-weight-trend-preview-axes
v0.14.0 Upgrade and Encrypted Rollback	Checkout candidate C with immutable base tag	2026-10-05T22:45:03.7038325Z  * [new branch]        codex/ui-ux-improvements -> origin/codex/ui-ux-improvements
v0.14.0 Upgrade and Encrypted Rollback	Checkout candidate C with immutable base tag	2026-10-05T22:45:03.7039564Z  * [new branch]        coverage/add-c8-tooling -> origin/coverage/add-c8-tooling
v0.14.0 Upgrade and Encrypted Rollback	Checkout candidate C with immutable base tag	2026-10-05T22:45:03.7040680Z  * [new branch]        dark-mode               -> origin/dark-mode
v0.14.0 Upgrade and Encrypted Rollback	Checkout candidate C with immutable base tag	2026-10-05T22:45:03.7041750Z  * [new branch]        date-picker-padding-fixes -> origin/date-picker-padding-fixes
v0.14.0 Upgrade and Encrypted Rollback	Checkout candidate C with immutable base tag	2026-10-05T22:45:03.7043346Z  * [new branch]        db-push-reset           -> origin/db-push-reset
v0.14.0 Upgrade and Encrypted Rollback	Checkout candidate C with immutable base tag	2026-10-05T22:45:03.7044934Z  * [new branch]        default-meal-period     -> origin/default-meal-period
v0.14.0 Upgrade and Encrypted Rollback	Checkout candidate C with immutable base tag	2026-10-05T22:45:03.7046310Z  * [new branch]        delta                   -> origin/delta
v0.14.0 Upgrade and Encrypted Rollback	Checkout candidate C with immutable base tag	2026-10-05T22:45:03.7047928Z  * [new branch]        deploy-logging          -> origin/deploy-logging
v0.14.0 Upgrade and Encrypted Rollback	Checkout candidate C with immutable base tag	2026-10-05T22:45:03.7050358Z  * [new branch]        deploy-script-loading-fix -> origin/deploy-script-loading-fix
v0.14.0 Upgrade and Encrypted Rollback	Checkout candidate C with immutable base tag	2026-10-05T22:45:03.7052190Z  * [new branch]        dev-seed-varied-food-logs -> origin/dev-seed-varied-food-logs
v0.14.0 Upgrade and Encrypted Rollback	Checkout candidate C with immutable base tag	2026-10-05T22:45:03.7053977Z  * [new branch]        devcontainer-cli-scripts -> origin/devcontainer-cli-scripts
v0.14.0 Upgrade and Encrypted Rollback	Checkout candidate C with immutable base tag	2026-10-05T22:45:03.7056133Z  * [new branch]        devcontainer-import-skills -> origin/devcontainer-import-skills
v0.14.0 Upgrade and Encrypted Rollback	Checkout candidate C with immutable base tag	2026-10-05T22:45:03.7058179Z  * [new branch]        devcontainer-test-users-avatar-onboarding -> origin/devcontainer-test-users-avatar-onboarding
v0.14.0 Upgrade and Encrypted Rollback	Checkout candidate C with immutable base tag	2026-10-05T22:45:03.7060344Z  * [new branch]        ec2-deploy-fix          -> origin/ec2-deploy-fix
v0.14.0 Upgrade and Encrypted Rollback	Checkout candidate C with immutable base tag	2026-10-05T22:45:03.7062022Z  * [new branch]        edit-logged-entries     -> origin/edit-logged-entries
v0.14.0 Upgrade and Encrypted Rollback	Checkout candidate C with immutable base tag	2026-10-05T22:45:03.7063451Z  * [new branch]        evidence/issue412-master-c5f149a -> origin/evidence/issue412-master-c5f149a
v0.14.0 Upgrade and Encrypted Rollback	Checkout candidate C with immutable base tag	2026-10-05T22:45:03.7064607Z  * [new branch]        evidence/issue413-clean-1af6ca9 -> origin/evidence/issue413-clean-1af6ca9
v0.14.0 Upgrade and Encrypted Rollback	Checkout candidate C with immutable base tag	2026-10-05T22:45:03.7066149Z  * [new branch]        evidence/issue414-master-25e90e19 -> origin/evidence/issue414-master-25e90e19
v0.14.0 Upgrade and Encrypted Rollback	Checkout candidate C with immutable base tag	2026-10-05T22:45:03.7067384Z  * [new branch]        evidence/issue421-preparation-d8a2ac14 -> origin/evidence/issue421-preparation-d8a2ac14
v0.14.0 Upgrade and Encrypted Rollback	Checkout candidate C with immutable base tag	2026-10-05T22:45:03.7068899Z  * [new branch]        evidence/pr410-base-to-final-4728d4f -> origin/evidence/pr410-base-to-final-4728d4f
v0.14.0 Upgrade and Encrypted Rollback	Checkout candidate C with immutable base tag	2026-10-05T22:45:03.7070738Z  * [new branch]        evidence/pr410-integrated-4728d4f -> origin/evidence/pr410-integrated-4728d4f
v0.14.0 Upgrade and Encrypted Rollback	Checkout candidate C with immutable base tag	2026-10-05T22:45:03.7072598Z  * [new branch]        evidence/pr410-reviewed-d8e55c -> origin/evidence/pr410-reviewed-d8e55c
v0.14.0 Upgrade and Encrypted Rollback	Checkout candidate C with immutable base tag	2026-10-05T22:45:03.7074830Z  * [new branch]        evidence/pr415-rail-integration-oct05 -> origin/evidence/pr415-rail-integration-oct05
v0.14.0 Upgrade and Encrypted Rollback	Checkout candidate C with immutable base tag	2026-10-05T22:45:03.7077045Z  * [new branch]        evidence/pr415-reviewed-a1df146 -> origin/evidence/pr415-reviewed-a1df146
v0.14.0 Upgrade and Encrypted Rollback	Checkout candidate C with immutable base tag	2026-10-05T22:45:03.7079163Z  * [new branch]        evidence/pr416-reviewed-0406e96 -> origin/evidence/pr416-reviewed-0406e96
v0.14.0 Upgrade and Encrypted Rollback	Checkout candidate C with immutable base tag	2026-10-05T22:45:03.7080621Z  * [new branch]        evidence/pr417-guard-recovery-4dcad2c -> origin/evidence/pr417-guard-recovery-4dcad2c
v0.14.0 Upgrade and Encrypted Rollback	Checkout candidate C with immutable base tag	2026-10-05T22:45:03.7082123Z  * [new branch]        evidence/pr417-offline-recovery-3c743b4 -> origin/evidence/pr417-offline-recovery-3c743b4
v0.14.0 Upgrade and Encrypted Rollback	Checkout candidate C with immutable base tag	2026-10-05T22:45:03.7084612Z  * [new branch]        evidence/pr417-refresh-recovery-123bab9 -> origin/evidence/pr417-refresh-recovery-123bab9
v0.14.0 Upgrade and Encrypted Rollback	Checkout candidate C with immutable base tag	2026-10-05T22:45:03.7086480Z  * [new branch]        evidence/pr417-reviewed-736a86c -> origin/evidence/pr417-reviewed-736a86c
v0.14.0 Upgrade and Encrypted Rollback	Checkout candidate C with immutable base tag	2026-10-05T22:45:03.7088075Z  * [new branch]        evidence/pr418-reviewed-fbb74a9 -> origin/evidence/pr418-reviewed-fbb74a9
v0.14.0 Upgrade and Encrypted Rollback	Checkout candidate C with immutable base tag	2026-10-05T22:45:03.7090132Z  * [new branch]        evidence/pr419-reviewed-fba1baf -> origin/evidence/pr419-reviewed-fba1baf
v0.14.0 Upgrade and Encrypted Rollback	Checkout candidate C with immutable base tag	2026-10-05T22:45:03.7091319Z  * [new branch]        evidence/pr424-scope-cleanup-oct05 -> origin/evidence/pr424-scope-cleanup-oct05
v0.14.0 Upgrade and Encrypted Rollback	Checkout candidate C with immutable base tag	2026-10-05T22:45:03.7092397Z  * [new branch]        fab-space-on-log        -> origin/fab-space-on-log
v0.14.0 Upgrade and Encrypted Rollback	Checkout candidate C with immutable base tag	2026-10-05T22:45:03.7093398Z  * [new branch]        fatsecret-barcode-oauth -> origin/fatsecret-barcode-oauth
v0.14.0 Upgrade and Encrypted Rollback	Checkout candidate C with immutable base tag	2026-10-05T22:45:03.7094375Z  * [new branch]        fatsecret-provider      -> origin/fatsecret-provider
v0.14.0 Upgrade and Encrypted Rollback	Checkout candidate C with immutable base tag	2026-10-05T22:45:03.7095819Z  * [new branch]        feat/barcode-scanner-zxing-fallback -> origin/feat/barcode-scanner-zxing-fallback
v0.14.0 Upgrade and Encrypted Rollback	Checkout candidate C with immutable base tag	2026-10-05T22:45:03.7097767Z  * [new branch]        feat/birthday-emoji-log-summary -> origin/feat/birthday-emoji-log-summary
v0.14.0 Upgrade and Encrypted Rollback	Checkout candidate C with immutable base tag	2026-10-05T22:45:03.7099666Z  * [new branch]        feat/i18n-language-preference -> origin/feat/i18n-language-preference
v0.14.0 Upgrade and Encrypted Rollback	Checkout candidate C with immutable base tag	2026-10-05T22:45:03.7101590Z  * [new branch]        feat/my-foods-recipes   -> origin/feat/my-foods-recipes
v0.14.0 Upgrade and Encrypted Rollback	Checkout candidate C with immutable base tag	2026-10-05T22:45:03.7103325Z  * [new branch]        feat/profile-photo-avatar -> origin/feat/profile-photo-avatar
v0.14.0 Upgrade and Encrypted Rollback	Checkout candidate C with immutable base tag	2026-10-05T22:45:03.7105068Z  * [new branch]        feat/public-landing-page -> origin/feat/public-landing-page
v0.14.0 Upgrade and Encrypted Rollback	Checkout candidate C with immutable base tag	2026-10-05T22:45:03.7106885Z  * [new branch]        fix-broken-frontend-build -> origin/fix-broken-frontend-build
v0.14.0 Upgrade and Encrypted Rollback	Checkout candidate C with immutable base tag	2026-10-05T22:45:03.7108804Z  * [new branch]        fix/issue-84-pwa-backstack-login -> origin/fix/issue-84-pwa-backstack-login
v0.14.0 Upgrade and Encrypted Rollback	Checkout candidate C with immutable base tag	2026-10-05T22:45:03.7110895Z  * [new branch]        fix/mifflin-st-jeor-age-clamp -> origin/fix/mifflin-st-jeor-age-clamp
v0.14.0 Upgrade and Encrypted Rollback	Checkout candidate C with immutable base tag	2026-10-05T22:45:03.7113078Z  * [new branch]        fix/prisma-db-url-from-db-env -> origin/fix/prisma-db-url-from-db-env
v0.14.0 Upgrade and Encrypted Rollback	Checkout candidate C with immutable base tag	2026-10-05T22:45:03.7114941Z  * [new branch]        fix/pwa-session-persistence -> origin/fix/pwa-session-persistence
v0.14.0 Upgrade and Encrypted Rollback	Checkout candidate C with immutable base tag	2026-10-05T22:45:03.7116699Z  * [new branch]        fix/rds-sslmode-require -> origin/fix/rds-sslmode-require
v0.14.0 Upgrade and Encrypted Rollback	Checkout candidate C with immutable base tag	2026-10-05T22:45:03.7118456Z  * [new branch]        fix/rds-sslmode-require-2 -> origin/fix/rds-sslmode-require-2
v0.14.0 Upgrade and Encrypted Rollback	Checkout candidate C with immutable base tag	2026-10-05T22:45:03.7119674Z  * [new branch]        fixed-meal-categories   -> origin/fixed-meal-categories
v0.14.0 Upgrade and Encrypted Rollback	Checkout candidate C with immutable base tag	2026-10-05T22:45:03.7120805Z  * [new branch]        friendly-log-date       -> origin/friendly-log-date
v0.14.0 Upgrade and Encrypted Rollback	Checkout candidate C with immutable base tag	2026-10-05T22:45:03.7122294Z  * [new branch]        gh-auth                 -> origin/gh-auth
v0.14.0 Upgrade and Encrypted Rollback	Checkout candidate C with immutable base tag	2026-10-05T22:45:03.7123790Z  * [new branch]        goal-and-log-improvements -> origin/goal-and-log-improvements
v0.14.0 Upgrade and Encrypted Rollback	Checkout candidate C with immutable base tag	2026-10-05T22:45:03.7124726Z  * [new branch]        goal-tracker            -> origin/goal-tracker
v0.14.0 Upgrade and Encrypted Rollback	Checkout candidate C with immutable base tag	2026-10-05T22:45:03.7125703Z  * [new branch]        goals-compact-goal-tracker -> origin/goals-compact-goal-tracker
v0.14.0 Upgrade and Encrypted Rollback	Checkout candidate C with immutable base tag	2026-10-05T22:45:03.7127231Z  * [new branch]        goals-weight-history-legend -> origin/goals-weight-history-legend
v0.14.0 Upgrade and Encrypted Rollback	Checkout candidate C with immutable base tag	2026-10-05T22:45:03.7128979Z  * [new branch]        infra-ecs-fargate-alb   -> origin/infra-ecs-fargate-alb
v0.14.0 Upgrade and Encrypted Rollback	Checkout candidate C with immutable base tag	2026-10-05T22:45:03.7130025Z  * [new branch]        issue/162               -> origin/issue/162
v0.14.0 Upgrade and Encrypted Rollback	Checkout candidate C with immutable base tag	2026-10-05T22:45:03.7130917Z  * [new branch]        local-service-worker    -> origin/local-service-worker
v0.14.0 Upgrade and Encrypted Rollback	Checkout candidate C with immutable base tag	2026-10-05T22:45:03.7131861Z  * [new branch]        log-date-navigation-ux  -> origin/log-date-navigation-ux
v0.14.0 Upgrade and Encrypted Rollback	Checkout candidate C with immutable base tag	2026-10-05T22:45:03.7133019Z  * [new branch]        log-date-picker-overlay-button -> origin/log-date-picker-overlay-button
v0.14.0 Upgrade and Encrypted Rollback	Checkout candidate C with immutable base tag	2026-10-05T22:45:03.7134059Z  * [new branch]        log-summary-header      -> origin/log-summary-header
v0.14.0 Upgrade and Encrypted Rollback	Checkout candidate C with immutable base tag	2026-10-05T22:45:03.7135687Z  * [new branch]        log-weight-entry-ux     -> origin/log-weight-entry-ux
v0.14.0 Upgrade and Encrypted Rollback	Checkout candidate C with immutable base tag	2026-10-05T22:45:03.7137264Z  * [new branch]        lose-it-import          -> origin/lose-it-import
v0.14.0 Upgrade and Encrypted Rollback	Checkout candidate C with immutable base tag	2026-10-05T22:45:03.7138927Z  * [new branch]        lowercase-ghcr-image    -> origin/lowercase-ghcr-image
v0.14.0 Upgrade and Encrypted Rollback	Checkout candidate C with immutable base tag	2026-10-05T22:45:03.7140660Z  * [new branch]        master                  -> origin/master
v0.14.0 Upgrade and Encrypted Rollback	Checkout candidate C with immutable base tag	2026-10-05T22:45:03.7142088Z  * [new branch]        mchartier/dev           -> origin/mchartier/dev
v0.14.0 Upgrade and Encrypted Rollback	Checkout candidate C with immutable base tag	2026-10-05T22:45:03.7143551Z  * [new branch]        mchartier/dev2          -> origin/mchartier/dev2
v0.14.0 Upgrade and Encrypted Rollback	Checkout candidate C with immutable base tag	2026-10-05T22:45:03.7145272Z  * [new branch]        mchartier/devcontainer-key-setup -> origin/mchartier/devcontainer-key-setup
v0.14.0 Upgrade and Encrypted Rollback	Checkout candidate C with immutable base tag	2026-10-05T22:45:03.7147353Z  * [new branch]        mchartier/firebase-migration-preparation -> origin/mchartier/firebase-migration-preparation
v0.14.0 Upgrade and Encrypted Rollback	Checkout candidate C with immutable base tag	2026-10-05T22:45:03.7149302Z  * [new branch]        mchartier/goal-pace-continuity -> origin/mchartier/goal-pace-continuity
v0.14.0 Upgrade and Encrypted Rollback	Checkout candidate C with immutable base tag	2026-10-05T22:45:03.7151255Z  * [new branch]        mchartier/goal-pace-scope -> origin/mchartier/goal-pace-scope
v0.14.0 Upgrade and Encrypted Rollback	Checkout candidate C with immutable base tag	2026-10-05T22:45:03.7153126Z  * [new branch]        mchartier/local-release-scripts -> origin/mchartier/local-release-scripts
v0.14.0 Upgrade and Encrypted Rollback	Checkout candidate C with immutable base tag	2026-10-05T22:45:03.7155023Z  * [new branch]        mchartier/managed-self-hosting -> origin/mchartier/managed-self-hosting
v0.14.0 Upgrade and Encrypted Rollback	Checkout candidate C with immutable base tag	2026-10-05T22:45:03.7156813Z  * [new branch]        mchartier/paused-weigh-in-divider -> origin/mchartier/paused-weigh-in-divider
v0.14.0 Upgrade and Encrypted Rollback	Checkout candidate C with immutable base tag	2026-10-05T22:45:03.7158027Z  * [new branch]        mchartier/paused-weigh-in-divider-clean -> origin/mchartier/paused-weigh-in-divider-clean
v0.14.0 Upgrade and Encrypted Rollback	Checkout candidate C with immutable base tag	2026-10-05T22:45:03.7159714Z  * [new branch]        mchartier/pilot-query-diagnostics -> origin/mchartier/pilot-query-diagnostics
v0.14.0 Upgrade and Encrypted Rollback	Checkout candidate C with immutable base tag	2026-10-05T22:45:03.7161408Z  * [new branch]        mchartier/planned-pause-visibility -> origin/mchartier/planned-pause-visibility
v0.14.0 Upgrade and Encrypted Rollback	Checkout candidate C with immutable base tag	2026-10-05T22:45:03.7163617Z  * [new branch]        mchartier/planned-pause-visibility-clean -> origin/mchartier/planned-pause-visibility-clean
v0.14.0 Upgrade and Encrypted Rollback	Checkout candidate C with immutable base tag	2026-10-05T22:45:03.7165852Z  * [new branch]        mchartier/preserve-android-wip-20260711 -> origin/mchartier/preserve-android-wip-20260711
v0.14.0 Upgrade and Encrypted Rollback	Checkout candidate C with immutable base tag	2026-10-05T22:45:03.7168410Z  * [new branch]        mchartier/remove-instance-release-actions -> origin/mchartier/remove-instance-release-actions
v0.14.0 Upgrade and Encrypted Rollback	Checkout candidate C with immutable base tag	2026-10-05T22:45:03.7170826Z  * [new branch]        mchartier/remove-notification-history -> origin/mchartier/remove-notification-history
v0.14.0 Upgrade and Encrypted Rollback	Checkout candidate C with immutable base tag	2026-10-05T22:45:03.7173097Z  * [new branch]        mchartier/remove-notification-history-clean -> origin/mchartier/remove-notification-history-clean
v0.14.0 Upgrade and Encrypted Rollback	Checkout candidate C with immutable base tag	2026-10-05T22:45:03.7175288Z  * [new branch]        mchartier/simplify-repository -> origin/mchartier/simplify-repository
v0.14.0 Upgrade and Encrypted Rollback	Checkout candidate C with immutable base tag	2026-10-05T22:45:03.7177240Z  * [new branch]        mchartier/streamline-deployment -> origin/mchartier/streamline-deployment
v0.14.0 Upgrade and Encrypted Rollback	Checkout candidate C with immutable base tag	2026-10-05T22:45:03.7179032Z  * [new branch]        mobile-logout           -> origin/mobile-logout
v0.14.0 Upgrade and Encrypted Rollback	Checkout candidate C with immutable base tag	2026-10-05T22:45:03.7180733Z  * [new branch]        mobile-ui-compact       -> origin/mobile-ui-compact
v0.14.0 Upgrade and Encrypted Rollback	Checkout candidate C with immutable base tag	2026-10-05T22:45:03.7182312Z  * [new branch]        new-logo                -> origin/new-logo
v0.14.0 Upgrade and Encrypted Rollback	Checkout candidate C with immutable base tag	2026-10-05T22:45:03.7183790Z  * [new branch]        notif/126               -> origin/notif/126
v0.14.0 Upgrade and Encrypted Rollback	Checkout candidate C with immutable base tag	2026-10-05T22:45:03.7185266Z  * [new branch]        notif/127               -> origin/notif/127
v0.14.0 Upgrade and Encrypted Rollback	Checkout candidate C with immutable base tag	2026-10-05T22:45:03.7186720Z  * [new branch]        notif/128               -> origin/notif/128
v0.14.0 Upgrade and Encrypted Rollback	Checkout candidate C with immutable base tag	2026-10-05T22:45:03.7188266Z  * [new branch]        notif/131-dedupe-fixes  -> origin/notif/131-dedupe-fixes
v0.14.0 Upgrade and Encrypted Rollback	Checkout candidate C with immutable base tag	2026-10-05T22:45:03.7190063Z  * [new branch]        notif/132-endpoint-ownership-guard -> origin/notif/132-endpoint-ownership-guard
v0.14.0 Upgrade and Encrypted Rollback	Checkout candidate C with immutable base tag	2026-10-05T22:45:03.7191322Z  * [new branch]        notifications           -> origin/notifications
v0.14.0 Upgrade and Encrypted Rollback	Checkout candidate C with immutable base tag	2026-10-05T22:45:03.7192865Z  * [new branch]        onboarding-guided-wizard -> origin/onboarding-guided-wizard
v0.14.0 Upgrade and Encrypted Rollback	Checkout candidate C with immutable base tag	2026-10-05T22:45:03.7194444Z  * [new branch]        peacock-rainbow         -> origin/peacock-rainbow
v0.14.0 Upgrade and Encrypted Rollback	Checkout candidate C with immutable base tag	2026-10-05T22:45:03.7196122Z  * [new branch]        perf/landing-mobile-scroll -> origin/perf/landing-mobile-scroll
v0.14.0 Upgrade and Encrypted Rollback	Checkout candidate C with immutable base tag	2026-10-05T22:45:03.7197795Z  * [new branch]        persistent-fab          -> origin/persistent-fab
v0.14.0 Upgrade and Encrypted Rollback	Checkout candidate C with immutable base tag	2026-10-05T22:45:03.7199737Z  * [new branch]        privacy-policy          -> origin/privacy-policy
v0.14.0 Upgrade and Encrypted Rollback	Checkout candidate C with immutable base tag	2026-10-05T22:45:03.7201511Z  * [new branch]        profile-account-management -> origin/profile-account-management
v0.14.0 Upgrade and Encrypted Rollback	Checkout candidate C with immutable base tag	2026-10-05T22:45:03.7203268Z  * [new branch]        profile-icon            -> origin/profile-icon
v0.14.0 Upgrade and Encrypted Rollback	Checkout candidate C with immutable base tag	2026-10-05T22:45:03.7205091Z  * [new branch]        profile-settings-separation -> origin/profile-settings-separation
v0.14.0 Upgrade and Encrypted Rollback	Checkout candidate C with immutable base tag	2026-10-05T22:45:03.7206973Z  * [new branch]        public-readme           -> origin/public-readme
v0.14.0 Upgrade and Encrypted Rollback	Checkout candidate C with immutable base tag	2026-10-05T22:45:03.7208702Z  * [new branch]        pwa-action-navigate-existing -> origin/pwa-action-navigate-existing
v0.14.0 Upgrade and Encrypted Rollback	Checkout candidate C with immutable base tag	2026-10-05T22:45:03.7210626Z  * [new branch]        pwa-icon-fix            -> origin/pwa-icon-fix
v0.14.0 Upgrade and Encrypted Rollback	Checkout candidate C with immutable base tag	2026-10-05T22:45:03.7212278Z  * [new branch]        pwa-launch-actions      -> origin/pwa-launch-actions
v0.14.0 Upgrade and Encrypted Rollback	Checkout candidate C with immutable base tag	2026-10-05T22:45:03.7214008Z  * [new branch]        pwa-manifest-polish     -> origin/pwa-manifest-polish
v0.14.0 Upgrade and Encrypted Rollback	Checkout candidate C with immutable base tag	2026-10-05T22:45:03.7215646Z  * [new branch]        pwa-setup               -> origin/pwa-setup
v0.14.0 Upgrade and Encrypted Rollback	Checkout candidate C with immutable base tag	2026-10-05T22:45:03.7217339Z  * [new branch]        rebrand-calibrate       -> origin/rebrand-calibrate
v0.14.0 Upgrade and Encrypted Rollback	Checkout candidate C with immutable base tag	2026-10-05T22:45:03.7218892Z  * [new branch]        release/v0.34.0         -> origin/release/v0.34.0
v0.14.0 Upgrade and Encrypted Rollback	Checkout candidate C with immutable base tag	2026-10-05T22:45:03.7220658Z  * [new branch]        release/v0.34.1         -> origin/release/v0.34.1
v0.14.0 Upgrade and Encrypted Rollback	Checkout candidate C with immutable base tag	2026-10-05T22:45:03.7222281Z  * [new branch]        release/v0.35.0         -> origin/release/v0.35.0
v0.14.0 Upgrade and Encrypted Rollback	Checkout candidate C with immutable base tag	2026-10-05T22:45:03.7223893Z  * [new branch]        release/v0.36.0         -> origin/release/v0.36.0
v0.14.0 Upgrade and Encrypted Rollback	Checkout candidate C with immutable base tag	2026-10-05T22:45:03.7225510Z  * [new branch]        release/v0.37.0         -> origin/release/v0.37.0
v0.14.0 Upgrade and Encrypted Rollback	Checkout candidate C with immutable base tag	2026-10-05T22:45:03.7227266Z  * [new branch]        rolling-average-weight-log -> origin/rolling-average-weight-log
v0.14.0 Upgrade and Encrypted Rollback	Checkout candidate C with immutable base tag	2026-10-05T22:45:03.7228883Z  * [new branch]        safe-areas              -> origin/safe-areas
v0.14.0 Upgrade and Encrypted Rollback	Checkout candidate C with immutable base tag	2026-10-05T22:45:03.7230689Z  * [new branch]        search-results          -> origin/search-results
v0.14.0 Upgrade and Encrypted Rollback	Checkout candidate C with immutable base tag	2026-10-05T22:45:03.7232393Z  * [new branch]        session-store-model     -> origin/session-store-model
v0.14.0 Upgrade and Encrypted Rollback	Checkout candidate C with immutable base tag	2026-10-05T22:45:03.7234406Z  * [new branch]        sidebar-item-style      -> origin/sidebar-item-style
v0.14.0 Upgrade and Encrypted Rollback	Checkout candidate C with immutable base tag	2026-10-05T22:45:03.7235947Z  * [new branch]        store-timezone          -> origin/store-timezone
v0.14.0 Upgrade and Encrypted Rollback	Checkout candidate C with immutable base tag	2026-10-05T22:45:03.7237605Z  * [new branch]        terraform-fix           -> origin/terraform-fix
v0.14.0 Upgrade and Encrypted Rollback	Checkout candidate C with immutable base tag	2026-10-05T22:45:03.7239223Z  * [new branch]        terraform-fixes         -> origin/terraform-fixes
v0.14.0 Upgrade and Encrypted Rollback	Checkout candidate C with immutable base tag	2026-10-05T22:45:03.7240965Z  * [new branch]        test-user               -> origin/test-user
v0.14.0 Upgrade and Encrypted Rollback	Checkout candidate C with immutable base tag	2026-10-05T22:45:03.7242699Z  * [new branch]        test/backend-unit-coverage -> origin/test/backend-unit-coverage
v0.14.0 Upgrade and Encrypted Rollback	Checkout candidate C with immutable base tag	2026-10-05T22:45:03.7244479Z  * [new branch]        tf-rds-rotation         -> origin/tf-rds-rotation
v0.14.0 Upgrade and Encrypted Rollback	Checkout candidate C with immutable base tag	2026-10-05T22:45:03.7246122Z  * [new branch]        tf-repo-rename-fix      -> origin/tf-repo-rename-fix
v0.14.0 Upgrade and Encrypted Rollback	Checkout candidate C with immutable base tag	2026-10-05T22:45:03.7248087Z  * [new branch]        timezone-picker-mui-autocomplete -> origin/timezone-picker-mui-autocomplete
v0.14.0 Upgrade and Encrypted Rollback	Checkout candidate C with immutable base tag	2026-10-05T22:45:03.7250485Z  * [new branch]        units-separate-controls-inline-status -> origin/units-separate-controls-inline-status
v0.14.0 Upgrade and Encrypted Rollback	Checkout candidate C with immutable base tag	2026-10-05T22:45:03.7252556Z  * [new branch]        update-comments         -> origin/update-comments
v0.14.0 Upgrade and Encrypted Rollback	Checkout candidate C with immutable base tag	2026-10-05T22:45:03.7254115Z  * [new branch]        update-docs             -> origin/update-docs
v0.14.0 Upgrade and Encrypted Rollback	Checkout candidate C with immutable base tag	2026-10-05T22:45:03.7255834Z  * [new branch]        vertical-spacing-fixes  -> origin/vertical-spacing-fixes
v0.14.0 Upgrade and Encrypted Rollback	Checkout candidate C with immutable base tag	2026-10-05T22:45:03.7257607Z  * [new branch]        weight-history-scale    -> origin/weight-history-scale
v0.14.0 Upgrade and Encrypted Rollback	Checkout candidate C with immutable base tag	2026-10-05T22:45:03.7259279Z  * [new branch]        worktree-colors         -> origin/worktree-colors
v0.14.0 Upgrade and Encrypted Rollback	Checkout candidate C with immutable base tag	2026-10-05T22:45:03.7261063Z  * [new branch]        worktree-reset          -> origin/worktree-reset
v0.14.0 Upgrade and Encrypted Rollback	Checkout candidate C with immutable base tag	2026-10-05T22:45:03.7262772Z  * [new branch]        worktree-script         -> origin/worktree-script
v0.14.0 Upgrade and Encrypted Rollback	Checkout candidate C with immutable base tag	2026-10-05T22:45:03.7264299Z  * [new tag]           v0.1.0                  -> v0.1.0
v0.14.0 Upgrade and Encrypted Rollback	Checkout candidate C with immutable base tag	2026-10-05T22:45:03.7265703Z  * [new tag]           v0.10.0                 -> v0.10.0
v0.14.0 Upgrade and Encrypted Rollback	Checkout candidate C with immutable base tag	2026-10-05T22:45:03.7267263Z  * [new tag]           v0.11.0                 -> v0.11.0
v0.14.0 Upgrade and Encrypted Rollback	Checkout candidate C with immutable base tag	2026-10-05T22:45:03.7268708Z  * [new tag]           v0.12.0                 -> v0.12.0
v0.14.0 Upgrade and Encrypted Rollback	Checkout candidate C with immutable base tag	2026-10-05T22:45:03.7270243Z  * [new tag]           v0.12.1                 -> v0.12.1
v0.14.0 Upgrade and Encrypted Rollback	Checkout candidate C with immutable base tag	2026-10-05T22:45:03.7271692Z  * [new tag]           v0.12.10                -> v0.12.10
v0.14.0 Upgrade and Encrypted Rollback	Checkout candidate C with immutable base tag	2026-10-05T22:45:03.7273069Z  * [new tag]           v0.12.11                -> v0.12.11
v0.14.0 Upgrade and Encrypted Rollback	Checkout candidate C with immutable base tag	2026-10-05T22:45:03.7274452Z  * [new tag]           v0.12.12                -> v0.12.12
v0.14.0 Upgrade and Encrypted Rollback	Checkout candidate C with immutable base tag	2026-10-05T22:45:03.7275877Z  * [new tag]           v0.12.13                -> v0.12.13
v0.14.0 Upgrade and Encrypted Rollback	Checkout candidate C with immutable base tag	2026-10-05T22:45:03.7277260Z  * [new tag]           v0.12.14                -> v0.12.14
v0.14.0 Upgrade and Encrypted Rollback	Checkout candidate C with immutable base tag	2026-10-05T22:45:03.7278691Z  * [new tag]           v0.12.15                -> v0.12.15
v0.14.0 Upgrade and Encrypted Rollback	Checkout candidate C with immutable base tag	2026-10-05T22:45:03.7280206Z  * [new tag]           v0.12.16                -> v0.12.16
v0.14.0 Upgrade and Encrypted Rollback	Checkout candidate C with immutable base tag	2026-10-05T22:45:03.7281637Z  * [new tag]           v0.12.17                -> v0.12.17
v0.14.0 Upgrade and Encrypted Rollback	Checkout candidate C with immutable base tag	2026-10-05T22:45:03.7283076Z  * [new tag]           v0.12.18                -> v0.12.18
v0.14.0 Upgrade and Encrypted Rollback	Checkout candidate C with immutable base tag	2026-10-05T22:45:03.7284523Z  * [new tag]           v0.12.19                -> v0.12.19
v0.14.0 Upgrade and Encrypted Rollback	Checkout candidate C with immutable base tag	2026-10-05T22:45:03.7285943Z  * [new tag]           v0.12.2                 -> v0.12.2
v0.14.0 Upgrade and Encrypted Rollback	Checkout candidate C with immutable base tag	2026-10-05T22:45:03.7287358Z  * [new tag]           v0.12.3                 -> v0.12.3
v0.14.0 Upgrade and Encrypted Rollback	Checkout candidate C with immutable base tag	2026-10-05T22:45:03.7288844Z  * [new tag]           v0.12.4                 -> v0.12.4
v0.14.0 Upgrade and Encrypted Rollback	Checkout candidate C with immutable base tag	2026-10-05T22:45:03.7290296Z  * [new tag]           v0.12.5                 -> v0.12.5
v0.14.0 Upgrade and Encrypted Rollback	Checkout candidate C with immutable base tag	2026-10-05T22:45:03.7291747Z  * [new tag]           v0.12.6                 -> v0.12.6
v0.14.0 Upgrade and Encrypted Rollback	Checkout candidate C with immutable base tag	2026-10-05T22:45:03.7293150Z  * [new tag]           v0.12.7                 -> v0.12.7
v0.14.0 Upgrade and Encrypted Rollback	Checkout candidate C with immutable base tag	2026-10-05T22:45:03.7294578Z  * [new tag]           v0.12.8                 -> v0.12.8
v0.14.0 Upgrade and Encrypted Rollback	Checkout candidate C with immutable base tag	2026-10-05T22:45:03.7295967Z  * [new tag]           v0.12.9                 -> v0.12.9
v0.14.0 Upgrade and Encrypted Rollback	Checkout candidate C with immutable base tag	2026-10-05T22:45:03.7297368Z  * [new tag]           v0.13.0                 -> v0.13.0
v0.14.0 Upgrade and Encrypted Rollback	Checkout candidate C with immutable base tag	2026-10-05T22:45:03.7298770Z  * [new tag]           v0.13.1                 -> v0.13.1
v0.14.0 Upgrade and Encrypted Rollback	Checkout candidate C with immutable base tag	2026-10-05T22:45:03.7300334Z  * [new tag]           v0.13.2                 -> v0.13.2
v0.14.0 Upgrade and Encrypted Rollback	Checkout candidate C with immutable base tag	2026-10-05T22:45:03.7301976Z  * [new tag]           v0.13.3                 -> v0.13.3
v0.14.0 Upgrade and Encrypted Rollback	Checkout candidate C with immutable base tag	2026-10-05T22:45:03.7303385Z  * [new tag]           v0.14.0                 -> v0.14.0
v0.14.0 Upgrade and Encrypted Rollback	Checkout candidate C with immutable base tag	2026-10-05T22:45:03.7304868Z  * [new tag]           v0.2.0                  -> v0.2.0
v0.14.0 Upgrade and Encrypted Rollback	Checkout candidate C with immutable base tag	2026-10-05T22:45:03.7306273Z  * [new tag]           v0.2.1                  -> v0.2.1
v0.14.0 Upgrade and Encrypted Rollback	Checkout candidate C with immutable base tag	2026-10-05T22:45:03.7307640Z  * [new tag]           v0.2.2                  -> v0.2.2
v0.14.0 Upgrade and Encrypted Rollback	Checkout candidate C with immutable base tag	2026-10-05T22:45:03.7309050Z  * [new tag]           v0.2.3                  -> v0.2.3
v0.14.0 Upgrade and Encrypted Rollback	Checkout candidate C with immutable base tag	2026-10-05T22:45:03.7310578Z  * [new tag]           v0.2.4                  -> v0.2.4
v0.14.0 Upgrade and Encrypted Rollback	Checkout candidate C with immutable base tag	2026-10-05T22:45:03.7311993Z  * [new tag]           v0.3.0                  -> v0.3.0
v0.14.0 Upgrade and Encrypted Rollback	Checkout candidate C with immutable base tag	2026-10-05T22:45:03.7313354Z  * [new tag]           v0.3.1                  -> v0.3.1
v0.14.0 Upgrade and Encrypted Rollback	Checkout candidate C with immutable base tag	2026-10-05T22:45:03.7314772Z  * [new tag]           v0.33.10                -> v0.33.10
v0.14.0 Upgrade and Encrypted Rollback	Checkout candidate C with immutable base tag	2026-10-05T22:45:03.7316180Z  * [new tag]           v0.33.11                -> v0.33.11
v0.14.0 Upgrade and Encrypted Rollback	Checkout candidate C with immutable base tag	2026-10-05T22:45:03.7317549Z  * [new tag]           v0.33.5                 -> v0.33.5
v0.14.0 Upgrade and Encrypted Rollback	Checkout candidate C with immutable base tag	2026-10-05T22:45:03.7319006Z  * [new tag]           v0.33.6                 -> v0.33.6
v0.14.0 Upgrade and Encrypted Rollback	Checkout candidate C with immutable base tag	2026-10-05T22:45:03.7320541Z  * [new tag]           v0.33.9                 -> v0.33.9
v0.14.0 Upgrade and Encrypted Rollback	Checkout candidate C with immutable base tag	2026-10-05T22:45:03.7321908Z  * [new tag]           v0.34.0                 -> v0.34.0
v0.14.0 Upgrade and Encrypted Rollback	Checkout candidate C with immutable base tag	2026-10-05T22:45:03.7323336Z  * [new tag]           v0.34.1                 -> v0.34.1
v0.14.0 Upgrade and Encrypted Rollback	Checkout candidate C with immutable base tag	2026-10-05T22:45:03.7324716Z  * [new tag]           v0.35.0                 -> v0.35.0
v0.14.0 Upgrade and Encrypted Rollback	Checkout candidate C with immutable base tag	2026-10-05T22:45:03.7326114Z  * [new tag]           v0.36.0                 -> v0.36.0
v0.14.0 Upgrade and Encrypted Rollback	Checkout candidate C with immutable base tag	2026-10-05T22:45:03.7327516Z  * [new tag]           v0.37.0                 -> v0.37.0
v0.14.0 Upgrade and Encrypted Rollback	Checkout candidate C with immutable base tag	2026-10-05T22:45:03.7328877Z  * [new tag]           v0.4.0                  -> v0.4.0
v0.14.0 Upgrade and Encrypted Rollback	Checkout candidate C with immutable base tag	2026-10-05T22:45:03.7330419Z  * [new tag]           v0.4.1                  -> v0.4.1
v0.14.0 Upgrade and Encrypted Rollback	Checkout candidate C with immutable base tag	2026-10-05T22:45:03.7331787Z  * [new tag]           v0.4.2                  -> v0.4.2
v0.14.0 Upgrade and Encrypted Rollback	Checkout candidate C with immutable base tag	2026-10-05T22:45:03.7333184Z  * [new tag]           v0.5.0                  -> v0.5.0
v0.14.0 Upgrade and Encrypted Rollback	Checkout candidate C with immutable base tag	2026-10-05T22:45:03.7334687Z  * [new tag]           v0.6.0                  -> v0.6.0
v0.14.0 Upgrade and Encrypted Rollback	Checkout candidate C with immutable base tag	2026-10-05T22:45:03.7336076Z  * [new tag]           v0.7.0                  -> v0.7.0
v0.14.0 Upgrade and Encrypted Rollback	Checkout candidate C with immutable base tag	2026-10-05T22:45:03.7337441Z  * [new tag]           v0.7.1                  -> v0.7.1
v0.14.0 Upgrade and Encrypted Rollback	Checkout candidate C with immutable base tag	2026-10-05T22:45:03.7338863Z  * [new tag]           v0.7.2                  -> v0.7.2
v0.14.0 Upgrade and Encrypted Rollback	Checkout candidate C with immutable base tag	2026-10-05T22:45:03.7340375Z  * [new tag]           v0.7.3                  -> v0.7.3
v0.14.0 Upgrade and Encrypted Rollback	Checkout candidate C with immutable base tag	2026-10-05T22:45:03.7341745Z  * [new tag]           v0.8.0                  -> v0.8.0
v0.14.0 Upgrade and Encrypted Rollback	Checkout candidate C with immutable base tag	2026-10-05T22:45:03.7343170Z  * [new tag]           v0.9.0                  -> v0.9.0
v0.14.0 Upgrade and Encrypted Rollback	Checkout candidate C with immutable base tag	2026-10-05T22:45:03.7344476Z  * [new tag]           v0.9.1                  -> v0.9.1
v0.14.0 Upgrade and Encrypted Rollback	Checkout candidate C with immutable base tag	2026-10-05T22:45:03.7348236Z [command]/usr/bin/git rev-parse --verify --quiet 709f4545bdcad2627b54308b368958d45c95b715^{object}
v0.14.0 Upgrade and Encrypted Rollback	Checkout candidate C with immutable base tag	2026-10-05T22:45:03.7350067Z 709f4545bdcad2627b54308b368958d45c95b715
v0.14.0 Upgrade and Encrypted Rollback	Checkout candidate C with immutable base tag	2026-10-05T22:45:03.7353137Z ##[endgroup]
v0.14.0 Upgrade and Encrypted Rollback	Checkout candidate C with immutable base tag	2026-10-05T22:45:03.7354821Z ##[group]Determining the checkout info
v0.14.0 Upgrade and Encrypted Rollback	Checkout candidate C with immutable base tag	2026-10-05T22:45:03.7356717Z ##[endgroup]
v0.14.0 Upgrade and Encrypted Rollback	Checkout candidate C with immutable base tag	2026-10-05T22:45:03.7357888Z [command]/usr/bin/git sparse-checkout disable
v0.14.0 Upgrade and Encrypted Rollback	Checkout candidate C with immutable base tag	2026-10-05T22:45:03.7360858Z [command]/usr/bin/git config --local --unset-all extensions.worktreeConfig
v0.14.0 Upgrade and Encrypted Rollback	Checkout candidate C with immutable base tag	2026-10-05T22:45:03.7364228Z ##[group]Checking out the ref
v0.14.0 Upgrade and Encrypted Rollback	Checkout candidate C with immutable base tag	2026-10-05T22:45:03.7365721Z [command]/usr/bin/git checkout --progress --force 709f4545bdcad2627b54308b368958d45c95b715
v0.14.0 Upgrade and Encrypted Rollback	Checkout candidate C with immutable base tag	2026-10-05T22:45:03.8945138Z Note: switching to '709f4545bdcad2627b54308b368958d45c95b715'.
v0.14.0 Upgrade and Encrypted Rollback	Checkout candidate C with immutable base tag	2026-10-05T22:45:03.8945851Z 
v0.14.0 Upgrade and Encrypted Rollback	Checkout candidate C with immutable base tag	2026-10-05T22:45:03.8946309Z You are in 'detached HEAD' state. You can look around, make experimental
v0.14.0 Upgrade and Encrypted Rollback	Checkout candidate C with immutable base tag	2026-10-05T22:45:03.8947222Z changes and commit them, and you can discard any commits you make in this
v0.14.0 Upgrade and Encrypted Rollback	Checkout candidate C with immutable base tag	2026-10-05T22:45:03.8948117Z state without impacting any branches by switching back to a branch.
v0.14.0 Upgrade and Encrypted Rollback	Checkout candidate C with immutable base tag	2026-10-05T22:45:03.8948622Z 
v0.14.0 Upgrade and Encrypted Rollback	Checkout candidate C with immutable base tag	2026-10-05T22:45:03.8949021Z If you want to create a new branch to retain commits you create, you may
v0.14.0 Upgrade and Encrypted Rollback	Checkout candidate C with immutable base tag	2026-10-05T22:45:03.8950388Z do so (now or later) by using -c with the switch command. Example:
v0.14.0 Upgrade and Encrypted Rollback	Checkout candidate C with immutable base tag	2026-10-05T22:45:03.8950930Z 
v0.14.0 Upgrade and Encrypted Rollback	Checkout candidate C with immutable base tag	2026-10-05T22:45:03.8951441Z   git switch -c <new-branch-name>
v0.14.0 Upgrade and Encrypted Rollback	Checkout candidate C with immutable base tag	2026-10-05T22:45:03.8951834Z 
v0.14.0 Upgrade and Encrypted Rollback	Checkout candidate C with immutable base tag	2026-10-05T22:45:03.8952125Z Or undo this operation with:
v0.14.0 Upgrade and Encrypted Rollback	Checkout candidate C with immutable base tag	2026-10-05T22:45:03.8952488Z 
v0.14.0 Upgrade and Encrypted Rollback	Checkout candidate C with immutable base tag	2026-10-05T22:45:03.8952751Z   git switch -
v0.14.0 Upgrade and Encrypted Rollback	Checkout candidate C with immutable base tag	2026-10-05T22:45:03.8953065Z 
v0.14.0 Upgrade and Encrypted Rollback	Checkout candidate C with immutable base tag	2026-10-05T22:45:03.8953506Z Turn off this advice by setting config variable advice.detachedHead to false
v0.14.0 Upgrade and Encrypted Rollback	Checkout candidate C with immutable base tag	2026-10-05T22:45:03.8954050Z 
v0.14.0 Upgrade and Encrypted Rollback	Checkout candidate C with immutable base tag	2026-10-05T22:45:03.8954494Z HEAD is now at 709f4545 Verify every pause control and reconcile persisted pause state
v0.14.0 Upgrade and Encrypted Rollback	Checkout candidate C with immutable base tag	2026-10-05T22:45:03.8962886Z ##[endgroup]
v0.14.0 Upgrade and Encrypted Rollback	Checkout candidate C with immutable base tag	2026-10-05T22:45:03.9003515Z [command]/usr/bin/git log -1 --format=%H
v0.14.0 Upgrade and Encrypted Rollback	Checkout candidate C with immutable base tag	2026-10-05T22:45:03.9028032Z 709f4545bdcad2627b54308b368958d45c95b715
v0.14.0 Upgrade and Encrypted Rollback	Setup Node	﻿2026-10-05T22:45:03.9308929Z ##[group]Run actions/setup-node@v4
v0.14.0 Upgrade and Encrypted Rollback	Setup Node	2026-10-05T22:45:03.9309782Z with:
v0.14.0 Upgrade and Encrypted Rollback	Setup Node	2026-10-05T22:45:03.9310267Z   node-version: 20
v0.14.0 Upgrade and Encrypted Rollback	Setup Node	2026-10-05T22:45:03.9310568Z   cache: npm
v0.14.0 Upgrade and Encrypted Rollback	Setup Node	2026-10-05T22:45:03.9311010Z   cache-dependency-path: backend/package-lock.json
v0.14.0 Upgrade and Encrypted Rollback	Setup Node	2026-10-05T22:45:03.9311477Z   always-auth: false
v0.14.0 Upgrade and Encrypted Rollback	Setup Node	2026-10-05T22:45:03.9311780Z   check-latest: false
v0.14.0 Upgrade and Encrypted Rollback	Setup Node	2026-10-05T22:45:03.9314403Z   token: ***
v0.14.0 Upgrade and Encrypted Rollback	Setup Node	2026-10-05T22:45:03.9314683Z env:
v0.14.0 Upgrade and Encrypted Rollback	Setup Node	2026-10-05T22:45:03.9315043Z   CALIBRATE_SOURCE_COMMIT: 709f4545bdcad2627b54308b368958d45c95b715
v0.14.0 Upgrade and Encrypted Rollback	Setup Node	2026-10-05T22:45:03.9315467Z ##[endgroup]
v0.14.0 Upgrade and Encrypted Rollback	Setup Node	2026-10-05T22:45:04.0692383Z Attempting to download 20...
v0.14.0 Upgrade and Encrypted Rollback	Setup Node	2026-10-05T22:45:04.0793009Z (node:2230) [DEP0040] DeprecationWarning: The `punycode` module is deprecated. Please use a userland alternative instead.
v0.14.0 Upgrade and Encrypted Rollback	Setup Node	2026-10-05T22:45:04.0793910Z (Use `node --trace-deprecation ...` to show where the warning was created)
v0.14.0 Upgrade and Encrypted Rollback	Setup Node	2026-10-05T22:45:05.0774285Z Acquiring 20.20.2 - x64 from https://github.com/actions/node-versions/releases/download/20.20.2-23521894959/node-20.20.2-linux-x64.tar.gz
v0.14.0 Upgrade and Encrypted Rollback	Setup Node	2026-10-05T22:45:05.5475441Z Extracting ...
v0.14.0 Upgrade and Encrypted Rollback	Setup Node	2026-10-05T22:45:05.5578066Z [command]/usr/bin/tar xz --strip 1 --warning=no-unknown-keyword --overwrite -C /home/runner/work/_temp/8a1d76ee-e2c3-4193-82de-e81e40b21bf5 -f /home/runner/work/_temp/1e36cc9f-f553-45fb-8e47-baa135c29bcd
v0.14.0 Upgrade and Encrypted Rollback	Setup Node	2026-10-05T22:45:06.5096503Z Adding to the cache ...
v0.14.0 Upgrade and Encrypted Rollback	Setup Node	2026-10-05T22:45:07.7199142Z ##[group]Environment details
v0.14.0 Upgrade and Encrypted Rollback	Setup Node	2026-10-05T22:45:07.9431924Z node: v20.20.2
v0.14.0 Upgrade and Encrypted Rollback	Setup Node	2026-10-05T22:45:07.9432551Z npm: 10.8.2
v0.14.0 Upgrade and Encrypted Rollback	Setup Node	2026-10-05T22:45:07.9432879Z yarn: 1.22.22
v0.14.0 Upgrade and Encrypted Rollback	Setup Node	2026-10-05T22:45:07.9433547Z ##[endgroup]
v0.14.0 Upgrade and Encrypted Rollback	Setup Node	2026-10-05T22:45:07.9458368Z [command]/opt/hostedtoolcache/node/20.20.2/x64/bin/npm config get cache
v0.14.0 Upgrade and Encrypted Rollback	Setup Node	2026-10-05T22:45:08.0392421Z /home/runner/.npm
v0.14.0 Upgrade and Encrypted Rollback	Setup Node	2026-10-05T22:45:08.2848236Z Cache hit for: node-cache-Linux-x64-npm-9ad1fc3d02200f097d647c965e5a2c426e45ead6e22fb282009302d8eeb7a3d3
v0.14.0 Upgrade and Encrypted Rollback	Setup Node	2026-10-05T22:45:08.3003747Z (node:2230) [DEP0169] DeprecationWarning: `url.parse()` behavior is not standardized and prone to errors that have security implications. Use the WHATWG URL API instead. CVEs are not issued for `url.parse()` vulnerabilities.
v0.14.0 Upgrade and Encrypted Rollback	Setup Node	2026-10-05T22:45:09.5052228Z Received 33554432 of 142506313 (23.5%), 32.0 MBs/sec
v0.14.0 Upgrade and Encrypted Rollback	Setup Node	2026-10-05T22:45:10.3664785Z Received 142506313 of 142506313 (100.0%), 72.9 MBs/sec
v0.14.0 Upgrade and Encrypted Rollback	Setup Node	2026-10-05T22:45:10.3665880Z Cache Size: ~136 MB (142506313 B)
v0.14.0 Upgrade and Encrypted Rollback	Setup Node	2026-10-05T22:45:10.3815345Z [command]/usr/bin/tar -xf /home/runner/work/_temp/7085bffb-f922-48c3-b43d-27e6235441db/cache.tzst -P -C /home/runner/work/calibrate-health/calibrate-health --use-compress-program unzstd
v0.14.0 Upgrade and Encrypted Rollback	Setup Node	2026-10-05T22:45:10.5590236Z Cache restored successfully
v0.14.0 Upgrade and Encrypted Rollback	Setup Node	2026-10-05T22:45:10.5647409Z Cache restored from key: node-cache-Linux-x64-npm-9ad1fc3d02200f097d647c965e5a2c426e45ead6e22fb282009302d8eeb7a3d3
v0.14.0 Upgrade and Encrypted Rollback	Install backend dependencies	﻿2026-10-05T22:45:10.5787586Z ##[group]Run npm --prefix backend ci --no-audit --fund=false
v0.14.0 Upgrade and Encrypted Rollback	Install backend dependencies	2026-10-05T22:45:10.5788177Z ^[[36;1mnpm --prefix backend ci --no-audit --fund=false^[[0m
v0.14.0 Upgrade and Encrypted Rollback	Install backend dependencies	2026-10-05T22:45:10.5958450Z shell: /usr/bin/bash -e {0}
v0.14.0 Upgrade and Encrypted Rollback	Install backend dependencies	2026-10-05T22:45:10.5958772Z env:
v0.14.0 Upgrade and Encrypted Rollback	Install backend dependencies	2026-10-05T22:45:10.5959084Z   CALIBRATE_SOURCE_COMMIT: 709f4545bdcad2627b54308b368958d45c95b715
v0.14.0 Upgrade and Encrypted Rollback	Install backend dependencies	2026-10-05T22:45:10.5959661Z ##[endgroup]
v0.14.0 Upgrade and Encrypted Rollback	Install backend dependencies	2026-10-05T22:45:10.9881055Z npm warn EBADENGINE Unsupported engine {
v0.14.0 Upgrade and Encrypted Rollback	Install backend dependencies	2026-10-05T22:45:10.9882214Z npm warn EBADENGINE   package: '@prisma/streams-local@0.1.11',
v0.14.0 Upgrade and Encrypted Rollback	Install backend dependencies	2026-10-05T22:45:10.9883362Z npm warn EBADENGINE   required: { bun: '>=1.2.0', node: '>=22.0.0' },
v0.14.0 Upgrade and Encrypted Rollback	Install backend dependencies	2026-10-05T22:45:10.9884887Z npm warn EBADENGINE   current: { node: 'v20.20.2', npm: '10.8.2' }
v0.14.0 Upgrade and Encrypted Rollback	Install backend dependencies	2026-10-05T22:45:10.9885632Z npm warn EBADENGINE }
v0.14.0 Upgrade and Encrypted Rollback	Install backend dependencies	2026-10-05T22:45:16.2935285Z 
v0.14.0 Upgrade and Encrypted Rollback	Install backend dependencies	2026-10-05T22:45:16.2936103Z added 430 packages in 6s
v0.14.0 Upgrade and Encrypted Rollback	Validate rollback rehearsal helpers	﻿2026-10-05T22:45:16.3220801Z ##[group]Run npm run test:db:rollback:unit
v0.14.0 Upgrade and Encrypted Rollback	Validate rollback rehearsal helpers	2026-10-05T22:45:16.3221426Z ^[[36;1mnpm run test:db:rollback:unit^[[0m
v0.14.0 Upgrade and Encrypted Rollback	Validate rollback rehearsal helpers	2026-10-05T22:45:16.3281542Z shell: /usr/bin/bash -e {0}
v0.14.0 Upgrade and Encrypted Rollback	Validate rollback rehearsal helpers	2026-10-05T22:45:16.3282033Z env:
v0.14.0 Upgrade and Encrypted Rollback	Validate rollback rehearsal helpers	2026-10-05T22:45:16.3282575Z   CALIBRATE_SOURCE_COMMIT: 709f4545bdcad2627b54308b368958d45c95b715
v0.14.0 Upgrade and Encrypted Rollback	Validate rollback rehearsal helpers	2026-10-05T22:45:16.3283260Z ##[endgroup]
v0.14.0 Upgrade and Encrypted Rollback	Validate rollback rehearsal helpers	2026-10-05T22:45:16.4388764Z 
v0.14.0 Upgrade and Encrypted Rollback	Validate rollback rehearsal helpers	2026-10-05T22:45:16.4390146Z > cal-io@0.37.0 test:db:rollback:unit
v0.14.0 Upgrade and Encrypted Rollback	Validate rollback rehearsal helpers	2026-10-05T22:45:16.4390995Z > node --test scripts/postgres-rollback-smoke.test.mjs
v0.14.0 Upgrade and Encrypted Rollback	Validate rollback rehearsal helpers	2026-10-05T22:45:16.4391430Z 
v0.14.0 Upgrade and Encrypted Rollback	Validate rollback rehearsal helpers	2026-10-05T22:45:16.4895183Z TAP version 13
v0.14.0 Upgrade and Encrypted Rollback	Validate rollback rehearsal helpers	2026-10-05T22:45:16.5544678Z # Subtest: resource plan owns only generated Docker and database names
v0.14.0 Upgrade and Encrypted Rollback	Validate rollback rehearsal helpers	2026-10-05T22:45:16.5558638Z ok 1 - resource plan owns only generated Docker and database names
v0.14.0 Upgrade and Encrypted Rollback	Validate rollback rehearsal helpers	2026-10-05T22:45:16.5559742Z   ---
v0.14.0 Upgrade and Encrypted Rollback	Validate rollback rehearsal helpers	2026-10-05T22:45:16.5560280Z   duration_ms: 5.068908
v0.14.0 Upgrade and Encrypted Rollback	Validate rollback rehearsal helpers	2026-10-05T22:45:16.5560836Z   ...
v0.14.0 Upgrade and Encrypted Rollback	Validate rollback rehearsal helpers	2026-10-05T22:45:16.5563211Z # Subtest: published database ports must be loopback-only and singular
v0.14.0 Upgrade and Encrypted Rollback	Validate rollback rehearsal helpers	2026-10-05T22:45:16.5564652Z ok 2 - published database ports must be loopback-only and singular
v0.14.0 Upgrade and Encrypted Rollback	Validate rollback rehearsal helpers	2026-10-05T22:45:16.5565479Z   ---
v0.14.0 Upgrade and Encrypted Rollback	Validate rollback rehearsal helpers	2026-10-05T22:45:16.5565981Z   duration_ms: 0.364144
v0.14.0 Upgrade and Encrypted Rollback	Validate rollback rehearsal helpers	2026-10-05T22:45:16.5566528Z   ...
v0.14.0 Upgrade and Encrypted Rollback	Validate rollback rehearsal helpers	2026-10-05T22:45:16.5568060Z # Subtest: database URLs cannot escape the generated loopback target
v0.14.0 Upgrade and Encrypted Rollback	Validate rollback rehearsal helpers	2026-10-05T22:45:16.5569540Z ok 3 - database URLs cannot escape the generated loopback target
v0.14.0 Upgrade and Encrypted Rollback	Validate rollback rehearsal helpers	2026-10-05T22:45:16.5570330Z   ---
v0.14.0 Upgrade and Encrypted Rollback	Validate rollback rehearsal helpers	2026-10-05T22:45:16.5570837Z   duration_ms: 1.278862
v0.14.0 Upgrade and Encrypted Rollback	Validate rollback rehearsal helpers	2026-10-05T22:45:16.5571377Z   ...
v0.14.0 Upgrade and Encrypted Rollback	Validate rollback rehearsal helpers	2026-10-05T22:45:16.5575775Z # Subtest: Postgres launch is private, disposable, labeled, and loopback-published
v0.14.0 Upgrade and Encrypted Rollback	Validate rollback rehearsal helpers	2026-10-05T22:45:16.5577184Z ok 4 - Postgres launch is private, disposable, labeled, and loopback-published
v0.14.0 Upgrade and Encrypted Rollback	Validate rollback rehearsal helpers	2026-10-05T22:45:16.5578129Z   ---
v0.14.0 Upgrade and Encrypted Rollback	Validate rollback rehearsal helpers	2026-10-05T22:45:16.5578649Z   duration_ms: 0.341707
v0.14.0 Upgrade and Encrypted Rollback	Validate rollback rehearsal helpers	2026-10-05T22:45:16.5579190Z   ...
v0.14.0 Upgrade and Encrypted Rollback	Validate rollback rehearsal helpers	2026-10-05T22:45:16.5580132Z # Subtest: migration contract pins exact v0.14.0 and candidate ledgers
v0.14.0 Upgrade and Encrypted Rollback	Validate rollback rehearsal helpers	2026-10-05T22:45:16.5581562Z ok 5 - migration contract pins exact v0.14.0 and candidate ledgers
v0.14.0 Upgrade and Encrypted Rollback	Validate rollback rehearsal helpers	2026-10-05T22:45:16.5582326Z   ---
v0.14.0 Upgrade and Encrypted Rollback	Validate rollback rehearsal helpers	2026-10-05T22:45:16.5582836Z   duration_ms: 8.200214
v0.14.0 Upgrade and Encrypted Rollback	Validate rollback rehearsal helpers	2026-10-05T22:45:16.5583370Z   ...
v0.14.0 Upgrade and Encrypted Rollback	Validate rollback rehearsal helpers	2026-10-05T22:45:16.5584359Z # Subtest: hosted source binding accepts only the checked-out lowercase full SHA
v0.14.0 Upgrade and Encrypted Rollback	Validate rollback rehearsal helpers	2026-10-05T22:45:16.5585683Z ok 6 - hosted source binding accepts only the checked-out lowercase full SHA
v0.14.0 Upgrade and Encrypted Rollback	Validate rollback rehearsal helpers	2026-10-05T22:45:16.5586590Z   ---
v0.14.0 Upgrade and Encrypted Rollback	Validate rollback rehearsal helpers	2026-10-05T22:45:16.5587108Z   duration_ms: 0.278112
v0.14.0 Upgrade and Encrypted Rollback	Validate rollback rehearsal helpers	2026-10-05T22:45:16.5587654Z   ...
v0.14.0 Upgrade and Encrypted Rollback	Validate rollback rehearsal helpers	2026-10-05T22:45:16.5641121Z # Subtest: source resolver binds the actual checkout to the workflow candidate
v0.14.0 Upgrade and Encrypted Rollback	Validate rollback rehearsal helpers	2026-10-05T22:45:16.5642429Z ok 7 - source resolver binds the actual checkout to the workflow candidate
v0.14.0 Upgrade and Encrypted Rollback	Validate rollback rehearsal helpers	2026-10-05T22:45:16.5643264Z   ---
v0.14.0 Upgrade and Encrypted Rollback	Validate rollback rehearsal helpers	2026-10-05T22:45:16.5643719Z   duration_ms: 0.254764
v0.14.0 Upgrade and Encrypted Rollback	Validate rollback rehearsal helpers	2026-10-05T22:45:16.5644237Z   ...
v0.14.0 Upgrade and Encrypted Rollback	Validate rollback rehearsal helpers	2026-10-05T22:45:16.5645256Z # Subtest: representative snapshots distinguish base from the intentional candidate transform
v0.14.0 Upgrade and Encrypted Rollback	Validate rollback rehearsal helpers	2026-10-05T22:45:16.5646773Z ok 8 - representative snapshots distinguish base from the intentional candidate transform
v0.14.0 Upgrade and Encrypted Rollback	Validate rollback rehearsal helpers	2026-10-05T22:45:16.5647722Z   ---
v0.14.0 Upgrade and Encrypted Rollback	Validate rollback rehearsal helpers	2026-10-05T22:45:16.5648187Z   duration_ms: 0.291585
v0.14.0 Upgrade and Encrypted Rollback	Validate rollback rehearsal helpers	2026-10-05T22:45:16.5648685Z   ...
v0.14.0 Upgrade and Encrypted Rollback	Validate rollback rehearsal helpers	2026-10-05T22:45:16.5670194Z # Subtest: diagnostics redact credentials and absolute host paths
v0.14.0 Upgrade and Encrypted Rollback	Validate rollback rehearsal helpers	2026-10-05T22:45:16.5674683Z ok 9 - diagnostics redact credentials and absolute host paths
v0.14.0 Upgrade and Encrypted Rollback	Validate rollback rehearsal helpers	2026-10-05T22:45:16.5675393Z   ---
v0.14.0 Upgrade and Encrypted Rollback	Validate rollback rehearsal helpers	2026-10-05T22:45:16.5675736Z   duration_ms: 0.58865
v0.14.0 Upgrade and Encrypted Rollback	Validate rollback rehearsal helpers	2026-10-05T22:45:16.5676068Z   ...
v0.14.0 Upgrade and Encrypted Rollback	Validate rollback rehearsal helpers	2026-10-05T22:45:16.5676730Z # Subtest: success evidence is sanitized, exact, and contains no resource target
v0.14.0 Upgrade and Encrypted Rollback	Validate rollback rehearsal helpers	2026-10-05T22:45:16.5677717Z ok 10 - success evidence is sanitized, exact, and contains no resource target
v0.14.0 Upgrade and Encrypted Rollback	Validate rollback rehearsal helpers	2026-10-05T22:45:16.5678712Z   ---
v0.14.0 Upgrade and Encrypted Rollback	Validate rollback rehearsal helpers	2026-10-05T22:45:16.5679027Z   duration_ms: 0.471557
v0.14.0 Upgrade and Encrypted Rollback	Validate rollback rehearsal helpers	2026-10-05T22:45:16.5679400Z   ...
v0.14.0 Upgrade and Encrypted Rollback	Validate rollback rehearsal helpers	2026-10-05T22:45:16.5680155Z # Subtest: failed evidence remains bound to the checked-out candidate
v0.14.0 Upgrade and Encrypted Rollback	Validate rollback rehearsal helpers	2026-10-05T22:45:16.5680996Z ok 11 - failed evidence remains bound to the checked-out candidate
v0.14.0 Upgrade and Encrypted Rollback	Validate rollback rehearsal helpers	2026-10-05T22:45:16.5681832Z   ---
v0.14.0 Upgrade and Encrypted Rollback	Validate rollback rehearsal helpers	2026-10-05T22:45:16.5682138Z   duration_ms: 0.260138
v0.14.0 Upgrade and Encrypted Rollback	Validate rollback rehearsal helpers	2026-10-05T22:45:16.5682464Z   ...
v0.14.0 Upgrade and Encrypted Rollback	Validate rollback rehearsal helpers	2026-10-05T22:45:16.5683053Z # Subtest: schema names, arguments, and evidence path are fixed and guarded
v0.14.0 Upgrade and Encrypted Rollback	Validate rollback rehearsal helpers	2026-10-05T22:45:16.5683930Z ok 12 - schema names, arguments, and evidence path are fixed and guarded
v0.14.0 Upgrade and Encrypted Rollback	Validate rollback rehearsal helpers	2026-10-05T22:45:16.5684488Z   ---
v0.14.0 Upgrade and Encrypted Rollback	Validate rollback rehearsal helpers	2026-10-05T22:45:16.5684796Z   duration_ms: 0.270433
v0.14.0 Upgrade and Encrypted Rollback	Validate rollback rehearsal helpers	2026-10-05T22:45:16.5685163Z   ...
v0.14.0 Upgrade and Encrypted Rollback	Validate rollback rehearsal helpers	2026-10-05T22:45:16.5774861Z # Subtest: command encoding defaults to text while preserving explicit spawn encodings
v0.14.0 Upgrade and Encrypted Rollback	Validate rollback rehearsal helpers	2026-10-05T22:45:16.5775997Z ok 13 - command encoding defaults to text while preserving explicit spawn encodings
v0.14.0 Upgrade and Encrypted Rollback	Validate rollback rehearsal helpers	2026-10-05T22:45:16.5776404Z   ---
v0.14.0 Upgrade and Encrypted Rollback	Validate rollback rehearsal helpers	2026-10-05T22:45:16.5776641Z   duration_ms: 0.128141
v0.14.0 Upgrade and Encrypted Rollback	Validate rollback rehearsal helpers	2026-10-05T22:45:16.5776874Z   ...
v0.14.0 Upgrade and Encrypted Rollback	Validate rollback rehearsal helpers	2026-10-05T22:45:16.5777374Z # Subtest: script contract uses production backup/restore and cleanup without external DATABASE_URL
v0.14.0 Upgrade and Encrypted Rollback	Validate rollback rehearsal helpers	2026-10-05T22:45:16.5778093Z ok 14 - script contract uses production backup/restore and cleanup without external DATABASE_URL
v0.14.0 Upgrade and Encrypted Rollback	Validate rollback rehearsal helpers	2026-10-05T22:45:16.5778529Z   ---
v0.14.0 Upgrade and Encrypted Rollback	Validate rollback rehearsal helpers	2026-10-05T22:45:16.5778728Z   duration_ms: 0.651947
v0.14.0 Upgrade and Encrypted Rollback	Validate rollback rehearsal helpers	2026-10-05T22:45:16.5778947Z   ...
v0.14.0 Upgrade and Encrypted Rollback	Validate rollback rehearsal helpers	2026-10-05T22:45:16.5790511Z 1..14
v0.14.0 Upgrade and Encrypted Rollback	Validate rollback rehearsal helpers	2026-10-05T22:45:16.5790950Z # tests 14
v0.14.0 Upgrade and Encrypted Rollback	Validate rollback rehearsal helpers	2026-10-05T22:45:16.5791508Z # suites 0
v0.14.0 Upgrade and Encrypted Rollback	Validate rollback rehearsal helpers	2026-10-05T22:45:16.5791968Z # pass 14
v0.14.0 Upgrade and Encrypted Rollback	Validate rollback rehearsal helpers	2026-10-05T22:45:16.5792476Z # fail 0
v0.14.0 Upgrade and Encrypted Rollback	Validate rollback rehearsal helpers	2026-10-05T22:45:16.5792941Z # cancelled 0
v0.14.0 Upgrade and Encrypted Rollback	Validate rollback rehearsal helpers	2026-10-05T22:45:16.5793470Z # skipped 0
v0.14.0 Upgrade and Encrypted Rollback	Validate rollback rehearsal helpers	2026-10-05T22:45:16.5794651Z # todo 0
v0.14.0 Upgrade and Encrypted Rollback	Validate rollback rehearsal helpers	2026-10-05T22:45:16.5801022Z # duration_ms 98.649144
v0.14.0 Upgrade and Encrypted Rollback	Upgrade from v0.14.0, restore, and re-upgrade	﻿2026-10-05T22:45:16.5909059Z ##[group]Run npm run test:db:rollback
v0.14.0 Upgrade and Encrypted Rollback	Upgrade from v0.14.0, restore, and re-upgrade	2026-10-05T22:45:16.5909380Z ^[[36;1mnpm run test:db:rollback^[[0m
v0.14.0 Upgrade and Encrypted Rollback	Upgrade from v0.14.0, restore, and re-upgrade	2026-10-05T22:45:16.5948268Z shell: /usr/bin/bash -e {0}
v0.14.0 Upgrade and Encrypted Rollback	Upgrade from v0.14.0, restore, and re-upgrade	2026-10-05T22:45:16.5948558Z env:
v0.14.0 Upgrade and Encrypted Rollback	Upgrade from v0.14.0, restore, and re-upgrade	2026-10-05T22:45:16.5948838Z   CALIBRATE_SOURCE_COMMIT: 709f4545bdcad2627b54308b368958d45c95b715
v0.14.0 Upgrade and Encrypted Rollback	Upgrade from v0.14.0, restore, and re-upgrade	2026-10-05T22:45:16.5949179Z ##[endgroup]
v0.14.0 Upgrade and Encrypted Rollback	Upgrade from v0.14.0, restore, and re-upgrade	2026-10-05T22:45:16.7000991Z 
v0.14.0 Upgrade and Encrypted Rollback	Upgrade from v0.14.0, restore, and re-upgrade	2026-10-05T22:45:16.7001780Z > cal-io@0.37.0 test:db:rollback
v0.14.0 Upgrade and Encrypted Rollback	Upgrade from v0.14.0, restore, and re-upgrade	2026-10-05T22:45:16.7002489Z > node scripts/postgres-rollback-smoke.mjs
v0.14.0 Upgrade and Encrypted Rollback	Upgrade from v0.14.0, restore, and re-upgrade	2026-10-05T22:45:16.7002849Z 
v0.14.0 Upgrade and Encrypted Rollback	Upgrade from v0.14.0, restore, and re-upgrade	2026-10-05T22:45:31.2339020Z [postgres-rollback-smoke] Applying immutable v0.14.0 migration ledger.
v0.14.0 Upgrade and Encrypted Rollback	Upgrade from v0.14.0, restore, and re-upgrade	2026-10-05T22:45:34.2605809Z [postgres-rollback-smoke] Applying candidate migrations through 0045_firebase_identity_foundation.
v0.14.0 Upgrade and Encrypted Rollback	Upgrade from v0.14.0, restore, and re-upgrade	2026-10-05T22:45:35.9531703Z [postgres-rollback-smoke] Restoring the encrypted predecessor backup into the owned empty target.
v0.14.0 Upgrade and Encrypted Rollback	Upgrade from v0.14.0, restore, and re-upgrade	2026-10-05T22:45:36.3821040Z [postgres-rollback-smoke] Re-applying the candidate ledger to the restored predecessor data.
v0.14.0 Upgrade and Encrypted Rollback	Upgrade from v0.14.0, restore, and re-upgrade	2026-10-05T22:45:38.1753437Z [postgres-rollback-smoke] PASS: restored v0.14.0, verified its exact data/ledger, and re-upgraded through 0045_firebase_identity_foundation.
v0.14.0 Upgrade and Encrypted Rollback	Post Setup Node	﻿2026-10-05T22:45:38.1920480Z Post job cleanup.
v0.14.0 Upgrade and Encrypted Rollback	Post Setup Node	2026-10-05T22:45:38.3118824Z (node:4419) [DEP0040] DeprecationWarning: The `punycode` module is deprecated. Please use a userland alternative instead.
v0.14.0 Upgrade and Encrypted Rollback	Post Setup Node	2026-10-05T22:45:38.3120185Z (Use `node --trace-deprecation ...` to show where the warning was created)
v0.14.0 Upgrade and Encrypted Rollback	Post Setup Node	2026-10-05T22:45:38.3123138Z Cache hit occurred on the primary key node-cache-Linux-x64-npm-9ad1fc3d02200f097d647c965e5a2c426e45ead6e22fb282009302d8eeb7a3d3, not saving cache.
v0.14.0 Upgrade and Encrypted Rollback	Post Checkout candidate C with immutable base tag	﻿2026-10-05T22:45:38.3257096Z Post job cleanup.
v0.14.0 Upgrade and Encrypted Rollback	Post Checkout candidate C with immutable base tag	2026-10-05T22:45:38.4068677Z [command]/usr/bin/git version
v0.14.0 Upgrade and Encrypted Rollback	Post Checkout candidate C with immutable base tag	2026-10-05T22:45:38.4108085Z git version 2.55.0
v0.14.0 Upgrade and Encrypted Rollback	Post Checkout candidate C with immutable base tag	2026-10-05T22:45:38.4149323Z Temporarily overriding HOME='/home/runner/work/_temp/bc94f132-7a3c-49b1-8df0-784713ba7e15' before making global git config changes
v0.14.0 Upgrade and Encrypted Rollback	Post Checkout candidate C with immutable base tag	2026-10-05T22:45:38.4150836Z Adding repository directory to the temporary git global config as a safe directory
v0.14.0 Upgrade and Encrypted Rollback	Post Checkout candidate C with immutable base tag	2026-10-05T22:45:38.4158473Z [command]/usr/bin/git config --global --add safe.directory /home/runner/work/calibrate-health/calibrate-health
v0.14.0 Upgrade and Encrypted Rollback	Post Checkout candidate C with immutable base tag	2026-10-05T22:45:38.4200995Z [command]/usr/bin/git config --local --name-only --get-regexp core\.sshCommand
v0.14.0 Upgrade and Encrypted Rollback	Post Checkout candidate C with immutable base tag	2026-10-05T22:45:38.4233940Z [command]/usr/bin/git submodule foreach --recursive sh -c "git config --local --name-only --get-regexp 'core\.sshCommand' && git config --local --unset-all 'core.sshCommand' || :"
v0.14.0 Upgrade and Encrypted Rollback	Post Checkout candidate C with immutable base tag	2026-10-05T22:45:38.4450106Z [command]/usr/bin/git config --local --name-only --get-regexp http\.https\:\/\/github\.com\/\.extraheader
v0.14.0 Upgrade and Encrypted Rollback	Post Checkout candidate C with immutable base tag	2026-10-05T22:45:38.4473685Z http.https://github.com/.extraheader
v0.14.0 Upgrade and Encrypted Rollback	Post Checkout candidate C with immutable base tag	2026-10-05T22:45:38.4485346Z [command]/usr/bin/git config --local --unset-all http.https://github.com/.extraheader
v0.14.0 Upgrade and Encrypted Rollback	Post Checkout candidate C with immutable base tag	2026-10-05T22:45:38.4519142Z [command]/usr/bin/git submodule foreach --recursive sh -c "git config --local --name-only --get-regexp 'http\.https\:\/\/github\.com\/\.extraheader' && git config --local --unset-all 'http.https://github.com/.extraheader' || :"
v0.14.0 Upgrade and Encrypted Rollback	Post Checkout candidate C with immutable base tag	2026-10-05T22:45:38.4737148Z [command]/usr/bin/git config --local --name-only --get-regexp ^includeIf\.gitdir:
v0.14.0 Upgrade and Encrypted Rollback	Post Checkout candidate C with immutable base tag	2026-10-05T22:45:38.4775493Z [command]/usr/bin/git submodule foreach --recursive git config --local --show-origin --name-only --get-regexp remote.origin.url
v0.14.0 Upgrade and Encrypted Rollback	Complete job	﻿2026-10-05T22:45:38.5144577Z Cleaning up orphan processes
v0.14.0 Upgrade and Encrypted Rollback	Complete job	2026-10-05T22:45:38.5472850Z ##[warning]Node.js 20 is deprecated. The following actions target Node.js 20 but are being forced to run on Node.js 24: actions/checkout@v4, actions/setup-node@v4. For more information see: https://github.blog/changelog/2025-09-19-deprecation-of-node-20-on-github-actions-runners/
Populated Postgres Upgrade	Set up job	﻿2026-10-05T22:44:59.2365886Z Current runner version: '2.337.0'
Populated Postgres Upgrade	Set up job	2026-10-05T22:44:59.2390570Z ##[group]Runner Image Provisioner
Populated Postgres Upgrade	Set up job	2026-10-05T22:44:59.2391483Z Hosted Compute Agent
Populated Postgres Upgrade	Set up job	2026-10-05T22:44:59.2392028Z Version: 20260901.588
Populated Postgres Upgrade	Set up job	2026-10-05T22:44:59.2392960Z Commit: f88ec8081b781fac6c440065ac7ff9e710ce3d0b
Populated Postgres Upgrade	Set up job	2026-10-05T22:44:59.2393842Z Build Date: 2026-09-01T19:56:44Z
Populated Postgres Upgrade	Set up job	2026-10-05T22:44:59.2394579Z Worker ID: {74cf1166-e502-4098-afc4-57a0db453b85}
Populated Postgres Upgrade	Set up job	2026-10-05T22:44:59.2395350Z Azure Region: westcentralus
Populated Postgres Upgrade	Set up job	2026-10-05T22:44:59.2395935Z ##[endgroup]
Populated Postgres Upgrade	Set up job	2026-10-05T22:44:59.2397528Z ##[group]Operating System
Populated Postgres Upgrade	Set up job	2026-10-05T22:44:59.2398247Z Ubuntu
Populated Postgres Upgrade	Set up job	2026-10-05T22:44:59.2398774Z 24.04.5
Populated Postgres Upgrade	Set up job	2026-10-05T22:44:59.2399266Z LTS
Populated Postgres Upgrade	Set up job	2026-10-05T22:44:59.2399753Z ##[endgroup]
Populated Postgres Upgrade	Set up job	2026-10-05T22:44:59.2400292Z ##[group]Runner Image
Populated Postgres Upgrade	Set up job	2026-10-05T22:44:59.2400904Z Image: ubuntu-24.04
Populated Postgres Upgrade	Set up job	2026-10-05T22:44:59.2401444Z Version: 20260927.320.1
Populated Postgres Upgrade	Set up job	2026-10-05T22:44:59.2402577Z Included Software: https://github.com/actions/runner-images/blob/ubuntu24/20260927.320/images/ubuntu/Ubuntu2404-Readme.md
Populated Postgres Upgrade	Set up job	2026-10-05T22:44:59.2404218Z Image Release: https://github.com/actions/runner-images/releases/tag/ubuntu24%2F20260927.320
Populated Postgres Upgrade	Set up job	2026-10-05T22:44:59.2405179Z ##[endgroup]
Populated Postgres Upgrade	Set up job	2026-10-05T22:44:59.2406256Z ##[group]GITHUB_TOKEN Permissions
Populated Postgres Upgrade	Set up job	2026-10-05T22:44:59.2408505Z Contents: read
Populated Postgres Upgrade	Set up job	2026-10-05T22:44:59.2409077Z Metadata: read
Populated Postgres Upgrade	Set up job	2026-10-05T22:44:59.2409689Z ##[endgroup]
Populated Postgres Upgrade	Set up job	2026-10-05T22:44:59.2411745Z Secret source: Actions
Populated Postgres Upgrade	Set up job	2026-10-05T22:44:59.2412863Z Cache mode: write
Populated Postgres Upgrade	Set up job	2026-10-05T22:44:59.2413884Z Prepare workflow directory
Populated Postgres Upgrade	Set up job	2026-10-05T22:44:59.2825897Z Prepare all required actions
Populated Postgres Upgrade	Set up job	2026-10-05T22:44:59.2874877Z Getting action download info
Populated Postgres Upgrade	Set up job	2026-10-05T22:44:59.6176147Z Download action repository 'actions/checkout@v4' (SHA:11d5960a326750d5838078e36cf38b85af677262)
Populated Postgres Upgrade	Set up job	2026-10-05T22:44:59.7624781Z Download action repository 'actions/setup-node@v4' (SHA:49933ea5288caeca8642d1e84afbd3f7d6820020)
Populated Postgres Upgrade	Set up job	2026-10-05T22:45:00.0585202Z Complete job name: Populated Postgres Upgrade
Populated Postgres Upgrade	Initialize containers	﻿2026-10-05T22:45:00.1053514Z ##[group]Checking docker version
Populated Postgres Upgrade	Initialize containers	2026-10-05T22:45:00.1066573Z ##[command]/usr/bin/docker version --format '{{.Server.APIVersion}}'
Populated Postgres Upgrade	Initialize containers	2026-10-05T22:45:00.2549615Z '1.48'
Populated Postgres Upgrade	Initialize containers	2026-10-05T22:45:00.2558135Z Docker daemon API version: '1.48'
Populated Postgres Upgrade	Initialize containers	2026-10-05T22:45:00.2559097Z ##[command]/usr/bin/docker version --format '{{.Client.APIVersion}}'
Populated Postgres Upgrade	Initialize containers	2026-10-05T22:45:00.2813289Z '1.48'
Populated Postgres Upgrade	Initialize containers	2026-10-05T22:45:00.2824905Z Docker client API version: '1.48'
Populated Postgres Upgrade	Initialize containers	2026-10-05T22:45:00.2830070Z ##[endgroup]
Populated Postgres Upgrade	Initialize containers	2026-10-05T22:45:00.2832631Z ##[group]Clean up resources from previous jobs
Populated Postgres Upgrade	Initialize containers	2026-10-05T22:45:00.2839652Z ##[command]/usr/bin/docker ps --all --quiet --no-trunc --filter "label=dcb404"
Populated Postgres Upgrade	Initialize containers	2026-10-05T22:45:00.3069950Z ##[command]/usr/bin/docker network prune --force --filter "label=dcb404"
Populated Postgres Upgrade	Initialize containers	2026-10-05T22:45:00.3247699Z ##[endgroup]
Populated Postgres Upgrade	Initialize containers	2026-10-05T22:45:00.3248655Z ##[group]Create local container network
Populated Postgres Upgrade	Initialize containers	2026-10-05T22:45:00.3260199Z ##[command]/usr/bin/docker network create --label dcb404 github_network_58aaa753612c4bc8bd55891db48cf08f
Populated Postgres Upgrade	Initialize containers	2026-10-05T22:45:00.3724820Z 187ee0e56719a2d39f9ed23047ef13ef7f8762d9a44ef68d401288bad6be50d2
Populated Postgres Upgrade	Initialize containers	2026-10-05T22:45:00.3741626Z ##[endgroup]
Populated Postgres Upgrade	Initialize containers	2026-10-05T22:45:00.3769355Z ##[group]Starting postgres service container
Populated Postgres Upgrade	Initialize containers	2026-10-05T22:45:00.3790805Z ##[command]/usr/bin/docker pull postgres:15-alpine
Populated Postgres Upgrade	Initialize containers	2026-10-05T22:45:01.2342121Z 15-alpine: Pulling from library/postgres
Populated Postgres Upgrade	Initialize containers	2026-10-05T22:45:01.4469806Z e2de96513ba9: Already exists
Populated Postgres Upgrade	Initialize containers	2026-10-05T22:45:01.4553280Z 2c2e40dd947e: Pulling fs layer
Populated Postgres Upgrade	Initialize containers	2026-10-05T22:45:01.4555465Z 2e9987a42d41: Pulling fs layer
Populated Postgres Upgrade	Initialize containers	2026-10-05T22:45:01.4557300Z 3f49193fd82d: Pulling fs layer
Populated Postgres Upgrade	Initialize containers	2026-10-05T22:45:01.4559137Z bc2205dd5a3a: Pulling fs layer
Populated Postgres Upgrade	Initialize containers	2026-10-05T22:45:01.4560425Z e9516be90840: Pulling fs layer
Populated Postgres Upgrade	Initialize containers	2026-10-05T22:45:01.4561805Z 4f83103187f5: Pulling fs layer
Populated Postgres Upgrade	Initialize containers	2026-10-05T22:45:01.4563367Z c020dab2e853: Pulling fs layer
Populated Postgres Upgrade	Initialize containers	2026-10-05T22:45:01.4564711Z 0976f43b012c: Pulling fs layer
Populated Postgres Upgrade	Initialize containers	2026-10-05T22:45:01.4565985Z 6ba2251a51ae: Pulling fs layer
Populated Postgres Upgrade	Initialize containers	2026-10-05T22:45:01.4567279Z 277e2289225f: Pulling fs layer
Populated Postgres Upgrade	Initialize containers	2026-10-05T22:45:01.4568586Z 4f83103187f5: Waiting
Populated Postgres Upgrade	Initialize containers	2026-10-05T22:45:01.4570228Z c020dab2e853: Waiting
Populated Postgres Upgrade	Initialize containers	2026-10-05T22:45:01.4571447Z 0976f43b012c: Waiting
Populated Postgres Upgrade	Initialize containers	2026-10-05T22:45:01.4572902Z 6ba2251a51ae: Waiting
Populated Postgres Upgrade	Initialize containers	2026-10-05T22:45:01.4574087Z 277e2289225f: Waiting
Populated Postgres Upgrade	Initialize containers	2026-10-05T22:45:01.4575284Z bc2205dd5a3a: Waiting
Populated Postgres Upgrade	Initialize containers	2026-10-05T22:45:01.4576423Z e9516be90840: Waiting
Populated Postgres Upgrade	Initialize containers	2026-10-05T22:45:01.6613892Z 3f49193fd82d: Verifying Checksum
Populated Postgres Upgrade	Initialize containers	2026-10-05T22:45:01.6616518Z 3f49193fd82d: Download complete
Populated Postgres Upgrade	Initialize containers	2026-10-05T22:45:01.6733354Z 2c2e40dd947e: Verifying Checksum
Populated Postgres Upgrade	Initialize containers	2026-10-05T22:45:01.7718734Z 2c2e40dd947e: Pull complete
Populated Postgres Upgrade	Initialize containers	2026-10-05T22:45:01.7831442Z 2e9987a42d41: Download complete
Populated Postgres Upgrade	Initialize containers	2026-10-05T22:45:01.8717912Z 2e9987a42d41: Pull complete
Populated Postgres Upgrade	Initialize containers	2026-10-05T22:45:01.8808730Z bc2205dd5a3a: Verifying Checksum
Populated Postgres Upgrade	Initialize containers	2026-10-05T22:45:01.8820693Z bc2205dd5a3a: Download complete
Populated Postgres Upgrade	Initialize containers	2026-10-05T22:45:01.8876284Z 3f49193fd82d: Pull complete
Populated Postgres Upgrade	Initialize containers	2026-10-05T22:45:01.8971753Z bc2205dd5a3a: Pull complete
Populated Postgres Upgrade	Initialize containers	2026-10-05T22:45:01.9961130Z 4f83103187f5: Download complete
Populated Postgres Upgrade	Initialize containers	2026-10-05T22:45:02.0904247Z c020dab2e853: Verifying Checksum
Populated Postgres Upgrade	Initialize containers	2026-10-05T22:45:02.0905072Z c020dab2e853: Download complete
Populated Postgres Upgrade	Initialize containers	2026-10-05T22:45:02.1944391Z 0976f43b012c: Verifying Checksum
Populated Postgres Upgrade	Initialize containers	2026-10-05T22:45:02.1945345Z 0976f43b012c: Download complete
Populated Postgres Upgrade	Initialize containers	2026-10-05T22:45:02.2918970Z 6ba2251a51ae: Download complete
Populated Postgres Upgrade	Initialize containers	2026-10-05T22:45:02.3711925Z 277e2289225f: Download complete
Populated Postgres Upgrade	Initialize containers	2026-10-05T22:45:02.4050214Z e9516be90840: Verifying Checksum
Populated Postgres Upgrade	Initialize containers	2026-10-05T22:45:02.4050973Z e9516be90840: Download complete
Populated Postgres Upgrade	Initialize containers	2026-10-05T22:45:06.1102240Z e9516be90840: Pull complete
Populated Postgres Upgrade	Initialize containers	2026-10-05T22:45:06.1283366Z 4f83103187f5: Pull complete
Populated Postgres Upgrade	Initialize containers	2026-10-05T22:45:06.1456605Z c020dab2e853: Pull complete
Populated Postgres Upgrade	Initialize containers	2026-10-05T22:45:06.1555676Z 0976f43b012c: Pull complete
Populated Postgres Upgrade	Initialize containers	2026-10-05T22:45:06.1655550Z 6ba2251a51ae: Pull complete
Populated Postgres Upgrade	Initialize containers	2026-10-05T22:45:06.1777837Z 277e2289225f: Pull complete
Populated Postgres Upgrade	Initialize containers	2026-10-05T22:45:06.1828227Z Digest: sha256:f7d23353e1b15400d22ebe31189f4d314b87a4c129cc400c8c2d8d4ca127bf81
Populated Postgres Upgrade	Initialize containers	2026-10-05T22:45:06.1847190Z Status: Downloaded newer image for postgres:15-alpine
Populated Postgres Upgrade	Initialize containers	2026-10-05T22:45:06.1866246Z docker.io/library/postgres:15-alpine
Populated Postgres Upgrade	Initialize containers	2026-10-05T22:45:06.1914847Z ##[command]/usr/bin/docker create --name e672ac8aad2d493a85a40ac1e197fcf5_postgres15alpine_2b9d49 --label dcb404 --network github_network_58aaa753612c4bc8bd55891db48cf08f --network-alias postgres -p 5432:5432 --health-cmd "pg_isready -U calibrate -d calibrate" --health-interval 2s --health-timeout 5s --health-retries 10 -e "POSTGRES_USER=calibrate" -e "POSTGRES_PASSWORD=calibrate" -e "POSTGRES_DB=calibrate" -e GITHUB_ACTIONS=true -e CI=true postgres:15-alpine
Populated Postgres Upgrade	Initialize containers	2026-10-05T22:45:06.2181086Z 76360ab95f2428143b8a847e37e2cccd8b9007e8ecd667d0d4094b5a41345a42
Populated Postgres Upgrade	Initialize containers	2026-10-05T22:45:06.2198042Z ##[command]/usr/bin/docker start 76360ab95f2428143b8a847e37e2cccd8b9007e8ecd667d0d4094b5a41345a42
Populated Postgres Upgrade	Initialize containers	2026-10-05T22:45:07.2058765Z 76360ab95f2428143b8a847e37e2cccd8b9007e8ecd667d0d4094b5a41345a42
Populated Postgres Upgrade	Initialize containers	2026-10-05T22:45:07.2074010Z ##[command]/usr/bin/docker ps --all --filter id=76360ab95f2428143b8a847e37e2cccd8b9007e8ecd667d0d4094b5a41345a42 --filter status=running --no-trunc --format "{{.ID}} {{.Status}}"
Populated Postgres Upgrade	Initialize containers	2026-10-05T22:45:07.2210866Z 76360ab95f2428143b8a847e37e2cccd8b9007e8ecd667d0d4094b5a41345a42 Up Less than a second (health: starting)
Populated Postgres Upgrade	Initialize containers	2026-10-05T22:45:07.2225553Z ##[command]/usr/bin/docker port 76360ab95f2428143b8a847e37e2cccd8b9007e8ecd667d0d4094b5a41345a42
Populated Postgres Upgrade	Initialize containers	2026-10-05T22:45:07.2409885Z 5432/tcp -> 0.0.0.0:5432
Populated Postgres Upgrade	Initialize containers	2026-10-05T22:45:07.2410673Z 5432/tcp -> [::]:5432
Populated Postgres Upgrade	Initialize containers	2026-10-05T22:45:07.2453907Z ##[endgroup]
Populated Postgres Upgrade	Initialize containers	2026-10-05T22:45:07.2463268Z ##[group]Waiting for all services to be ready
Populated Postgres Upgrade	Initialize containers	2026-10-05T22:45:07.2477256Z ##[command]/usr/bin/docker inspect --format="{{if .Config.Healthcheck}}{{print .State.Health.Status}}{{end}}" 76360ab95f2428143b8a847e37e2cccd8b9007e8ecd667d0d4094b5a41345a42
Populated Postgres Upgrade	Initialize containers	2026-10-05T22:45:07.2609886Z starting
Populated Postgres Upgrade	Initialize containers	2026-10-05T22:45:07.2626445Z postgres service is starting, waiting 2 seconds before checking again.
Populated Postgres Upgrade	Initialize containers	2026-10-05T22:45:09.2632249Z ##[command]/usr/bin/docker inspect --format="{{if .Config.Healthcheck}}{{print .State.Health.Status}}{{end}}" 76360ab95f2428143b8a847e37e2cccd8b9007e8ecd667d0d4094b5a41345a42
Populated Postgres Upgrade	Initialize containers	2026-10-05T22:45:09.2768604Z healthy
Populated Postgres Upgrade	Initialize containers	2026-10-05T22:45:09.2777217Z postgres service is healthy.
Populated Postgres Upgrade	Initialize containers	2026-10-05T22:45:09.2777725Z ##[endgroup]
Populated Postgres Upgrade	Checkout	﻿2026-10-05T22:45:09.3071223Z ##[group]Run actions/checkout@v4
Populated Postgres Upgrade	Checkout	2026-10-05T22:45:09.3071830Z with:
Populated Postgres Upgrade	Checkout	2026-10-05T22:45:09.3072147Z   ref: 709f4545bdcad2627b54308b368958d45c95b715
Populated Postgres Upgrade	Checkout	2026-10-05T22:45:09.3072934Z   repository: MChartier/calibrate-health
Populated Postgres Upgrade	Checkout	2026-10-05T22:45:09.3075455Z   token: ***
Populated Postgres Upgrade	Checkout	2026-10-05T22:45:09.3075751Z   ssh-strict: true
Populated Postgres Upgrade	Checkout	2026-10-05T22:45:09.3076070Z   ssh-user: git
Populated Postgres Upgrade	Checkout	2026-10-05T22:45:09.3076403Z   persist-credentials: true
Populated Postgres Upgrade	Checkout	2026-10-05T22:45:09.3076728Z   clean: true
Populated Postgres Upgrade	Checkout	2026-10-05T22:45:09.3077067Z   sparse-checkout-cone-mode: true
Populated Postgres Upgrade	Checkout	2026-10-05T22:45:09.3077402Z   fetch-depth: 1
Populated Postgres Upgrade	Checkout	2026-10-05T22:45:09.3077703Z   fetch-tags: false
Populated Postgres Upgrade	Checkout	2026-10-05T22:45:09.3077999Z   show-progress: true
Populated Postgres Upgrade	Checkout	2026-10-05T22:45:09.3078276Z   lfs: false
Populated Postgres Upgrade	Checkout	2026-10-05T22:45:09.3078602Z   submodules: false
Populated Postgres Upgrade	Checkout	2026-10-05T22:45:09.3078896Z   set-safe-directory: true
Populated Postgres Upgrade	Checkout	2026-10-05T22:45:09.3079233Z   allow-unsafe-pr-checkout: false
Populated Postgres Upgrade	Checkout	2026-10-05T22:45:09.3079787Z env:
Populated Postgres Upgrade	Checkout	2026-10-05T22:45:09.3080314Z   DATABASE_URL: ***localhost:5432/calibrate?schema=public
Populated Postgres Upgrade	Checkout	2026-10-05T22:45:09.3080761Z ##[endgroup]
Populated Postgres Upgrade	Checkout	2026-10-05T22:45:09.4069194Z Syncing repository: MChartier/calibrate-health
Populated Postgres Upgrade	Checkout	2026-10-05T22:45:09.4070649Z ##[group]Getting Git version info
Populated Postgres Upgrade	Checkout	2026-10-05T22:45:09.4071237Z Working directory is '/home/runner/work/calibrate-health/calibrate-health'
Populated Postgres Upgrade	Checkout	2026-10-05T22:45:09.4071992Z [command]/usr/bin/git version
Populated Postgres Upgrade	Checkout	2026-10-05T22:45:09.4132448Z git version 2.55.0
Populated Postgres Upgrade	Checkout	2026-10-05T22:45:09.4150502Z ##[endgroup]
Populated Postgres Upgrade	Checkout	2026-10-05T22:45:09.4163961Z Temporarily overriding HOME='/home/runner/work/_temp/b381ae33-07be-47c2-8633-3fb19c769531' before making global git config changes
Populated Postgres Upgrade	Checkout	2026-10-05T22:45:09.4165425Z Adding repository directory to the temporary git global config as a safe directory
Populated Postgres Upgrade	Checkout	2026-10-05T22:45:09.4168992Z [command]/usr/bin/git config --global --add safe.directory /home/runner/work/calibrate-health/calibrate-health
Populated Postgres Upgrade	Checkout	2026-10-05T22:45:09.4228714Z Deleting the contents of '/home/runner/work/calibrate-health/calibrate-health'
Populated Postgres Upgrade	Checkout	2026-10-05T22:45:09.4232919Z ##[group]Initializing the repository
Populated Postgres Upgrade	Checkout	2026-10-05T22:45:09.4237049Z [command]/usr/bin/git init /home/runner/work/calibrate-health/calibrate-health
Populated Postgres Upgrade	Checkout	2026-10-05T22:45:09.4340655Z hint: Using 'master' as the name for the initial branch. This default branch name
Populated Postgres Upgrade	Checkout	2026-10-05T22:45:09.4341658Z hint: will change to "main" in Git 3.0. To configure the initial branch name
Populated Postgres Upgrade	Checkout	2026-10-05T22:45:09.4342771Z hint: to use in all of your new repositories, which will suppress this warning,
Populated Postgres Upgrade	Checkout	2026-10-05T22:45:09.4343226Z hint: call:
Populated Postgres Upgrade	Checkout	2026-10-05T22:45:09.4343500Z hint:
Populated Postgres Upgrade	Checkout	2026-10-05T22:45:09.4343915Z hint: 	git config --global init.defaultBranch <name>
Populated Postgres Upgrade	Checkout	2026-10-05T22:45:09.4344344Z hint:
Populated Postgres Upgrade	Checkout	2026-10-05T22:45:09.4344728Z hint: Names commonly chosen instead of 'master' are 'main', 'trunk' and
Populated Postgres Upgrade	Checkout	2026-10-05T22:45:09.4345293Z hint: 'development'. The just-created branch can be renamed via this command:
Populated Postgres Upgrade	Checkout	2026-10-05T22:45:09.4345720Z hint:
Populated Postgres Upgrade	Checkout	2026-10-05T22:45:09.4346070Z hint: 	git branch -m <name>
Populated Postgres Upgrade	Checkout	2026-10-05T22:45:09.4346428Z hint:
Populated Postgres Upgrade	Checkout	2026-10-05T22:45:09.4346846Z hint: Disable this message with "git config set advice.defaultBranchName false"
Populated Postgres Upgrade	Checkout	2026-10-05T22:45:09.4350721Z Initialized empty Git repository in /home/runner/work/calibrate-health/calibrate-health/.git/
Populated Postgres Upgrade	Checkout	2026-10-05T22:45:09.4360906Z [command]/usr/bin/git remote add origin https://github.com/MChartier/calibrate-health
Populated Postgres Upgrade	Checkout	2026-10-05T22:45:09.4551662Z ##[endgroup]
Populated Postgres Upgrade	Checkout	2026-10-05T22:45:09.4552550Z ##[group]Disabling automatic garbage collection
Populated Postgres Upgrade	Checkout	2026-10-05T22:45:09.4556370Z [command]/usr/bin/git config --local gc.auto 0
Populated Postgres Upgrade	Checkout	2026-10-05T22:45:09.4591639Z ##[endgroup]
Populated Postgres Upgrade	Checkout	2026-10-05T22:45:09.4592580Z ##[group]Setting up auth
Populated Postgres Upgrade	Checkout	2026-10-05T22:45:09.4605373Z [command]/usr/bin/git config --local --name-only --get-regexp core\.sshCommand
Populated Postgres Upgrade	Checkout	2026-10-05T22:45:09.4645299Z [command]/usr/bin/git submodule foreach --recursive sh -c "git config --local --name-only --get-regexp 'core\.sshCommand' && git config --local --unset-all 'core.sshCommand' || :"
Populated Postgres Upgrade	Checkout	2026-10-05T22:45:09.4988484Z [command]/usr/bin/git config --local --name-only --get-regexp http\.https\:\/\/github\.com\/\.extraheader
Populated Postgres Upgrade	Checkout	2026-10-05T22:45:09.5019463Z [command]/usr/bin/git submodule foreach --recursive sh -c "git config --local --name-only --get-regexp 'http\.https\:\/\/github\.com\/\.extraheader' && git config --local --unset-all 'http.https://github.com/.extraheader' || :"
Populated Postgres Upgrade	Checkout	2026-10-05T22:45:09.5204073Z [command]/usr/bin/git config --local --name-only --get-regexp ^includeIf\.gitdir:
Populated Postgres Upgrade	Checkout	2026-10-05T22:45:09.5233016Z [command]/usr/bin/git submodule foreach --recursive git config --local --show-origin --name-only --get-regexp remote.origin.url
Populated Postgres Upgrade	Checkout	2026-10-05T22:45:09.5417878Z [command]/usr/bin/git config --local http.https://github.com/.extraheader AUTHORIZATION: basic ***
Populated Postgres Upgrade	Checkout	2026-10-05T22:45:09.5456481Z ##[endgroup]
Populated Postgres Upgrade	Checkout	2026-10-05T22:45:09.5457666Z ##[group]Fetching the repository
Populated Postgres Upgrade	Checkout	2026-10-05T22:45:09.5465007Z [command]/usr/bin/git -c protocol.version=2 fetch --no-tags --prune --no-recurse-submodules --depth=1 origin 709f4545bdcad2627b54308b368958d45c95b715
Populated Postgres Upgrade	Checkout	2026-10-05T22:45:11.0745914Z From https://github.com/MChartier/calibrate-health
Populated Postgres Upgrade	Checkout	2026-10-05T22:45:11.0747058Z  * branch            709f4545bdcad2627b54308b368958d45c95b715 -> FETCH_HEAD
Populated Postgres Upgrade	Checkout	2026-10-05T22:45:11.0751280Z ##[endgroup]
Populated Postgres Upgrade	Checkout	2026-10-05T22:45:11.0751910Z ##[group]Determining the checkout info
Populated Postgres Upgrade	Checkout	2026-10-05T22:45:11.0753478Z ##[endgroup]
Populated Postgres Upgrade	Checkout	2026-10-05T22:45:11.0759616Z [command]/usr/bin/git sparse-checkout disable
Populated Postgres Upgrade	Checkout	2026-10-05T22:45:11.0812995Z [command]/usr/bin/git config --local --unset-all extensions.worktreeConfig
Populated Postgres Upgrade	Checkout	2026-10-05T22:45:11.0841876Z ##[group]Checking out the ref
Populated Postgres Upgrade	Checkout	2026-10-05T22:45:11.0846226Z [command]/usr/bin/git checkout --progress --force 709f4545bdcad2627b54308b368958d45c95b715
Populated Postgres Upgrade	Checkout	2026-10-05T22:45:11.2840858Z Note: switching to '709f4545bdcad2627b54308b368958d45c95b715'.
Populated Postgres Upgrade	Checkout	2026-10-05T22:45:11.2841408Z 
Populated Postgres Upgrade	Checkout	2026-10-05T22:45:11.2841676Z You are in 'detached HEAD' state. You can look around, make experimental
Populated Postgres Upgrade	Checkout	2026-10-05T22:45:11.2842534Z changes and commit them, and you can discard any commits you make in this
Populated Postgres Upgrade	Checkout	2026-10-05T22:45:11.2843139Z state without impacting any branches by switching back to a branch.
Populated Postgres Upgrade	Checkout	2026-10-05T22:45:11.2843414Z 
Populated Postgres Upgrade	Checkout	2026-10-05T22:45:11.2843766Z If you want to create a new branch to retain commits you create, you may
Populated Postgres Upgrade	Checkout	2026-10-05T22:45:11.2844260Z do so (now or later) by using -c with the switch command. Example:
Populated Postgres Upgrade	Checkout	2026-10-05T22:45:11.2844515Z 
Populated Postgres Upgrade	Checkout	2026-10-05T22:45:11.2844673Z   git switch -c <new-branch-name>
Populated Postgres Upgrade	Checkout	2026-10-05T22:45:11.2844928Z 
Populated Postgres Upgrade	Checkout	2026-10-05T22:45:11.2845078Z Or undo this operation with:
Populated Postgres Upgrade	Checkout	2026-10-05T22:45:11.2845292Z 
Populated Postgres Upgrade	Checkout	2026-10-05T22:45:11.2845419Z   git switch -
Populated Postgres Upgrade	Checkout	2026-10-05T22:45:11.2845597Z 
Populated Postgres Upgrade	Checkout	2026-10-05T22:45:11.2845838Z Turn off this advice by setting config variable advice.detachedHead to false
Populated Postgres Upgrade	Checkout	2026-10-05T22:45:11.2846176Z 
Populated Postgres Upgrade	Checkout	2026-10-05T22:45:11.2846440Z HEAD is now at 709f454 Verify every pause control and reconcile persisted pause state
Populated Postgres Upgrade	Checkout	2026-10-05T22:45:11.2863825Z ##[endgroup]
Populated Postgres Upgrade	Checkout	2026-10-05T22:45:11.2902612Z [command]/usr/bin/git log -1 --format=%H
Populated Postgres Upgrade	Checkout	2026-10-05T22:45:11.2930898Z 709f4545bdcad2627b54308b368958d45c95b715
Populated Postgres Upgrade	Setup Node	﻿2026-10-05T22:45:11.3245482Z ##[group]Run actions/setup-node@v4
Populated Postgres Upgrade	Setup Node	2026-10-05T22:45:11.3245877Z with:
Populated Postgres Upgrade	Setup Node	2026-10-05T22:45:11.3246196Z   node-version: 20
Populated Postgres Upgrade	Setup Node	2026-10-05T22:45:11.3246476Z   cache: npm
Populated Postgres Upgrade	Setup Node	2026-10-05T22:45:11.3246786Z   cache-dependency-path: backend/package-lock.json
Populated Postgres Upgrade	Setup Node	2026-10-05T22:45:11.3247190Z   always-auth: false
Populated Postgres Upgrade	Setup Node	2026-10-05T22:45:11.3247474Z   check-latest: false
Populated Postgres Upgrade	Setup Node	2026-10-05T22:45:11.3249703Z   token: ***
Populated Postgres Upgrade	Setup Node	2026-10-05T22:45:11.3249961Z env:
Populated Postgres Upgrade	Setup Node	2026-10-05T22:45:11.3250443Z   DATABASE_URL: ***localhost:5432/calibrate?schema=public
Populated Postgres Upgrade	Setup Node	2026-10-05T22:45:11.3250835Z ##[endgroup]
Populated Postgres Upgrade	Setup Node	2026-10-05T22:45:11.4566532Z Attempting to download 20...
Populated Postgres Upgrade	Setup Node	2026-10-05T22:45:11.4668798Z (node:2679) [DEP0040] DeprecationWarning: The `punycode` module is deprecated. Please use a userland alternative instead.
Populated Postgres Upgrade	Setup Node	2026-10-05T22:45:11.4669640Z (Use `node --trace-deprecation ...` to show where the warning was created)
Populated Postgres Upgrade	Setup Node	2026-10-05T22:45:12.3704440Z Acquiring 20.20.2 - x64 from https://github.com/actions/node-versions/releases/download/20.20.2-23521894959/node-20.20.2-linux-x64.tar.gz
Populated Postgres Upgrade	Setup Node	2026-10-05T22:45:12.9882588Z Extracting ...
Populated Postgres Upgrade	Setup Node	2026-10-05T22:45:12.9994271Z [command]/usr/bin/tar xz --strip 1 --warning=no-unknown-keyword --overwrite -C /home/runner/work/_temp/ddc6a3dd-7b49-47c5-981f-9e48bb23d558 -f /home/runner/work/_temp/d538da9e-8586-48f3-a22d-bbb7a45ea048
Populated Postgres Upgrade	Setup Node	2026-10-05T22:45:14.0922917Z Adding to the cache ...
Populated Postgres Upgrade	Setup Node	2026-10-05T22:45:15.9257969Z ##[group]Environment details
Populated Postgres Upgrade	Setup Node	2026-10-05T22:45:16.1363889Z node: v20.20.2
Populated Postgres Upgrade	Setup Node	2026-10-05T22:45:16.1364368Z npm: 10.8.2
Populated Postgres Upgrade	Setup Node	2026-10-05T22:45:16.1364775Z yarn: 1.22.22
Populated Postgres Upgrade	Setup Node	2026-10-05T22:45:16.1365396Z ##[endgroup]
Populated Postgres Upgrade	Setup Node	2026-10-05T22:45:16.1381641Z [command]/opt/hostedtoolcache/node/20.20.2/x64/bin/npm config get cache
Populated Postgres Upgrade	Setup Node	2026-10-05T22:45:16.2370428Z /home/runner/.npm
Populated Postgres Upgrade	Setup Node	2026-10-05T22:45:16.4350173Z Cache hit for: node-cache-Linux-x64-npm-9ad1fc3d02200f097d647c965e5a2c426e45ead6e22fb282009302d8eeb7a3d3
Populated Postgres Upgrade	Setup Node	2026-10-05T22:45:16.4460936Z (node:2679) [DEP0169] DeprecationWarning: `url.parse()` behavior is not standardized and prone to errors that have security implications. Use the WHATWG URL API instead. CVEs are not issued for `url.parse()` vulnerabilities.
Populated Postgres Upgrade	Setup Node	2026-10-05T22:45:17.6623997Z Received 46137344 of 142506313 (32.4%), 44.0 MBs/sec
Populated Postgres Upgrade	Setup Node	2026-10-05T22:45:18.6170187Z Received 142506313 of 142506313 (100.0%), 69.6 MBs/sec
Populated Postgres Upgrade	Setup Node	2026-10-05T22:45:18.6171058Z Cache Size: ~136 MB (142506313 B)
Populated Postgres Upgrade	Setup Node	2026-10-05T22:45:18.6199252Z [command]/usr/bin/tar -xf /home/runner/work/_temp/15de87a4-81b2-413b-bd5e-0a0f0d27eb8a/cache.tzst -P -C /home/runner/work/calibrate-health/calibrate-health --use-compress-program unzstd
Populated Postgres Upgrade	Setup Node	2026-10-05T22:45:18.7898120Z Cache restored successfully
Populated Postgres Upgrade	Setup Node	2026-10-05T22:45:18.7956452Z Cache restored from key: node-cache-Linux-x64-npm-9ad1fc3d02200f097d647c965e5a2c426e45ead6e22fb282009302d8eeb7a3d3
Populated Postgres Upgrade	Install backend dependencies	﻿2026-10-05T22:45:18.8123111Z ##[group]Run npm --prefix backend ci --no-audit --fund=false
Populated Postgres Upgrade	Install backend dependencies	2026-10-05T22:45:18.8123854Z ^[[36;1mnpm --prefix backend ci --no-audit --fund=false^[[0m
Populated Postgres Upgrade	Install backend dependencies	2026-10-05T22:45:18.8283493Z shell: /usr/bin/bash -e {0}
Populated Postgres Upgrade	Install backend dependencies	2026-10-05T22:45:18.8283995Z env:
Populated Postgres Upgrade	Install backend dependencies	2026-10-05T22:45:18.8284692Z   DATABASE_URL: ***localhost:5432/calibrate?schema=public
Populated Postgres Upgrade	Install backend dependencies	2026-10-05T22:45:18.8285161Z ##[endgroup]
Populated Postgres Upgrade	Install backend dependencies	2026-10-05T22:45:19.1921738Z npm warn EBADENGINE Unsupported engine {
Populated Postgres Upgrade	Install backend dependencies	2026-10-05T22:45:19.1922899Z npm warn EBADENGINE   package: '@prisma/streams-local@0.1.11',
Populated Postgres Upgrade	Install backend dependencies	2026-10-05T22:45:19.1923509Z npm warn EBADENGINE   required: { bun: '>=1.2.0', node: '>=22.0.0' },
Populated Postgres Upgrade	Install backend dependencies	2026-10-05T22:45:19.1924187Z npm warn EBADENGINE   current: { node: 'v20.20.2', npm: '10.8.2' }
Populated Postgres Upgrade	Install backend dependencies	2026-10-05T22:45:19.1924616Z npm warn EBADENGINE }
Populated Postgres Upgrade	Install backend dependencies	2026-10-05T22:45:24.5786607Z 
Populated Postgres Upgrade	Install backend dependencies	2026-10-05T22:45:24.5787871Z added 430 packages in 6s
Populated Postgres Upgrade	Generate Prisma client	﻿2026-10-05T22:45:24.6067794Z ##[group]Run npm run prisma:generate
Populated Postgres Upgrade	Generate Prisma client	2026-10-05T22:45:24.6068470Z ^[[36;1mnpm run prisma:generate^[[0m
Populated Postgres Upgrade	Generate Prisma client	2026-10-05T22:45:24.6123477Z shell: /usr/bin/bash -e {0}
Populated Postgres Upgrade	Generate Prisma client	2026-10-05T22:45:24.6124005Z env:
Populated Postgres Upgrade	Generate Prisma client	2026-10-05T22:45:24.6125241Z   DATABASE_URL: ***localhost:5432/calibrate?schema=public
Populated Postgres Upgrade	Generate Prisma client	2026-10-05T22:45:24.6125892Z ##[endgroup]
Populated Postgres Upgrade	Generate Prisma client	2026-10-05T22:45:24.7258284Z 
Populated Postgres Upgrade	Generate Prisma client	2026-10-05T22:45:24.7259703Z > cal-io@0.37.0 prisma:generate
Populated Postgres Upgrade	Generate Prisma client	2026-10-05T22:45:24.7260892Z > npm --prefix backend run prisma:generate
Populated Postgres Upgrade	Generate Prisma client	2026-10-05T22:45:24.7261409Z 
Populated Postgres Upgrade	Generate Prisma client	2026-10-05T22:45:24.8582632Z 
Populated Postgres Upgrade	Generate Prisma client	2026-10-05T22:45:24.8583757Z > backend@0.37.0 prisma:generate
Populated Postgres Upgrade	Generate Prisma client	2026-10-05T22:45:24.8593510Z > prisma generate
Populated Postgres Upgrade	Generate Prisma client	2026-10-05T22:45:24.8594176Z 
Populated Postgres Upgrade	Generate Prisma client	2026-10-05T22:45:25.7834402Z Loaded Prisma config from prisma.config.ts.
Populated Postgres Upgrade	Generate Prisma client	2026-10-05T22:45:25.7835197Z 
Populated Postgres Upgrade	Generate Prisma client	2026-10-05T22:45:25.9214485Z Prisma schema loaded from prisma/schema.prisma.
Populated Postgres Upgrade	Generate Prisma client	2026-10-05T22:45:26.7432643Z 
Populated Postgres Upgrade	Generate Prisma client	2026-10-05T22:45:26.7434507Z ✔ Generated Prisma Client (v7.9.0) to ./node_modules/@prisma/client in 496ms
Populated Postgres Upgrade	Generate Prisma client	2026-10-05T22:45:26.7435461Z 
Populated Postgres Upgrade	Generate Prisma client	2026-10-05T22:45:26.7436076Z Start by importing your Prisma Client (See: https://pris.ly/d/importing-client)
Populated Postgres Upgrade	Generate Prisma client	2026-10-05T22:45:26.7436658Z 
Populated Postgres Upgrade	Generate Prisma client	2026-10-05T22:45:26.7436670Z 
Populated Postgres Upgrade	Validate upgrade-smoke helpers	﻿2026-10-05T22:45:26.7780142Z ##[group]Run node --test scripts/postgres-populated-upgrade-smoke.test.mjs
Populated Postgres Upgrade	Validate upgrade-smoke helpers	2026-10-05T22:45:26.7780782Z ^[[36;1mnode --test scripts/postgres-populated-upgrade-smoke.test.mjs^[[0m
Populated Postgres Upgrade	Validate upgrade-smoke helpers	2026-10-05T22:45:26.7822390Z shell: /usr/bin/bash -e {0}
Populated Postgres Upgrade	Validate upgrade-smoke helpers	2026-10-05T22:45:26.7822894Z env:
Populated Postgres Upgrade	Validate upgrade-smoke helpers	2026-10-05T22:45:26.7823654Z   DATABASE_URL: ***localhost:5432/calibrate?schema=public
Populated Postgres Upgrade	Validate upgrade-smoke helpers	2026-10-05T22:45:26.7824139Z ##[endgroup]
Populated Postgres Upgrade	Validate upgrade-smoke helpers	2026-10-05T22:45:26.8206591Z TAP version 13
Populated Postgres Upgrade	Validate upgrade-smoke helpers	2026-10-05T22:45:26.8885678Z # Subtest: migrationOrdinal accepts tracked ordinal names and rejects malformed names
Populated Postgres Upgrade	Validate upgrade-smoke helpers	2026-10-05T22:45:26.8896502Z ok 1 - migrationOrdinal accepts tracked ordinal names and rejects malformed names
Populated Postgres Upgrade	Validate upgrade-smoke helpers	2026-10-05T22:45:26.8897761Z   ---
Populated Postgres Upgrade	Validate upgrade-smoke helpers	2026-10-05T22:45:26.8898521Z   duration_ms: 1.397577
Populated Postgres Upgrade	Validate upgrade-smoke helpers	2026-10-05T22:45:26.8899260Z   ...
Populated Postgres Upgrade	Validate upgrade-smoke helpers	2026-10-05T22:45:26.8900343Z # Subtest: databaseUrlForSchema preserves connection options while replacing schema
Populated Postgres Upgrade	Validate upgrade-smoke helpers	2026-10-05T22:45:26.8901728Z ok 2 - databaseUrlForSchema preserves connection options while replacing schema
Populated Postgres Upgrade	Validate upgrade-smoke helpers	2026-10-05T22:45:26.8903055Z   ---
Populated Postgres Upgrade	Validate upgrade-smoke helpers	2026-10-05T22:45:26.8903615Z   duration_ms: 0.855814
Populated Postgres Upgrade	Validate upgrade-smoke helpers	2026-10-05T22:45:26.8904329Z   ...
Populated Postgres Upgrade	Validate upgrade-smoke helpers	2026-10-05T22:45:26.8915336Z # Subtest: legacy migration tree includes every migration through 0020 and no native migrations
Populated Postgres Upgrade	Validate upgrade-smoke helpers	2026-10-05T22:45:26.8916845Z ok 3 - legacy migration tree includes every migration through 0020 and no native migrations
Populated Postgres Upgrade	Validate upgrade-smoke helpers	2026-10-05T22:45:26.8918215Z   ---
Populated Postgres Upgrade	Validate upgrade-smoke helpers	2026-10-05T22:45:26.8918717Z   duration_ms: 25.508319
Populated Postgres Upgrade	Validate upgrade-smoke helpers	2026-10-05T22:45:26.8922885Z   ...
Populated Postgres Upgrade	Validate upgrade-smoke helpers	2026-10-05T22:45:26.8976113Z 1..3
Populated Postgres Upgrade	Validate upgrade-smoke helpers	2026-10-05T22:45:26.8976572Z # tests 3
Populated Postgres Upgrade	Validate upgrade-smoke helpers	2026-10-05T22:45:26.8983116Z # suites 0
Populated Postgres Upgrade	Validate upgrade-smoke helpers	2026-10-05T22:45:26.8983534Z # pass 3
Populated Postgres Upgrade	Validate upgrade-smoke helpers	2026-10-05T22:45:26.8983904Z # fail 0
Populated Postgres Upgrade	Validate upgrade-smoke helpers	2026-10-05T22:45:26.8984223Z # cancelled 0
Populated Postgres Upgrade	Validate upgrade-smoke helpers	2026-10-05T22:45:26.8984628Z # skipped 0
Populated Postgres Upgrade	Validate upgrade-smoke helpers	2026-10-05T22:45:26.8984917Z # todo 0
Populated Postgres Upgrade	Validate upgrade-smoke helpers	2026-10-05T22:45:26.8985444Z # duration_ms 84.463755
Populated Postgres Upgrade	Upgrade populated schema from 0020 through current	﻿2026-10-05T22:45:26.9071553Z ##[group]Run node scripts/postgres-populated-upgrade-smoke.mjs
Populated Postgres Upgrade	Upgrade populated schema from 0020 through current	2026-10-05T22:45:26.9072787Z ^[[36;1mnode scripts/postgres-populated-upgrade-smoke.mjs^[[0m
Populated Postgres Upgrade	Upgrade populated schema from 0020 through current	2026-10-05T22:45:26.9130379Z shell: /usr/bin/bash -e {0}
Populated Postgres Upgrade	Upgrade populated schema from 0020 through current	2026-10-05T22:45:26.9130893Z env:
Populated Postgres Upgrade	Upgrade populated schema from 0020 through current	2026-10-05T22:45:26.9131857Z   DATABASE_URL: ***localhost:5432/calibrate?schema=public
Populated Postgres Upgrade	Upgrade populated schema from 0020 through current	2026-10-05T22:45:26.9132736Z ##[endgroup]
Populated Postgres Upgrade	Upgrade populated schema from 0020 through current	2026-10-05T22:45:27.0244513Z [db-upgrade-smoke] Applying 24 migrations through 0020.
Populated Postgres Upgrade	Upgrade populated schema from 0020 through current	2026-10-05T22:45:27.7173086Z Loaded Prisma config from prisma.config.ts.
Populated Postgres Upgrade	Upgrade populated schema from 0020 through current	2026-10-05T22:45:27.7173869Z 
Populated Postgres Upgrade	Upgrade populated schema from 0020 through current	2026-10-05T22:45:27.8322795Z Prisma schema loaded from ../../../../../../tmp/calibrate-upgrade-Rm93pe/prisma/schema.prisma.
Populated Postgres Upgrade	Upgrade populated schema from 0020 through current	2026-10-05T22:45:27.8435077Z Datasource "db": PostgreSQL database "calibrate", schema "calibrate_upgrade_smoke_2978_0127884dda2a" at "localhost:5432"
Populated Postgres Upgrade	Upgrade populated schema from 0020 through current	2026-10-05T22:45:27.9086715Z 
Populated Postgres Upgrade	Upgrade populated schema from 0020 through current	2026-10-05T22:45:27.9088048Z 24 migrations found in prisma/migrations
Populated Postgres Upgrade	Upgrade populated schema from 0020 through current	2026-10-05T22:45:27.9088533Z 
Populated Postgres Upgrade	Upgrade populated schema from 0020 through current	2026-10-05T22:45:28.0338006Z Applying migration `0001_init`
Populated Postgres Upgrade	Upgrade populated schema from 0020 through current	2026-10-05T22:45:28.0785415Z Applying migration `0002_weight_units_grams`
Populated Postgres Upgrade	Upgrade populated schema from 0020 through current	2026-10-05T22:45:28.0912404Z Applying migration `0003_bodymetric_date_only`
Populated Postgres Upgrade	Upgrade populated schema from 0020 through current	2026-10-05T22:45:28.1025116Z Applying migration `0004_add_profile_fields`
Populated Postgres Upgrade	Upgrade populated schema from 0020 through current	2026-10-05T22:45:28.1074955Z Applying migration `0005_add_user_timezone`
Populated Postgres Upgrade	Upgrade populated schema from 0020 through current	2026-10-05T22:45:28.1107380Z Applying migration `0006_foodlog_local_date`
Populated Postgres Upgrade	Upgrade populated schema from 0020 through current	2026-10-05T22:45:28.1162682Z Applying migration `0007_height_unit_preference`
Populated Postgres Upgrade	Upgrade populated schema from 0020 through current	2026-10-05T22:45:28.1213563Z Applying migration `0008_meal_period_enum`
Populated Postgres Upgrade	Upgrade populated schema from 0020 through current	2026-10-05T22:45:28.1320934Z Applying migration `0009_add_user_profile_image`
Populated Postgres Upgrade	Upgrade populated schema from 0020 through current	2026-10-05T22:45:28.1350135Z Applying migration `0010_my_foods`
Populated Postgres Upgrade	Upgrade populated schema from 0020 through current	2026-10-05T22:45:28.1571899Z Applying migration `0011_add_user_language`
Populated Postgres Upgrade	Upgrade populated schema from 0020 through current	2026-10-05T22:45:28.1606287Z Applying migration `0012_session_store`
Populated Postgres Upgrade	Upgrade populated schema from 0020 through current	2026-10-05T22:45:28.1676493Z Applying migration `0013_food_log_day_completion`
Populated Postgres Upgrade	Upgrade populated schema from 0020 through current	2026-10-05T22:45:28.1764421Z Applying migration `0013_push_subscriptions`
Populated Postgres Upgrade	Upgrade populated schema from 0020 through current	2026-10-05T22:45:28.1869313Z Applying migration `0014_push_subscription_reminders`
Populated Postgres Upgrade	Upgrade populated schema from 0020 through current	2026-10-05T22:45:28.1898863Z Applying migration `0014_push_subscription_user_endpoint_uniqueness`
Populated Postgres Upgrade	Upgrade populated schema from 0020 through current	2026-10-05T22:45:28.1949882Z Applying migration `0015_reminder_preference_flags`
Populated Postgres Upgrade	Upgrade populated schema from 0020 through current	2026-10-05T22:45:28.1982651Z Applying migration `0016_bodymetric_trend_precompute`
Populated Postgres Upgrade	Upgrade populated schema from 0020 through current	2026-10-05T22:45:28.2065899Z Applying migration `0016_in_app_notifications`
Populated Postgres Upgrade	Upgrade populated schema from 0020 through current	2026-10-05T22:45:28.2191393Z Applying migration `0017_haptics_preference`
Populated Postgres Upgrade	Upgrade populated schema from 0020 through current	2026-10-05T22:45:28.2226153Z Applying migration `0017_notification_delivery_channels`
Populated Postgres Upgrade	Upgrade populated schema from 0020 through current	2026-10-05T22:45:28.2302783Z Applying migration `0018_food_log_external_snapshots`
Populated Postgres Upgrade	Upgrade populated schema from 0020 through current	2026-10-05T22:45:28.2341336Z Applying migration `0019_backend_server_audit_indexes`
Populated Postgres Upgrade	Upgrade populated schema from 0020 through current	2026-10-05T22:45:28.2384089Z Applying migration `0020_goal_active_lookup_index`
Populated Postgres Upgrade	Upgrade populated schema from 0020 through current	2026-10-05T22:45:28.2427744Z 
Populated Postgres Upgrade	Upgrade populated schema from 0020 through current	2026-10-05T22:45:28.2441978Z The following migration(s) have been applied:
Populated Postgres Upgrade	Upgrade populated schema from 0020 through current	2026-10-05T22:45:28.2442577Z 
Populated Postgres Upgrade	Upgrade populated schema from 0020 through current	2026-10-05T22:45:28.2443185Z migrations/
Populated Postgres Upgrade	Upgrade populated schema from 0020 through current	2026-10-05T22:45:28.2453442Z   └─ 0001_init/
Populated Postgres Upgrade	Upgrade populated schema from 0020 through current	2026-10-05T22:45:28.2453824Z     └─ migration.sql
Populated Postgres Upgrade	Upgrade populated schema from 0020 through current	2026-10-05T22:45:28.2454263Z   └─ 0002_weight_units_grams/
Populated Postgres Upgrade	Upgrade populated schema from 0020 through current	2026-10-05T22:45:28.2454653Z     └─ migration.sql
Populated Postgres Upgrade	Upgrade populated schema from 0020 through current	2026-10-05T22:45:28.2455056Z   └─ 0003_bodymetric_date_only/
Populated Postgres Upgrade	Upgrade populated schema from 0020 through current	2026-10-05T22:45:28.2455461Z     └─ migration.sql
Populated Postgres Upgrade	Upgrade populated schema from 0020 through current	2026-10-05T22:45:28.2455794Z   └─ 0004_add_profile_fields/
Populated Postgres Upgrade	Upgrade populated schema from 0020 through current	2026-10-05T22:45:28.2456138Z     └─ migration.sql
Populated Postgres Upgrade	Upgrade populated schema from 0020 through current	2026-10-05T22:45:28.2456738Z   └─ 0005_add_user_timezone/
Populated Postgres Upgrade	Upgrade populated schema from 0020 through current	2026-10-05T22:45:28.2457357Z     └─ migration.sql
Populated Postgres Upgrade	Upgrade populated schema from 0020 through current	2026-10-05T22:45:28.2457906Z   └─ 0006_foodlog_local_date/
Populated Postgres Upgrade	Upgrade populated schema from 0020 through current	2026-10-05T22:45:28.2458442Z     └─ migration.sql
Populated Postgres Upgrade	Upgrade populated schema from 0020 through current	2026-10-05T22:45:28.2459160Z   └─ 0007_height_unit_preference/
Populated Postgres Upgrade	Upgrade populated schema from 0020 through current	2026-10-05T22:45:28.2459662Z     └─ migration.sql
Populated Postgres Upgrade	Upgrade populated schema from 0020 through current	2026-10-05T22:45:28.2460444Z   └─ 0008_meal_period_enum/
Populated Postgres Upgrade	Upgrade populated schema from 0020 through current	2026-10-05T22:45:28.2461008Z     └─ migration.sql
Populated Postgres Upgrade	Upgrade populated schema from 0020 through current	2026-10-05T22:45:28.2461693Z   └─ 0009_add_user_profile_image/
Populated Postgres Upgrade	Upgrade populated schema from 0020 through current	2026-10-05T22:45:28.2462073Z     └─ migration.sql
Populated Postgres Upgrade	Upgrade populated schema from 0020 through current	2026-10-05T22:45:28.2462849Z   └─ 0010_my_foods/
Populated Postgres Upgrade	Upgrade populated schema from 0020 through current	2026-10-05T22:45:28.2463232Z     └─ migration.sql
Populated Postgres Upgrade	Upgrade populated schema from 0020 through current	2026-10-05T22:45:28.2463572Z   └─ 0011_add_user_language/
Populated Postgres Upgrade	Upgrade populated schema from 0020 through current	2026-10-05T22:45:28.2464228Z     └─ migration.sql
Populated Postgres Upgrade	Upgrade populated schema from 0020 through current	2026-10-05T22:45:28.2464573Z   └─ 0012_session_store/
Populated Postgres Upgrade	Upgrade populated schema from 0020 through current	2026-10-05T22:45:28.2464968Z     └─ migration.sql
Populated Postgres Upgrade	Upgrade populated schema from 0020 through current	2026-10-05T22:45:28.2465329Z   └─ 0013_food_log_day_completion/
Populated Postgres Upgrade	Upgrade populated schema from 0020 through current	2026-10-05T22:45:28.2465696Z     └─ migration.sql
Populated Postgres Upgrade	Upgrade populated schema from 0020 through current	2026-10-05T22:45:28.2466215Z   └─ 0013_push_subscriptions/
Populated Postgres Upgrade	Upgrade populated schema from 0020 through current	2026-10-05T22:45:28.2466894Z     └─ migration.sql
Populated Postgres Upgrade	Upgrade populated schema from 0020 through current	2026-10-05T22:45:28.2467465Z   └─ 0014_push_subscription_reminders/
Populated Postgres Upgrade	Upgrade populated schema from 0020 through current	2026-10-05T22:45:28.2468255Z     └─ migration.sql
Populated Postgres Upgrade	Upgrade populated schema from 0020 through current	2026-10-05T22:45:28.2468843Z   └─ 0014_push_subscription_user_endpoint_uniqueness/
Populated Postgres Upgrade	Upgrade populated schema from 0020 through current	2026-10-05T22:45:28.2469512Z     └─ migration.sql
Populated Postgres Upgrade	Upgrade populated schema from 0020 through current	2026-10-05T22:45:28.2470088Z   └─ 0015_reminder_preference_flags/
Populated Postgres Upgrade	Upgrade populated schema from 0020 through current	2026-10-05T22:45:28.2470588Z     └─ migration.sql
Populated Postgres Upgrade	Upgrade populated schema from 0020 through current	2026-10-05T22:45:28.2471186Z   └─ 0016_bodymetric_trend_precompute/
Populated Postgres Upgrade	Upgrade populated schema from 0020 through current	2026-10-05T22:45:28.2471690Z     └─ migration.sql
Populated Postgres Upgrade	Upgrade populated schema from 0020 through current	2026-10-05T22:45:28.2472196Z   └─ 0016_in_app_notifications/
Populated Postgres Upgrade	Upgrade populated schema from 0020 through current	2026-10-05T22:45:28.2473782Z     └─ migration.sql
Populated Postgres Upgrade	Upgrade populated schema from 0020 through current	2026-10-05T22:45:28.2474343Z   └─ 0017_haptics_preference/
Populated Postgres Upgrade	Upgrade populated schema from 0020 through current	2026-10-05T22:45:28.2475024Z     └─ migration.sql
Populated Postgres Upgrade	Upgrade populated schema from 0020 through current	2026-10-05T22:45:28.2475728Z   └─ 0017_notification_delivery_channels/
Populated Postgres Upgrade	Upgrade populated schema from 0020 through current	2026-10-05T22:45:28.2476274Z     └─ migration.sql
Populated Postgres Upgrade	Upgrade populated schema from 0020 through current	2026-10-05T22:45:28.2476785Z   └─ 0018_food_log_external_snapshots/
Populated Postgres Upgrade	Upgrade populated schema from 0020 through current	2026-10-05T22:45:28.2477268Z     └─ migration.sql
Populated Postgres Upgrade	Upgrade populated schema from 0020 through current	2026-10-05T22:45:28.2477732Z   └─ 0019_backend_server_audit_indexes/
Populated Postgres Upgrade	Upgrade populated schema from 0020 through current	2026-10-05T22:45:28.2478225Z     └─ migration.sql
Populated Postgres Upgrade	Upgrade populated schema from 0020 through current	2026-10-05T22:45:28.2478724Z   └─ 0020_goal_active_lookup_index/
Populated Postgres Upgrade	Upgrade populated schema from 0020 through current	2026-10-05T22:45:28.2479235Z     └─ migration.sql
Populated Postgres Upgrade	Upgrade populated schema from 0020 through current	2026-10-05T22:45:28.2479434Z 
Populated Postgres Upgrade	Upgrade populated schema from 0020 through current	2026-10-05T22:45:28.2479751Z All migrations have been successfully applied.
Populated Postgres Upgrade	Upgrade populated schema from 0020 through current	2026-10-05T22:45:28.2692085Z [db-upgrade-smoke] Applying migrations 0021-0045 to populated data.
Populated Postgres Upgrade	Upgrade populated schema from 0020 through current	2026-10-05T22:45:28.9545227Z Loaded Prisma config from prisma.config.ts.
Populated Postgres Upgrade	Upgrade populated schema from 0020 through current	2026-10-05T22:45:28.9545831Z 
Populated Postgres Upgrade	Upgrade populated schema from 0020 through current	2026-10-05T22:45:29.0871425Z Prisma schema loaded from prisma/schema.prisma.
Populated Postgres Upgrade	Upgrade populated schema from 0020 through current	2026-10-05T22:45:29.0954161Z Datasource "db": PostgreSQL database "calibrate", schema "calibrate_upgrade_smoke_2978_0127884dda2a" at "localhost:5432"
Populated Postgres Upgrade	Upgrade populated schema from 0020 through current	2026-10-05T22:45:29.1653335Z 
Populated Postgres Upgrade	Upgrade populated schema from 0020 through current	2026-10-05T22:45:29.1654444Z 47 migrations found in prisma/migrations
Populated Postgres Upgrade	Upgrade populated schema from 0020 through current	2026-10-05T22:45:29.1654777Z 
Populated Postgres Upgrade	Upgrade populated schema from 0020 through current	2026-10-05T22:45:29.2348713Z Applying migration `0021_mobile_native_client`
Populated Postgres Upgrade	Upgrade populated schema from 0020 through current	2026-10-05T22:45:29.2683195Z Applying migration `0022_bind_native_push_to_mobile_session`
Populated Postgres Upgrade	Upgrade populated schema from 0020 through current	2026-10-05T22:45:29.2795631Z Applying migration `0023_client_sync_foundation`
Populated Postgres Upgrade	Upgrade populated schema from 0020 through current	2026-10-05T22:45:29.2986994Z Applying migration `0024_account_lifecycle`
Populated Postgres Upgrade	Upgrade populated schema from 0020 through current	2026-10-05T22:45:29.3218312Z Applying migration `0025_my_food_pinning`
Populated Postgres Upgrade	Upgrade populated schema from 0020 through current	2026-10-05T22:45:29.3269626Z Applying migration `0026_health_connect_activity`
Populated Postgres Upgrade	Upgrade populated schema from 0020 through current	2026-10-05T22:45:29.3637461Z Applying migration `0027_wear_os_pairing`
Populated Postgres Upgrade	Upgrade populated schema from 0020 through current	2026-10-05T22:45:29.3804822Z Applying migration `0028_watch_operation_provenance`
Populated Postgres Upgrade	Upgrade populated schema from 0020 through current	2026-10-05T22:45:29.3868149Z Applying migration `0029_push_subscription_endpoint_ownership`
Populated Postgres Upgrade	Upgrade populated schema from 0020 through current	2026-10-05T22:45:29.3946770Z Applying migration `0030_day_resolution_and_tracking_pauses`
Populated Postgres Upgrade	Upgrade populated schema from 0020 through current	2026-10-05T22:45:29.4096744Z Applying migration `0031_calibration_insights`
Populated Postgres Upgrade	Upgrade populated schema from 0020 through current	2026-10-05T22:45:29.4512219Z Applying migration `0032_weight_trend_v2`
Populated Postgres Upgrade	Upgrade populated schema from 0020 through current	2026-10-05T22:45:29.4550092Z Applying migration `0033_weight_trend_source_revision`
Populated Postgres Upgrade	Upgrade populated schema from 0020 through current	2026-10-05T22:45:29.4581954Z Applying migration `0034_calorie_safety_policy`
Populated Postgres Upgrade	Upgrade populated schema from 0020 through current	2026-10-05T22:45:29.5273780Z Applying migration `0035_account_verification_and_legal_consent`
Populated Postgres Upgrade	Upgrade populated schema from 0020 through current	2026-10-05T22:45:29.5497364Z Applying migration `0036_atomic_onboarding`
Populated Postgres Upgrade	Upgrade populated schema from 0020 through current	2026-10-05T22:45:29.5542925Z Applying migration `0037_saved_foods_library`
Populated Postgres Upgrade	Upgrade populated schema from 0020 through current	2026-10-05T22:45:29.5586653Z Applying migration `0038_settings_trust_center`
Populated Postgres Upgrade	Upgrade populated schema from 0020 through current	2026-10-05T22:45:29.5853055Z Applying migration `0039_mcp_oauth`
Populated Postgres Upgrade	Upgrade populated schema from 0020 through current	2026-10-05T22:45:29.6360513Z Applying migration `0040_ios_native_support`
Populated Postgres Upgrade	Upgrade populated schema from 0020 through current	2026-10-05T22:45:29.6390307Z Applying migration `0041_server_settings`
Populated Postgres Upgrade	Upgrade populated schema from 0020 through current	2026-10-05T22:45:29.6436253Z Applying migration `0043_food_day_comparison`
Populated Postgres Upgrade	Upgrade populated schema from 0020 through current	2026-10-05T22:45:29.6467999Z Applying migration `0045_firebase_identity_foundation`
Populated Postgres Upgrade	Upgrade populated schema from 0020 through current	2026-10-05T22:45:29.6817473Z 
Populated Postgres Upgrade	Upgrade populated schema from 0020 through current	2026-10-05T22:45:29.6861955Z ┌─────────────────────────────────────────────────────────┐
Populated Postgres Upgrade	Upgrade populated schema from 0020 through current	2026-10-05T22:45:29.6873127Z The following migration(s) have been applied:
Populated Postgres Upgrade	Upgrade populated schema from 0020 through current	2026-10-05T22:45:29.6873875Z 
Populated Postgres Upgrade	Upgrade populated schema from 0020 through current	2026-10-05T22:45:29.6874826Z migrations/
Populated Postgres Upgrade	Upgrade populated schema from 0020 through current	2026-10-05T22:45:29.6875702Z   └─ 0021_mobile_native_client/
Populated Postgres Upgrade	Upgrade populated schema from 0020 through current	2026-10-05T22:45:29.6876412Z     └─ migration.sql
Populated Postgres Upgrade	Upgrade populated schema from 0020 through current	2026-10-05T22:45:29.6877080Z   └─ 0022_bind_native_push_to_mobile_session/
Populated Postgres Upgrade	Upgrade populated schema from 0020 through current	2026-10-05T22:45:29.6877841Z     └─ migration.sql
Populated Postgres Upgrade	Upgrade populated schema from 0020 through current	2026-10-05T22:45:29.6878432Z   └─ 0023_client_sync_foundation/
Populated Postgres Upgrade	Upgrade populated schema from 0020 through current	2026-10-05T22:45:29.6879036Z     └─ migration.sql
Populated Postgres Upgrade	Upgrade populated schema from 0020 through current	2026-10-05T22:45:29.6879622Z   └─ 0024_account_lifecycle/
Populated Postgres Upgrade	Upgrade populated schema from 0020 through current	2026-10-05T22:45:29.6880248Z     └─ migration.sql
Populated Postgres Upgrade	Upgrade populated schema from 0020 through current	2026-10-05T22:45:29.6880841Z   └─ 0025_my_food_pinning/
Populated Postgres Upgrade	Upgrade populated schema from 0020 through current	2026-10-05T22:45:29.6881421Z     └─ migration.sql
Populated Postgres Upgrade	Upgrade populated schema from 0020 through current	2026-10-05T22:45:29.6882032Z   └─ 0026_health_connect_activity/
Populated Postgres Upgrade	Upgrade populated schema from 0020 through current	2026-10-05T22:45:29.6882808Z     └─ migration.sql
Populated Postgres Upgrade	Upgrade populated schema from 0020 through current	2026-10-05T22:45:29.6883397Z   └─ 0027_wear_os_pairing/
Populated Postgres Upgrade	Upgrade populated schema from 0020 through current	2026-10-05T22:45:29.6884062Z     └─ migration.sql
Populated Postgres Upgrade	Upgrade populated schema from 0020 through current	2026-10-05T22:45:29.6884623Z   └─ 0028_watch_operation_provenance/
Populated Postgres Upgrade	Upgrade populated schema from 0020 through current	2026-10-05T22:45:29.6885375Z     └─ migration.sql
Populated Postgres Upgrade	Upgrade populated schema from 0020 through current	2026-10-05T22:45:29.6886218Z   └─ 0029_push_subscription_endpoint_ownership/
Populated Postgres Upgrade	Upgrade populated schema from 0020 through current	2026-10-05T22:45:29.6887113Z     └─ migration.sql
Populated Postgres Upgrade	Upgrade populated schema from 0020 through current	2026-10-05T22:45:29.6887905Z   └─ 0030_day_resolution_and_tracking_pauses/
Populated Postgres Upgrade	Upgrade populated schema from 0020 through current	2026-10-05T22:45:29.6888724Z     └─ migration.sql
Populated Postgres Upgrade	Upgrade populated schema from 0020 through current	2026-10-05T22:45:29.6889427Z   └─ 0031_calibration_insights/
Populated Postgres Upgrade	Upgrade populated schema from 0020 through current	2026-10-05T22:45:29.6890113Z     └─ migration.sql
Populated Postgres Upgrade	Upgrade populated schema from 0020 through current	2026-10-05T22:45:29.6890821Z   └─ 0032_weight_trend_v2/
Populated Postgres Upgrade	Upgrade populated schema from 0020 through current	2026-10-05T22:45:29.6891486Z     └─ migration.sql
Populated Postgres Upgrade	Upgrade populated schema from 0020 through current	2026-10-05T22:45:29.6892203Z   └─ 0033_weight_trend_source_revision/
Populated Postgres Upgrade	Upgrade populated schema from 0020 through current	2026-10-05T22:45:29.6893193Z     └─ migration.sql
Populated Postgres Upgrade	Upgrade populated schema from 0020 through current	2026-10-05T22:45:29.6893970Z   └─ 0034_calorie_safety_policy/
Populated Postgres Upgrade	Upgrade populated schema from 0020 through current	2026-10-05T22:45:29.6894725Z     └─ migration.sql
Populated Postgres Upgrade	Upgrade populated schema from 0020 through current	2026-10-05T22:45:29.6895508Z   └─ 0035_account_verification_and_legal_consent/
Populated Postgres Upgrade	Upgrade populated schema from 0020 through current	2026-10-05T22:45:29.6896331Z     └─ migration.sql
Populated Postgres Upgrade	Upgrade populated schema from 0020 through current	2026-10-05T22:45:29.6897010Z   └─ 0036_atomic_onboarding/
Populated Postgres Upgrade	Upgrade populated schema from 0020 through current	2026-10-05T22:45:29.6897717Z     └─ migration.sql
Populated Postgres Upgrade	Upgrade populated schema from 0020 through current	2026-10-05T22:45:29.6898456Z   └─ 0037_saved_foods_library/
Populated Postgres Upgrade	Upgrade populated schema from 0020 through current	2026-10-05T22:45:29.6899129Z     └─ migration.sql
Populated Postgres Upgrade	Upgrade populated schema from 0020 through current	2026-10-05T22:45:29.6899795Z   └─ 0038_settings_trust_center/
Populated Postgres Upgrade	Upgrade populated schema from 0020 through current	2026-10-05T22:45:29.6900574Z     └─ migration.sql
Populated Postgres Upgrade	Upgrade populated schema from 0020 through current	2026-10-05T22:45:29.6901656Z │  Update available 7.9.0 -> 8.0.0-rc.20                  │
Populated Postgres Upgrade	Upgrade populated schema from 0020 through current	2026-10-05T22:45:29.6903335Z │                                                         │
Populated Postgres Upgrade	Upgrade populated schema from 0020 through current	2026-10-05T22:45:29.6904408Z │  This is a major update - please follow the guide at    │
Populated Postgres Upgrade	Upgrade populated schema from 0020 through current	2026-10-05T22:45:29.6905578Z │  https://pris.ly/d/major-version-upgrade                │
Populated Postgres Upgrade	Upgrade populated schema from 0020 through current	2026-10-05T22:45:29.6906511Z │                                                         │
Populated Postgres Upgrade	Upgrade populated schema from 0020 through current	2026-10-05T22:45:29.6907344Z │  Run the following to update                            │
Populated Postgres Upgrade	Upgrade populated schema from 0020 through current	2026-10-05T22:45:29.6908270Z │    npm i --save-dev prisma@latest                       │
Populated Postgres Upgrade	Upgrade populated schema from 0020 through current	2026-10-05T22:45:29.6909203Z │    npm i @prisma/client@latest                          │
Populated Postgres Upgrade	Upgrade populated schema from 0020 through current	2026-10-05T22:45:29.6910253Z └─────────────────────────────────────────────────────────┘
Populated Postgres Upgrade	Upgrade populated schema from 0020 through current	2026-10-05T22:45:29.6911000Z   └─ 0039_mcp_oauth/
Populated Postgres Upgrade	Upgrade populated schema from 0020 through current	2026-10-05T22:45:29.6911512Z     └─ migration.sql
Populated Postgres Upgrade	Upgrade populated schema from 0020 through current	2026-10-05T22:45:29.6912159Z   └─ 0040_ios_native_support/
Populated Postgres Upgrade	Upgrade populated schema from 0020 through current	2026-10-05T22:45:29.6912858Z     └─ migration.sql
Populated Postgres Upgrade	Upgrade populated schema from 0020 through current	2026-10-05T22:45:29.6913469Z   └─ 0041_server_settings/
Populated Postgres Upgrade	Upgrade populated schema from 0020 through current	2026-10-05T22:45:29.6914143Z     └─ migration.sql
Populated Postgres Upgrade	Upgrade populated schema from 0020 through current	2026-10-05T22:45:29.6914743Z   └─ 0043_food_day_comparison/
Populated Postgres Upgrade	Upgrade populated schema from 0020 through current	2026-10-05T22:45:29.6915531Z     └─ migration.sql
Populated Postgres Upgrade	Upgrade populated schema from 0020 through current	2026-10-05T22:45:29.6916429Z   └─ 0045_firebase_identity_foundation/
Populated Postgres Upgrade	Upgrade populated schema from 0020 through current	2026-10-05T22:45:29.6917378Z     └─ migration.sql
Populated Postgres Upgrade	Upgrade populated schema from 0020 through current	2026-10-05T22:45:29.6917815Z 
Populated Postgres Upgrade	Upgrade populated schema from 0020 through current	2026-10-05T22:45:29.6918243Z All migrations have been successfully applied.
Populated Postgres Upgrade	Upgrade populated schema from 0020 through current	2026-10-05T22:45:29.7498147Z [db-upgrade-smoke] PASS: immutable mapping, local deletion cascade and monotonic credential security version.
Populated Postgres Upgrade	Upgrade populated schema from 0020 through current	2026-10-05T22:45:29.7499605Z [db-upgrade-smoke] PASS: retained core data across 47 migrations.
Populated Postgres Upgrade	Serialize concurrent weight-trend materialization	﻿2026-10-05T22:45:29.9164544Z ##[group]Run node scripts/postgres-weight-trend-concurrency-smoke.mjs
Populated Postgres Upgrade	Serialize concurrent weight-trend materialization	2026-10-05T22:45:29.9165560Z ^[[36;1mnode scripts/postgres-weight-trend-concurrency-smoke.mjs^[[0m
Populated Postgres Upgrade	Serialize concurrent weight-trend materialization	2026-10-05T22:45:29.9215231Z shell: /usr/bin/bash -e {0}
Populated Postgres Upgrade	Serialize concurrent weight-trend materialization	2026-10-05T22:45:29.9215654Z env:
Populated Postgres Upgrade	Serialize concurrent weight-trend materialization	2026-10-05T22:45:29.9216266Z   DATABASE_URL: ***localhost:5432/calibrate?schema=public
Populated Postgres Upgrade	Serialize concurrent weight-trend materialization	2026-10-05T22:45:29.9216814Z ##[endgroup]
Populated Postgres Upgrade	Serialize concurrent weight-trend materialization	2026-10-05T22:45:30.7293834Z Loaded Prisma config from prisma.config.ts.
Populated Postgres Upgrade	Serialize concurrent weight-trend materialization	2026-10-05T22:45:30.7294320Z 
Populated Postgres Upgrade	Serialize concurrent weight-trend materialization	2026-10-05T22:45:30.8727108Z Prisma schema loaded from prisma/schema.prisma.
Populated Postgres Upgrade	Serialize concurrent weight-trend materialization	2026-10-05T22:45:30.8813632Z Datasource "db": PostgreSQL database "calibrate", schema "calibrate_upgrade_smoke_weight_trend_3108_14e349fc7379" at "localhost:5432"
Populated Postgres Upgrade	Serialize concurrent weight-trend materialization	2026-10-05T22:45:30.9499008Z 
Populated Postgres Upgrade	Serialize concurrent weight-trend materialization	2026-10-05T22:45:30.9500140Z 47 migrations found in prisma/migrations
Populated Postgres Upgrade	Serialize concurrent weight-trend materialization	2026-10-05T22:45:30.9500764Z 
Populated Postgres Upgrade	Serialize concurrent weight-trend materialization	2026-10-05T22:45:31.0259969Z Applying migration `0001_init`
Populated Postgres Upgrade	Serialize concurrent weight-trend materialization	2026-10-05T22:45:31.0614751Z Applying migration `0002_weight_units_grams`
Populated Postgres Upgrade	Serialize concurrent weight-trend materialization	2026-10-05T22:45:31.0726625Z Applying migration `0003_bodymetric_date_only`
Populated Postgres Upgrade	Serialize concurrent weight-trend materialization	2026-10-05T22:45:31.0832938Z Applying migration `0004_add_profile_fields`
Populated Postgres Upgrade	Serialize concurrent weight-trend materialization	2026-10-05T22:45:31.0877115Z Applying migration `0005_add_user_timezone`
Populated Postgres Upgrade	Serialize concurrent weight-trend materialization	2026-10-05T22:45:31.0909219Z Applying migration `0006_foodlog_local_date`
Populated Postgres Upgrade	Serialize concurrent weight-trend materialization	2026-10-05T22:45:31.0966985Z Applying migration `0007_height_unit_preference`
Populated Postgres Upgrade	Serialize concurrent weight-trend materialization	2026-10-05T22:45:31.1022836Z Applying migration `0008_meal_period_enum`
Populated Postgres Upgrade	Serialize concurrent weight-trend materialization	2026-10-05T22:45:31.1131956Z Applying migration `0009_add_user_profile_image`
Populated Postgres Upgrade	Serialize concurrent weight-trend materialization	2026-10-05T22:45:31.1161591Z Applying migration `0010_my_foods`
Populated Postgres Upgrade	Serialize concurrent weight-trend materialization	2026-10-05T22:45:31.1385191Z Applying migration `0011_add_user_language`
Populated Postgres Upgrade	Serialize concurrent weight-trend materialization	2026-10-05T22:45:31.1416800Z Applying migration `0012_session_store`
Populated Postgres Upgrade	Serialize concurrent weight-trend materialization	2026-10-05T22:45:31.1493572Z Applying migration `0013_food_log_day_completion`
Populated Postgres Upgrade	Serialize concurrent weight-trend materialization	2026-10-05T22:45:31.1573971Z Applying migration `0013_push_subscriptions`
Populated Postgres Upgrade	Serialize concurrent weight-trend materialization	2026-10-05T22:45:31.1694039Z Applying migration `0014_push_subscription_reminders`
Populated Postgres Upgrade	Serialize concurrent weight-trend materialization	2026-10-05T22:45:31.1723373Z Applying migration `0014_push_subscription_user_endpoint_uniqueness`
Populated Postgres Upgrade	Serialize concurrent weight-trend materialization	2026-10-05T22:45:31.1771250Z Applying migration `0015_reminder_preference_flags`
Populated Postgres Upgrade	Serialize concurrent weight-trend materialization	2026-10-05T22:45:31.1804557Z Applying migration `0016_bodymetric_trend_precompute`
Populated Postgres Upgrade	Serialize concurrent weight-trend materialization	2026-10-05T22:45:31.1882210Z Applying migration `0016_in_app_notifications`
Populated Postgres Upgrade	Serialize concurrent weight-trend materialization	2026-10-05T22:45:31.5627729Z Applying migration `0017_haptics_preference`
Populated Postgres Upgrade	Serialize concurrent weight-trend materialization	2026-10-05T22:45:31.5662173Z Applying migration `0017_notification_delivery_channels`
Populated Postgres Upgrade	Serialize concurrent weight-trend materialization	2026-10-05T22:45:31.5739977Z Applying migration `0018_food_log_external_snapshots`
Populated Postgres Upgrade	Serialize concurrent weight-trend materialization	2026-10-05T22:45:31.5778827Z Applying migration `0019_backend_server_audit_indexes`
Populated Postgres Upgrade	Serialize concurrent weight-trend materialization	2026-10-05T22:45:31.5818421Z Applying migration `0020_goal_active_lookup_index`
Populated Postgres Upgrade	Serialize concurrent weight-trend materialization	2026-10-05T22:45:31.5847458Z Applying migration `0021_mobile_native_client`
Populated Postgres Upgrade	Serialize concurrent weight-trend materialization	2026-10-05T22:45:31.6104112Z Applying migration `0022_bind_native_push_to_mobile_session`
Populated Postgres Upgrade	Serialize concurrent weight-trend materialization	2026-10-05T22:45:31.6204319Z Applying migration `0023_client_sync_foundation`
Populated Postgres Upgrade	Serialize concurrent weight-trend materialization	2026-10-05T22:45:31.6389503Z Applying migration `0024_account_lifecycle`
Populated Postgres Upgrade	Serialize concurrent weight-trend materialization	2026-10-05T22:45:31.6603471Z Applying migration `0025_my_food_pinning`
Populated Postgres Upgrade	Serialize concurrent weight-trend materialization	2026-10-05T22:45:31.6654752Z Applying migration `0026_health_connect_activity`
Populated Postgres Upgrade	Serialize concurrent weight-trend materialization	2026-10-05T22:45:31.7033727Z Applying migration `0027_wear_os_pairing`
Populated Postgres Upgrade	Serialize concurrent weight-trend materialization	2026-10-05T22:45:31.7242750Z Applying migration `0028_watch_operation_provenance`
Populated Postgres Upgrade	Serialize concurrent weight-trend materialization	2026-10-05T22:45:31.7319179Z Applying migration `0029_push_subscription_endpoint_ownership`
Populated Postgres Upgrade	Serialize concurrent weight-trend materialization	2026-10-05T22:45:31.7401733Z Applying migration `0030_day_resolution_and_tracking_pauses`
Populated Postgres Upgrade	Serialize concurrent weight-trend materialization	2026-10-05T22:45:31.7568828Z Applying migration `0031_calibration_insights`
Populated Postgres Upgrade	Serialize concurrent weight-trend materialization	2026-10-05T22:45:31.7909231Z Applying migration `0032_weight_trend_v2`
Populated Postgres Upgrade	Serialize concurrent weight-trend materialization	2026-10-05T22:45:31.7946640Z Applying migration `0033_weight_trend_source_revision`
Populated Postgres Upgrade	Serialize concurrent weight-trend materialization	2026-10-05T22:45:31.7975200Z Applying migration `0034_calorie_safety_policy`
Populated Postgres Upgrade	Serialize concurrent weight-trend materialization	2026-10-05T22:45:31.8214326Z Applying migration `0035_account_verification_and_legal_consent`
Populated Postgres Upgrade	Serialize concurrent weight-trend materialization	2026-10-05T22:45:31.8435860Z Applying migration `0036_atomic_onboarding`
Populated Postgres Upgrade	Serialize concurrent weight-trend materialization	2026-10-05T22:45:31.8475725Z Applying migration `0037_saved_foods_library`
Populated Postgres Upgrade	Serialize concurrent weight-trend materialization	2026-10-05T22:45:31.8515599Z Applying migration `0038_settings_trust_center`
Populated Postgres Upgrade	Serialize concurrent weight-trend materialization	2026-10-05T22:45:31.8784550Z Applying migration `0039_mcp_oauth`
Populated Postgres Upgrade	Serialize concurrent weight-trend materialization	2026-10-05T22:45:31.9267434Z Applying migration `0040_ios_native_support`
Populated Postgres Upgrade	Serialize concurrent weight-trend materialization	2026-10-05T22:45:31.9296354Z Applying migration `0041_server_settings`
Populated Postgres Upgrade	Serialize concurrent weight-trend materialization	2026-10-05T22:45:31.9341322Z Applying migration `0043_food_day_comparison`
Populated Postgres Upgrade	Serialize concurrent weight-trend materialization	2026-10-05T22:45:31.9375710Z Applying migration `0045_firebase_identity_foundation`
Populated Postgres Upgrade	Serialize concurrent weight-trend materialization	2026-10-05T22:45:31.9525025Z 
Populated Postgres Upgrade	Serialize concurrent weight-trend materialization	2026-10-05T22:45:31.9535061Z The following migration(s) have been applied:
Populated Postgres Upgrade	Serialize concurrent weight-trend materialization	2026-10-05T22:45:31.9535706Z 
Populated Postgres Upgrade	Serialize concurrent weight-trend materialization	2026-10-05T22:45:31.9536156Z migrations/
Populated Postgres Upgrade	Serialize concurrent weight-trend materialization	2026-10-05T22:45:31.9536895Z   └─ 0001_init/
Populated Postgres Upgrade	Serialize concurrent weight-trend materialization	2026-10-05T22:45:31.9537574Z     └─ migration.sql
Populated Postgres Upgrade	Serialize concurrent weight-trend materialization	2026-10-05T22:45:31.9538614Z   └─ 0002_weight_units_grams/
Populated Postgres Upgrade	Serialize concurrent weight-trend materialization	2026-10-05T22:45:31.9539193Z     └─ migration.sql
Populated Postgres Upgrade	Serialize concurrent weight-trend materialization	2026-10-05T22:45:31.9539897Z   └─ 0003_bodymetric_date_only/
Populated Postgres Upgrade	Serialize concurrent weight-trend materialization	2026-10-05T22:45:31.9540594Z     └─ migration.sql
Populated Postgres Upgrade	Serialize concurrent weight-trend materialization	2026-10-05T22:45:31.9541218Z   └─ 0004_add_profile_fields/
Populated Postgres Upgrade	Serialize concurrent weight-trend materialization	2026-10-05T22:45:31.9541785Z     └─ migration.sql
Populated Postgres Upgrade	Serialize concurrent weight-trend materialization	2026-10-05T22:45:31.9542656Z   └─ 0005_add_user_timezone/
Populated Postgres Upgrade	Serialize concurrent weight-trend materialization	2026-10-05T22:45:31.9543146Z     └─ migration.sql
Populated Postgres Upgrade	Serialize concurrent weight-trend materialization	2026-10-05T22:45:31.9543641Z   └─ 0006_foodlog_local_date/
Populated Postgres Upgrade	Serialize concurrent weight-trend materialization	2026-10-05T22:45:31.9573805Z     └─ migration.sql
Populated Postgres Upgrade	Serialize concurrent weight-trend materialization	2026-10-05T22:45:31.9575017Z   └─ 0007_height_unit_preference/
Populated Postgres Upgrade	Serialize concurrent weight-trend materialization	2026-10-05T22:45:31.9575646Z     └─ migration.sql
Populated Postgres Upgrade	Serialize concurrent weight-trend materialization	2026-10-05T22:45:31.9576309Z   └─ 0008_meal_period_enum/
Populated Postgres Upgrade	Serialize concurrent weight-trend materialization	2026-10-05T22:45:31.9576876Z     └─ migration.sql
Populated Postgres Upgrade	Serialize concurrent weight-trend materialization	2026-10-05T22:45:31.9577601Z   └─ 0009_add_user_profile_image/
Populated Postgres Upgrade	Serialize concurrent weight-trend materialization	2026-10-05T22:45:31.9578304Z     └─ migration.sql
Populated Postgres Upgrade	Serialize concurrent weight-trend materialization	2026-10-05T22:45:31.9578860Z   └─ 0010_my_foods/
Populated Postgres Upgrade	Serialize concurrent weight-trend materialization	2026-10-05T22:45:31.9579358Z     └─ migration.sql
Populated Postgres Upgrade	Serialize concurrent weight-trend materialization	2026-10-05T22:45:31.9579806Z   └─ 0011_add_user_language/
Populated Postgres Upgrade	Serialize concurrent weight-trend materialization	2026-10-05T22:45:31.9580339Z     └─ migration.sql
Populated Postgres Upgrade	Serialize concurrent weight-trend materialization	2026-10-05T22:45:31.9580778Z   └─ 0012_session_store/
Populated Postgres Upgrade	Serialize concurrent weight-trend materialization	2026-10-05T22:45:31.9581232Z     └─ migration.sql
Populated Postgres Upgrade	Serialize concurrent weight-trend materialization	2026-10-05T22:45:31.9581786Z   └─ 0013_food_log_day_completion/
Populated Postgres Upgrade	Serialize concurrent weight-trend materialization	2026-10-05T22:45:31.9582244Z     └─ migration.sql
Populated Postgres Upgrade	Serialize concurrent weight-trend materialization	2026-10-05T22:45:31.9583044Z   └─ 0013_push_subscriptions/
Populated Postgres Upgrade	Serialize concurrent weight-trend materialization	2026-10-05T22:45:31.9583558Z     └─ migration.sql
Populated Postgres Upgrade	Serialize concurrent weight-trend materialization	2026-10-05T22:45:31.9584090Z   └─ 0014_push_subscription_reminders/
Populated Postgres Upgrade	Serialize concurrent weight-trend materialization	2026-10-05T22:45:31.9584624Z     └─ migration.sql
Populated Postgres Upgrade	Serialize concurrent weight-trend materialization	2026-10-05T22:45:31.9585246Z   └─ 0014_push_subscription_user_endpoint_uniqueness/
Populated Postgres Upgrade	Serialize concurrent weight-trend materialization	2026-10-05T22:45:31.9585804Z     └─ migration.sql
Populated Postgres Upgrade	Serialize concurrent weight-trend materialization	2026-10-05T22:45:31.9586298Z   └─ 0015_reminder_preference_flags/
Populated Postgres Upgrade	Serialize concurrent weight-trend materialization	2026-10-05T22:45:31.9586864Z     └─ migration.sql
Populated Postgres Upgrade	Serialize concurrent weight-trend materialization	2026-10-05T22:45:31.9587642Z   └─ 0016_bodymetric_trend_precompute/
Populated Postgres Upgrade	Serialize concurrent weight-trend materialization	2026-10-05T22:45:31.9588204Z     └─ migration.sql
Populated Postgres Upgrade	Serialize concurrent weight-trend materialization	2026-10-05T22:45:31.9588723Z   └─ 0016_in_app_notifications/
Populated Postgres Upgrade	Serialize concurrent weight-trend materialization	2026-10-05T22:45:31.9589131Z     └─ migration.sql
Populated Postgres Upgrade	Serialize concurrent weight-trend materialization	2026-10-05T22:45:31.9589670Z   └─ 0017_haptics_preference/
Populated Postgres Upgrade	Serialize concurrent weight-trend materialization	2026-10-05T22:45:31.9590134Z     └─ migration.sql
Populated Postgres Upgrade	Serialize concurrent weight-trend materialization	2026-10-05T22:45:31.9590640Z   └─ 0017_notification_delivery_channels/
Populated Postgres Upgrade	Serialize concurrent weight-trend materialization	2026-10-05T22:45:31.9591195Z     └─ migration.sql
Populated Postgres Upgrade	Serialize concurrent weight-trend materialization	2026-10-05T22:45:31.9591980Z   └─ 0018_food_log_external_snapshots/
Populated Postgres Upgrade	Serialize concurrent weight-trend materialization	2026-10-05T22:45:31.9593057Z     └─ migration.sql
Populated Postgres Upgrade	Serialize concurrent weight-trend materialization	2026-10-05T22:45:31.9593619Z   └─ 0019_backend_server_audit_indexes/
Populated Postgres Upgrade	Serialize concurrent weight-trend materialization	2026-10-05T22:45:31.9594291Z     └─ migration.sql
Populated Postgres Upgrade	Serialize concurrent weight-trend materialization	2026-10-05T22:45:31.9594893Z   └─ 0020_goal_active_lookup_index/
Populated Postgres Upgrade	Serialize concurrent weight-trend materialization	2026-10-05T22:45:31.9595502Z     └─ migration.sql
Populated Postgres Upgrade	Serialize concurrent weight-trend materialization	2026-10-05T22:45:31.9596090Z   └─ 0021_mobile_native_client/
Populated Postgres Upgrade	Serialize concurrent weight-trend materialization	2026-10-05T22:45:31.9596653Z     └─ migration.sql
Populated Postgres Upgrade	Serialize concurrent weight-trend materialization	2026-10-05T22:45:31.9597269Z   └─ 0022_bind_native_push_to_mobile_session/
Populated Postgres Upgrade	Serialize concurrent weight-trend materialization	2026-10-05T22:45:31.9597921Z     └─ migration.sql
Populated Postgres Upgrade	Serialize concurrent weight-trend materialization	2026-10-05T22:45:31.9598573Z   └─ 0023_client_sync_foundation/
Populated Postgres Upgrade	Serialize concurrent weight-trend materialization	2026-10-05T22:45:31.9599148Z     └─ migration.sql
Populated Postgres Upgrade	Serialize concurrent weight-trend materialization	2026-10-05T22:45:31.9599661Z   └─ 0024_account_lifecycle/
Populated Postgres Upgrade	Serialize concurrent weight-trend materialization	2026-10-05T22:45:31.9600273Z     └─ migration.sql
Populated Postgres Upgrade	Serialize concurrent weight-trend materialization	2026-10-05T22:45:31.9600828Z   └─ 0025_my_food_pinning/
Populated Postgres Upgrade	Serialize concurrent weight-trend materialization	2026-10-05T22:45:31.9601376Z     └─ migration.sql
Populated Postgres Upgrade	Serialize concurrent weight-trend materialization	2026-10-05T22:45:31.9601975Z   └─ 0026_health_connect_activity/
Populated Postgres Upgrade	Serialize concurrent weight-trend materialization	2026-10-05T22:45:31.9603328Z     └─ migration.sql
Populated Postgres Upgrade	Serialize concurrent weight-trend materialization	2026-10-05T22:45:31.9604050Z   └─ 0027_wear_os_pairing/
Populated Postgres Upgrade	Serialize concurrent weight-trend materialization	2026-10-05T22:45:31.9604797Z     └─ migration.sql
Populated Postgres Upgrade	Serialize concurrent weight-trend materialization	2026-10-05T22:45:31.9605538Z   └─ 0028_watch_operation_provenance/
Populated Postgres Upgrade	Serialize concurrent weight-trend materialization	2026-10-05T22:45:31.9606313Z     └─ migration.sql
Populated Postgres Upgrade	Serialize concurrent weight-trend materialization	2026-10-05T22:45:31.9606960Z   └─ 0029_push_subscription_endpoint_ownership/
Populated Postgres Upgrade	Serialize concurrent weight-trend materialization	2026-10-05T22:45:31.9607620Z     └─ migration.sql
Populated Postgres Upgrade	Serialize concurrent weight-trend materialization	2026-10-05T22:45:31.9608200Z   └─ 0030_day_resolution_and_tracking_pauses/
Populated Postgres Upgrade	Serialize concurrent weight-trend materialization	2026-10-05T22:45:31.9608848Z     └─ migration.sql
Populated Postgres Upgrade	Serialize concurrent weight-trend materialization	2026-10-05T22:45:31.9609460Z   └─ 0031_calibration_insights/
Populated Postgres Upgrade	Serialize concurrent weight-trend materialization	2026-10-05T22:45:31.9610048Z     └─ migration.sql
Populated Postgres Upgrade	Serialize concurrent weight-trend materialization	2026-10-05T22:45:31.9610593Z   └─ 0032_weight_trend_v2/
Populated Postgres Upgrade	Serialize concurrent weight-trend materialization	2026-10-05T22:45:31.9611168Z     └─ migration.sql
Populated Postgres Upgrade	Serialize concurrent weight-trend materialization	2026-10-05T22:45:31.9611863Z   └─ 0033_weight_trend_source_revision/
Populated Postgres Upgrade	Serialize concurrent weight-trend materialization	2026-10-05T22:45:31.9612602Z     └─ migration.sql
Populated Postgres Upgrade	Serialize concurrent weight-trend materialization	2026-10-05T22:45:31.9613850Z   └─ 0034_calorie_safety_policy/
Populated Postgres Upgrade	Serialize concurrent weight-trend materialization	2026-10-05T22:45:31.9614478Z     └─ migration.sql
Populated Postgres Upgrade	Serialize concurrent weight-trend materialization	2026-10-05T22:45:31.9615289Z   └─ 0035_account_verification_and_legal_consent/
Populated Postgres Upgrade	Serialize concurrent weight-trend materialization	2026-10-05T22:45:31.9616166Z     └─ migration.sql
Populated Postgres Upgrade	Serialize concurrent weight-trend materialization	2026-10-05T22:45:31.9616835Z   └─ 0036_atomic_onboarding/
Populated Postgres Upgrade	Serialize concurrent weight-trend materialization	2026-10-05T22:45:31.9617600Z     └─ migration.sql
Populated Postgres Upgrade	Serialize concurrent weight-trend materialization	2026-10-05T22:45:31.9618384Z   └─ 0037_saved_foods_library/
Populated Postgres Upgrade	Serialize concurrent weight-trend materialization	2026-10-05T22:45:31.9618987Z     └─ migration.sql
Populated Postgres Upgrade	Serialize concurrent weight-trend materialization	2026-10-05T22:45:31.9619357Z   └─ 0038_settings_trust_center/
Populated Postgres Upgrade	Serialize concurrent weight-trend materialization	2026-10-05T22:45:31.9619734Z     └─ migration.sql
Populated Postgres Upgrade	Serialize concurrent weight-trend materialization	2026-10-05T22:45:31.9620076Z   └─ 0039_mcp_oauth/
Populated Postgres Upgrade	Serialize concurrent weight-trend materialization	2026-10-05T22:45:31.9620385Z     └─ migration.sql
Populated Postgres Upgrade	Serialize concurrent weight-trend materialization	2026-10-05T22:45:31.9620758Z   └─ 0040_ios_native_support/
Populated Postgres Upgrade	Serialize concurrent weight-trend materialization	2026-10-05T22:45:31.9621092Z     └─ migration.sql
Populated Postgres Upgrade	Serialize concurrent weight-trend materialization	2026-10-05T22:45:31.9621430Z   └─ 0041_server_settings/
Populated Postgres Upgrade	Serialize concurrent weight-trend materialization	2026-10-05T22:45:31.9621791Z     └─ migration.sql
Populated Postgres Upgrade	Serialize concurrent weight-trend materialization	2026-10-05T22:45:31.9622246Z   └─ 0043_food_day_comparison/
Populated Postgres Upgrade	Serialize concurrent weight-trend materialization	2026-10-05T22:45:31.9623019Z     └─ migration.sql
Populated Postgres Upgrade	Serialize concurrent weight-trend materialization	2026-10-05T22:45:31.9623542Z   └─ 0045_firebase_identity_foundation/
Populated Postgres Upgrade	Serialize concurrent weight-trend materialization	2026-10-05T22:45:31.9624311Z     └─ migration.sql
Populated Postgres Upgrade	Serialize concurrent weight-trend materialization	2026-10-05T22:45:31.9624567Z 
Populated Postgres Upgrade	Serialize concurrent weight-trend materialization	2026-10-05T22:45:31.9624904Z All migrations have been successfully applied.
Populated Postgres Upgrade	Serialize concurrent weight-trend materialization	2026-10-05T22:45:33.2836990Z [weight-trend-concurrency-smoke] PASS: two same-user recomputations queued on the advisory lock and produced one 12-row source revision.
Populated Postgres Upgrade	Post Setup Node	﻿2026-10-05T22:45:33.4621352Z Post job cleanup.
Populated Postgres Upgrade	Post Setup Node	2026-10-05T22:45:33.5773634Z (node:3184) [DEP0040] DeprecationWarning: The `punycode` module is deprecated. Please use a userland alternative instead.
Populated Postgres Upgrade	Post Setup Node	2026-10-05T22:45:33.5775076Z (Use `node --trace-deprecation ...` to show where the warning was created)
Populated Postgres Upgrade	Post Setup Node	2026-10-05T22:45:33.5776846Z Cache hit occurred on the primary key node-cache-Linux-x64-npm-9ad1fc3d02200f097d647c965e5a2c426e45ead6e22fb282009302d8eeb7a3d3, not saving cache.
Populated Postgres Upgrade	Post Checkout	﻿2026-10-05T22:45:33.5896708Z Post job cleanup.
Populated Postgres Upgrade	Post Checkout	2026-10-05T22:45:33.6702670Z [command]/usr/bin/git version
Populated Postgres Upgrade	Post Checkout	2026-10-05T22:45:33.6741611Z git version 2.55.0
Populated Postgres Upgrade	Post Checkout	2026-10-05T22:45:33.6776904Z Temporarily overriding HOME='/home/runner/work/_temp/6eea3ada-a0b4-461a-86ca-26ee276bf1f7' before making global git config changes
Populated Postgres Upgrade	Post Checkout	2026-10-05T22:45:33.6778532Z Adding repository directory to the temporary git global config as a safe directory
Populated Postgres Upgrade	Post Checkout	2026-10-05T22:45:33.6782270Z [command]/usr/bin/git config --global --add safe.directory /home/runner/work/calibrate-health/calibrate-health
Populated Postgres Upgrade	Post Checkout	2026-10-05T22:45:33.6818526Z [command]/usr/bin/git config --local --name-only --get-regexp core\.sshCommand
Populated Postgres Upgrade	Post Checkout	2026-10-05T22:45:33.6851822Z [command]/usr/bin/git submodule foreach --recursive sh -c "git config --local --name-only --get-regexp 'core\.sshCommand' && git config --local --unset-all 'core.sshCommand' || :"
Populated Postgres Upgrade	Post Checkout	2026-10-05T22:45:33.7085098Z [command]/usr/bin/git config --local --name-only --get-regexp http\.https\:\/\/github\.com\/\.extraheader
Populated Postgres Upgrade	Post Checkout	2026-10-05T22:45:33.7113257Z http.https://github.com/.extraheader
Populated Postgres Upgrade	Post Checkout	2026-10-05T22:45:33.7123680Z [command]/usr/bin/git config --local --unset-all http.https://github.com/.extraheader
Populated Postgres Upgrade	Post Checkout	2026-10-05T22:45:33.7159574Z [command]/usr/bin/git submodule foreach --recursive sh -c "git config --local --name-only --get-regexp 'http\.https\:\/\/github\.com\/\.extraheader' && git config --local --unset-all 'http.https://github.com/.extraheader' || :"
Populated Postgres Upgrade	Post Checkout	2026-10-05T22:45:33.7380662Z [command]/usr/bin/git config --local --name-only --get-regexp ^includeIf\.gitdir:
Populated Postgres Upgrade	Post Checkout	2026-10-05T22:45:33.7413075Z [command]/usr/bin/git submodule foreach --recursive git config --local --show-origin --name-only --get-regexp remote.origin.url
Populated Postgres Upgrade	Stop containers	﻿2026-10-05T22:45:33.7905971Z Print service container logs: e672ac8aad2d493a85a40ac1e197fcf5_postgres15alpine_2b9d49
Populated Postgres Upgrade	Stop containers	2026-10-05T22:45:33.7912428Z ##[command]/usr/bin/docker logs --details 76360ab95f2428143b8a847e37e2cccd8b9007e8ecd667d0d4094b5a41345a42
Populated Postgres Upgrade	Stop containers	2026-10-05T22:45:33.8050726Z  sh: locale: not found
Populated Postgres Upgrade	Stop containers	2026-10-05T22:45:33.8051350Z  2026-10-05 22:45:08.006 UTC [35] WARNING:  no usable system locales were found
Populated Postgres Upgrade	Stop containers	2026-10-05T22:45:33.8052193Z  initdb: warning: enabling "trust" authentication for local connections
Populated Postgres Upgrade	Stop containers	2026-10-05T22:45:33.8053132Z  initdb: hint: You can change this by editing pg_hba.conf or using the option -A, or --auth-local and --auth-host, the next time you run initdb.
Populated Postgres Upgrade	Stop containers	2026-10-05T22:45:33.8053886Z  The files belonging to this database system will be owned by user "postgres".
Populated Postgres Upgrade	Stop containers	2026-10-05T22:45:33.8054650Z  2026-10-05 22:45:09.109 UTC [1] LOG:  starting PostgreSQL 15.19 on x86_64-pc-linux-musl, compiled by gcc (Alpine 15.2.0) 15.2.0, 64-bit
Populated Postgres Upgrade	Stop containers	2026-10-05T22:45:33.8055336Z  2026-10-05 22:45:09.109 UTC [1] LOG:  listening on IPv4 address "0.0.0.0", port 5432
Populated Postgres Upgrade	Stop containers	2026-10-05T22:45:33.8055951Z  2026-10-05 22:45:09.109 UTC [1] LOG:  listening on IPv6 address "::", port 5432
Populated Postgres Upgrade	Stop containers	2026-10-05T22:45:33.8056534Z  2026-10-05 22:45:09.111 UTC [1] LOG:  listening on Unix socket "/var/run/postgresql/.s.PGSQL.5432"
Populated Postgres Upgrade	Stop containers	2026-10-05T22:45:33.8057384Z  2026-10-05 22:45:09.113 UTC [57] LOG:  database system was shut down at 2026-10-05 22:45:09 UTC
Populated Postgres Upgrade	Stop containers	2026-10-05T22:45:33.8057956Z  2026-10-05 22:45:09.117 UTC [1] LOG:  database system is ready to accept connections
Populated Postgres Upgrade	Stop containers	2026-10-05T22:45:33.8058469Z  2026-10-05 22:45:29.730 UTC [124] ERROR:  Firebase identity mapping is immutable
Populated Postgres Upgrade	Stop containers	2026-10-05T22:45:33.8059238Z  2026-10-05 22:45:29.730 UTC [124] CONTEXT:  PL/pgSQL function calibrate_upgrade_smoke_2978_0127884dda2a.calibrate_immutable_firebase_identity() line 15 at RAISE
Populated Postgres Upgrade	Stop containers	2026-10-05T22:45:33.8060201Z  2026-10-05 22:45:29.730 UTC [124] STATEMENT:  UPDATE "calibrate_upgrade_smoke_2978_0127884dda2a"."FirebaseIdentity" SET "uid" = 'changed-uid' WHERE "user_id" = $1
Populated Postgres Upgrade	Stop containers	2026-10-05T22:45:33.8061061Z  2026-10-05 22:45:29.731 UTC [124] ERROR:  Firebase identity mapping cannot be removed from a live account
Populated Postgres Upgrade	Stop containers	2026-10-05T22:45:33.8061897Z  2026-10-05 22:45:29.731 UTC [124] CONTEXT:  PL/pgSQL function calibrate_upgrade_smoke_2978_0127884dda2a.calibrate_immutable_firebase_identity() line 8 at RAISE
Populated Postgres Upgrade	Stop containers	2026-10-05T22:45:33.8063179Z  2026-10-05 22:45:29.731 UTC [124] STATEMENT:  DELETE FROM "calibrate_upgrade_smoke_2978_0127884dda2a"."FirebaseIdentity" WHERE "user_id" = $1
Populated Postgres Upgrade	Stop containers	2026-10-05T22:45:33.8064261Z  2026-10-05 22:45:29.733 UTC [124] ERROR:  duplicate key value violates unique constraint "FirebaseIdentity_project_id_uid_key"
Populated Postgres Upgrade	Stop containers	2026-10-05T22:45:33.8065055Z  2026-10-05 22:45:29.733 UTC [124] DETAIL:  Key (project_id, uid)=(synthetic-project, synthetic-uid) already exists.
Populated Postgres Upgrade	Stop containers	2026-10-05T22:45:33.8065974Z  2026-10-05 22:45:29.733 UTC [124] STATEMENT:  INSERT INTO "calibrate_upgrade_smoke_2978_0127884dda2a"."FirebaseIdentity" ("user_id", "installation_id", "source_id", "project_id", "uid")
Populated Postgres Upgrade	Stop containers	2026-10-05T22:45:33.8066867Z  	      VALUES ($1, 'synthetic-install', 'synthetic-source', 'synthetic-project', 'synthetic-uid')
Populated Postgres Upgrade	Stop containers	2026-10-05T22:45:33.8067475Z  2026-10-05 22:45:29.748 UTC [124] ERROR:  Credential security version cannot decrease
Populated Postgres Upgrade	Stop containers	2026-10-05T22:45:33.8068277Z  2026-10-05 22:45:29.748 UTC [124] CONTEXT:  PL/pgSQL function calibrate_upgrade_smoke_2978_0127884dda2a.calibrate_credential_security_version() line 4 at RAISE
Populated Postgres Upgrade	Stop containers	2026-10-05T22:45:33.8069650Z  2026-10-05 22:45:29.748 UTC [124] STATEMENT:  UPDATE "calibrate_upgrade_smoke_2978_0127884dda2a"."User" SET "credential_security_version" = 0 WHERE "id" = $1
Populated Postgres Upgrade	Stop containers	2026-10-05T22:45:33.8070597Z  2026-10-05 22:45:33.201 UTC [154] ERROR:  duplicate key value violates unique constraint "BodyMetricTrend_pkey"
Populated Postgres Upgrade	Stop containers	2026-10-05T22:45:33.8071254Z  2026-10-05 22:45:33.201 UTC [154] DETAIL:  Key (metric_id)=(1700000000) already exists.
Populated Postgres Upgrade	Stop containers	2026-10-05T22:45:33.8074130Z  2026-10-05 22:45:33.201 UTC [154] STATEMENT:  INSERT INTO "calibrate_upgrade_smoke_weight_trend_3108_14e349fc7379"."BodyMetricTrend" ("metric_id","user_id","date","trend_weight_grams","trend_ci_lower_grams","trend_ci_upper_grams","trend_std_grams","trend_rate_grams_per_day","trend_rate_std_grams_per_day","model_version","source_revision","computed_at") VALUES ($1,$2,$3,$4,$5,$6,$7,$8,$9,$10,$11,$12), ($13,$14,$15,$16,$17,$18,$19,$20,$21,$22,$23,$24), ($25,$26,$27,$28,$29,$30,$31,$32,$33,$34,$35,$36), ($37,$38,$39,$40,$41,$42,$43,$44,$45,$46,$47,$48), ($49,$50,$51,$52,$53,$54,$55,$56,$57,$58,$59,$60), ($61,$62,$63,$64,$65,$66,$67,$68,$69,$70,$71,$72), ($73,$74,$75,$76,$77,$78,$79,$80,$81,$82,$83,$84), ($85,$86,$87,$88,$89,$90,$91,$92,$93,$94,$95,$96), ($97,$98,$99,$100,$101,$102,$103,$104,$105,$106,$107,$108), ($109,$110,$111,$112,$113,$114,$115,$116,$117,$118,$119,$120), ($121,$122,$123,$124,$125,$126,$127,$128,$129,$130,$131,$132), ($133,$134,$135,$136,$137,$138,$139,$140,$141,$142,$143,$144)
Populated Postgres Upgrade	Stop containers	2026-10-05T22:45:33.8076616Z  This user must also own the server process.
Populated Postgres Upgrade	Stop containers	2026-10-05T22:45:33.8076979Z  
Populated Postgres Upgrade	Stop containers	2026-10-05T22:45:33.8077331Z  The database cluster will be initialized with locale "en_US.utf8".
Populated Postgres Upgrade	Stop containers	2026-10-05T22:45:33.8077899Z  The default database encoding has accordingly been set to "UTF8".
Populated Postgres Upgrade	Stop containers	2026-10-05T22:45:33.8078413Z  The default text search configuration will be set to "english".
Populated Postgres Upgrade	Stop containers	2026-10-05T22:45:33.8078915Z  
Populated Postgres Upgrade	Stop containers	2026-10-05T22:45:33.8079236Z  Data page checksums are disabled.
Populated Postgres Upgrade	Stop containers	2026-10-05T22:45:33.8079567Z  
Populated Postgres Upgrade	Stop containers	2026-10-05T22:45:33.8079950Z  fixing permissions on existing directory /var/lib/postgresql/data ... ok
Populated Postgres Upgrade	Stop containers	2026-10-05T22:45:33.8080452Z  creating subdirectories ... ok
Populated Postgres Upgrade	Stop containers	2026-10-05T22:45:33.8080877Z  selecting dynamic shared memory implementation ... posix
Populated Postgres Upgrade	Stop containers	2026-10-05T22:45:33.8081291Z  selecting default max_connections ... 100
Populated Postgres Upgrade	Stop containers	2026-10-05T22:45:33.8081721Z  selecting default shared_buffers ... 128MB
Populated Postgres Upgrade	Stop containers	2026-10-05T22:45:33.8082117Z  selecting default time zone ... UTC
Populated Postgres Upgrade	Stop containers	2026-10-05T22:45:33.8082600Z  creating configuration files ... ok
Populated Postgres Upgrade	Stop containers	2026-10-05T22:45:33.8083019Z  running bootstrap script ... ok
Populated Postgres Upgrade	Stop containers	2026-10-05T22:45:33.8083398Z  performing post-bootstrap initialization ... ok
Populated Postgres Upgrade	Stop containers	2026-10-05T22:45:33.8083799Z  syncing data to disk ... ok
Populated Postgres Upgrade	Stop containers	2026-10-05T22:45:33.8084137Z  
Populated Postgres Upgrade	Stop containers	2026-10-05T22:45:33.8084427Z  
Populated Postgres Upgrade	Stop containers	2026-10-05T22:45:33.8084754Z  Success. You can now start the database server using:
Populated Postgres Upgrade	Stop containers	2026-10-05T22:45:33.8085125Z  
Populated Postgres Upgrade	Stop containers	2026-10-05T22:45:33.8085509Z      pg_ctl -D /var/lib/postgresql/data -l logfile start
Populated Postgres Upgrade	Stop containers	2026-10-05T22:45:33.8085917Z  
Populated Postgres Upgrade	Stop containers	2026-10-05T22:45:33.8086539Z  waiting for server to start....2026-10-05 22:45:08.759 UTC [41] LOG:  starting PostgreSQL 15.19 on x86_64-pc-linux-musl, compiled by gcc (Alpine 15.2.0) 15.2.0, 64-bit
Populated Postgres Upgrade	Stop containers	2026-10-05T22:45:33.8087405Z  2026-10-05 22:45:08.760 UTC [41] LOG:  listening on Unix socket "/var/run/postgresql/.s.PGSQL.5432"
Populated Postgres Upgrade	Stop containers	2026-10-05T22:45:33.8088028Z  2026-10-05 22:45:08.762 UTC [44] LOG:  database system was shut down at 2026-10-05 22:45:08 UTC
Populated Postgres Upgrade	Stop containers	2026-10-05T22:45:33.8088630Z  2026-10-05 22:45:08.766 UTC [41] LOG:  database system is ready to accept connections
Populated Postgres Upgrade	Stop containers	2026-10-05T22:45:33.8089144Z   done
Populated Postgres Upgrade	Stop containers	2026-10-05T22:45:33.8089438Z  server started
Populated Postgres Upgrade	Stop containers	2026-10-05T22:45:33.8089732Z  CREATE DATABASE
Populated Postgres Upgrade	Stop containers	2026-10-05T22:45:33.8090075Z  
Populated Postgres Upgrade	Stop containers	2026-10-05T22:45:33.8090362Z  
Populated Postgres Upgrade	Stop containers	2026-10-05T22:45:33.8090760Z  /usr/local/bin/docker-entrypoint.sh: ignoring /docker-entrypoint-initdb.d/*
Populated Postgres Upgrade	Stop containers	2026-10-05T22:45:33.8091291Z  
Populated Postgres Upgrade	Stop containers	2026-10-05T22:45:33.8091720Z  waiting for server to shut down....2026-10-05 22:45:08.891 UTC [41] LOG:  received fast shutdown request
Populated Postgres Upgrade	Stop containers	2026-10-05T22:45:33.8092428Z  2026-10-05 22:45:08.892 UTC [41] LOG:  aborting any active transactions
Populated Postgres Upgrade	Stop containers	2026-10-05T22:45:33.8093194Z  2026-10-05 22:45:08.896 UTC [41] LOG:  background worker "logical replication launcher" (PID 47) exited with exit code 1
Populated Postgres Upgrade	Stop containers	2026-10-05T22:45:33.8093746Z  2026-10-05 22:45:08.896 UTC [42] LOG:  shutting down
Populated Postgres Upgrade	Stop containers	2026-10-05T22:45:33.8094229Z  2026-10-05 22:45:08.896 UTC [42] LOG:  checkpoint starting: shutdown immediate
Populated Postgres Upgrade	Stop containers	2026-10-05T22:45:33.8095257Z  2026-10-05 22:45:09.002 UTC [42] LOG:  checkpoint complete: wrote 922 buffers (5.6%); 0 WAL file(s) added, 0 removed, 0 recycled; write=0.063 s, sync=0.041 s, total=0.107 s; sync files=301, longest=0.031 s, average=0.001 s; distance=4249 kB, estimate=4249 kB
Populated Postgres Upgrade	Stop containers	2026-10-05T22:45:33.8096349Z  2026-10-05 22:45:09.007 UTC [41] LOG:  database system is shut down
Populated Postgres Upgrade	Stop containers	2026-10-05T22:45:33.8096739Z   done
Populated Postgres Upgrade	Stop containers	2026-10-05T22:45:33.8097057Z  server stopped
Populated Postgres Upgrade	Stop containers	2026-10-05T22:45:33.8097354Z  
Populated Postgres Upgrade	Stop containers	2026-10-05T22:45:33.8097674Z  PostgreSQL init process complete; ready for start up.
Populated Postgres Upgrade	Stop containers	2026-10-05T22:45:33.8098117Z  
Populated Postgres Upgrade	Stop containers	2026-10-05T22:45:33.8103468Z Stop and remove container: e672ac8aad2d493a85a40ac1e197fcf5_postgres15alpine_2b9d49
Populated Postgres Upgrade	Stop containers	2026-10-05T22:45:33.8107841Z ##[command]/usr/bin/docker rm --force 76360ab95f2428143b8a847e37e2cccd8b9007e8ecd667d0d4094b5a41345a42
Populated Postgres Upgrade	Stop containers	2026-10-05T22:45:38.5567968Z 76360ab95f2428143b8a847e37e2cccd8b9007e8ecd667d0d4094b5a41345a42
Populated Postgres Upgrade	Stop containers	2026-10-05T22:45:38.5592757Z Remove container network: github_network_58aaa753612c4bc8bd55891db48cf08f
Populated Postgres Upgrade	Stop containers	2026-10-05T22:45:38.5597203Z ##[command]/usr/bin/docker network rm github_network_58aaa753612c4bc8bd55891db48cf08f
Populated Postgres Upgrade	Stop containers	2026-10-05T22:45:38.6724136Z github_network_58aaa753612c4bc8bd55891db48cf08f
Populated Postgres Upgrade	Complete job	﻿2026-10-05T22:45:38.6798001Z Cleaning up orphan processes
Populated Postgres Upgrade	Complete job	2026-10-05T22:45:38.7048459Z ##[warning]Node.js 20 is deprecated. The following actions target Node.js 20 but are being forced to run on Node.js 24: actions/checkout@v4, actions/setup-node@v4. For more information see: https://github.blog/changelog/2025-09-19-deprecation-of-node-20-on-github-actions-runners/
