Classify Database Inputs	Set up job	﻿2026-10-05T22:52:56.4844615Z Current runner version: '2.337.0'
Classify Database Inputs	Set up job	2026-10-05T22:52:56.4870988Z ##[group]Runner Image Provisioner
Classify Database Inputs	Set up job	2026-10-05T22:52:56.4871852Z Hosted Compute Agent
Classify Database Inputs	Set up job	2026-10-05T22:52:56.4872578Z Version: 20260901.588
Classify Database Inputs	Set up job	2026-10-05T22:52:56.4873460Z Commit: f88ec8081b781fac6c440065ac7ff9e710ce3d0b
Classify Database Inputs	Set up job	2026-10-05T22:52:56.4874230Z Build Date: 2026-09-01T19:56:44Z
Classify Database Inputs	Set up job	2026-10-05T22:52:56.4874997Z Worker ID: {41704996-e9f4-4688-ad6a-0f10a07b0ebc}
Classify Database Inputs	Set up job	2026-10-05T22:52:56.4875743Z Azure Region: eastus2
Classify Database Inputs	Set up job	2026-10-05T22:52:56.4876401Z ##[endgroup]
Classify Database Inputs	Set up job	2026-10-05T22:52:56.4877876Z ##[group]Operating System
Classify Database Inputs	Set up job	2026-10-05T22:52:56.4878564Z Ubuntu
Classify Database Inputs	Set up job	2026-10-05T22:52:56.4879181Z 24.04.5
Classify Database Inputs	Set up job	2026-10-05T22:52:56.4879723Z LTS
Classify Database Inputs	Set up job	2026-10-05T22:52:56.4880310Z ##[endgroup]
Classify Database Inputs	Set up job	2026-10-05T22:52:56.4880889Z ##[group]Runner Image
Classify Database Inputs	Set up job	2026-10-05T22:52:56.4881498Z Image: ubuntu-24.04
Classify Database Inputs	Set up job	2026-10-05T22:52:56.4882126Z Version: 20260927.320.1
Classify Database Inputs	Set up job	2026-10-05T22:52:56.4883594Z Included Software: https://github.com/actions/runner-images/blob/ubuntu24/20260927.320/images/ubuntu/Ubuntu2404-Readme.md
Classify Database Inputs	Set up job	2026-10-05T22:52:56.4885587Z Image Release: https://github.com/actions/runner-images/releases/tag/ubuntu24%2F20260927.320
Classify Database Inputs	Set up job	2026-10-05T22:52:56.4886566Z ##[endgroup]
Classify Database Inputs	Set up job	2026-10-05T22:52:56.4887902Z ##[group]GITHUB_TOKEN Permissions
Classify Database Inputs	Set up job	2026-10-05T22:52:56.4890069Z Contents: read
Classify Database Inputs	Set up job	2026-10-05T22:52:56.4890789Z Metadata: read
Classify Database Inputs	Set up job	2026-10-05T22:52:56.4891367Z PullRequests: read
Classify Database Inputs	Set up job	2026-10-05T22:52:56.4891971Z ##[endgroup]
Classify Database Inputs	Set up job	2026-10-05T22:52:56.4894278Z Secret source: Actions
Classify Database Inputs	Set up job	2026-10-05T22:52:56.4895417Z Cache mode: write
Classify Database Inputs	Set up job	2026-10-05T22:52:56.4896443Z Prepare workflow directory
Classify Database Inputs	Set up job	2026-10-05T22:52:56.5229208Z Prepare all required actions
Classify Database Inputs	Set up job	2026-10-05T22:52:56.5277046Z Getting action download info
Classify Database Inputs	Set up job	2026-10-05T22:52:56.7481293Z Download action repository 'dorny/paths-filter@v3' (SHA:0e4a8c6effa4802afeda77dc8d303f8176d7dfad)
Classify Database Inputs	Set up job	2026-10-05T22:52:57.0754617Z Complete job name: Classify Database Inputs
Classify Database Inputs	Detect affected database surfaces	﻿2026-10-05T22:52:57.1496260Z ##[group]Run dorny/paths-filter@v3
Classify Database Inputs	Detect affected database surfaces	2026-10-05T22:52:57.1497159Z with:
Classify Database Inputs	Detect affected database surfaces	2026-10-05T22:52:57.1501155Z   filters: database:
Classify Database Inputs	Detect affected database surfaces	  - '.github/workflows/database-upgrade.yml'
Classify Database Inputs	Detect affected database surfaces	  - 'backend/package.json'
Classify Database Inputs	Detect affected database surfaces	  - 'backend/package-lock.json'
Classify Database Inputs	Detect affected database surfaces	  - 'backend/prisma.config.ts'
Classify Database Inputs	Detect affected database surfaces	  - 'backend/prisma/**'
Classify Database Inputs	Detect affected database surfaces	  - 'backend/src/config/database.ts'
Classify Database Inputs	Detect affected database surfaces	  - 'backend/src/config/databaseUtils.ts'
Classify Database Inputs	Detect affected database surfaces	  - 'backend/src/observability.ts'
Classify Database Inputs	Detect affected database surfaces	  - 'backend/src/services/materializedWeightTrend.ts'
Classify Database Inputs	Detect affected database surfaces	  - 'backend/src/services/weightTrend*.ts'
Classify Database Inputs	Detect affected database surfaces	  - 'backend/src/utils/date.ts'
Classify Database Inputs	Detect affected database surfaces	  - 'backend/tsconfig.json'
Classify Database Inputs	Detect affected database surfaces	  - 'deploy/backup/**'
Classify Database Inputs	Detect affected database surfaces	  - 'scripts/postgres-*.mjs'
Classify Database Inputs	Detect affected database surfaces	  - 'shared/weightTrend*.ts'
Classify Database Inputs	Detect affected database surfaces	migrations:
Classify Database Inputs	Detect affected database surfaces	  - '.github/workflows/database-upgrade.yml'
Classify Database Inputs	Detect affected database surfaces	  - 'backend/prisma/migrations/**'
Classify Database Inputs	Detect affected database surfaces	  - 'scripts/postgres-rollback-smoke.mjs'
Classify Database Inputs	Detect affected database surfaces	  - 'scripts/postgres-rollback-smoke.test.mjs'
Classify Database Inputs	Detect affected database surfaces	
Classify Database Inputs	Detect affected database surfaces	2026-10-05T22:52:57.1509525Z   token: ***
Classify Database Inputs	Detect affected database surfaces	2026-10-05T22:52:57.1510014Z   list-files: none
Classify Database Inputs	Detect affected database surfaces	2026-10-05T22:52:57.1510505Z   initial-fetch-depth: 100
Classify Database Inputs	Detect affected database surfaces	2026-10-05T22:52:57.1511034Z   predicate-quantifier: some
Classify Database Inputs	Detect affected database surfaces	2026-10-05T22:52:57.1511916Z ##[endgroup]
Classify Database Inputs	Detect affected database surfaces	2026-10-05T22:52:57.2472835Z ##[group]Fetching list of changed files for PR#423 from Github API
Classify Database Inputs	Detect affected database surfaces	2026-10-05T22:52:57.2474153Z Invoking listFiles(pull_number: 423, per_page: 100)
Classify Database Inputs	Detect affected database surfaces	2026-10-05T22:52:57.6268856Z Received 96 items
Classify Database Inputs	Detect affected database surfaces	2026-10-05T22:52:57.6270635Z [added] backend/prisma/migrations/0045_firebase_identity_foundation/migration.sql
Classify Database Inputs	Detect affected database surfaces	2026-10-05T22:52:57.6272368Z [modified] backend/prisma/schema.prisma
Classify Database Inputs	Detect affected database surfaces	2026-10-05T22:52:57.6273896Z [added] backend/scripts/firebase-migration-plan.js
Classify Database Inputs	Detect affected database surfaces	2026-10-05T22:52:57.6275251Z [added] backend/scripts/lib/credentialProvider.ts
Classify Database Inputs	Detect affected database surfaces	2026-10-05T22:52:57.6276612Z [added] backend/scripts/lib/firebaseMigration.ts
Classify Database Inputs	Detect affected database surfaces	2026-10-05T22:52:57.6277956Z [added] backend/scripts/lib/migrationJournal.ts
Classify Database Inputs	Detect affected database surfaces	2026-10-05T22:52:57.6279321Z [added] backend/src/config/credentialProvider.ts
Classify Database Inputs	Detect affected database surfaces	2026-10-05T22:52:57.6280791Z [modified] backend/src/index.ts
Classify Database Inputs	Detect affected database surfaces	2026-10-05T22:52:57.6282045Z [modified] backend/src/services/mcpOAuth.ts
Classify Database Inputs	Detect affected database surfaces	2026-10-05T22:52:57.6283697Z [added] backend/test/config-credential-provider.test.js
Classify Database Inputs	Detect affected database surfaces	2026-10-05T22:52:57.6285212Z [added] backend/test/credential-provider.test.js
Classify Database Inputs	Detect affected database surfaces	2026-10-05T22:52:57.6287124Z [added] backend/test/firebase-migration-cli.test.js
Classify Database Inputs	Detect affected database surfaces	2026-10-05T22:52:57.6288496Z [added] backend/test/firebase-migration.test.js
Classify Database Inputs	Detect affected database surfaces	2026-10-05T22:52:57.6289848Z [modified] backend/test/mcp-oauth.test.js
Classify Database Inputs	Detect affected database surfaces	2026-10-05T22:52:57.6291232Z [added] backend/test/migration-journal.test.js
Classify Database Inputs	Detect affected database surfaces	2026-10-05T22:52:57.6292742Z [added] docs/firebase-migration-preparation.md
Classify Database Inputs	Detect affected database surfaces	2026-10-05T22:52:57.6296584Z [modified] e2e/expo-web/launch-19-hosted-pwa-trust.spec.ts
Classify Database Inputs	Detect affected database surfaces	2026-10-05T22:52:57.6298302Z [added] e2e/expo-web/offline-workspace.spec.ts
Classify Database Inputs	Detect affected database surfaces	2026-10-05T22:52:57.6299801Z [modified] e2e/expo-web/release-smoke.spec.ts
Classify Database Inputs	Detect affected database surfaces	2026-10-05T22:52:57.6301325Z [modified] mobile/app/(tabs)/(progress)/progress.tsx
Classify Database Inputs	Detect affected database surfaces	2026-10-05T22:52:57.6302819Z [modified] mobile/app/(tabs)/(today)/today.tsx
Classify Database Inputs	Detect affected database surfaces	2026-10-05T22:52:57.6304420Z [modified] mobile/app/_layout.tsx
Classify Database Inputs	Detect affected database surfaces	2026-10-05T22:52:57.6305563Z [modified] mobile/app/_layout.web.tsx
Classify Database Inputs	Detect affected database surfaces	2026-10-05T22:52:57.6306740Z [modified] mobile/public/sw.js
Classify Database Inputs	Detect affected database surfaces	2026-10-05T22:52:57.6308141Z [modified] mobile/src/auth/AuthContext.test.tsx
Classify Database Inputs	Detect affected database surfaces	2026-10-05T22:52:57.6309564Z [modified] mobile/src/auth/AuthContext.tsx
Classify Database Inputs	Detect affected database surfaces	2026-10-05T22:52:57.6311094Z [modified] mobile/src/auth/AuthContext.web.test.tsx
Classify Database Inputs	Detect affected database surfaces	2026-10-05T22:52:57.6312437Z [modified] mobile/src/auth/AuthContext.web.tsx
Classify Database Inputs	Detect affected database surfaces	2026-10-05T22:52:57.6314015Z [modified] mobile/src/auth/apiClientAuth.test.ts
Classify Database Inputs	Detect affected database surfaces	2026-10-05T22:52:57.6315277Z [added] mobile/src/auth/logoutIntent.ts
Classify Database Inputs	Detect affected database surfaces	2026-10-05T22:52:57.6316461Z [added] mobile/src/auth/logoutIntent.web.ts
Classify Database Inputs	Detect affected database surfaces	2026-10-05T22:52:57.6317691Z [added] mobile/src/auth/logoutIntentStore.test.ts
Classify Database Inputs	Detect affected database surfaces	2026-10-05T22:52:57.6319028Z [added] mobile/src/auth/logoutIntentStore.ts
Classify Database Inputs	Detect affected database surfaces	2026-10-05T22:52:57.6320288Z [added] mobile/src/auth/offlineWorkspace.test.ts
Classify Database Inputs	Detect affected database surfaces	2026-10-05T22:52:57.6321551Z [added] mobile/src/auth/offlineWorkspace.ts
Classify Database Inputs	Detect affected database surfaces	2026-10-05T22:52:57.6322717Z [added] mobile/src/auth/storage.test.ts
Classify Database Inputs	Detect affected database surfaces	2026-10-05T22:52:57.6324041Z [modified] mobile/src/auth/storage.ts
Classify Database Inputs	Detect affected database surfaces	2026-10-05T22:52:57.6325694Z [added] mobile/src/auth/usePendingLogoutRetry.ts
Classify Database Inputs	Detect affected database surfaces	2026-10-05T22:52:57.6327049Z [modified] mobile/src/barcode/BarcodeScreen.tsx
Classify Database Inputs	Detect affected database surfaces	2026-10-05T22:52:57.6328482Z [modified] mobile/src/components/AddFoodSheet.test.tsx
Classify Database Inputs	Detect affected database surfaces	2026-10-05T22:52:57.6330005Z [modified] mobile/src/components/AddFoodSheet.tsx
Classify Database Inputs	Detect affected database surfaces	2026-10-05T22:52:57.6331668Z [modified] mobile/src/components/FoodTrackingStatus.test.tsx
Classify Database Inputs	Detect affected database surfaces	2026-10-05T22:52:57.6333555Z [modified] mobile/src/components/FoodTrackingStatus.tsx
Classify Database Inputs	Detect affected database surfaces	2026-10-05T22:52:57.6335319Z [modified] mobile/src/components/WeightEntrySheet.test.tsx
Classify Database Inputs	Detect affected database surfaces	2026-10-05T22:52:57.6337115Z [modified] mobile/src/components/WeightEntrySheet.tsx
Classify Database Inputs	Detect affected database surfaces	2026-10-05T22:52:57.6338750Z [modified] mobile/src/food/FoodLogContent.tsx
Classify Database Inputs	Detect affected database surfaces	2026-10-05T22:52:57.6340284Z [modified] mobile/src/food/useFoodDeleteRecovery.ts
Classify Database Inputs	Detect affected database surfaces	2026-10-05T22:52:57.6341973Z [modified] mobile/src/hooks/usePrefetchPreviousFoodLog.ts
Classify Database Inputs	Detect affected database surfaces	2026-10-05T22:52:57.6343883Z [added] mobile/src/offline/FailedChangeRecoveryPanel.tsx
Classify Database Inputs	Detect affected database surfaces	2026-10-05T22:52:57.6345517Z [added] mobile/src/offline/OfflineWorkspaceStatus.tsx
Classify Database Inputs	Detect affected database surfaces	2026-10-05T22:52:57.6347094Z [added] mobile/src/offline/failedCreation.test.ts
Classify Database Inputs	Detect affected database surfaces	2026-10-05T22:52:57.6348510Z [added] mobile/src/offline/failedCreation.ts
Classify Database Inputs	Detect affected database surfaces	2026-10-05T22:52:57.6349865Z [added] mobile/src/offline/failedMutationRecovery.test.ts
Classify Database Inputs	Detect affected database surfaces	2026-10-05T22:52:57.6351280Z [added] mobile/src/offline/failedMutationRecovery.ts
Classify Database Inputs	Detect affected database surfaces	2026-10-05T22:52:57.6352562Z [added] mobile/src/offline/foodDayIntent.ts
Classify Database Inputs	Detect affected database surfaces	2026-10-05T22:52:57.6354023Z [added] mobile/src/offline/foodDayIntent.web.test.ts
Classify Database Inputs	Detect affected database surfaces	2026-10-05T22:52:57.6355367Z [added] mobile/src/offline/foodDayReceipts.test.ts
Classify Database Inputs	Detect affected database surfaces	2026-10-05T22:52:57.6356642Z [added] mobile/src/offline/foodDayReceipts.ts
Classify Database Inputs	Detect affected database surfaces	2026-10-05T22:52:57.6357992Z [modified] mobile/src/offline/indexedDbOutbox.web.test.ts
Classify Database Inputs	Detect affected database surfaces	2026-10-05T22:52:57.6359410Z [modified] mobile/src/offline/indexedDbOutbox.web.ts
Classify Database Inputs	Detect affected database surfaces	2026-10-05T22:52:57.6360748Z [added] mobile/src/offline/mutationDispatch.test.ts
Classify Database Inputs	Detect affected database surfaces	2026-10-05T22:52:57.6362042Z [added] mobile/src/offline/mutationDispatch.ts
Classify Database Inputs	Detect affected database surfaces	2026-10-05T22:52:57.6363452Z [added] mobile/src/offline/mutationKinds.ts
Classify Database Inputs	Detect affected database surfaces	2026-10-05T22:52:57.6364727Z [added] mobile/src/offline/mutationLock.ts
Classify Database Inputs	Detect affected database surfaces	2026-10-05T22:52:57.6366325Z [added] mobile/src/offline/mutationLock.web.test.ts
Classify Database Inputs	Detect affected database surfaces	2026-10-05T22:52:57.6367659Z [added] mobile/src/offline/mutationLock.web.ts
Classify Database Inputs	Detect affected database surfaces	2026-10-05T22:52:57.6368912Z [modified] mobile/src/offline/operations.test.ts
Classify Database Inputs	Detect affected database surfaces	2026-10-05T22:52:57.6370186Z [modified] mobile/src/offline/operations.ts
Classify Database Inputs	Detect affected database surfaces	2026-10-05T22:52:57.6371388Z [modified] mobile/src/offline/outbox.test.ts
Classify Database Inputs	Detect affected database surfaces	2026-10-05T22:52:57.6372545Z [modified] mobile/src/offline/outbox.ts
Classify Database Inputs	Detect affected database surfaces	2026-10-05T22:52:57.6374069Z [added] mobile/src/offline/pendingChangePresentation.test.ts
Classify Database Inputs	Detect affected database surfaces	2026-10-05T22:52:57.6375849Z [added] mobile/src/offline/pendingChangePresentation.ts
Classify Database Inputs	Detect affected database surfaces	2026-10-05T22:52:57.6377208Z [modified] mobile/src/offline/provider.test.tsx
Classify Database Inputs	Detect affected database surfaces	2026-10-05T22:52:57.6378372Z [modified] mobile/src/offline/provider.tsx
Classify Database Inputs	Detect affected database surfaces	2026-10-05T22:52:57.6379590Z [modified] mobile/src/offline/provider.web.test.tsx
Classify Database Inputs	Detect affected database surfaces	2026-10-05T22:52:57.6380844Z [modified] mobile/src/offline/provider.web.tsx
Classify Database Inputs	Detect affected database surfaces	2026-10-05T22:52:57.6382086Z [modified] mobile/src/offline/reconciler.test.ts
Classify Database Inputs	Detect affected database surfaces	2026-10-05T22:52:57.6383559Z [modified] mobile/src/offline/reconciler.ts
Classify Database Inputs	Detect affected database surfaces	2026-10-05T22:52:57.6384857Z [added] mobile/src/offline/reconcilerOwnership.web.test.ts
Classify Database Inputs	Detect affected database surfaces	2026-10-05T22:52:57.6386318Z [added] mobile/src/offline/trackingProjection.test.ts
Classify Database Inputs	Detect affected database surfaces	2026-10-05T22:52:57.6387760Z [added] mobile/src/offline/trackingProjection.ts
Classify Database Inputs	Detect affected database surfaces	2026-10-05T22:52:57.6389077Z [added] mobile/src/offline/trackingReceipts.test.ts
Classify Database Inputs	Detect affected database surfaces	2026-10-05T22:52:57.6390385Z [added] mobile/src/offline/trackingReceipts.ts
Classify Database Inputs	Detect affected database surfaces	2026-10-05T22:52:57.6391716Z [added] mobile/src/offline/useOfflineReplayExecutor.ts
Classify Database Inputs	Detect affected database surfaces	2026-10-05T22:52:57.6393290Z [added] mobile/src/offline/useTrackingQueries.test.tsx
Classify Database Inputs	Detect affected database surfaces	2026-10-05T22:52:57.6394620Z [added] mobile/src/offline/useTrackingQueries.ts
Classify Database Inputs	Detect affected database surfaces	2026-10-05T22:52:57.6395941Z [modified] mobile/src/progress/ProgressScreen.test.tsx
Classify Database Inputs	Detect affected database surfaces	2026-10-05T22:52:57.6396991Z [modified] mobile/src/pwa/PwaStatusBanner.web.test.ts
Classify Database Inputs	Detect affected database surfaces	2026-10-05T22:52:57.6398049Z [modified] mobile/src/pwa/PwaStatusBanner.web.tsx
Classify Database Inputs	Detect affected database surfaces	2026-10-05T22:52:57.6399265Z [modified] mobile/src/pwa/serviceWorkerSecurity.test.ts
Classify Database Inputs	Detect affected database surfaces	2026-10-05T22:52:57.6400184Z [modified] packages/api-client/src/client.ts
Classify Database Inputs	Detect affected database surfaces	2026-10-05T22:52:57.6400855Z [modified] scripts/expo-web-release.mjs
Classify Database Inputs	Detect affected database surfaces	2026-10-05T22:52:57.6401510Z [modified] scripts/expo-web-release.test.mjs
Classify Database Inputs	Detect affected database surfaces	2026-10-05T22:52:57.6402253Z [modified] scripts/postgres-populated-upgrade-smoke.mjs
Classify Database Inputs	Detect affected database surfaces	2026-10-05T22:52:57.6403017Z [modified] scripts/postgres-rollback-smoke.mjs
Classify Database Inputs	Detect affected database surfaces	2026-10-05T22:52:57.6405255Z [modified] scripts/postgres-rollback-smoke.test.mjs
Classify Database Inputs	Detect affected database surfaces	2026-10-05T22:52:57.6407419Z ##[endgroup]
Classify Database Inputs	Detect affected database surfaces	2026-10-05T22:52:57.6407943Z Detected 96 changed files
Classify Database Inputs	Detect affected database surfaces	2026-10-05T22:52:57.6408463Z Results:
Classify Database Inputs	Detect affected database surfaces	2026-10-05T22:52:57.6409384Z ##[group]Filter database = true
Classify Database Inputs	Detect affected database surfaces	2026-10-05T22:52:57.6410036Z Matching files:
Classify Database Inputs	Detect affected database surfaces	2026-10-05T22:52:57.6411030Z backend/prisma/migrations/0045_firebase_identity_foundation/migration.sql [added]
Classify Database Inputs	Detect affected database surfaces	2026-10-05T22:52:57.6412496Z backend/prisma/schema.prisma [modified]
Classify Database Inputs	Detect affected database surfaces	2026-10-05T22:52:57.6413562Z scripts/postgres-populated-upgrade-smoke.mjs [modified]
Classify Database Inputs	Detect affected database surfaces	2026-10-05T22:52:57.6415539Z scripts/postgres-rollback-smoke.mjs [modified]
Classify Database Inputs	Detect affected database surfaces	2026-10-05T22:52:57.6416441Z scripts/postgres-rollback-smoke.test.mjs [modified]
Classify Database Inputs	Detect affected database surfaces	2026-10-05T22:52:57.6417497Z ##[endgroup]
Classify Database Inputs	Detect affected database surfaces	2026-10-05T22:52:57.6418278Z ##[group]Filter migrations = true
Classify Database Inputs	Detect affected database surfaces	2026-10-05T22:52:57.6418842Z Matching files:
Classify Database Inputs	Detect affected database surfaces	2026-10-05T22:52:57.6419590Z backend/prisma/migrations/0045_firebase_identity_foundation/migration.sql [added]
Classify Database Inputs	Detect affected database surfaces	2026-10-05T22:52:57.6420517Z scripts/postgres-rollback-smoke.mjs [modified]
Classify Database Inputs	Detect affected database surfaces	2026-10-05T22:52:57.6421242Z scripts/postgres-rollback-smoke.test.mjs [modified]
Classify Database Inputs	Detect affected database surfaces	2026-10-05T22:52:57.6422193Z ##[endgroup]
Classify Database Inputs	Detect affected database surfaces	2026-10-05T22:52:57.6422724Z Changes output set to ["database","migrations"]
Classify Database Inputs	Select database execution	﻿2026-10-05T22:52:57.6631682Z ##[group]Run echo "database=${DATABASE_CHANGED}" >> "${GITHUB_OUTPUT}"
Classify Database Inputs	Select database execution	2026-10-05T22:52:57.6632741Z ^[[36;1mecho "database=${DATABASE_CHANGED}" >> "${GITHUB_OUTPUT}"^[[0m
Classify Database Inputs	Select database execution	2026-10-05T22:52:57.6633991Z ^[[36;1mecho "migrations=${MIGRATIONS_CHANGED}" >> "${GITHUB_OUTPUT}"^[[0m
Classify Database Inputs	Select database execution	2026-10-05T22:52:57.6940733Z shell: /usr/bin/bash --noprofile --norc -e -o pipefail {0}
Classify Database Inputs	Select database execution	2026-10-05T22:52:57.6941864Z env:
Classify Database Inputs	Select database execution	2026-10-05T22:52:57.6942403Z   DATABASE_CHANGED: true
Classify Database Inputs	Select database execution	2026-10-05T22:52:57.6943318Z   MIGRATIONS_CHANGED: true
Classify Database Inputs	Select database execution	2026-10-05T22:52:57.6944027Z ##[endgroup]
Classify Database Inputs	Complete job	﻿2026-10-05T22:52:57.7147416Z Evaluate and set job outputs
Classify Database Inputs	Complete job	2026-10-05T22:52:57.7154240Z Set output 'database'
Classify Database Inputs	Complete job	2026-10-05T22:52:57.7156281Z Set output 'migrations'
Classify Database Inputs	Complete job	2026-10-05T22:52:57.7157914Z Cleaning up orphan processes
Classify Database Inputs	Complete job	2026-10-05T22:52:57.7519070Z ##[warning]Node.js 20 is deprecated. The following actions target Node.js 20 but are being forced to run on Node.js 24: dorny/paths-filter@v3. For more information see: https://github.blog/changelog/2025-09-19-deprecation-of-node-20-on-github-actions-runners/
Populated Postgres Upgrade	Set up job	﻿2026-10-05T22:53:03.0374240Z Current runner version: '2.337.0'
Populated Postgres Upgrade	Set up job	2026-10-05T22:53:03.0396320Z ##[group]Runner Image Provisioner
Populated Postgres Upgrade	Set up job	2026-10-05T22:53:03.0397384Z Hosted Compute Agent
Populated Postgres Upgrade	Set up job	2026-10-05T22:53:03.0398042Z Version: 20260901.588
Populated Postgres Upgrade	Set up job	2026-10-05T22:53:03.0398708Z Commit: f88ec8081b781fac6c440065ac7ff9e710ce3d0b
Populated Postgres Upgrade	Set up job	2026-10-05T22:53:03.0399672Z Build Date: 2026-09-01T19:56:44Z
Populated Postgres Upgrade	Set up job	2026-10-05T22:53:03.0400352Z Worker ID: {2f64dea8-ae7e-4dd9-ac09-d86a214beade}
Populated Postgres Upgrade	Set up job	2026-10-05T22:53:03.0401035Z Azure Region: northcentralus
Populated Postgres Upgrade	Set up job	2026-10-05T22:53:03.0401619Z ##[endgroup]
Populated Postgres Upgrade	Set up job	2026-10-05T22:53:03.0403191Z ##[group]Operating System
Populated Postgres Upgrade	Set up job	2026-10-05T22:53:03.0403781Z Ubuntu
Populated Postgres Upgrade	Set up job	2026-10-05T22:53:03.0404317Z 24.04.5
Populated Postgres Upgrade	Set up job	2026-10-05T22:53:03.0404795Z LTS
Populated Postgres Upgrade	Set up job	2026-10-05T22:53:03.0405288Z ##[endgroup]
Populated Postgres Upgrade	Set up job	2026-10-05T22:53:03.0405932Z ##[group]Runner Image
Populated Postgres Upgrade	Set up job	2026-10-05T22:53:03.0406715Z Image: ubuntu-24.04
Populated Postgres Upgrade	Set up job	2026-10-05T22:53:03.0407529Z Version: 20260927.320.1
Populated Postgres Upgrade	Set up job	2026-10-05T22:53:03.0409071Z Included Software: https://github.com/actions/runner-images/blob/ubuntu24/20260927.320/images/ubuntu/Ubuntu2404-Readme.md
Populated Postgres Upgrade	Set up job	2026-10-05T22:53:03.0411804Z Image Release: https://github.com/actions/runner-images/releases/tag/ubuntu24%2F20260927.320
Populated Postgres Upgrade	Set up job	2026-10-05T22:53:03.0413284Z ##[endgroup]
Populated Postgres Upgrade	Set up job	2026-10-05T22:53:03.0414954Z ##[group]GITHUB_TOKEN Permissions
Populated Postgres Upgrade	Set up job	2026-10-05T22:53:03.0417710Z Contents: read
Populated Postgres Upgrade	Set up job	2026-10-05T22:53:03.0418416Z Metadata: read
Populated Postgres Upgrade	Set up job	2026-10-05T22:53:03.0418941Z ##[endgroup]
Populated Postgres Upgrade	Set up job	2026-10-05T22:53:03.0421599Z Secret source: Actions
Populated Postgres Upgrade	Set up job	2026-10-05T22:53:03.0422533Z Cache mode: write
Populated Postgres Upgrade	Set up job	2026-10-05T22:53:03.0423470Z Prepare workflow directory
Populated Postgres Upgrade	Set up job	2026-10-05T22:53:03.0856153Z Prepare all required actions
Populated Postgres Upgrade	Set up job	2026-10-05T22:53:03.0924799Z Getting action download info
Populated Postgres Upgrade	Set up job	2026-10-05T22:53:03.3380601Z Download action repository 'actions/checkout@v4' (SHA:11d5960a326750d5838078e36cf38b85af677262)
Populated Postgres Upgrade	Set up job	2026-10-05T22:53:03.4883536Z Download action repository 'actions/setup-node@v4' (SHA:49933ea5288caeca8642d1e84afbd3f7d6820020)
Populated Postgres Upgrade	Set up job	2026-10-05T22:53:03.7315024Z Complete job name: Populated Postgres Upgrade
Populated Postgres Upgrade	Initialize containers	﻿2026-10-05T22:53:03.7740935Z ##[group]Checking docker version
Populated Postgres Upgrade	Initialize containers	2026-10-05T22:53:03.7753289Z ##[command]/usr/bin/docker version --format '{{.Server.APIVersion}}'
Populated Postgres Upgrade	Initialize containers	2026-10-05T22:53:03.8596310Z '1.48'
Populated Postgres Upgrade	Initialize containers	2026-10-05T22:53:03.8608094Z Docker daemon API version: '1.48'
Populated Postgres Upgrade	Initialize containers	2026-10-05T22:53:03.8609033Z ##[command]/usr/bin/docker version --format '{{.Client.APIVersion}}'
Populated Postgres Upgrade	Initialize containers	2026-10-05T22:53:03.8767343Z '1.48'
Populated Postgres Upgrade	Initialize containers	2026-10-05T22:53:03.8776010Z Docker client API version: '1.48'
Populated Postgres Upgrade	Initialize containers	2026-10-05T22:53:03.8780895Z ##[endgroup]
Populated Postgres Upgrade	Initialize containers	2026-10-05T22:53:03.8783587Z ##[group]Clean up resources from previous jobs
Populated Postgres Upgrade	Initialize containers	2026-10-05T22:53:03.8788400Z ##[command]/usr/bin/docker ps --all --quiet --no-trunc --filter "label=6a2f7f"
Populated Postgres Upgrade	Initialize containers	2026-10-05T22:53:03.8921756Z ##[command]/usr/bin/docker network prune --force --filter "label=6a2f7f"
Populated Postgres Upgrade	Initialize containers	2026-10-05T22:53:03.9036480Z ##[endgroup]
Populated Postgres Upgrade	Initialize containers	2026-10-05T22:53:03.9037110Z ##[group]Create local container network
Populated Postgres Upgrade	Initialize containers	2026-10-05T22:53:03.9046582Z ##[command]/usr/bin/docker network create --label 6a2f7f github_network_e3beea35096e4ce98befaa6ee6dc3e8b
Populated Postgres Upgrade	Initialize containers	2026-10-05T22:53:03.9548670Z b56ed718b1b5c0d4fa91cf1576678a864bdf7a4382ebfe569aee60b1cec064e2
Populated Postgres Upgrade	Initialize containers	2026-10-05T22:53:03.9561084Z ##[endgroup]
Populated Postgres Upgrade	Initialize containers	2026-10-05T22:53:03.9587742Z ##[group]Starting postgres service container
Populated Postgres Upgrade	Initialize containers	2026-10-05T22:53:03.9608170Z ##[command]/usr/bin/docker pull postgres:15-alpine
Populated Postgres Upgrade	Initialize containers	2026-10-05T22:53:04.4395535Z 15-alpine: Pulling from library/postgres
Populated Postgres Upgrade	Initialize containers	2026-10-05T22:53:04.5655363Z e2de96513ba9: Already exists
Populated Postgres Upgrade	Initialize containers	2026-10-05T22:53:04.5689130Z 2c2e40dd947e: Pulling fs layer
Populated Postgres Upgrade	Initialize containers	2026-10-05T22:53:04.5691144Z 2e9987a42d41: Pulling fs layer
Populated Postgres Upgrade	Initialize containers	2026-10-05T22:53:04.5693174Z 3f49193fd82d: Pulling fs layer
Populated Postgres Upgrade	Initialize containers	2026-10-05T22:53:04.5694338Z bc2205dd5a3a: Pulling fs layer
Populated Postgres Upgrade	Initialize containers	2026-10-05T22:53:04.5695492Z e9516be90840: Pulling fs layer
Populated Postgres Upgrade	Initialize containers	2026-10-05T22:53:04.5696558Z 4f83103187f5: Pulling fs layer
Populated Postgres Upgrade	Initialize containers	2026-10-05T22:53:04.5697646Z c020dab2e853: Pulling fs layer
Populated Postgres Upgrade	Initialize containers	2026-10-05T22:53:04.5698685Z 0976f43b012c: Pulling fs layer
Populated Postgres Upgrade	Initialize containers	2026-10-05T22:53:04.5699965Z 6ba2251a51ae: Pulling fs layer
Populated Postgres Upgrade	Initialize containers	2026-10-05T22:53:04.5701142Z 277e2289225f: Pulling fs layer
Populated Postgres Upgrade	Initialize containers	2026-10-05T22:53:04.5702200Z e9516be90840: Waiting
Populated Postgres Upgrade	Initialize containers	2026-10-05T22:53:04.5703489Z 4f83103187f5: Waiting
Populated Postgres Upgrade	Initialize containers	2026-10-05T22:53:04.5704524Z c020dab2e853: Waiting
Populated Postgres Upgrade	Initialize containers	2026-10-05T22:53:04.5705523Z 0976f43b012c: Waiting
Populated Postgres Upgrade	Initialize containers	2026-10-05T22:53:04.5706484Z 6ba2251a51ae: Waiting
Populated Postgres Upgrade	Initialize containers	2026-10-05T22:53:04.5707449Z 277e2289225f: Waiting
Populated Postgres Upgrade	Initialize containers	2026-10-05T22:53:04.5708430Z bc2205dd5a3a: Waiting
Populated Postgres Upgrade	Initialize containers	2026-10-05T22:53:04.6643898Z 2c2e40dd947e: Verifying Checksum
Populated Postgres Upgrade	Initialize containers	2026-10-05T22:53:04.6645869Z 2c2e40dd947e: Download complete
Populated Postgres Upgrade	Initialize containers	2026-10-05T22:53:04.6673830Z 3f49193fd82d: Verifying Checksum
Populated Postgres Upgrade	Initialize containers	2026-10-05T22:53:04.6675327Z 3f49193fd82d: Download complete
Populated Postgres Upgrade	Initialize containers	2026-10-05T22:53:04.6748222Z 2e9987a42d41: Verifying Checksum
Populated Postgres Upgrade	Initialize containers	2026-10-05T22:53:04.6750387Z 2e9987a42d41: Download complete
Populated Postgres Upgrade	Initialize containers	2026-10-05T22:53:04.7519733Z bc2205dd5a3a: Verifying Checksum
Populated Postgres Upgrade	Initialize containers	2026-10-05T22:53:04.7522739Z bc2205dd5a3a: Download complete
Populated Postgres Upgrade	Initialize containers	2026-10-05T22:53:04.7593890Z 2c2e40dd947e: Pull complete
Populated Postgres Upgrade	Initialize containers	2026-10-05T22:53:04.7622335Z 4f83103187f5: Download complete
Populated Postgres Upgrade	Initialize containers	2026-10-05T22:53:04.8786358Z 0976f43b012c: Download complete
Populated Postgres Upgrade	Initialize containers	2026-10-05T22:53:04.8789976Z c020dab2e853: Download complete
Populated Postgres Upgrade	Initialize containers	2026-10-05T22:53:04.8832999Z 2e9987a42d41: Pull complete
Populated Postgres Upgrade	Initialize containers	2026-10-05T22:53:04.9415480Z 3f49193fd82d: Pull complete
Populated Postgres Upgrade	Initialize containers	2026-10-05T22:53:05.0130164Z 6ba2251a51ae: Verifying Checksum
Populated Postgres Upgrade	Initialize containers	2026-10-05T22:53:05.0131739Z 6ba2251a51ae: Download complete
Populated Postgres Upgrade	Initialize containers	2026-10-05T22:53:05.0132981Z 277e2289225f: Verifying Checksum
Populated Postgres Upgrade	Initialize containers	2026-10-05T22:53:05.0133719Z 277e2289225f: Download complete
Populated Postgres Upgrade	Initialize containers	2026-10-05T22:53:05.0549440Z bc2205dd5a3a: Pull complete
Populated Postgres Upgrade	Initialize containers	2026-10-05T22:53:05.2858237Z e9516be90840: Verifying Checksum
Populated Postgres Upgrade	Initialize containers	2026-10-05T22:53:05.2859376Z e9516be90840: Download complete
Populated Postgres Upgrade	Initialize containers	2026-10-05T22:53:08.7897061Z e9516be90840: Pull complete
Populated Postgres Upgrade	Initialize containers	2026-10-05T22:53:08.8041551Z 4f83103187f5: Pull complete
Populated Postgres Upgrade	Initialize containers	2026-10-05T22:53:08.8230445Z c020dab2e853: Pull complete
Populated Postgres Upgrade	Initialize containers	2026-10-05T22:53:08.8398329Z 0976f43b012c: Pull complete
Populated Postgres Upgrade	Initialize containers	2026-10-05T22:53:08.8508543Z 6ba2251a51ae: Pull complete
Populated Postgres Upgrade	Initialize containers	2026-10-05T22:53:08.8624071Z 277e2289225f: Pull complete
Populated Postgres Upgrade	Initialize containers	2026-10-05T22:53:08.8673198Z Digest: sha256:f7d23353e1b15400d22ebe31189f4d314b87a4c129cc400c8c2d8d4ca127bf81
Populated Postgres Upgrade	Initialize containers	2026-10-05T22:53:08.8698565Z Status: Downloaded newer image for postgres:15-alpine
Populated Postgres Upgrade	Initialize containers	2026-10-05T22:53:08.8708288Z docker.io/library/postgres:15-alpine
Populated Postgres Upgrade	Initialize containers	2026-10-05T22:53:08.8766675Z ##[command]/usr/bin/docker create --name af2e3ea42ba949a3aaec61eaa25db0a5_postgres15alpine_898bb3 --label 6a2f7f --network github_network_e3beea35096e4ce98befaa6ee6dc3e8b --network-alias postgres -p 5432:5432 --health-cmd "pg_isready -U calibrate -d calibrate" --health-interval 2s --health-timeout 5s --health-retries 10 -e "POSTGRES_USER=calibrate" -e "POSTGRES_PASSWORD=calibrate" -e "POSTGRES_DB=calibrate" -e GITHUB_ACTIONS=true -e CI=true postgres:15-alpine
Populated Postgres Upgrade	Initialize containers	2026-10-05T22:53:08.9032206Z 443c80498369b41da02fe4ca453383b5722645a7e7e686f430ed349db065f5ac
Populated Postgres Upgrade	Initialize containers	2026-10-05T22:53:08.9049423Z ##[command]/usr/bin/docker start 443c80498369b41da02fe4ca453383b5722645a7e7e686f430ed349db065f5ac
Populated Postgres Upgrade	Initialize containers	2026-10-05T22:53:09.1044399Z 443c80498369b41da02fe4ca453383b5722645a7e7e686f430ed349db065f5ac
Populated Postgres Upgrade	Initialize containers	2026-10-05T22:53:09.1062279Z ##[command]/usr/bin/docker ps --all --filter id=443c80498369b41da02fe4ca453383b5722645a7e7e686f430ed349db065f5ac --filter status=running --no-trunc --format "{{.ID}} {{.Status}}"
Populated Postgres Upgrade	Initialize containers	2026-10-05T22:53:09.1187943Z 443c80498369b41da02fe4ca453383b5722645a7e7e686f430ed349db065f5ac Up Less than a second (health: starting)
Populated Postgres Upgrade	Initialize containers	2026-10-05T22:53:09.1203250Z ##[command]/usr/bin/docker port 443c80498369b41da02fe4ca453383b5722645a7e7e686f430ed349db065f5ac
Populated Postgres Upgrade	Initialize containers	2026-10-05T22:53:09.1326965Z 5432/tcp -> 0.0.0.0:5432
Populated Postgres Upgrade	Initialize containers	2026-10-05T22:53:09.1327622Z 5432/tcp -> [::]:5432
Populated Postgres Upgrade	Initialize containers	2026-10-05T22:53:09.1360779Z ##[endgroup]
Populated Postgres Upgrade	Initialize containers	2026-10-05T22:53:09.1368927Z ##[group]Waiting for all services to be ready
Populated Postgres Upgrade	Initialize containers	2026-10-05T22:53:09.1382214Z ##[command]/usr/bin/docker inspect --format="{{if .Config.Healthcheck}}{{print .State.Health.Status}}{{end}}" 443c80498369b41da02fe4ca453383b5722645a7e7e686f430ed349db065f5ac
Populated Postgres Upgrade	Initialize containers	2026-10-05T22:53:09.1501564Z starting
Populated Postgres Upgrade	Initialize containers	2026-10-05T22:53:09.1515754Z postgres service is starting, waiting 2 seconds before checking again.
Populated Postgres Upgrade	Initialize containers	2026-10-05T22:53:11.1517972Z ##[command]/usr/bin/docker inspect --format="{{if .Config.Healthcheck}}{{print .State.Health.Status}}{{end}}" 443c80498369b41da02fe4ca453383b5722645a7e7e686f430ed349db065f5ac
Populated Postgres Upgrade	Initialize containers	2026-10-05T22:53:11.1652956Z healthy
Populated Postgres Upgrade	Initialize containers	2026-10-05T22:53:11.1665463Z postgres service is healthy.
Populated Postgres Upgrade	Initialize containers	2026-10-05T22:53:11.1666029Z ##[endgroup]
Populated Postgres Upgrade	Checkout	﻿2026-10-05T22:53:11.2008529Z ##[group]Run actions/checkout@v4
Populated Postgres Upgrade	Checkout	2026-10-05T22:53:11.2009396Z with:
Populated Postgres Upgrade	Checkout	2026-10-05T22:53:11.2009911Z   ref: c44b5f7850288b94b24e8ca773584a4fa25937b9
Populated Postgres Upgrade	Checkout	2026-10-05T22:53:11.2010409Z   repository: MChartier/calibrate-health
Populated Postgres Upgrade	Checkout	2026-10-05T22:53:11.2012967Z   token: ***
Populated Postgres Upgrade	Checkout	2026-10-05T22:53:11.2013241Z   ssh-strict: true
Populated Postgres Upgrade	Checkout	2026-10-05T22:53:11.2013584Z   ssh-user: git
Populated Postgres Upgrade	Checkout	2026-10-05T22:53:11.2013893Z   persist-credentials: true
Populated Postgres Upgrade	Checkout	2026-10-05T22:53:11.2014240Z   clean: true
Populated Postgres Upgrade	Checkout	2026-10-05T22:53:11.2014587Z   sparse-checkout-cone-mode: true
Populated Postgres Upgrade	Checkout	2026-10-05T22:53:11.2014901Z   fetch-depth: 1
Populated Postgres Upgrade	Checkout	2026-10-05T22:53:11.2015212Z   fetch-tags: false
Populated Postgres Upgrade	Checkout	2026-10-05T22:53:11.2015527Z   show-progress: true
Populated Postgres Upgrade	Checkout	2026-10-05T22:53:11.2015818Z   lfs: false
Populated Postgres Upgrade	Checkout	2026-10-05T22:53:11.2016103Z   submodules: false
Populated Postgres Upgrade	Checkout	2026-10-05T22:53:11.2016413Z   set-safe-directory: true
Populated Postgres Upgrade	Checkout	2026-10-05T22:53:11.2016751Z   allow-unsafe-pr-checkout: false
Populated Postgres Upgrade	Checkout	2026-10-05T22:53:11.2017255Z env:
Populated Postgres Upgrade	Checkout	2026-10-05T22:53:11.2017827Z   DATABASE_URL: ***localhost:5432/calibrate?schema=public
Populated Postgres Upgrade	Checkout	2026-10-05T22:53:11.2018225Z ##[endgroup]
Populated Postgres Upgrade	Checkout	2026-10-05T22:53:11.3037636Z Syncing repository: MChartier/calibrate-health
Populated Postgres Upgrade	Checkout	2026-10-05T22:53:11.3039545Z ##[group]Getting Git version info
Populated Postgres Upgrade	Checkout	2026-10-05T22:53:11.3040123Z Working directory is '/home/runner/work/calibrate-health/calibrate-health'
Populated Postgres Upgrade	Checkout	2026-10-05T22:53:11.3040955Z [command]/usr/bin/git version
Populated Postgres Upgrade	Checkout	2026-10-05T22:53:11.3109923Z git version 2.55.0
Populated Postgres Upgrade	Checkout	2026-10-05T22:53:11.3127805Z ##[endgroup]
Populated Postgres Upgrade	Checkout	2026-10-05T22:53:11.3146164Z Temporarily overriding HOME='/home/runner/work/_temp/366d2b61-33dc-4c24-acfd-7162b3a5ed57' before making global git config changes
Populated Postgres Upgrade	Checkout	2026-10-05T22:53:11.3147818Z Adding repository directory to the temporary git global config as a safe directory
Populated Postgres Upgrade	Checkout	2026-10-05T22:53:11.3152482Z [command]/usr/bin/git config --global --add safe.directory /home/runner/work/calibrate-health/calibrate-health
Populated Postgres Upgrade	Checkout	2026-10-05T22:53:11.3202117Z Deleting the contents of '/home/runner/work/calibrate-health/calibrate-health'
Populated Postgres Upgrade	Checkout	2026-10-05T22:53:11.3205291Z ##[group]Initializing the repository
Populated Postgres Upgrade	Checkout	2026-10-05T22:53:11.3210470Z [command]/usr/bin/git init /home/runner/work/calibrate-health/calibrate-health
Populated Postgres Upgrade	Checkout	2026-10-05T22:53:11.3307211Z hint: Using 'master' as the name for the initial branch. This default branch name
Populated Postgres Upgrade	Checkout	2026-10-05T22:53:11.3308203Z hint: will change to "main" in Git 3.0. To configure the initial branch name
Populated Postgres Upgrade	Checkout	2026-10-05T22:53:11.3309387Z hint: to use in all of your new repositories, which will suppress this warning,
Populated Postgres Upgrade	Checkout	2026-10-05T22:53:11.3310109Z hint: call:
Populated Postgres Upgrade	Checkout	2026-10-05T22:53:11.3310544Z hint:
Populated Postgres Upgrade	Checkout	2026-10-05T22:53:11.3311112Z hint: 	git config --global init.defaultBranch <name>
Populated Postgres Upgrade	Checkout	2026-10-05T22:53:11.3311731Z hint:
Populated Postgres Upgrade	Checkout	2026-10-05T22:53:11.3312331Z hint: Names commonly chosen instead of 'master' are 'main', 'trunk' and
Populated Postgres Upgrade	Checkout	2026-10-05T22:53:11.3313134Z hint: 'development'. The just-created branch can be renamed via this command:
Populated Postgres Upgrade	Checkout	2026-10-05T22:53:11.3313779Z hint:
Populated Postgres Upgrade	Checkout	2026-10-05T22:53:11.3314206Z hint: 	git branch -m <name>
Populated Postgres Upgrade	Checkout	2026-10-05T22:53:11.3314711Z hint:
Populated Postgres Upgrade	Checkout	2026-10-05T22:53:11.3315293Z hint: Disable this message with "git config set advice.defaultBranchName false"
Populated Postgres Upgrade	Checkout	2026-10-05T22:53:11.3316523Z Initialized empty Git repository in /home/runner/work/calibrate-health/calibrate-health/.git/
Populated Postgres Upgrade	Checkout	2026-10-05T22:53:11.3321269Z [command]/usr/bin/git remote add origin https://github.com/MChartier/calibrate-health
Populated Postgres Upgrade	Checkout	2026-10-05T22:53:11.3368773Z ##[endgroup]
Populated Postgres Upgrade	Checkout	2026-10-05T22:53:11.3369665Z ##[group]Disabling automatic garbage collection
Populated Postgres Upgrade	Checkout	2026-10-05T22:53:11.3372999Z [command]/usr/bin/git config --local gc.auto 0
Populated Postgres Upgrade	Checkout	2026-10-05T22:53:11.3402784Z ##[endgroup]
Populated Postgres Upgrade	Checkout	2026-10-05T22:53:11.3403659Z ##[group]Setting up auth
Populated Postgres Upgrade	Checkout	2026-10-05T22:53:11.3410173Z [command]/usr/bin/git config --local --name-only --get-regexp core\.sshCommand
Populated Postgres Upgrade	Checkout	2026-10-05T22:53:11.3440308Z [command]/usr/bin/git submodule foreach --recursive sh -c "git config --local --name-only --get-regexp 'core\.sshCommand' && git config --local --unset-all 'core.sshCommand' || :"
Populated Postgres Upgrade	Checkout	2026-10-05T22:53:11.3784465Z [command]/usr/bin/git config --local --name-only --get-regexp http\.https\:\/\/github\.com\/\.extraheader
Populated Postgres Upgrade	Checkout	2026-10-05T22:53:11.3820545Z [command]/usr/bin/git submodule foreach --recursive sh -c "git config --local --name-only --get-regexp 'http\.https\:\/\/github\.com\/\.extraheader' && git config --local --unset-all 'http.https://github.com/.extraheader' || :"
Populated Postgres Upgrade	Checkout	2026-10-05T22:53:11.4022237Z [command]/usr/bin/git config --local --name-only --get-regexp ^includeIf\.gitdir:
Populated Postgres Upgrade	Checkout	2026-10-05T22:53:11.4051175Z [command]/usr/bin/git submodule foreach --recursive git config --local --show-origin --name-only --get-regexp remote.origin.url
Populated Postgres Upgrade	Checkout	2026-10-05T22:53:11.4230102Z [command]/usr/bin/git config --local http.https://github.com/.extraheader AUTHORIZATION: basic ***
Populated Postgres Upgrade	Checkout	2026-10-05T22:53:11.4267556Z ##[endgroup]
Populated Postgres Upgrade	Checkout	2026-10-05T22:53:11.4268104Z ##[group]Fetching the repository
Populated Postgres Upgrade	Checkout	2026-10-05T22:53:11.4276555Z [command]/usr/bin/git -c protocol.version=2 fetch --no-tags --prune --no-recurse-submodules --depth=1 origin c44b5f7850288b94b24e8ca773584a4fa25937b9
Populated Postgres Upgrade	Checkout	2026-10-05T22:53:13.5440635Z From https://github.com/MChartier/calibrate-health
Populated Postgres Upgrade	Checkout	2026-10-05T22:53:13.5441815Z  * branch            c44b5f7850288b94b24e8ca773584a4fa25937b9 -> FETCH_HEAD
Populated Postgres Upgrade	Checkout	2026-10-05T22:53:13.5444711Z ##[endgroup]
Populated Postgres Upgrade	Checkout	2026-10-05T22:53:13.5445498Z ##[group]Determining the checkout info
Populated Postgres Upgrade	Checkout	2026-10-05T22:53:13.5446589Z ##[endgroup]
Populated Postgres Upgrade	Checkout	2026-10-05T22:53:13.5452757Z [command]/usr/bin/git sparse-checkout disable
Populated Postgres Upgrade	Checkout	2026-10-05T22:53:13.5514582Z [command]/usr/bin/git config --local --unset-all extensions.worktreeConfig
Populated Postgres Upgrade	Checkout	2026-10-05T22:53:13.5545135Z ##[group]Checking out the ref
Populated Postgres Upgrade	Checkout	2026-10-05T22:53:13.5548996Z [command]/usr/bin/git checkout --progress --force c44b5f7850288b94b24e8ca773584a4fa25937b9
Populated Postgres Upgrade	Checkout	2026-10-05T22:53:13.7484002Z Note: switching to 'c44b5f7850288b94b24e8ca773584a4fa25937b9'.
Populated Postgres Upgrade	Checkout	2026-10-05T22:53:13.7484403Z 
Populated Postgres Upgrade	Checkout	2026-10-05T22:53:13.7484669Z You are in 'detached HEAD' state. You can look around, make experimental
Populated Postgres Upgrade	Checkout	2026-10-05T22:53:13.7485253Z changes and commit them, and you can discard any commits you make in this
Populated Postgres Upgrade	Checkout	2026-10-05T22:53:13.7485788Z state without impacting any branches by switching back to a branch.
Populated Postgres Upgrade	Checkout	2026-10-05T22:53:13.7486106Z 
Populated Postgres Upgrade	Checkout	2026-10-05T22:53:13.7486416Z If you want to create a new branch to retain commits you create, you may
Populated Postgres Upgrade	Checkout	2026-10-05T22:53:13.7486900Z do so (now or later) by using -c with the switch command. Example:
Populated Postgres Upgrade	Checkout	2026-10-05T22:53:13.7487226Z 
Populated Postgres Upgrade	Checkout	2026-10-05T22:53:13.7487396Z   git switch -c <new-branch-name>
Populated Postgres Upgrade	Checkout	2026-10-05T22:53:13.7487613Z 
Populated Postgres Upgrade	Checkout	2026-10-05T22:53:13.7487781Z Or undo this operation with:
Populated Postgres Upgrade	Checkout	2026-10-05T22:53:13.7487945Z 
Populated Postgres Upgrade	Checkout	2026-10-05T22:53:13.7488153Z   git switch -
Populated Postgres Upgrade	Checkout	2026-10-05T22:53:13.7488368Z 
Populated Postgres Upgrade	Checkout	2026-10-05T22:53:13.7488588Z Turn off this advice by setting config variable advice.detachedHead to false
Populated Postgres Upgrade	Checkout	2026-10-05T22:53:13.7489047Z 
Populated Postgres Upgrade	Checkout	2026-10-05T22:53:13.7489506Z HEAD is now at c44b5f7 Preserve failed mutation barriers across lifecycle recovery
Populated Postgres Upgrade	Checkout	2026-10-05T22:53:13.7496857Z ##[endgroup]
Populated Postgres Upgrade	Checkout	2026-10-05T22:53:13.7538832Z [command]/usr/bin/git log -1 --format=%H
Populated Postgres Upgrade	Checkout	2026-10-05T22:53:13.7560856Z c44b5f7850288b94b24e8ca773584a4fa25937b9
Populated Postgres Upgrade	Setup Node	﻿2026-10-05T22:53:13.7797395Z ##[group]Run actions/setup-node@v4
Populated Postgres Upgrade	Setup Node	2026-10-05T22:53:13.7797819Z with:
Populated Postgres Upgrade	Setup Node	2026-10-05T22:53:13.7798236Z   node-version: 20
Populated Postgres Upgrade	Setup Node	2026-10-05T22:53:13.7798575Z   cache: npm
Populated Postgres Upgrade	Setup Node	2026-10-05T22:53:13.7798997Z   cache-dependency-path: backend/package-lock.json
Populated Postgres Upgrade	Setup Node	2026-10-05T22:53:13.7799635Z   always-auth: false
Populated Postgres Upgrade	Setup Node	2026-10-05T22:53:13.7800099Z   check-latest: false
Populated Postgres Upgrade	Setup Node	2026-10-05T22:53:13.7803273Z   token: ***
Populated Postgres Upgrade	Setup Node	2026-10-05T22:53:13.7803704Z env:
Populated Postgres Upgrade	Setup Node	2026-10-05T22:53:13.7804397Z   DATABASE_URL: ***localhost:5432/calibrate?schema=public
Populated Postgres Upgrade	Setup Node	2026-10-05T22:53:13.7804972Z ##[endgroup]
Populated Postgres Upgrade	Setup Node	2026-10-05T22:53:13.9116133Z Attempting to download 20...
Populated Postgres Upgrade	Setup Node	2026-10-05T22:53:13.9215731Z (node:2725) [DEP0040] DeprecationWarning: The `punycode` module is deprecated. Please use a userland alternative instead.
Populated Postgres Upgrade	Setup Node	2026-10-05T22:53:13.9216691Z (Use `node --trace-deprecation ...` to show where the warning was created)
Populated Postgres Upgrade	Setup Node	2026-10-05T22:53:14.5934898Z Acquiring 20.20.2 - x64 from https://github.com/actions/node-versions/releases/download/20.20.2-23521894959/node-20.20.2-linux-x64.tar.gz
Populated Postgres Upgrade	Setup Node	2026-10-05T22:53:14.9692350Z Extracting ...
Populated Postgres Upgrade	Setup Node	2026-10-05T22:53:14.9793048Z [command]/usr/bin/tar xz --strip 1 --warning=no-unknown-keyword --overwrite -C /home/runner/work/_temp/5c8cd75f-f98f-4968-a81d-4314cfef7527 -f /home/runner/work/_temp/72e0132c-2f91-4885-becd-70ae6e1efd37
Populated Postgres Upgrade	Setup Node	2026-10-05T22:53:16.0443193Z Adding to the cache ...
Populated Postgres Upgrade	Setup Node	2026-10-05T22:53:17.9051392Z ##[group]Environment details
Populated Postgres Upgrade	Setup Node	2026-10-05T22:53:18.1231029Z node: v20.20.2
Populated Postgres Upgrade	Setup Node	2026-10-05T22:53:18.1231554Z npm: 10.8.2
Populated Postgres Upgrade	Setup Node	2026-10-05T22:53:18.1231911Z yarn: 1.22.22
Populated Postgres Upgrade	Setup Node	2026-10-05T22:53:18.1232644Z ##[endgroup]
Populated Postgres Upgrade	Setup Node	2026-10-05T22:53:18.1248017Z [command]/opt/hostedtoolcache/node/20.20.2/x64/bin/npm config get cache
Populated Postgres Upgrade	Setup Node	2026-10-05T22:53:18.2148663Z /home/runner/.npm
Populated Postgres Upgrade	Setup Node	2026-10-05T22:53:18.3460634Z Cache hit for: node-cache-Linux-x64-npm-9ad1fc3d02200f097d647c965e5a2c426e45ead6e22fb282009302d8eeb7a3d3
Populated Postgres Upgrade	Setup Node	2026-10-05T22:53:18.3563110Z (node:2725) [DEP0169] DeprecationWarning: `url.parse()` behavior is not standardized and prone to errors that have security implications. Use the WHATWG URL API instead. CVEs are not issued for `url.parse()` vulnerabilities.
Populated Postgres Upgrade	Setup Node	2026-10-05T22:53:19.4628791Z Received 125829120 of 142506313 (88.3%), 119.9 MBs/sec
Populated Postgres Upgrade	Setup Node	2026-10-05T22:53:19.6631220Z Received 142506313 of 142506313 (100.0%), 113.3 MBs/sec
Populated Postgres Upgrade	Setup Node	2026-10-05T22:53:19.6632076Z Cache Size: ~136 MB (142506313 B)
Populated Postgres Upgrade	Setup Node	2026-10-05T22:53:19.6691214Z [command]/usr/bin/tar -xf /home/runner/work/_temp/2e826d1e-0977-4187-aeb3-885f18ab944e/cache.tzst -P -C /home/runner/work/calibrate-health/calibrate-health --use-compress-program unzstd
Populated Postgres Upgrade	Setup Node	2026-10-05T22:53:19.8236688Z Cache restored successfully
Populated Postgres Upgrade	Setup Node	2026-10-05T22:53:19.8294026Z Cache restored from key: node-cache-Linux-x64-npm-9ad1fc3d02200f097d647c965e5a2c426e45ead6e22fb282009302d8eeb7a3d3
Populated Postgres Upgrade	Install backend dependencies	﻿2026-10-05T22:53:19.8450412Z ##[group]Run npm --prefix backend ci --no-audit --fund=false
Populated Postgres Upgrade	Install backend dependencies	2026-10-05T22:53:19.8451417Z ^[[36;1mnpm --prefix backend ci --no-audit --fund=false^[[0m
Populated Postgres Upgrade	Install backend dependencies	2026-10-05T22:53:19.8610405Z shell: /usr/bin/bash -e {0}
Populated Postgres Upgrade	Install backend dependencies	2026-10-05T22:53:19.8610810Z env:
Populated Postgres Upgrade	Install backend dependencies	2026-10-05T22:53:19.8611553Z   DATABASE_URL: ***localhost:5432/calibrate?schema=public
Populated Postgres Upgrade	Install backend dependencies	2026-10-05T22:53:19.8612061Z ##[endgroup]
Populated Postgres Upgrade	Install backend dependencies	2026-10-05T22:53:20.2175215Z npm warn EBADENGINE Unsupported engine {
Populated Postgres Upgrade	Install backend dependencies	2026-10-05T22:53:20.2176413Z npm warn EBADENGINE   package: '@prisma/streams-local@0.1.11',
Populated Postgres Upgrade	Install backend dependencies	2026-10-05T22:53:20.2177720Z npm warn EBADENGINE   required: { bun: '>=1.2.0', node: '>=22.0.0' },
Populated Postgres Upgrade	Install backend dependencies	2026-10-05T22:53:20.2178731Z npm warn EBADENGINE   current: { node: 'v20.20.2', npm: '10.8.2' }
Populated Postgres Upgrade	Install backend dependencies	2026-10-05T22:53:20.2179707Z npm warn EBADENGINE }
Populated Postgres Upgrade	Install backend dependencies	2026-10-05T22:53:25.6740158Z 
Populated Postgres Upgrade	Install backend dependencies	2026-10-05T22:53:25.6740917Z added 430 packages in 6s
Populated Postgres Upgrade	Generate Prisma client	﻿2026-10-05T22:53:25.7002993Z ##[group]Run npm run prisma:generate
Populated Postgres Upgrade	Generate Prisma client	2026-10-05T22:53:25.7003410Z ^[[36;1mnpm run prisma:generate^[[0m
Populated Postgres Upgrade	Generate Prisma client	2026-10-05T22:53:25.7046979Z shell: /usr/bin/bash -e {0}
Populated Postgres Upgrade	Generate Prisma client	2026-10-05T22:53:25.7047469Z env:
Populated Postgres Upgrade	Generate Prisma client	2026-10-05T22:53:25.7048287Z   DATABASE_URL: ***localhost:5432/calibrate?schema=public
Populated Postgres Upgrade	Generate Prisma client	2026-10-05T22:53:25.7048723Z ##[endgroup]
Populated Postgres Upgrade	Generate Prisma client	2026-10-05T22:53:25.8049808Z 
Populated Postgres Upgrade	Generate Prisma client	2026-10-05T22:53:25.8051075Z > cal-io@0.37.0 prisma:generate
Populated Postgres Upgrade	Generate Prisma client	2026-10-05T22:53:25.8052170Z > npm --prefix backend run prisma:generate
Populated Postgres Upgrade	Generate Prisma client	2026-10-05T22:53:25.8052984Z 
Populated Postgres Upgrade	Generate Prisma client	2026-10-05T22:53:25.9089943Z 
Populated Postgres Upgrade	Generate Prisma client	2026-10-05T22:53:25.9090732Z > backend@0.37.0 prisma:generate
Populated Postgres Upgrade	Generate Prisma client	2026-10-05T22:53:25.9091274Z > prisma generate
Populated Postgres Upgrade	Generate Prisma client	2026-10-05T22:53:25.9091628Z 
Populated Postgres Upgrade	Generate Prisma client	2026-10-05T22:53:26.7060438Z Loaded Prisma config from prisma.config.ts.
Populated Postgres Upgrade	Generate Prisma client	2026-10-05T22:53:26.7061482Z 
Populated Postgres Upgrade	Generate Prisma client	2026-10-05T22:53:26.8360681Z Prisma schema loaded from prisma/schema.prisma.
Populated Postgres Upgrade	Generate Prisma client	2026-10-05T22:53:27.6312938Z 
Populated Postgres Upgrade	Generate Prisma client	2026-10-05T22:53:27.6314798Z ✔ Generated Prisma Client (v7.9.0) to ./node_modules/@prisma/client in 554ms
Populated Postgres Upgrade	Generate Prisma client	2026-10-05T22:53:27.6316917Z 
Populated Postgres Upgrade	Generate Prisma client	2026-10-05T22:53:27.6318392Z Start by importing your Prisma Client (See: https://pris.ly/d/importing-client)
Populated Postgres Upgrade	Generate Prisma client	2026-10-05T22:53:27.6319526Z 
Populated Postgres Upgrade	Generate Prisma client	2026-10-05T22:53:27.6319783Z 
Populated Postgres Upgrade	Validate upgrade-smoke helpers	﻿2026-10-05T22:53:27.6684534Z ##[group]Run node --test scripts/postgres-populated-upgrade-smoke.test.mjs
Populated Postgres Upgrade	Validate upgrade-smoke helpers	2026-10-05T22:53:27.6685661Z ^[[36;1mnode --test scripts/postgres-populated-upgrade-smoke.test.mjs^[[0m
Populated Postgres Upgrade	Validate upgrade-smoke helpers	2026-10-05T22:53:27.6741717Z shell: /usr/bin/bash -e {0}
Populated Postgres Upgrade	Validate upgrade-smoke helpers	2026-10-05T22:53:27.6742218Z env:
Populated Postgres Upgrade	Validate upgrade-smoke helpers	2026-10-05T22:53:27.6743202Z   DATABASE_URL: ***localhost:5432/calibrate?schema=public
Populated Postgres Upgrade	Validate upgrade-smoke helpers	2026-10-05T22:53:27.6743773Z ##[endgroup]
Populated Postgres Upgrade	Validate upgrade-smoke helpers	2026-10-05T22:53:27.7151160Z TAP version 13
Populated Postgres Upgrade	Validate upgrade-smoke helpers	2026-10-05T22:53:27.7836616Z # Subtest: migrationOrdinal accepts tracked ordinal names and rejects malformed names
Populated Postgres Upgrade	Validate upgrade-smoke helpers	2026-10-05T22:53:27.7860672Z ok 1 - migrationOrdinal accepts tracked ordinal names and rejects malformed names
Populated Postgres Upgrade	Validate upgrade-smoke helpers	2026-10-05T22:53:27.7868482Z   ---
Populated Postgres Upgrade	Validate upgrade-smoke helpers	2026-10-05T22:53:27.7869101Z   duration_ms: 1.377366
Populated Postgres Upgrade	Validate upgrade-smoke helpers	2026-10-05T22:53:27.7869838Z   ...
Populated Postgres Upgrade	Validate upgrade-smoke helpers	2026-10-05T22:53:27.7870842Z # Subtest: databaseUrlForSchema preserves connection options while replacing schema
Populated Postgres Upgrade	Validate upgrade-smoke helpers	2026-10-05T22:53:27.7872093Z ok 2 - databaseUrlForSchema preserves connection options while replacing schema
Populated Postgres Upgrade	Validate upgrade-smoke helpers	2026-10-05T22:53:27.7873310Z   ---
Populated Postgres Upgrade	Validate upgrade-smoke helpers	2026-10-05T22:53:27.7873917Z   duration_ms: 0.794653
Populated Postgres Upgrade	Validate upgrade-smoke helpers	2026-10-05T22:53:27.7874503Z   ...
Populated Postgres Upgrade	Validate upgrade-smoke helpers	2026-10-05T22:53:27.7875419Z # Subtest: legacy migration tree includes every migration through 0020 and no native migrations
Populated Postgres Upgrade	Validate upgrade-smoke helpers	2026-10-05T22:53:27.7876944Z ok 3 - legacy migration tree includes every migration through 0020 and no native migrations
Populated Postgres Upgrade	Validate upgrade-smoke helpers	2026-10-05T22:53:27.7877898Z   ---
Populated Postgres Upgrade	Validate upgrade-smoke helpers	2026-10-05T22:53:27.7879021Z   duration_ms: 25.53869
Populated Postgres Upgrade	Validate upgrade-smoke helpers	2026-10-05T22:53:27.7879813Z   ...
Populated Postgres Upgrade	Validate upgrade-smoke helpers	2026-10-05T22:53:27.7930282Z 1..3
Populated Postgres Upgrade	Validate upgrade-smoke helpers	2026-10-05T22:53:27.7930970Z # tests 3
Populated Postgres Upgrade	Validate upgrade-smoke helpers	2026-10-05T22:53:27.7940210Z # suites 0
Populated Postgres Upgrade	Validate upgrade-smoke helpers	2026-10-05T22:53:27.7949921Z # pass 3
Populated Postgres Upgrade	Validate upgrade-smoke helpers	2026-10-05T22:53:27.7951284Z # fail 0
Populated Postgres Upgrade	Validate upgrade-smoke helpers	2026-10-05T22:53:27.7951762Z # cancelled 0
Populated Postgres Upgrade	Validate upgrade-smoke helpers	2026-10-05T22:53:27.7952348Z # skipped 0
Populated Postgres Upgrade	Validate upgrade-smoke helpers	2026-10-05T22:53:27.7952646Z # todo 0
Populated Postgres Upgrade	Validate upgrade-smoke helpers	2026-10-05T22:53:27.7952962Z # duration_ms 86.471497
Populated Postgres Upgrade	Upgrade populated schema from 0020 through current	﻿2026-10-05T22:53:27.8012135Z ##[group]Run node scripts/postgres-populated-upgrade-smoke.mjs
Populated Postgres Upgrade	Upgrade populated schema from 0020 through current	2026-10-05T22:53:27.8012930Z ^[[36;1mnode scripts/postgres-populated-upgrade-smoke.mjs^[[0m
Populated Postgres Upgrade	Upgrade populated schema from 0020 through current	2026-10-05T22:53:27.8068312Z shell: /usr/bin/bash -e {0}
Populated Postgres Upgrade	Upgrade populated schema from 0020 through current	2026-10-05T22:53:27.8068852Z env:
Populated Postgres Upgrade	Upgrade populated schema from 0020 through current	2026-10-05T22:53:27.8070060Z   DATABASE_URL: ***localhost:5432/calibrate?schema=public
Populated Postgres Upgrade	Upgrade populated schema from 0020 through current	2026-10-05T22:53:27.8070693Z ##[endgroup]
Populated Postgres Upgrade	Upgrade populated schema from 0020 through current	2026-10-05T22:53:27.9331164Z [db-upgrade-smoke] Applying 24 migrations through 0020.
Populated Postgres Upgrade	Upgrade populated schema from 0020 through current	2026-10-05T22:53:28.6840925Z Loaded Prisma config from prisma.config.ts.
Populated Postgres Upgrade	Upgrade populated schema from 0020 through current	2026-10-05T22:53:28.6869709Z 
Populated Postgres Upgrade	Upgrade populated schema from 0020 through current	2026-10-05T22:53:28.8171496Z Prisma schema loaded from ../../../../../../tmp/calibrate-upgrade-i43VdD/prisma/schema.prisma.
Populated Postgres Upgrade	Upgrade populated schema from 0020 through current	2026-10-05T22:53:28.8301157Z Datasource "db": PostgreSQL database "calibrate", schema "calibrate_upgrade_smoke_3025_04ade3397787" at "localhost:5432"
Populated Postgres Upgrade	Upgrade populated schema from 0020 through current	2026-10-05T22:53:28.8968834Z 
Populated Postgres Upgrade	Upgrade populated schema from 0020 through current	2026-10-05T22:53:28.8969986Z 24 migrations found in prisma/migrations
Populated Postgres Upgrade	Upgrade populated schema from 0020 through current	2026-10-05T22:53:28.8970438Z 
Populated Postgres Upgrade	Upgrade populated schema from 0020 through current	2026-10-05T22:53:29.0282218Z Applying migration `0001_init`
Populated Postgres Upgrade	Upgrade populated schema from 0020 through current	2026-10-05T22:53:29.0547704Z Applying migration `0002_weight_units_grams`
Populated Postgres Upgrade	Upgrade populated schema from 0020 through current	2026-10-05T22:53:29.0678101Z Applying migration `0003_bodymetric_date_only`
Populated Postgres Upgrade	Upgrade populated schema from 0020 through current	2026-10-05T22:53:29.0813347Z Applying migration `0004_add_profile_fields`
Populated Postgres Upgrade	Upgrade populated schema from 0020 through current	2026-10-05T22:53:29.0863458Z Applying migration `0005_add_user_timezone`
Populated Postgres Upgrade	Upgrade populated schema from 0020 through current	2026-10-05T22:53:29.0897655Z Applying migration `0006_foodlog_local_date`
Populated Postgres Upgrade	Upgrade populated schema from 0020 through current	2026-10-05T22:53:29.0952558Z Applying migration `0007_height_unit_preference`
Populated Postgres Upgrade	Upgrade populated schema from 0020 through current	2026-10-05T22:53:29.1004981Z Applying migration `0008_meal_period_enum`
Populated Postgres Upgrade	Upgrade populated schema from 0020 through current	2026-10-05T22:53:29.1110624Z Applying migration `0009_add_user_profile_image`
Populated Postgres Upgrade	Upgrade populated schema from 0020 through current	2026-10-05T22:53:29.1140208Z Applying migration `0010_my_foods`
Populated Postgres Upgrade	Upgrade populated schema from 0020 through current	2026-10-05T22:53:29.1365464Z Applying migration `0011_add_user_language`
Populated Postgres Upgrade	Upgrade populated schema from 0020 through current	2026-10-05T22:53:29.1397246Z Applying migration `0012_session_store`
Populated Postgres Upgrade	Upgrade populated schema from 0020 through current	2026-10-05T22:53:29.1466386Z Applying migration `0013_food_log_day_completion`
Populated Postgres Upgrade	Upgrade populated schema from 0020 through current	2026-10-05T22:53:29.1551585Z Applying migration `0013_push_subscriptions`
Populated Postgres Upgrade	Upgrade populated schema from 0020 through current	2026-10-05T22:53:29.1654752Z Applying migration `0014_push_subscription_reminders`
Populated Postgres Upgrade	Upgrade populated schema from 0020 through current	2026-10-05T22:53:29.1683944Z Applying migration `0014_push_subscription_user_endpoint_uniqueness`
Populated Postgres Upgrade	Upgrade populated schema from 0020 through current	2026-10-05T22:53:29.1735803Z Applying migration `0015_reminder_preference_flags`
Populated Postgres Upgrade	Upgrade populated schema from 0020 through current	2026-10-05T22:53:29.1770509Z Applying migration `0016_bodymetric_trend_precompute`
Populated Postgres Upgrade	Upgrade populated schema from 0020 through current	2026-10-05T22:53:29.1851600Z Applying migration `0016_in_app_notifications`
Populated Postgres Upgrade	Upgrade populated schema from 0020 through current	2026-10-05T22:53:29.1974827Z Applying migration `0017_haptics_preference`
Populated Postgres Upgrade	Upgrade populated schema from 0020 through current	2026-10-05T22:53:29.2007038Z Applying migration `0017_notification_delivery_channels`
Populated Postgres Upgrade	Upgrade populated schema from 0020 through current	2026-10-05T22:53:29.2081155Z Applying migration `0018_food_log_external_snapshots`
Populated Postgres Upgrade	Upgrade populated schema from 0020 through current	2026-10-05T22:53:29.2128961Z Applying migration `0019_backend_server_audit_indexes`
Populated Postgres Upgrade	Upgrade populated schema from 0020 through current	2026-10-05T22:53:29.2159609Z Applying migration `0020_goal_active_lookup_index`
Populated Postgres Upgrade	Upgrade populated schema from 0020 through current	2026-10-05T22:53:29.2202947Z 
Populated Postgres Upgrade	Upgrade populated schema from 0020 through current	2026-10-05T22:53:29.2217005Z The following migration(s) have been applied:
Populated Postgres Upgrade	Upgrade populated schema from 0020 through current	2026-10-05T22:53:29.2217515Z 
Populated Postgres Upgrade	Upgrade populated schema from 0020 through current	2026-10-05T22:53:29.2217955Z migrations/
Populated Postgres Upgrade	Upgrade populated schema from 0020 through current	2026-10-05T22:53:29.2218597Z   └─ 0001_init/
Populated Postgres Upgrade	Upgrade populated schema from 0020 through current	2026-10-05T22:53:29.2219096Z     └─ migration.sql
Populated Postgres Upgrade	Upgrade populated schema from 0020 through current	2026-10-05T22:53:29.2220224Z   └─ 0002_weight_units_grams/
Populated Postgres Upgrade	Upgrade populated schema from 0020 through current	2026-10-05T22:53:29.2220665Z     └─ migration.sql
Populated Postgres Upgrade	Upgrade populated schema from 0020 through current	2026-10-05T22:53:29.2221210Z   └─ 0003_bodymetric_date_only/
Populated Postgres Upgrade	Upgrade populated schema from 0020 through current	2026-10-05T22:53:29.2221675Z     └─ migration.sql
Populated Postgres Upgrade	Upgrade populated schema from 0020 through current	2026-10-05T22:53:29.2222206Z   └─ 0004_add_profile_fields/
Populated Postgres Upgrade	Upgrade populated schema from 0020 through current	2026-10-05T22:53:29.2222746Z     └─ migration.sql
Populated Postgres Upgrade	Upgrade populated schema from 0020 through current	2026-10-05T22:53:29.2223207Z   └─ 0005_add_user_timezone/
Populated Postgres Upgrade	Upgrade populated schema from 0020 through current	2026-10-05T22:53:29.2223696Z     └─ migration.sql
Populated Postgres Upgrade	Upgrade populated schema from 0020 through current	2026-10-05T22:53:29.2224161Z   └─ 0006_foodlog_local_date/
Populated Postgres Upgrade	Upgrade populated schema from 0020 through current	2026-10-05T22:53:29.2224779Z     └─ migration.sql
Populated Postgres Upgrade	Upgrade populated schema from 0020 through current	2026-10-05T22:53:29.2225323Z   └─ 0007_height_unit_preference/
Populated Postgres Upgrade	Upgrade populated schema from 0020 through current	2026-10-05T22:53:29.2225899Z     └─ migration.sql
Populated Postgres Upgrade	Upgrade populated schema from 0020 through current	2026-10-05T22:53:29.2226470Z   └─ 0008_meal_period_enum/
Populated Postgres Upgrade	Upgrade populated schema from 0020 through current	2026-10-05T22:53:29.2227019Z     └─ migration.sql
Populated Postgres Upgrade	Upgrade populated schema from 0020 through current	2026-10-05T22:53:29.2227592Z   └─ 0009_add_user_profile_image/
Populated Postgres Upgrade	Upgrade populated schema from 0020 through current	2026-10-05T22:53:29.2228139Z     └─ migration.sql
Populated Postgres Upgrade	Upgrade populated schema from 0020 through current	2026-10-05T22:53:29.2228593Z   └─ 0010_my_foods/
Populated Postgres Upgrade	Upgrade populated schema from 0020 through current	2026-10-05T22:53:29.2229052Z     └─ migration.sql
Populated Postgres Upgrade	Upgrade populated schema from 0020 through current	2026-10-05T22:53:29.2229936Z   └─ 0011_add_user_language/
Populated Postgres Upgrade	Upgrade populated schema from 0020 through current	2026-10-05T22:53:29.2230779Z     └─ migration.sql
Populated Postgres Upgrade	Upgrade populated schema from 0020 through current	2026-10-05T22:53:29.2231237Z   └─ 0012_session_store/
Populated Postgres Upgrade	Upgrade populated schema from 0020 through current	2026-10-05T22:53:29.2231864Z     └─ migration.sql
Populated Postgres Upgrade	Upgrade populated schema from 0020 through current	2026-10-05T22:53:29.2232512Z   └─ 0013_food_log_day_completion/
Populated Postgres Upgrade	Upgrade populated schema from 0020 through current	2026-10-05T22:53:29.2233098Z     └─ migration.sql
Populated Postgres Upgrade	Upgrade populated schema from 0020 through current	2026-10-05T22:53:29.2233754Z   └─ 0013_push_subscriptions/
Populated Postgres Upgrade	Upgrade populated schema from 0020 through current	2026-10-05T22:53:29.2234361Z     └─ migration.sql
Populated Postgres Upgrade	Upgrade populated schema from 0020 through current	2026-10-05T22:53:29.2234992Z   └─ 0014_push_subscription_reminders/
Populated Postgres Upgrade	Upgrade populated schema from 0020 through current	2026-10-05T22:53:29.2251222Z     └─ migration.sql
Populated Postgres Upgrade	Upgrade populated schema from 0020 through current	2026-10-05T22:53:29.2252123Z   └─ 0014_push_subscription_user_endpoint_uniqueness/
Populated Postgres Upgrade	Upgrade populated schema from 0020 through current	2026-10-05T22:53:29.2252754Z     └─ migration.sql
Populated Postgres Upgrade	Upgrade populated schema from 0020 through current	2026-10-05T22:53:29.2253273Z   └─ 0015_reminder_preference_flags/
Populated Postgres Upgrade	Upgrade populated schema from 0020 through current	2026-10-05T22:53:29.2254034Z     └─ migration.sql
Populated Postgres Upgrade	Upgrade populated schema from 0020 through current	2026-10-05T22:53:29.2254532Z   └─ 0016_bodymetric_trend_precompute/
Populated Postgres Upgrade	Upgrade populated schema from 0020 through current	2026-10-05T22:53:29.2255101Z     └─ migration.sql
Populated Postgres Upgrade	Upgrade populated schema from 0020 through current	2026-10-05T22:53:29.2255652Z   └─ 0016_in_app_notifications/
Populated Postgres Upgrade	Upgrade populated schema from 0020 through current	2026-10-05T22:53:29.2256164Z     └─ migration.sql
Populated Postgres Upgrade	Upgrade populated schema from 0020 through current	2026-10-05T22:53:29.2256693Z   └─ 0017_haptics_preference/
Populated Postgres Upgrade	Upgrade populated schema from 0020 through current	2026-10-05T22:53:29.2257249Z     └─ migration.sql
Populated Postgres Upgrade	Upgrade populated schema from 0020 through current	2026-10-05T22:53:29.2257831Z   └─ 0017_notification_delivery_channels/
Populated Postgres Upgrade	Upgrade populated schema from 0020 through current	2026-10-05T22:53:29.2258511Z     └─ migration.sql
Populated Postgres Upgrade	Upgrade populated schema from 0020 through current	2026-10-05T22:53:29.2259150Z   └─ 0018_food_log_external_snapshots/
Populated Postgres Upgrade	Upgrade populated schema from 0020 through current	2026-10-05T22:53:29.2260748Z     └─ migration.sql
Populated Postgres Upgrade	Upgrade populated schema from 0020 through current	2026-10-05T22:53:29.2261357Z   └─ 0019_backend_server_audit_indexes/
Populated Postgres Upgrade	Upgrade populated schema from 0020 through current	2026-10-05T22:53:29.2261861Z     └─ migration.sql
Populated Postgres Upgrade	Upgrade populated schema from 0020 through current	2026-10-05T22:53:29.2262321Z   └─ 0020_goal_active_lookup_index/
Populated Postgres Upgrade	Upgrade populated schema from 0020 through current	2026-10-05T22:53:29.2262969Z     └─ migration.sql
Populated Postgres Upgrade	Upgrade populated schema from 0020 through current	2026-10-05T22:53:29.2263162Z 
Populated Postgres Upgrade	Upgrade populated schema from 0020 through current	2026-10-05T22:53:29.2263448Z All migrations have been successfully applied.
Populated Postgres Upgrade	Upgrade populated schema from 0020 through current	2026-10-05T22:53:29.2494067Z [db-upgrade-smoke] Applying migrations 0021-0045 to populated data.
Populated Postgres Upgrade	Upgrade populated schema from 0020 through current	2026-10-05T22:53:30.0004540Z Loaded Prisma config from prisma.config.ts.
Populated Postgres Upgrade	Upgrade populated schema from 0020 through current	2026-10-05T22:53:30.0005323Z 
Populated Postgres Upgrade	Upgrade populated schema from 0020 through current	2026-10-05T22:53:30.1401813Z Prisma schema loaded from prisma/schema.prisma.
Populated Postgres Upgrade	Upgrade populated schema from 0020 through current	2026-10-05T22:53:30.1486751Z Datasource "db": PostgreSQL database "calibrate", schema "calibrate_upgrade_smoke_3025_04ade3397787" at "localhost:5432"
Populated Postgres Upgrade	Upgrade populated schema from 0020 through current	2026-10-05T22:53:30.2107065Z 
Populated Postgres Upgrade	Upgrade populated schema from 0020 through current	2026-10-05T22:53:30.2108751Z 47 migrations found in prisma/migrations
Populated Postgres Upgrade	Upgrade populated schema from 0020 through current	2026-10-05T22:53:30.2111722Z 
Populated Postgres Upgrade	Upgrade populated schema from 0020 through current	2026-10-05T22:53:30.2772361Z Applying migration `0021_mobile_native_client`
Populated Postgres Upgrade	Upgrade populated schema from 0020 through current	2026-10-05T22:53:30.3113283Z Applying migration `0022_bind_native_push_to_mobile_session`
Populated Postgres Upgrade	Upgrade populated schema from 0020 through current	2026-10-05T22:53:30.3227596Z Applying migration `0023_client_sync_foundation`
Populated Postgres Upgrade	Upgrade populated schema from 0020 through current	2026-10-05T22:53:30.3413968Z Applying migration `0024_account_lifecycle`
Populated Postgres Upgrade	Upgrade populated schema from 0020 through current	2026-10-05T22:53:30.3649074Z Applying migration `0025_my_food_pinning`
Populated Postgres Upgrade	Upgrade populated schema from 0020 through current	2026-10-05T22:53:30.3701144Z Applying migration `0026_health_connect_activity`
Populated Postgres Upgrade	Upgrade populated schema from 0020 through current	2026-10-05T22:53:30.4076183Z Applying migration `0027_wear_os_pairing`
Populated Postgres Upgrade	Upgrade populated schema from 0020 through current	2026-10-05T22:53:30.4234322Z Applying migration `0028_watch_operation_provenance`
Populated Postgres Upgrade	Upgrade populated schema from 0020 through current	2026-10-05T22:53:30.4297571Z Applying migration `0029_push_subscription_endpoint_ownership`
Populated Postgres Upgrade	Upgrade populated schema from 0020 through current	2026-10-05T22:53:30.4378933Z Applying migration `0030_day_resolution_and_tracking_pauses`
Populated Postgres Upgrade	Upgrade populated schema from 0020 through current	2026-10-05T22:53:30.4533003Z Applying migration `0031_calibration_insights`
Populated Postgres Upgrade	Upgrade populated schema from 0020 through current	2026-10-05T22:53:30.4764580Z Applying migration `0032_weight_trend_v2`
Populated Postgres Upgrade	Upgrade populated schema from 0020 through current	2026-10-05T22:53:30.4799000Z Applying migration `0033_weight_trend_source_revision`
Populated Postgres Upgrade	Upgrade populated schema from 0020 through current	2026-10-05T22:53:30.4825877Z Applying migration `0034_calorie_safety_policy`
Populated Postgres Upgrade	Upgrade populated schema from 0020 through current	2026-10-05T22:53:30.5492088Z Applying migration `0035_account_verification_and_legal_consent`
Populated Postgres Upgrade	Upgrade populated schema from 0020 through current	2026-10-05T22:53:30.5704667Z Applying migration `0036_atomic_onboarding`
Populated Postgres Upgrade	Upgrade populated schema from 0020 through current	2026-10-05T22:53:30.5746588Z Applying migration `0037_saved_foods_library`
Populated Postgres Upgrade	Upgrade populated schema from 0020 through current	2026-10-05T22:53:30.5785183Z Applying migration `0038_settings_trust_center`
Populated Postgres Upgrade	Upgrade populated schema from 0020 through current	2026-10-05T22:53:30.6110438Z Applying migration `0039_mcp_oauth`
Populated Postgres Upgrade	Upgrade populated schema from 0020 through current	2026-10-05T22:53:30.6631294Z Applying migration `0040_ios_native_support`
Populated Postgres Upgrade	Upgrade populated schema from 0020 through current	2026-10-05T22:53:30.6661706Z Applying migration `0041_server_settings`
Populated Postgres Upgrade	Upgrade populated schema from 0020 through current	2026-10-05T22:53:30.6714455Z Applying migration `0043_food_day_comparison`
Populated Postgres Upgrade	Upgrade populated schema from 0020 through current	2026-10-05T22:53:30.6746866Z Applying migration `0045_firebase_identity_foundation`
Populated Postgres Upgrade	Upgrade populated schema from 0020 through current	2026-10-05T22:53:30.6913517Z 
Populated Postgres Upgrade	Upgrade populated schema from 0020 through current	2026-10-05T22:53:30.6943609Z ┌─────────────────────────────────────────────────────────┐
Populated Postgres Upgrade	Upgrade populated schema from 0020 through current	2026-10-05T22:53:30.6944992Z │  Update available 7.9.0 -> 8.0.0-rc.20                  │
Populated Postgres Upgrade	Upgrade populated schema from 0020 through current	2026-10-05T22:53:30.6945915Z │                                                         │
Populated Postgres Upgrade	Upgrade populated schema from 0020 through current	2026-10-05T22:53:30.6946945Z │  This is a major update - please follow the guide at    │
Populated Postgres Upgrade	Upgrade populated schema from 0020 through current	2026-10-05T22:53:30.6947952Z │  https://pris.ly/d/major-version-upgrade                │
Populated Postgres Upgrade	Upgrade populated schema from 0020 through current	2026-10-05T22:53:30.6948891Z │                                                         │
Populated Postgres Upgrade	Upgrade populated schema from 0020 through current	2026-10-05T22:53:30.6950292Z │  Run the following to update                            │
Populated Postgres Upgrade	Upgrade populated schema from 0020 through current	2026-10-05T22:53:30.6951213Z │    npm i --save-dev prisma@latest                       │
Populated Postgres Upgrade	Upgrade populated schema from 0020 through current	2026-10-05T22:53:30.6952034Z │    npm i @prisma/client@latest                          │
Populated Postgres Upgrade	Upgrade populated schema from 0020 through current	2026-10-05T22:53:30.6952830Z └─────────────────────────────────────────────────────────┘
Populated Postgres Upgrade	Upgrade populated schema from 0020 through current	2026-10-05T22:53:30.6953515Z The following migration(s) have been applied:
Populated Postgres Upgrade	Upgrade populated schema from 0020 through current	2026-10-05T22:53:30.6953941Z 
Populated Postgres Upgrade	Upgrade populated schema from 0020 through current	2026-10-05T22:53:30.6954097Z migrations/
Populated Postgres Upgrade	Upgrade populated schema from 0020 through current	2026-10-05T22:53:30.6954489Z   └─ 0021_mobile_native_client/
Populated Postgres Upgrade	Upgrade populated schema from 0020 through current	2026-10-05T22:53:30.6954887Z     └─ migration.sql
Populated Postgres Upgrade	Upgrade populated schema from 0020 through current	2026-10-05T22:53:30.6955286Z   └─ 0022_bind_native_push_to_mobile_session/
Populated Postgres Upgrade	Upgrade populated schema from 0020 through current	2026-10-05T22:53:30.6955765Z     └─ migration.sql
Populated Postgres Upgrade	Upgrade populated schema from 0020 through current	2026-10-05T22:53:30.6956123Z   └─ 0023_client_sync_foundation/
Populated Postgres Upgrade	Upgrade populated schema from 0020 through current	2026-10-05T22:53:30.6956460Z     └─ migration.sql
Populated Postgres Upgrade	Upgrade populated schema from 0020 through current	2026-10-05T22:53:30.6956865Z   └─ 0024_account_lifecycle/
Populated Postgres Upgrade	Upgrade populated schema from 0020 through current	2026-10-05T22:53:30.6957209Z     └─ migration.sql
Populated Postgres Upgrade	Upgrade populated schema from 0020 through current	2026-10-05T22:53:30.6957579Z   └─ 0025_my_food_pinning/
Populated Postgres Upgrade	Upgrade populated schema from 0020 through current	2026-10-05T22:53:30.6957943Z     └─ migration.sql
Populated Postgres Upgrade	Upgrade populated schema from 0020 through current	2026-10-05T22:53:30.6958303Z   └─ 0026_health_connect_activity/
Populated Postgres Upgrade	Upgrade populated schema from 0020 through current	2026-10-05T22:53:30.6958670Z     └─ migration.sql
Populated Postgres Upgrade	Upgrade populated schema from 0020 through current	2026-10-05T22:53:30.6959038Z   └─ 0027_wear_os_pairing/
Populated Postgres Upgrade	Upgrade populated schema from 0020 through current	2026-10-05T22:53:30.6959732Z     └─ migration.sql
Populated Postgres Upgrade	Upgrade populated schema from 0020 through current	2026-10-05T22:53:30.6960108Z   └─ 0028_watch_operation_provenance/
Populated Postgres Upgrade	Upgrade populated schema from 0020 through current	2026-10-05T22:53:30.6960516Z     └─ migration.sql
Populated Postgres Upgrade	Upgrade populated schema from 0020 through current	2026-10-05T22:53:30.6960913Z   └─ 0029_push_subscription_endpoint_ownership/
Populated Postgres Upgrade	Upgrade populated schema from 0020 through current	2026-10-05T22:53:30.6961310Z     └─ migration.sql
Populated Postgres Upgrade	Upgrade populated schema from 0020 through current	2026-10-05T22:53:30.6961778Z   └─ 0030_day_resolution_and_tracking_pauses/
Populated Postgres Upgrade	Upgrade populated schema from 0020 through current	2026-10-05T22:53:30.6962158Z     └─ migration.sql
Populated Postgres Upgrade	Upgrade populated schema from 0020 through current	2026-10-05T22:53:30.6962522Z   └─ 0031_calibration_insights/
Populated Postgres Upgrade	Upgrade populated schema from 0020 through current	2026-10-05T22:53:30.6963171Z     └─ migration.sql
Populated Postgres Upgrade	Upgrade populated schema from 0020 through current	2026-10-05T22:53:30.6963499Z   └─ 0032_weight_trend_v2/
Populated Postgres Upgrade	Upgrade populated schema from 0020 through current	2026-10-05T22:53:30.6963845Z     └─ migration.sql
Populated Postgres Upgrade	Upgrade populated schema from 0020 through current	2026-10-05T22:53:30.6964377Z   └─ 0033_weight_trend_source_revision/
Populated Postgres Upgrade	Upgrade populated schema from 0020 through current	2026-10-05T22:53:30.6964930Z     └─ migration.sql
Populated Postgres Upgrade	Upgrade populated schema from 0020 through current	2026-10-05T22:53:30.6965453Z   └─ 0034_calorie_safety_policy/
Populated Postgres Upgrade	Upgrade populated schema from 0020 through current	2026-10-05T22:53:30.6965940Z     └─ migration.sql
Populated Postgres Upgrade	Upgrade populated schema from 0020 through current	2026-10-05T22:53:30.6966522Z   └─ 0035_account_verification_and_legal_consent/
Populated Postgres Upgrade	Upgrade populated schema from 0020 through current	2026-10-05T22:53:30.6967158Z     └─ migration.sql
Populated Postgres Upgrade	Upgrade populated schema from 0020 through current	2026-10-05T22:53:30.6967650Z   └─ 0036_atomic_onboarding/
Populated Postgres Upgrade	Upgrade populated schema from 0020 through current	2026-10-05T22:53:30.6968183Z     └─ migration.sql
Populated Postgres Upgrade	Upgrade populated schema from 0020 through current	2026-10-05T22:53:30.6968658Z   └─ 0037_saved_foods_library/
Populated Postgres Upgrade	Upgrade populated schema from 0020 through current	2026-10-05T22:53:30.6969111Z     └─ migration.sql
Populated Postgres Upgrade	Upgrade populated schema from 0020 through current	2026-10-05T22:53:30.6969893Z   └─ 0038_settings_trust_center/
Populated Postgres Upgrade	Upgrade populated schema from 0020 through current	2026-10-05T22:53:30.6970401Z     └─ migration.sql
Populated Postgres Upgrade	Upgrade populated schema from 0020 through current	2026-10-05T22:53:30.6970830Z   └─ 0039_mcp_oauth/
Populated Postgres Upgrade	Upgrade populated schema from 0020 through current	2026-10-05T22:53:30.6971264Z     └─ migration.sql
Populated Postgres Upgrade	Upgrade populated schema from 0020 through current	2026-10-05T22:53:30.6971689Z   └─ 0040_ios_native_support/
Populated Postgres Upgrade	Upgrade populated schema from 0020 through current	2026-10-05T22:53:30.6972188Z     └─ migration.sql
Populated Postgres Upgrade	Upgrade populated schema from 0020 through current	2026-10-05T22:53:30.6972683Z   └─ 0041_server_settings/
Populated Postgres Upgrade	Upgrade populated schema from 0020 through current	2026-10-05T22:53:30.6973102Z     └─ migration.sql
Populated Postgres Upgrade	Upgrade populated schema from 0020 through current	2026-10-05T22:53:30.6973576Z   └─ 0043_food_day_comparison/
Populated Postgres Upgrade	Upgrade populated schema from 0020 through current	2026-10-05T22:53:30.6974002Z     └─ migration.sql
Populated Postgres Upgrade	Upgrade populated schema from 0020 through current	2026-10-05T22:53:30.6974525Z   └─ 0045_firebase_identity_foundation/
Populated Postgres Upgrade	Upgrade populated schema from 0020 through current	2026-10-05T22:53:30.6975049Z     └─ migration.sql
Populated Postgres Upgrade	Upgrade populated schema from 0020 through current	2026-10-05T22:53:30.6975296Z 
Populated Postgres Upgrade	Upgrade populated schema from 0020 through current	2026-10-05T22:53:30.6975567Z All migrations have been successfully applied.
Populated Postgres Upgrade	Upgrade populated schema from 0020 through current	2026-10-05T22:53:30.7552961Z [db-upgrade-smoke] PASS: immutable mapping, local deletion cascade and monotonic credential security version.
Populated Postgres Upgrade	Upgrade populated schema from 0020 through current	2026-10-05T22:53:30.7556319Z [db-upgrade-smoke] PASS: retained core data across 47 migrations.
Populated Postgres Upgrade	Serialize concurrent weight-trend materialization	﻿2026-10-05T22:53:30.9055728Z ##[group]Run node scripts/postgres-weight-trend-concurrency-smoke.mjs
Populated Postgres Upgrade	Serialize concurrent weight-trend materialization	2026-10-05T22:53:30.9056496Z ^[[36;1mnode scripts/postgres-weight-trend-concurrency-smoke.mjs^[[0m
Populated Postgres Upgrade	Serialize concurrent weight-trend materialization	2026-10-05T22:53:30.9096644Z shell: /usr/bin/bash -e {0}
Populated Postgres Upgrade	Serialize concurrent weight-trend materialization	2026-10-05T22:53:30.9097097Z env:
Populated Postgres Upgrade	Serialize concurrent weight-trend materialization	2026-10-05T22:53:30.9097809Z   DATABASE_URL: ***localhost:5432/calibrate?schema=public
Populated Postgres Upgrade	Serialize concurrent weight-trend materialization	2026-10-05T22:53:30.9098218Z ##[endgroup]
Populated Postgres Upgrade	Serialize concurrent weight-trend materialization	2026-10-05T22:53:31.7158287Z Loaded Prisma config from prisma.config.ts.
Populated Postgres Upgrade	Serialize concurrent weight-trend materialization	2026-10-05T22:53:31.7158966Z 
Populated Postgres Upgrade	Serialize concurrent weight-trend materialization	2026-10-05T22:53:31.8316663Z Prisma schema loaded from prisma/schema.prisma.
Populated Postgres Upgrade	Serialize concurrent weight-trend materialization	2026-10-05T22:53:31.8400689Z Datasource "db": PostgreSQL database "calibrate", schema "calibrate_upgrade_smoke_weight_trend_3133_531f0b44e3c2" at "localhost:5432"
Populated Postgres Upgrade	Serialize concurrent weight-trend materialization	2026-10-05T22:53:31.9020461Z 
Populated Postgres Upgrade	Serialize concurrent weight-trend materialization	2026-10-05T22:53:31.9021601Z 47 migrations found in prisma/migrations
Populated Postgres Upgrade	Serialize concurrent weight-trend materialization	2026-10-05T22:53:31.9022076Z 
Populated Postgres Upgrade	Serialize concurrent weight-trend materialization	2026-10-05T22:53:31.9746398Z Applying migration `0001_init`
Populated Postgres Upgrade	Serialize concurrent weight-trend materialization	2026-10-05T22:53:31.9996413Z Applying migration `0002_weight_units_grams`
Populated Postgres Upgrade	Serialize concurrent weight-trend materialization	2026-10-05T22:53:32.0108812Z Applying migration `0003_bodymetric_date_only`
Populated Postgres Upgrade	Serialize concurrent weight-trend materialization	2026-10-05T22:53:32.0209534Z Applying migration `0004_add_profile_fields`
Populated Postgres Upgrade	Serialize concurrent weight-trend materialization	2026-10-05T22:53:32.0256253Z Applying migration `0005_add_user_timezone`
Populated Postgres Upgrade	Serialize concurrent weight-trend materialization	2026-10-05T22:53:32.0289860Z Applying migration `0006_foodlog_local_date`
Populated Postgres Upgrade	Serialize concurrent weight-trend materialization	2026-10-05T22:53:32.0345222Z Applying migration `0007_height_unit_preference`
Populated Postgres Upgrade	Serialize concurrent weight-trend materialization	2026-10-05T22:53:32.0393225Z Applying migration `0008_meal_period_enum`
Populated Postgres Upgrade	Serialize concurrent weight-trend materialization	2026-10-05T22:53:32.0502245Z Applying migration `0009_add_user_profile_image`
Populated Postgres Upgrade	Serialize concurrent weight-trend materialization	2026-10-05T22:53:32.0533318Z Applying migration `0010_my_foods`
Populated Postgres Upgrade	Serialize concurrent weight-trend materialization	2026-10-05T22:53:32.0755460Z Applying migration `0011_add_user_language`
Populated Postgres Upgrade	Serialize concurrent weight-trend materialization	2026-10-05T22:53:32.0787368Z Applying migration `0012_session_store`
Populated Postgres Upgrade	Serialize concurrent weight-trend materialization	2026-10-05T22:53:32.0863282Z Applying migration `0013_food_log_day_completion`
Populated Postgres Upgrade	Serialize concurrent weight-trend materialization	2026-10-05T22:53:32.0943850Z Applying migration `0013_push_subscriptions`
Populated Postgres Upgrade	Serialize concurrent weight-trend materialization	2026-10-05T22:53:32.3868692Z Applying migration `0014_push_subscription_reminders`
Populated Postgres Upgrade	Serialize concurrent weight-trend materialization	2026-10-05T22:53:32.3898948Z Applying migration `0014_push_subscription_user_endpoint_uniqueness`
Populated Postgres Upgrade	Serialize concurrent weight-trend materialization	2026-10-05T22:53:32.3948598Z Applying migration `0015_reminder_preference_flags`
Populated Postgres Upgrade	Serialize concurrent weight-trend materialization	2026-10-05T22:53:32.3983805Z Applying migration `0016_bodymetric_trend_precompute`
Populated Postgres Upgrade	Serialize concurrent weight-trend materialization	2026-10-05T22:53:32.4064025Z Applying migration `0016_in_app_notifications`
Populated Postgres Upgrade	Serialize concurrent weight-trend materialization	2026-10-05T22:53:32.4184212Z Applying migration `0017_haptics_preference`
Populated Postgres Upgrade	Serialize concurrent weight-trend materialization	2026-10-05T22:53:32.4216016Z Applying migration `0017_notification_delivery_channels`
Populated Postgres Upgrade	Serialize concurrent weight-trend materialization	2026-10-05T22:53:32.4289548Z Applying migration `0018_food_log_external_snapshots`
Populated Postgres Upgrade	Serialize concurrent weight-trend materialization	2026-10-05T22:53:32.4326002Z Applying migration `0019_backend_server_audit_indexes`
Populated Postgres Upgrade	Serialize concurrent weight-trend materialization	2026-10-05T22:53:32.4365885Z Applying migration `0020_goal_active_lookup_index`
Populated Postgres Upgrade	Serialize concurrent weight-trend materialization	2026-10-05T22:53:32.4393684Z Applying migration `0021_mobile_native_client`
Populated Postgres Upgrade	Serialize concurrent weight-trend materialization	2026-10-05T22:53:32.4650167Z Applying migration `0022_bind_native_push_to_mobile_session`
Populated Postgres Upgrade	Serialize concurrent weight-trend materialization	2026-10-05T22:53:32.4755805Z Applying migration `0023_client_sync_foundation`
Populated Postgres Upgrade	Serialize concurrent weight-trend materialization	2026-10-05T22:53:32.4940664Z Applying migration `0024_account_lifecycle`
Populated Postgres Upgrade	Serialize concurrent weight-trend materialization	2026-10-05T22:53:32.5143027Z Applying migration `0025_my_food_pinning`
Populated Postgres Upgrade	Serialize concurrent weight-trend materialization	2026-10-05T22:53:32.5193532Z Applying migration `0026_health_connect_activity`
Populated Postgres Upgrade	Serialize concurrent weight-trend materialization	2026-10-05T22:53:32.5565233Z Applying migration `0027_wear_os_pairing`
Populated Postgres Upgrade	Serialize concurrent weight-trend materialization	2026-10-05T22:53:32.5732415Z Applying migration `0028_watch_operation_provenance`
Populated Postgres Upgrade	Serialize concurrent weight-trend materialization	2026-10-05T22:53:32.5794357Z Applying migration `0029_push_subscription_endpoint_ownership`
Populated Postgres Upgrade	Serialize concurrent weight-trend materialization	2026-10-05T22:53:32.5871518Z Applying migration `0030_day_resolution_and_tracking_pauses`
Populated Postgres Upgrade	Serialize concurrent weight-trend materialization	2026-10-05T22:53:32.6017346Z Applying migration `0031_calibration_insights`
Populated Postgres Upgrade	Serialize concurrent weight-trend materialization	2026-10-05T22:53:32.6254615Z Applying migration `0032_weight_trend_v2`
Populated Postgres Upgrade	Serialize concurrent weight-trend materialization	2026-10-05T22:53:32.6291281Z Applying migration `0033_weight_trend_source_revision`
Populated Postgres Upgrade	Serialize concurrent weight-trend materialization	2026-10-05T22:53:32.6322818Z Applying migration `0034_calorie_safety_policy`
Populated Postgres Upgrade	Serialize concurrent weight-trend materialization	2026-10-05T22:53:32.6572908Z Applying migration `0035_account_verification_and_legal_consent`
Populated Postgres Upgrade	Serialize concurrent weight-trend materialization	2026-10-05T22:53:32.6794320Z Applying migration `0036_atomic_onboarding`
Populated Postgres Upgrade	Serialize concurrent weight-trend materialization	2026-10-05T22:53:32.6833148Z Applying migration `0037_saved_foods_library`
Populated Postgres Upgrade	Serialize concurrent weight-trend materialization	2026-10-05T22:53:32.6872709Z Applying migration `0038_settings_trust_center`
Populated Postgres Upgrade	Serialize concurrent weight-trend materialization	2026-10-05T22:53:32.7149048Z Applying migration `0039_mcp_oauth`
Populated Postgres Upgrade	Serialize concurrent weight-trend materialization	2026-10-05T22:53:32.7623696Z Applying migration `0040_ios_native_support`
Populated Postgres Upgrade	Serialize concurrent weight-trend materialization	2026-10-05T22:53:32.7654062Z Applying migration `0041_server_settings`
Populated Postgres Upgrade	Serialize concurrent weight-trend materialization	2026-10-05T22:53:32.7702696Z Applying migration `0043_food_day_comparison`
Populated Postgres Upgrade	Serialize concurrent weight-trend materialization	2026-10-05T22:53:32.7733021Z Applying migration `0045_firebase_identity_foundation`
Populated Postgres Upgrade	Serialize concurrent weight-trend materialization	2026-10-05T22:53:32.7866294Z 
Populated Postgres Upgrade	Serialize concurrent weight-trend materialization	2026-10-05T22:53:32.7880713Z The following migration(s) have been applied:
Populated Postgres Upgrade	Serialize concurrent weight-trend materialization	2026-10-05T22:53:32.7881654Z 
Populated Postgres Upgrade	Serialize concurrent weight-trend materialization	2026-10-05T22:53:32.7881910Z migrations/
Populated Postgres Upgrade	Serialize concurrent weight-trend materialization	2026-10-05T22:53:32.7882648Z   └─ 0001_init/
Populated Postgres Upgrade	Serialize concurrent weight-trend materialization	2026-10-05T22:53:32.7883211Z     └─ migration.sql
Populated Postgres Upgrade	Serialize concurrent weight-trend materialization	2026-10-05T22:53:32.7883869Z   └─ 0002_weight_units_grams/
Populated Postgres Upgrade	Serialize concurrent weight-trend materialization	2026-10-05T22:53:32.7884504Z     └─ migration.sql
Populated Postgres Upgrade	Serialize concurrent weight-trend materialization	2026-10-05T22:53:32.7885255Z   └─ 0003_bodymetric_date_only/
Populated Postgres Upgrade	Serialize concurrent weight-trend materialization	2026-10-05T22:53:32.7885794Z     └─ migration.sql
Populated Postgres Upgrade	Serialize concurrent weight-trend materialization	2026-10-05T22:53:32.7886194Z   └─ 0004_add_profile_fields/
Populated Postgres Upgrade	Serialize concurrent weight-trend materialization	2026-10-05T22:53:32.7886616Z     └─ migration.sql
Populated Postgres Upgrade	Serialize concurrent weight-trend materialization	2026-10-05T22:53:32.7887115Z   └─ 0005_add_user_timezone/
Populated Postgres Upgrade	Serialize concurrent weight-trend materialization	2026-10-05T22:53:32.7887541Z     └─ migration.sql
Populated Postgres Upgrade	Serialize concurrent weight-trend materialization	2026-10-05T22:53:32.7887921Z   └─ 0006_foodlog_local_date/
Populated Postgres Upgrade	Serialize concurrent weight-trend materialization	2026-10-05T22:53:32.7888379Z     └─ migration.sql
Populated Postgres Upgrade	Serialize concurrent weight-trend materialization	2026-10-05T22:53:32.7888774Z   └─ 0007_height_unit_preference/
Populated Postgres Upgrade	Serialize concurrent weight-trend materialization	2026-10-05T22:53:32.7889395Z     └─ migration.sql
Populated Postgres Upgrade	Serialize concurrent weight-trend materialization	2026-10-05T22:53:32.7889874Z   └─ 0008_meal_period_enum/
Populated Postgres Upgrade	Serialize concurrent weight-trend materialization	2026-10-05T22:53:32.7890239Z     └─ migration.sql
Populated Postgres Upgrade	Serialize concurrent weight-trend materialization	2026-10-05T22:53:32.7890750Z   └─ 0009_add_user_profile_image/
Populated Postgres Upgrade	Serialize concurrent weight-trend materialization	2026-10-05T22:53:32.7891185Z     └─ migration.sql
Populated Postgres Upgrade	Serialize concurrent weight-trend materialization	2026-10-05T22:53:32.7891559Z   └─ 0010_my_foods/
Populated Postgres Upgrade	Serialize concurrent weight-trend materialization	2026-10-05T22:53:32.7891964Z     └─ migration.sql
Populated Postgres Upgrade	Serialize concurrent weight-trend materialization	2026-10-05T22:53:32.7892280Z   └─ 0011_add_user_language/
Populated Postgres Upgrade	Serialize concurrent weight-trend materialization	2026-10-05T22:53:32.7892746Z     └─ migration.sql
Populated Postgres Upgrade	Serialize concurrent weight-trend materialization	2026-10-05T22:53:32.7893066Z   └─ 0012_session_store/
Populated Postgres Upgrade	Serialize concurrent weight-trend materialization	2026-10-05T22:53:32.7893468Z     └─ migration.sql
Populated Postgres Upgrade	Serialize concurrent weight-trend materialization	2026-10-05T22:53:32.7893991Z   └─ 0013_food_log_day_completion/
Populated Postgres Upgrade	Serialize concurrent weight-trend materialization	2026-10-05T22:53:32.7894456Z     └─ migration.sql
Populated Postgres Upgrade	Serialize concurrent weight-trend materialization	2026-10-05T22:53:32.7894808Z   └─ 0013_push_subscriptions/
Populated Postgres Upgrade	Serialize concurrent weight-trend materialization	2026-10-05T22:53:32.7895182Z     └─ migration.sql
Populated Postgres Upgrade	Serialize concurrent weight-trend materialization	2026-10-05T22:53:32.7895606Z   └─ 0014_push_subscription_reminders/
Populated Postgres Upgrade	Serialize concurrent weight-trend materialization	2026-10-05T22:53:32.7895978Z     └─ migration.sql
Populated Postgres Upgrade	Serialize concurrent weight-trend materialization	2026-10-05T22:53:32.7896444Z   └─ 0014_push_subscription_user_endpoint_uniqueness/
Populated Postgres Upgrade	Serialize concurrent weight-trend materialization	2026-10-05T22:53:32.7896920Z     └─ migration.sql
Populated Postgres Upgrade	Serialize concurrent weight-trend materialization	2026-10-05T22:53:32.7897535Z   └─ 0015_reminder_preference_flags/
Populated Postgres Upgrade	Serialize concurrent weight-trend materialization	2026-10-05T22:53:32.7897990Z     └─ migration.sql
Populated Postgres Upgrade	Serialize concurrent weight-trend materialization	2026-10-05T22:53:32.7898349Z   └─ 0016_bodymetric_trend_precompute/
Populated Postgres Upgrade	Serialize concurrent weight-trend materialization	2026-10-05T22:53:32.7898725Z     └─ migration.sql
Populated Postgres Upgrade	Serialize concurrent weight-trend materialization	2026-10-05T22:53:32.7899074Z   └─ 0016_in_app_notifications/
Populated Postgres Upgrade	Serialize concurrent weight-trend materialization	2026-10-05T22:53:32.7899750Z     └─ migration.sql
Populated Postgres Upgrade	Serialize concurrent weight-trend materialization	2026-10-05T22:53:32.7900214Z   └─ 0017_haptics_preference/
Populated Postgres Upgrade	Serialize concurrent weight-trend materialization	2026-10-05T22:53:32.7900757Z     └─ migration.sql
Populated Postgres Upgrade	Serialize concurrent weight-trend materialization	2026-10-05T22:53:32.7901319Z   └─ 0017_notification_delivery_channels/
Populated Postgres Upgrade	Serialize concurrent weight-trend materialization	2026-10-05T22:53:32.7901753Z     └─ migration.sql
Populated Postgres Upgrade	Serialize concurrent weight-trend materialization	2026-10-05T22:53:32.7902155Z   └─ 0018_food_log_external_snapshots/
Populated Postgres Upgrade	Serialize concurrent weight-trend materialization	2026-10-05T22:53:32.7902561Z     └─ migration.sql
Populated Postgres Upgrade	Serialize concurrent weight-trend materialization	2026-10-05T22:53:32.7902908Z   └─ 0019_backend_server_audit_indexes/
Populated Postgres Upgrade	Serialize concurrent weight-trend materialization	2026-10-05T22:53:32.7903316Z     └─ migration.sql
Populated Postgres Upgrade	Serialize concurrent weight-trend materialization	2026-10-05T22:53:32.7903729Z   └─ 0020_goal_active_lookup_index/
Populated Postgres Upgrade	Serialize concurrent weight-trend materialization	2026-10-05T22:53:32.7904089Z     └─ migration.sql
Populated Postgres Upgrade	Serialize concurrent weight-trend materialization	2026-10-05T22:53:32.7904438Z   └─ 0021_mobile_native_client/
Populated Postgres Upgrade	Serialize concurrent weight-trend materialization	2026-10-05T22:53:32.7904822Z     └─ migration.sql
Populated Postgres Upgrade	Serialize concurrent weight-trend materialization	2026-10-05T22:53:32.7905212Z   └─ 0022_bind_native_push_to_mobile_session/
Populated Postgres Upgrade	Serialize concurrent weight-trend materialization	2026-10-05T22:53:32.7905607Z     └─ migration.sql
Populated Postgres Upgrade	Serialize concurrent weight-trend materialization	2026-10-05T22:53:32.7905995Z   └─ 0023_client_sync_foundation/
Populated Postgres Upgrade	Serialize concurrent weight-trend materialization	2026-10-05T22:53:32.7906343Z     └─ migration.sql
Populated Postgres Upgrade	Serialize concurrent weight-trend materialization	2026-10-05T22:53:32.7906669Z   └─ 0024_account_lifecycle/
Populated Postgres Upgrade	Serialize concurrent weight-trend materialization	2026-10-05T22:53:32.7907050Z     └─ migration.sql
Populated Postgres Upgrade	Serialize concurrent weight-trend materialization	2026-10-05T22:53:32.7907410Z   └─ 0025_my_food_pinning/
Populated Postgres Upgrade	Serialize concurrent weight-trend materialization	2026-10-05T22:53:32.7907877Z     └─ migration.sql
Populated Postgres Upgrade	Serialize concurrent weight-trend materialization	2026-10-05T22:53:32.7908336Z   └─ 0026_health_connect_activity/
Populated Postgres Upgrade	Serialize concurrent weight-trend materialization	2026-10-05T22:53:32.7908868Z     └─ migration.sql
Populated Postgres Upgrade	Serialize concurrent weight-trend materialization	2026-10-05T22:53:32.7909556Z   └─ 0027_wear_os_pairing/
Populated Postgres Upgrade	Serialize concurrent weight-trend materialization	2026-10-05T22:53:32.7910035Z     └─ migration.sql
Populated Postgres Upgrade	Serialize concurrent weight-trend materialization	2026-10-05T22:53:32.7910616Z   └─ 0028_watch_operation_provenance/
Populated Postgres Upgrade	Serialize concurrent weight-trend materialization	2026-10-05T22:53:32.7911346Z     └─ migration.sql
Populated Postgres Upgrade	Serialize concurrent weight-trend materialization	2026-10-05T22:53:32.7911905Z   └─ 0029_push_subscription_endpoint_ownership/
Populated Postgres Upgrade	Serialize concurrent weight-trend materialization	2026-10-05T22:53:32.7912545Z     └─ migration.sql
Populated Postgres Upgrade	Serialize concurrent weight-trend materialization	2026-10-05T22:53:32.7913074Z   └─ 0030_day_resolution_and_tracking_pauses/
Populated Postgres Upgrade	Serialize concurrent weight-trend materialization	2026-10-05T22:53:32.7913629Z     └─ migration.sql
Populated Postgres Upgrade	Serialize concurrent weight-trend materialization	2026-10-05T22:53:32.7914147Z   └─ 0031_calibration_insights/
Populated Postgres Upgrade	Serialize concurrent weight-trend materialization	2026-10-05T22:53:32.7914646Z     └─ migration.sql
Populated Postgres Upgrade	Serialize concurrent weight-trend materialization	2026-10-05T22:53:32.7915128Z   └─ 0032_weight_trend_v2/
Populated Postgres Upgrade	Serialize concurrent weight-trend materialization	2026-10-05T22:53:32.7915656Z     └─ migration.sql
Populated Postgres Upgrade	Serialize concurrent weight-trend materialization	2026-10-05T22:53:32.7916147Z   └─ 0033_weight_trend_source_revision/
Populated Postgres Upgrade	Serialize concurrent weight-trend materialization	2026-10-05T22:53:32.7916608Z     └─ migration.sql
Populated Postgres Upgrade	Serialize concurrent weight-trend materialization	2026-10-05T22:53:32.7917209Z   └─ 0034_calorie_safety_policy/
Populated Postgres Upgrade	Serialize concurrent weight-trend materialization	2026-10-05T22:53:32.7917691Z     └─ migration.sql
Populated Postgres Upgrade	Serialize concurrent weight-trend materialization	2026-10-05T22:53:32.7918679Z   └─ 0035_account_verification_and_legal_consent/
Populated Postgres Upgrade	Serialize concurrent weight-trend materialization	2026-10-05T22:53:32.7919466Z     └─ migration.sql
Populated Postgres Upgrade	Serialize concurrent weight-trend materialization	2026-10-05T22:53:32.7919916Z   └─ 0036_atomic_onboarding/
Populated Postgres Upgrade	Serialize concurrent weight-trend materialization	2026-10-05T22:53:32.7920448Z     └─ migration.sql
Populated Postgres Upgrade	Serialize concurrent weight-trend materialization	2026-10-05T22:53:32.7920956Z   └─ 0037_saved_foods_library/
Populated Postgres Upgrade	Serialize concurrent weight-trend materialization	2026-10-05T22:53:32.7921502Z     └─ migration.sql
Populated Postgres Upgrade	Serialize concurrent weight-trend materialization	2026-10-05T22:53:32.7921985Z   └─ 0038_settings_trust_center/
Populated Postgres Upgrade	Serialize concurrent weight-trend materialization	2026-10-05T22:53:32.7922475Z     └─ migration.sql
Populated Postgres Upgrade	Serialize concurrent weight-trend materialization	2026-10-05T22:53:32.7923018Z   └─ 0039_mcp_oauth/
Populated Postgres Upgrade	Serialize concurrent weight-trend materialization	2026-10-05T22:53:32.7923450Z     └─ migration.sql
Populated Postgres Upgrade	Serialize concurrent weight-trend materialization	2026-10-05T22:53:32.7923938Z   └─ 0040_ios_native_support/
Populated Postgres Upgrade	Serialize concurrent weight-trend materialization	2026-10-05T22:53:32.7924472Z     └─ migration.sql
Populated Postgres Upgrade	Serialize concurrent weight-trend materialization	2026-10-05T22:53:32.7924971Z   └─ 0041_server_settings/
Populated Postgres Upgrade	Serialize concurrent weight-trend materialization	2026-10-05T22:53:32.7925454Z     └─ migration.sql
Populated Postgres Upgrade	Serialize concurrent weight-trend materialization	2026-10-05T22:53:32.7925963Z   └─ 0043_food_day_comparison/
Populated Postgres Upgrade	Serialize concurrent weight-trend materialization	2026-10-05T22:53:32.7926466Z     └─ migration.sql
Populated Postgres Upgrade	Serialize concurrent weight-trend materialization	2026-10-05T22:53:32.7926978Z   └─ 0045_firebase_identity_foundation/
Populated Postgres Upgrade	Serialize concurrent weight-trend materialization	2026-10-05T22:53:32.7927578Z     └─ migration.sql
Populated Postgres Upgrade	Serialize concurrent weight-trend materialization	2026-10-05T22:53:32.7927790Z 
Populated Postgres Upgrade	Serialize concurrent weight-trend materialization	2026-10-05T22:53:32.7928109Z All migrations have been successfully applied.
Populated Postgres Upgrade	Serialize concurrent weight-trend materialization	2026-10-05T22:53:33.7051594Z [weight-trend-concurrency-smoke] PASS: two same-user recomputations queued on the advisory lock and produced one 12-row source revision.
Populated Postgres Upgrade	Post Setup Node	﻿2026-10-05T22:53:33.8861544Z Post job cleanup.
Populated Postgres Upgrade	Post Setup Node	2026-10-05T22:53:33.9994146Z (node:3227) [DEP0040] DeprecationWarning: The `punycode` module is deprecated. Please use a userland alternative instead.
Populated Postgres Upgrade	Post Setup Node	2026-10-05T22:53:33.9995140Z (Use `node --trace-deprecation ...` to show where the warning was created)
Populated Postgres Upgrade	Post Setup Node	2026-10-05T22:53:33.9996977Z Cache hit occurred on the primary key node-cache-Linux-x64-npm-9ad1fc3d02200f097d647c965e5a2c426e45ead6e22fb282009302d8eeb7a3d3, not saving cache.
Populated Postgres Upgrade	Post Checkout	﻿2026-10-05T22:53:34.0346488Z Post job cleanup.
Populated Postgres Upgrade	Post Checkout	2026-10-05T22:53:34.1134150Z [command]/usr/bin/git version
Populated Postgres Upgrade	Post Checkout	2026-10-05T22:53:34.1176502Z git version 2.55.0
Populated Postgres Upgrade	Post Checkout	2026-10-05T22:53:34.1215811Z Temporarily overriding HOME='/home/runner/work/_temp/b0b9b427-0b54-4ecd-aaf7-f3b1d99c09c4' before making global git config changes
Populated Postgres Upgrade	Post Checkout	2026-10-05T22:53:34.1217114Z Adding repository directory to the temporary git global config as a safe directory
Populated Postgres Upgrade	Post Checkout	2026-10-05T22:53:34.1222905Z [command]/usr/bin/git config --global --add safe.directory /home/runner/work/calibrate-health/calibrate-health
Populated Postgres Upgrade	Post Checkout	2026-10-05T22:53:34.1261416Z [command]/usr/bin/git config --local --name-only --get-regexp core\.sshCommand
Populated Postgres Upgrade	Post Checkout	2026-10-05T22:53:34.1292302Z [command]/usr/bin/git submodule foreach --recursive sh -c "git config --local --name-only --get-regexp 'core\.sshCommand' && git config --local --unset-all 'core.sshCommand' || :"
Populated Postgres Upgrade	Post Checkout	2026-10-05T22:53:34.1521137Z [command]/usr/bin/git config --local --name-only --get-regexp http\.https\:\/\/github\.com\/\.extraheader
Populated Postgres Upgrade	Post Checkout	2026-10-05T22:53:34.1535179Z http.https://github.com/.extraheader
Populated Postgres Upgrade	Post Checkout	2026-10-05T22:53:34.1545223Z [command]/usr/bin/git config --local --unset-all http.https://github.com/.extraheader
Populated Postgres Upgrade	Post Checkout	2026-10-05T22:53:34.1577676Z [command]/usr/bin/git submodule foreach --recursive sh -c "git config --local --name-only --get-regexp 'http\.https\:\/\/github\.com\/\.extraheader' && git config --local --unset-all 'http.https://github.com/.extraheader' || :"
Populated Postgres Upgrade	Post Checkout	2026-10-05T22:53:34.1791702Z [command]/usr/bin/git config --local --name-only --get-regexp ^includeIf\.gitdir:
Populated Postgres Upgrade	Post Checkout	2026-10-05T22:53:34.1820334Z [command]/usr/bin/git submodule foreach --recursive git config --local --show-origin --name-only --get-regexp remote.origin.url
Populated Postgres Upgrade	Stop containers	﻿2026-10-05T22:53:34.2143904Z Print service container logs: af2e3ea42ba949a3aaec61eaa25db0a5_postgres15alpine_898bb3
Populated Postgres Upgrade	Stop containers	2026-10-05T22:53:34.2149464Z ##[command]/usr/bin/docker logs --details 443c80498369b41da02fe4ca453383b5722645a7e7e686f430ed349db065f5ac
Populated Postgres Upgrade	Stop containers	2026-10-05T22:53:34.2278435Z  The files belonging to this database system will be owned by user "postgres".
Populated Postgres Upgrade	Stop containers	2026-10-05T22:53:34.2279515Z  This user must also own the server process.
Populated Postgres Upgrade	Stop containers	2026-10-05T22:53:34.2280071Z  
Populated Postgres Upgrade	Stop containers	2026-10-05T22:53:34.2280624Z  The database cluster will be initialized with locale "en_US.utf8".
Populated Postgres Upgrade	Stop containers	2026-10-05T22:53:34.2281410Z  The default database encoding has accordingly been set to "UTF8".
Populated Postgres Upgrade	Stop containers	2026-10-05T22:53:34.2282985Z  sh: locale: not found
Populated Postgres Upgrade	Stop containers	2026-10-05T22:53:34.2283493Z  2026-10-05 22:53:09.843 UTC [35] WARNING:  no usable system locales were found
Populated Postgres Upgrade	Stop containers	2026-10-05T22:53:34.2284158Z  initdb: warning: enabling "trust" authentication for local connections
Populated Postgres Upgrade	Stop containers	2026-10-05T22:53:34.2285147Z  initdb: hint: You can change this by editing pg_hba.conf or using the option -A, or --auth-local and --auth-host, the next time you run initdb.
Populated Postgres Upgrade	Stop containers	2026-10-05T22:53:34.2286143Z  The default text search configuration will be set to "english".
Populated Postgres Upgrade	Stop containers	2026-10-05T22:53:34.2287321Z  2026-10-05 22:53:10.942 UTC [1] LOG:  starting PostgreSQL 15.19 on x86_64-pc-linux-musl, compiled by gcc (Alpine 15.2.0) 15.2.0, 64-bit
Populated Postgres Upgrade	Stop containers	2026-10-05T22:53:34.2288175Z  2026-10-05 22:53:10.942 UTC [1] LOG:  listening on IPv4 address "0.0.0.0", port 5432
Populated Postgres Upgrade	Stop containers	2026-10-05T22:53:34.2288804Z  2026-10-05 22:53:10.942 UTC [1] LOG:  listening on IPv6 address "::", port 5432
Populated Postgres Upgrade	Stop containers	2026-10-05T22:53:34.2289666Z  2026-10-05 22:53:10.943 UTC [1] LOG:  listening on Unix socket "/var/run/postgresql/.s.PGSQL.5432"
Populated Postgres Upgrade	Stop containers	2026-10-05T22:53:34.2290514Z  2026-10-05 22:53:10.946 UTC [57] LOG:  database system was shut down at 2026-10-05 22:53:10 UTC
Populated Postgres Upgrade	Stop containers	2026-10-05T22:53:34.2291259Z  2026-10-05 22:53:10.950 UTC [1] LOG:  database system is ready to accept connections
Populated Postgres Upgrade	Stop containers	2026-10-05T22:53:34.2291950Z  2026-10-05 22:53:30.734 UTC [124] ERROR:  Firebase identity mapping is immutable
Populated Postgres Upgrade	Stop containers	2026-10-05T22:53:34.2293120Z  2026-10-05 22:53:30.734 UTC [124] CONTEXT:  PL/pgSQL function calibrate_upgrade_smoke_3025_04ade3397787.calibrate_immutable_firebase_identity() line 15 at RAISE
Populated Postgres Upgrade	Stop containers	2026-10-05T22:53:34.2294197Z  2026-10-05 22:53:30.734 UTC [124] STATEMENT:  UPDATE "calibrate_upgrade_smoke_3025_04ade3397787"."FirebaseIdentity" SET "uid" = 'changed-uid' WHERE "user_id" = $1
Populated Postgres Upgrade	Stop containers	2026-10-05T22:53:34.2294958Z  2026-10-05 22:53:30.735 UTC [124] ERROR:  Firebase identity mapping cannot be removed from a live account
Populated Postgres Upgrade	Stop containers	2026-10-05T22:53:34.2295661Z  2026-10-05 22:53:30.735 UTC [124] CONTEXT:  PL/pgSQL function calibrate_upgrade_smoke_3025_04ade3397787.calibrate_immutable_firebase_identity() line 8 at RAISE
Populated Postgres Upgrade	Stop containers	2026-10-05T22:53:34.2296448Z  2026-10-05 22:53:30.735 UTC [124] STATEMENT:  DELETE FROM "calibrate_upgrade_smoke_3025_04ade3397787"."FirebaseIdentity" WHERE "user_id" = $1
Populated Postgres Upgrade	Stop containers	2026-10-05T22:53:34.2297153Z  2026-10-05 22:53:30.737 UTC [124] ERROR:  duplicate key value violates unique constraint "FirebaseIdentity_project_id_uid_key"
Populated Postgres Upgrade	Stop containers	2026-10-05T22:53:34.2297809Z  2026-10-05 22:53:30.737 UTC [124] DETAIL:  Key (project_id, uid)=(synthetic-project, synthetic-uid) already exists.
Populated Postgres Upgrade	Stop containers	2026-10-05T22:53:34.2298594Z  2026-10-05 22:53:30.737 UTC [124] STATEMENT:  INSERT INTO "calibrate_upgrade_smoke_3025_04ade3397787"."FirebaseIdentity" ("user_id", "installation_id", "source_id", "project_id", "uid")
Populated Postgres Upgrade	Stop containers	2026-10-05T22:53:34.2299713Z  	      VALUES ($1, 'synthetic-install', 'synthetic-source', 'synthetic-project', 'synthetic-uid')
Populated Postgres Upgrade	Stop containers	2026-10-05T22:53:34.2300339Z  2026-10-05 22:53:30.754 UTC [124] ERROR:  Credential security version cannot decrease
Populated Postgres Upgrade	Stop containers	2026-10-05T22:53:34.2300999Z  2026-10-05 22:53:30.754 UTC [124] CONTEXT:  PL/pgSQL function calibrate_upgrade_smoke_3025_04ade3397787.calibrate_credential_security_version() line 4 at RAISE
Populated Postgres Upgrade	Stop containers	2026-10-05T22:53:34.2301836Z  2026-10-05 22:53:30.754 UTC [124] STATEMENT:  UPDATE "calibrate_upgrade_smoke_3025_04ade3397787"."User" SET "credential_security_version" = 0 WHERE "id" = $1
Populated Postgres Upgrade	Stop containers	2026-10-05T22:53:34.2302555Z  2026-10-05 22:53:33.617 UTC [148] ERROR:  duplicate key value violates unique constraint "BodyMetricTrend_pkey"
Populated Postgres Upgrade	Stop containers	2026-10-05T22:53:34.2303292Z  2026-10-05 22:53:33.617 UTC [148] DETAIL:  Key (metric_id)=(1700000000) already exists.
Populated Postgres Upgrade	Stop containers	2026-10-05T22:53:34.2305504Z  2026-10-05 22:53:33.617 UTC [148] STATEMENT:  INSERT INTO "calibrate_upgrade_smoke_weight_trend_3133_531f0b44e3c2"."BodyMetricTrend" ("metric_id","user_id","date","trend_weight_grams","trend_ci_lower_grams","trend_ci_upper_grams","trend_std_grams","trend_rate_grams_per_day","trend_rate_std_grams_per_day","model_version","source_revision","computed_at") VALUES ($1,$2,$3,$4,$5,$6,$7,$8,$9,$10,$11,$12), ($13,$14,$15,$16,$17,$18,$19,$20,$21,$22,$23,$24), ($25,$26,$27,$28,$29,$30,$31,$32,$33,$34,$35,$36), ($37,$38,$39,$40,$41,$42,$43,$44,$45,$46,$47,$48), ($49,$50,$51,$52,$53,$54,$55,$56,$57,$58,$59,$60), ($61,$62,$63,$64,$65,$66,$67,$68,$69,$70,$71,$72), ($73,$74,$75,$76,$77,$78,$79,$80,$81,$82,$83,$84), ($85,$86,$87,$88,$89,$90,$91,$92,$93,$94,$95,$96), ($97,$98,$99,$100,$101,$102,$103,$104,$105,$106,$107,$108), ($109,$110,$111,$112,$113,$114,$115,$116,$117,$118,$119,$120), ($121,$122,$123,$124,$125,$126,$127,$128,$129,$130,$131,$132), ($133,$134,$135,$136,$137,$138,$139,$140,$141,$142,$143,$144)
Populated Postgres Upgrade	Stop containers	2026-10-05T22:53:34.2307601Z  
Populated Postgres Upgrade	Stop containers	2026-10-05T22:53:34.2307806Z  Data page checksums are disabled.
Populated Postgres Upgrade	Stop containers	2026-10-05T22:53:34.2308061Z  
Populated Postgres Upgrade	Stop containers	2026-10-05T22:53:34.2308343Z  fixing permissions on existing directory /var/lib/postgresql/data ... ok
Populated Postgres Upgrade	Stop containers	2026-10-05T22:53:34.2308708Z  creating subdirectories ... ok
Populated Postgres Upgrade	Stop containers	2026-10-05T22:53:34.2309010Z  selecting dynamic shared memory implementation ... posix
Populated Postgres Upgrade	Stop containers	2026-10-05T22:53:34.2309511Z  selecting default max_connections ... 100
Populated Postgres Upgrade	Stop containers	2026-10-05T22:53:34.2309804Z  selecting default shared_buffers ... 128MB
Populated Postgres Upgrade	Stop containers	2026-10-05T22:53:34.2310083Z  selecting default time zone ... UTC
Populated Postgres Upgrade	Stop containers	2026-10-05T22:53:34.2310360Z  creating configuration files ... ok
Populated Postgres Upgrade	Stop containers	2026-10-05T22:53:34.2310619Z  running bootstrap script ... ok
Populated Postgres Upgrade	Stop containers	2026-10-05T22:53:34.2310920Z  performing post-bootstrap initialization ... ok
Populated Postgres Upgrade	Stop containers	2026-10-05T22:53:34.2311225Z  syncing data to disk ... ok
Populated Postgres Upgrade	Stop containers	2026-10-05T22:53:34.2311445Z  
Populated Postgres Upgrade	Stop containers	2026-10-05T22:53:34.2311618Z  
Populated Postgres Upgrade	Stop containers	2026-10-05T22:53:34.2311836Z  Success. You can now start the database server using:
Populated Postgres Upgrade	Stop containers	2026-10-05T22:53:34.2312118Z  
Populated Postgres Upgrade	Stop containers	2026-10-05T22:53:34.2312348Z      pg_ctl -D /var/lib/postgresql/data -l logfile start
Populated Postgres Upgrade	Stop containers	2026-10-05T22:53:34.2312626Z  
Populated Postgres Upgrade	Stop containers	2026-10-05T22:53:34.2313122Z  waiting for server to start....2026-10-05 22:53:10.580 UTC [41] LOG:  starting PostgreSQL 15.19 on x86_64-pc-linux-musl, compiled by gcc (Alpine 15.2.0) 15.2.0, 64-bit
Populated Postgres Upgrade	Stop containers	2026-10-05T22:53:34.2313808Z  2026-10-05 22:53:10.580 UTC [41] LOG:  listening on Unix socket "/var/run/postgresql/.s.PGSQL.5432"
Populated Postgres Upgrade	Stop containers	2026-10-05T22:53:34.2314304Z  2026-10-05 22:53:10.583 UTC [44] LOG:  database system was shut down at 2026-10-05 22:53:10 UTC
Populated Postgres Upgrade	Stop containers	2026-10-05T22:53:34.2314767Z  2026-10-05 22:53:10.587 UTC [41] LOG:  database system is ready to accept connections
Populated Postgres Upgrade	Stop containers	2026-10-05T22:53:34.2315104Z   done
Populated Postgres Upgrade	Stop containers	2026-10-05T22:53:34.2315289Z  server started
Populated Postgres Upgrade	Stop containers	2026-10-05T22:53:34.2315505Z  CREATE DATABASE
Populated Postgres Upgrade	Stop containers	2026-10-05T22:53:34.2315698Z  
Populated Postgres Upgrade	Stop containers	2026-10-05T22:53:34.2315866Z  
Populated Postgres Upgrade	Stop containers	2026-10-05T22:53:34.2316167Z  /usr/local/bin/docker-entrypoint.sh: ignoring /docker-entrypoint-initdb.d/*
Populated Postgres Upgrade	Stop containers	2026-10-05T22:53:34.2316526Z  
Populated Postgres Upgrade	Stop containers	2026-10-05T22:53:34.2316850Z  waiting for server to shut down....2026-10-05 22:53:10.723 UTC [41] LOG:  received fast shutdown request
Populated Postgres Upgrade	Stop containers	2026-10-05T22:53:34.2317309Z  2026-10-05 22:53:10.724 UTC [41] LOG:  aborting any active transactions
Populated Postgres Upgrade	Stop containers	2026-10-05T22:53:34.2317813Z  2026-10-05 22:53:10.726 UTC [41] LOG:  background worker "logical replication launcher" (PID 47) exited with exit code 1
Populated Postgres Upgrade	Stop containers	2026-10-05T22:53:34.2318279Z  2026-10-05 22:53:10.728 UTC [42] LOG:  shutting down
Populated Postgres Upgrade	Stop containers	2026-10-05T22:53:34.2318630Z  2026-10-05 22:53:10.729 UTC [42] LOG:  checkpoint starting: shutdown immediate
Populated Postgres Upgrade	Stop containers	2026-10-05T22:53:34.2319594Z  2026-10-05 22:53:10.832 UTC [42] LOG:  checkpoint complete: wrote 922 buffers (5.6%); 0 WAL file(s) added, 0 removed, 0 recycled; write=0.072 s, sync=0.030 s, total=0.104 s; sync files=301, longest=0.018 s, average=0.001 s; distance=4249 kB, estimate=4249 kB
Populated Postgres Upgrade	Stop containers	2026-10-05T22:53:34.2320530Z  2026-10-05 22:53:10.837 UTC [41] LOG:  database system is shut down
Populated Postgres Upgrade	Stop containers	2026-10-05T22:53:34.2320828Z   done
Populated Postgres Upgrade	Stop containers	2026-10-05T22:53:34.2321024Z  server stopped
Populated Postgres Upgrade	Stop containers	2026-10-05T22:53:34.2321222Z  
Populated Postgres Upgrade	Stop containers	2026-10-05T22:53:34.2321456Z  PostgreSQL init process complete; ready for start up.
Populated Postgres Upgrade	Stop containers	2026-10-05T22:53:34.2321744Z  
Populated Postgres Upgrade	Stop containers	2026-10-05T22:53:34.2326293Z Stop and remove container: af2e3ea42ba949a3aaec61eaa25db0a5_postgres15alpine_898bb3
Populated Postgres Upgrade	Stop containers	2026-10-05T22:53:34.2331307Z ##[command]/usr/bin/docker rm --force 443c80498369b41da02fe4ca453383b5722645a7e7e686f430ed349db065f5ac
Populated Postgres Upgrade	Stop containers	2026-10-05T22:53:39.6806779Z 443c80498369b41da02fe4ca453383b5722645a7e7e686f430ed349db065f5ac
Populated Postgres Upgrade	Stop containers	2026-10-05T22:53:39.6832791Z Remove container network: github_network_e3beea35096e4ce98befaa6ee6dc3e8b
Populated Postgres Upgrade	Stop containers	2026-10-05T22:53:39.6836537Z ##[command]/usr/bin/docker network rm github_network_e3beea35096e4ce98befaa6ee6dc3e8b
Populated Postgres Upgrade	Stop containers	2026-10-05T22:53:39.7704936Z github_network_e3beea35096e4ce98befaa6ee6dc3e8b
Populated Postgres Upgrade	Complete job	﻿2026-10-05T22:53:39.7776326Z Cleaning up orphan processes
Populated Postgres Upgrade	Complete job	2026-10-05T22:53:39.8013374Z ##[warning]Node.js 20 is deprecated. The following actions target Node.js 20 but are being forced to run on Node.js 24: actions/checkout@v4, actions/setup-node@v4. For more information see: https://github.blog/changelog/2025-09-19-deprecation-of-node-20-on-github-actions-runners/
v0.14.0 Upgrade and Encrypted Rollback	Set up job	﻿2026-10-05T22:53:02.4781619Z Current runner version: '2.337.0'
v0.14.0 Upgrade and Encrypted Rollback	Set up job	2026-10-05T22:53:02.4809231Z ##[group]Runner Image Provisioner
v0.14.0 Upgrade and Encrypted Rollback	Set up job	2026-10-05T22:53:02.4810318Z Hosted Compute Agent
v0.14.0 Upgrade and Encrypted Rollback	Set up job	2026-10-05T22:53:02.4811188Z Version: 20260901.588
v0.14.0 Upgrade and Encrypted Rollback	Set up job	2026-10-05T22:53:02.4812013Z Commit: f88ec8081b781fac6c440065ac7ff9e710ce3d0b
v0.14.0 Upgrade and Encrypted Rollback	Set up job	2026-10-05T22:53:02.4812929Z Build Date: 2026-09-01T19:56:44Z
v0.14.0 Upgrade and Encrypted Rollback	Set up job	2026-10-05T22:53:02.4813775Z Worker ID: {164b4c70-fcf6-4e1c-a330-3e0de2262755}
v0.14.0 Upgrade and Encrypted Rollback	Set up job	2026-10-05T22:53:02.4814783Z Azure Region: northcentralus
v0.14.0 Upgrade and Encrypted Rollback	Set up job	2026-10-05T22:53:02.4815585Z ##[endgroup]
v0.14.0 Upgrade and Encrypted Rollback	Set up job	2026-10-05T22:53:02.4817071Z ##[group]Operating System
v0.14.0 Upgrade and Encrypted Rollback	Set up job	2026-10-05T22:53:02.4817934Z Ubuntu
v0.14.0 Upgrade and Encrypted Rollback	Set up job	2026-10-05T22:53:02.4818604Z 24.04.5
v0.14.0 Upgrade and Encrypted Rollback	Set up job	2026-10-05T22:53:02.4819327Z LTS
v0.14.0 Upgrade and Encrypted Rollback	Set up job	2026-10-05T22:53:02.4819885Z ##[endgroup]
v0.14.0 Upgrade and Encrypted Rollback	Set up job	2026-10-05T22:53:02.4820508Z ##[group]Runner Image
v0.14.0 Upgrade and Encrypted Rollback	Set up job	2026-10-05T22:53:02.4821442Z Image: ubuntu-24.04
v0.14.0 Upgrade and Encrypted Rollback	Set up job	2026-10-05T22:53:02.4822094Z Version: 20260927.320.1
v0.14.0 Upgrade and Encrypted Rollback	Set up job	2026-10-05T22:53:02.4823421Z Included Software: https://github.com/actions/runner-images/blob/ubuntu24/20260927.320/images/ubuntu/Ubuntu2404-Readme.md
v0.14.0 Upgrade and Encrypted Rollback	Set up job	2026-10-05T22:53:02.4825530Z Image Release: https://github.com/actions/runner-images/releases/tag/ubuntu24%2F20260927.320
v0.14.0 Upgrade and Encrypted Rollback	Set up job	2026-10-05T22:53:02.4826769Z ##[endgroup]
v0.14.0 Upgrade and Encrypted Rollback	Set up job	2026-10-05T22:53:02.4828029Z ##[group]GITHUB_TOKEN Permissions
v0.14.0 Upgrade and Encrypted Rollback	Set up job	2026-10-05T22:53:02.4830299Z Contents: read
v0.14.0 Upgrade and Encrypted Rollback	Set up job	2026-10-05T22:53:02.4831152Z Metadata: read
v0.14.0 Upgrade and Encrypted Rollback	Set up job	2026-10-05T22:53:02.4831849Z ##[endgroup]
v0.14.0 Upgrade and Encrypted Rollback	Set up job	2026-10-05T22:53:02.4834387Z Secret source: Actions
v0.14.0 Upgrade and Encrypted Rollback	Set up job	2026-10-05T22:53:02.4835674Z Cache mode: write
v0.14.0 Upgrade and Encrypted Rollback	Set up job	2026-10-05T22:53:02.4836915Z Prepare workflow directory
v0.14.0 Upgrade and Encrypted Rollback	Set up job	2026-10-05T22:53:02.5265310Z Prepare all required actions
v0.14.0 Upgrade and Encrypted Rollback	Set up job	2026-10-05T22:53:02.5302919Z Getting action download info
v0.14.0 Upgrade and Encrypted Rollback	Set up job	2026-10-05T22:53:02.7515171Z Download action repository 'actions/checkout@v4' (SHA:11d5960a326750d5838078e36cf38b85af677262)
v0.14.0 Upgrade and Encrypted Rollback	Set up job	2026-10-05T22:53:02.9628046Z Download action repository 'actions/setup-node@v4' (SHA:49933ea5288caeca8642d1e84afbd3f7d6820020)
v0.14.0 Upgrade and Encrypted Rollback	Set up job	2026-10-05T22:53:03.1295509Z Complete job name: v0.14.0 Upgrade and Encrypted Rollback
v0.14.0 Upgrade and Encrypted Rollback	Checkout candidate C with immutable base tag	﻿2026-10-05T22:53:03.1840381Z ##[group]Run actions/checkout@v4
v0.14.0 Upgrade and Encrypted Rollback	Checkout candidate C with immutable base tag	2026-10-05T22:53:03.1841313Z with:
v0.14.0 Upgrade and Encrypted Rollback	Checkout candidate C with immutable base tag	2026-10-05T22:53:03.1841730Z   fetch-depth: 0
v0.14.0 Upgrade and Encrypted Rollback	Checkout candidate C with immutable base tag	2026-10-05T22:53:03.1842191Z   ref: c44b5f7850288b94b24e8ca773584a4fa25937b9
v0.14.0 Upgrade and Encrypted Rollback	Checkout candidate C with immutable base tag	2026-10-05T22:53:03.1842742Z   repository: MChartier/calibrate-health
v0.14.0 Upgrade and Encrypted Rollback	Checkout candidate C with immutable base tag	2026-10-05T22:53:03.1846035Z   token: ***
v0.14.0 Upgrade and Encrypted Rollback	Checkout candidate C with immutable base tag	2026-10-05T22:53:03.1846450Z   ssh-strict: true
v0.14.0 Upgrade and Encrypted Rollback	Checkout candidate C with immutable base tag	2026-10-05T22:53:03.1846861Z   ssh-user: git
v0.14.0 Upgrade and Encrypted Rollback	Checkout candidate C with immutable base tag	2026-10-05T22:53:03.1847289Z   persist-credentials: true
v0.14.0 Upgrade and Encrypted Rollback	Checkout candidate C with immutable base tag	2026-10-05T22:53:03.1847751Z   clean: true
v0.14.0 Upgrade and Encrypted Rollback	Checkout candidate C with immutable base tag	2026-10-05T22:53:03.1848161Z   sparse-checkout-cone-mode: true
v0.14.0 Upgrade and Encrypted Rollback	Checkout candidate C with immutable base tag	2026-10-05T22:53:03.1848635Z   fetch-tags: false
v0.14.0 Upgrade and Encrypted Rollback	Checkout candidate C with immutable base tag	2026-10-05T22:53:03.1849050Z   show-progress: true
v0.14.0 Upgrade and Encrypted Rollback	Checkout candidate C with immutable base tag	2026-10-05T22:53:03.1849467Z   lfs: false
v0.14.0 Upgrade and Encrypted Rollback	Checkout candidate C with immutable base tag	2026-10-05T22:53:03.1849859Z   submodules: false
v0.14.0 Upgrade and Encrypted Rollback	Checkout candidate C with immutable base tag	2026-10-05T22:53:03.1850278Z   set-safe-directory: true
v0.14.0 Upgrade and Encrypted Rollback	Checkout candidate C with immutable base tag	2026-10-05T22:53:03.1850742Z   allow-unsafe-pr-checkout: false
v0.14.0 Upgrade and Encrypted Rollback	Checkout candidate C with immutable base tag	2026-10-05T22:53:03.1851801Z env:
v0.14.0 Upgrade and Encrypted Rollback	Checkout candidate C with immutable base tag	2026-10-05T22:53:03.1852333Z   CALIBRATE_SOURCE_COMMIT: c44b5f7850288b94b24e8ca773584a4fa25937b9
v0.14.0 Upgrade and Encrypted Rollback	Checkout candidate C with immutable base tag	2026-10-05T22:53:03.1852994Z ##[endgroup]
v0.14.0 Upgrade and Encrypted Rollback	Checkout candidate C with immutable base tag	2026-10-05T22:53:03.2637916Z Syncing repository: MChartier/calibrate-health
v0.14.0 Upgrade and Encrypted Rollback	Checkout candidate C with immutable base tag	2026-10-05T22:53:03.2639986Z ##[group]Getting Git version info
v0.14.0 Upgrade and Encrypted Rollback	Checkout candidate C with immutable base tag	2026-10-05T22:53:03.2641106Z Working directory is '/home/runner/work/calibrate-health/calibrate-health'
v0.14.0 Upgrade and Encrypted Rollback	Checkout candidate C with immutable base tag	2026-10-05T22:53:03.2642459Z [command]/usr/bin/git version
v0.14.0 Upgrade and Encrypted Rollback	Checkout candidate C with immutable base tag	2026-10-05T22:53:03.2690225Z git version 2.55.0
v0.14.0 Upgrade and Encrypted Rollback	Checkout candidate C with immutable base tag	2026-10-05T22:53:03.2706098Z ##[endgroup]
v0.14.0 Upgrade and Encrypted Rollback	Checkout candidate C with immutable base tag	2026-10-05T22:53:03.2717208Z Temporarily overriding HOME='/home/runner/work/_temp/dc2901b5-f625-4d75-9855-26f2b9d3619a' before making global git config changes
v0.14.0 Upgrade and Encrypted Rollback	Checkout candidate C with immutable base tag	2026-10-05T22:53:03.2719058Z Adding repository directory to the temporary git global config as a safe directory
v0.14.0 Upgrade and Encrypted Rollback	Checkout candidate C with immutable base tag	2026-10-05T22:53:03.2721145Z [command]/usr/bin/git config --global --add safe.directory /home/runner/work/calibrate-health/calibrate-health
v0.14.0 Upgrade and Encrypted Rollback	Checkout candidate C with immutable base tag	2026-10-05T22:53:03.2764162Z Deleting the contents of '/home/runner/work/calibrate-health/calibrate-health'
v0.14.0 Upgrade and Encrypted Rollback	Checkout candidate C with immutable base tag	2026-10-05T22:53:03.2769619Z ##[group]Initializing the repository
v0.14.0 Upgrade and Encrypted Rollback	Checkout candidate C with immutable base tag	2026-10-05T22:53:03.2770609Z [command]/usr/bin/git init /home/runner/work/calibrate-health/calibrate-health
v0.14.0 Upgrade and Encrypted Rollback	Checkout candidate C with immutable base tag	2026-10-05T22:53:03.2841602Z hint: Using 'master' as the name for the initial branch. This default branch name
v0.14.0 Upgrade and Encrypted Rollback	Checkout candidate C with immutable base tag	2026-10-05T22:53:03.2842430Z hint: will change to "main" in Git 3.0. To configure the initial branch name
v0.14.0 Upgrade and Encrypted Rollback	Checkout candidate C with immutable base tag	2026-10-05T22:53:03.2843188Z hint: to use in all of your new repositories, which will suppress this warning,
v0.14.0 Upgrade and Encrypted Rollback	Checkout candidate C with immutable base tag	2026-10-05T22:53:03.2843782Z hint: call:
v0.14.0 Upgrade and Encrypted Rollback	Checkout candidate C with immutable base tag	2026-10-05T22:53:03.2844103Z hint:
v0.14.0 Upgrade and Encrypted Rollback	Checkout candidate C with immutable base tag	2026-10-05T22:53:03.2844527Z hint: 	git config --global init.defaultBranch <name>
v0.14.0 Upgrade and Encrypted Rollback	Checkout candidate C with immutable base tag	2026-10-05T22:53:03.2845016Z hint:
v0.14.0 Upgrade and Encrypted Rollback	Checkout candidate C with immutable base tag	2026-10-05T22:53:03.2845468Z hint: Names commonly chosen instead of 'master' are 'main', 'trunk' and
v0.14.0 Upgrade and Encrypted Rollback	Checkout candidate C with immutable base tag	2026-10-05T22:53:03.2846226Z hint: 'development'. The just-created branch can be renamed via this command:
v0.14.0 Upgrade and Encrypted Rollback	Checkout candidate C with immutable base tag	2026-10-05T22:53:03.2846852Z hint:
v0.14.0 Upgrade and Encrypted Rollback	Checkout candidate C with immutable base tag	2026-10-05T22:53:03.2847180Z hint: 	git branch -m <name>
v0.14.0 Upgrade and Encrypted Rollback	Checkout candidate C with immutable base tag	2026-10-05T22:53:03.2847560Z hint:
v0.14.0 Upgrade and Encrypted Rollback	Checkout candidate C with immutable base tag	2026-10-05T22:53:03.2848055Z hint: Disable this message with "git config set advice.defaultBranchName false"
v0.14.0 Upgrade and Encrypted Rollback	Checkout candidate C with immutable base tag	2026-10-05T22:53:03.2852494Z Initialized empty Git repository in /home/runner/work/calibrate-health/calibrate-health/.git/
v0.14.0 Upgrade and Encrypted Rollback	Checkout candidate C with immutable base tag	2026-10-05T22:53:03.2859096Z [command]/usr/bin/git remote add origin https://github.com/MChartier/calibrate-health
v0.14.0 Upgrade and Encrypted Rollback	Checkout candidate C with immutable base tag	2026-10-05T22:53:03.2896449Z ##[endgroup]
v0.14.0 Upgrade and Encrypted Rollback	Checkout candidate C with immutable base tag	2026-10-05T22:53:03.2900320Z ##[group]Disabling automatic garbage collection
v0.14.0 Upgrade and Encrypted Rollback	Checkout candidate C with immutable base tag	2026-10-05T22:53:03.2900878Z [command]/usr/bin/git config --local gc.auto 0
v0.14.0 Upgrade and Encrypted Rollback	Checkout candidate C with immutable base tag	2026-10-05T22:53:03.2926312Z ##[endgroup]
v0.14.0 Upgrade and Encrypted Rollback	Checkout candidate C with immutable base tag	2026-10-05T22:53:03.2927083Z ##[group]Setting up auth
v0.14.0 Upgrade and Encrypted Rollback	Checkout candidate C with immutable base tag	2026-10-05T22:53:03.2932229Z [command]/usr/bin/git config --local --name-only --get-regexp core\.sshCommand
v0.14.0 Upgrade and Encrypted Rollback	Checkout candidate C with immutable base tag	2026-10-05T22:53:03.2959427Z [command]/usr/bin/git submodule foreach --recursive sh -c "git config --local --name-only --get-regexp 'core\.sshCommand' && git config --local --unset-all 'core.sshCommand' || :"
v0.14.0 Upgrade and Encrypted Rollback	Checkout candidate C with immutable base tag	2026-10-05T22:53:03.4427742Z [command]/usr/bin/git config --local --name-only --get-regexp http\.https\:\/\/github\.com\/\.extraheader
v0.14.0 Upgrade and Encrypted Rollback	Checkout candidate C with immutable base tag	2026-10-05T22:53:03.4448946Z [command]/usr/bin/git submodule foreach --recursive sh -c "git config --local --name-only --get-regexp 'http\.https\:\/\/github\.com\/\.extraheader' && git config --local --unset-all 'http.https://github.com/.extraheader' || :"
v0.14.0 Upgrade and Encrypted Rollback	Checkout candidate C with immutable base tag	2026-10-05T22:53:03.4645636Z [command]/usr/bin/git config --local --name-only --get-regexp ^includeIf\.gitdir:
v0.14.0 Upgrade and Encrypted Rollback	Checkout candidate C with immutable base tag	2026-10-05T22:53:03.4675909Z [command]/usr/bin/git submodule foreach --recursive git config --local --show-origin --name-only --get-regexp remote.origin.url
v0.14.0 Upgrade and Encrypted Rollback	Checkout candidate C with immutable base tag	2026-10-05T22:53:03.4862944Z [command]/usr/bin/git config --local http.https://github.com/.extraheader AUTHORIZATION: basic ***
v0.14.0 Upgrade and Encrypted Rollback	Checkout candidate C with immutable base tag	2026-10-05T22:53:03.4898872Z ##[endgroup]
v0.14.0 Upgrade and Encrypted Rollback	Checkout candidate C with immutable base tag	2026-10-05T22:53:03.4899847Z ##[group]Fetching the repository
v0.14.0 Upgrade and Encrypted Rollback	Checkout candidate C with immutable base tag	2026-10-05T22:53:03.4909535Z [command]/usr/bin/git -c protocol.version=2 fetch --prune --no-recurse-submodules origin +refs/heads/*:refs/remotes/origin/* +refs/tags/*:refs/tags/*
v0.14.0 Upgrade and Encrypted Rollback	Checkout candidate C with immutable base tag	2026-10-05T22:53:06.2272745Z From https://github.com/MChartier/calibrate-health
v0.14.0 Upgrade and Encrypted Rollback	Checkout candidate C with immutable base tag	2026-10-05T22:53:06.2274889Z  * [new branch]        MChartier-patch-1       -> origin/MChartier-patch-1
v0.14.0 Upgrade and Encrypted Rollback	Checkout candidate C with immutable base tag	2026-10-05T22:53:06.2276007Z  * [new branch]        add-test-coverage       -> origin/add-test-coverage
v0.14.0 Upgrade and Encrypted Rollback	Checkout candidate C with immutable base tag	2026-10-05T22:53:06.2276909Z  * [new branch]        agents-md-update        -> origin/agents-md-update
v0.14.0 Upgrade and Encrypted Rollback	Checkout candidate C with immutable base tag	2026-10-05T22:53:06.2277757Z  * [new branch]        alpha                   -> origin/alpha
v0.14.0 Upgrade and Encrypted Rollback	Checkout candidate C with immutable base tag	2026-10-05T22:53:06.2278839Z  * [new branch]        archive/pr415-pre-scope-cleanup-ed4a2a7 -> origin/archive/pr415-pre-scope-cleanup-ed4a2a7
v0.14.0 Upgrade and Encrypted Rollback	Checkout candidate C with immutable base tag	2026-10-05T22:53:06.2280021Z  * [new branch]        athletic-data-theme     -> origin/athletic-data-theme
v0.14.0 Upgrade and Encrypted Rollback	Checkout candidate C with immutable base tag	2026-10-05T22:53:06.2281218Z  * [new branch]        auto-start-dev-server   -> origin/auto-start-dev-server
v0.14.0 Upgrade and Encrypted Rollback	Checkout candidate C with immutable base tag	2026-10-05T22:53:06.2282161Z  * [new branch]        aws-deploy-ec2-rds      -> origin/aws-deploy-ec2-rds
v0.14.0 Upgrade and Encrypted Rollback	Checkout candidate C with immutable base tag	2026-10-05T22:53:06.2283191Z  * [new branch]        barcode-scanner         -> origin/barcode-scanner
v0.14.0 Upgrade and Encrypted Rollback	Checkout candidate C with immutable base tag	2026-10-05T22:53:06.2283902Z  * [new branch]        barcode-scanner-fix     -> origin/barcode-scanner-fix
v0.14.0 Upgrade and Encrypted Rollback	Checkout candidate C with immutable base tag	2026-10-05T22:53:06.2284826Z  * [new branch]        beta                    -> origin/beta
v0.14.0 Upgrade and Encrypted Rollback	Checkout candidate C with immutable base tag	2026-10-05T22:53:06.2285416Z  * [new branch]        build-image-fix         -> origin/build-image-fix
v0.14.0 Upgrade and Encrypted Rollback	Checkout candidate C with immutable base tag	2026-10-05T22:53:06.2286119Z  * [new branch]        calorie-target-card-profile-autosave -> origin/calorie-target-card-profile-autosave
v0.14.0 Upgrade and Encrypted Rollback	Checkout candidate C with immutable base tag	2026-10-05T22:53:06.2286875Z  * [new branch]        ci-actions              -> origin/ci-actions
v0.14.0 Upgrade and Encrypted Rollback	Checkout candidate C with immutable base tag	2026-10-05T22:53:06.2287612Z  * [new branch]        ci-fix-prod-deploy-on-master -> origin/ci-fix-prod-deploy-on-master
v0.14.0 Upgrade and Encrypted Rollback	Checkout candidate C with immutable base tag	2026-10-05T22:53:06.2288419Z  * [new branch]        ci/build-deploy-release-trigger -> origin/ci/build-deploy-release-trigger
v0.14.0 Upgrade and Encrypted Rollback	Checkout candidate C with immutable base tag	2026-10-05T22:53:06.2289128Z  * [new branch]        ci/cut-release-tag-workflow -> origin/ci/cut-release-tag-workflow
v0.14.0 Upgrade and Encrypted Rollback	Checkout candidate C with immutable base tag	2026-10-05T22:53:06.2289777Z  * [new branch]        ci/ecs-wait-stable-longer -> origin/ci/ecs-wait-stable-longer
v0.14.0 Upgrade and Encrypted Rollback	Checkout candidate C with immutable base tag	2026-10-05T22:53:06.2290396Z  * [new branch]        ci/pr-only-lint-tests   -> origin/ci/pr-only-lint-tests
v0.14.0 Upgrade and Encrypted Rollback	Checkout candidate C with immutable base tag	2026-10-05T22:53:06.2291220Z  * [new branch]        ci/prod-smoke-tests     -> origin/ci/prod-smoke-tests
v0.14.0 Upgrade and Encrypted Rollback	Checkout candidate C with immutable base tag	2026-10-05T22:53:06.2292193Z  * [new branch]        ci/staging-oidc-branch-deploy -> origin/ci/staging-oidc-branch-deploy
v0.14.0 Upgrade and Encrypted Rollback	Checkout candidate C with immutable base tag	2026-10-05T22:53:06.2293209Z  * [new branch]        ci/staging-smoke-tests  -> origin/ci/staging-smoke-tests
v0.14.0 Upgrade and Encrypted Rollback	Checkout candidate C with immutable base tag	2026-10-05T22:53:06.2293921Z  * [new branch]        codex-devcontainer-auth -> origin/codex-devcontainer-auth
v0.14.0 Upgrade and Encrypted Rollback	Checkout candidate C with immutable base tag	2026-10-05T22:53:06.2294366Z  * [new branch]        codex-init              -> origin/codex-init
v0.14.0 Upgrade and Encrypted Rollback	Checkout candidate C with immutable base tag	2026-10-05T22:53:06.2295097Z  * [new branch]        codex/add-persisted-unit-preference-functionality -> origin/codex/add-persisted-unit-preference-functionality
v0.14.0 Upgrade and Encrypted Rollback	Checkout candidate C with immutable base tag	2026-10-05T22:53:06.2295823Z  * [new branch]        codex/dismiss-keyboard-after-food-input -> origin/codex/dismiss-keyboard-after-food-input
v0.14.0 Upgrade and Encrypted Rollback	Checkout candidate C with immutable base tag	2026-10-05T22:53:06.2296527Z  * [new branch]        codex/enforce-server-side-goal-deficit-validation -> origin/codex/enforce-server-side-goal-deficit-validation
v0.14.0 Upgrade and Encrypted Rollback	Checkout candidate C with immutable base tag	2026-10-05T22:53:06.2297440Z  * [new branch]        codex/enhance-log-page-with-daily-summary -> origin/codex/enhance-log-page-with-daily-summary
v0.14.0 Upgrade and Encrypted Rollback	Checkout candidate C with immutable base tag	2026-10-05T22:53:06.2298028Z  * [new branch]        codex/fix-frontend-audit-187 -> origin/codex/fix-frontend-audit-187
v0.14.0 Upgrade and Encrypted Rollback	Checkout candidate C with immutable base tag	2026-10-05T22:53:06.2298578Z  * [new branch]        codex/fix-open-github-issues -> origin/codex/fix-open-github-issues
v0.14.0 Upgrade and Encrypted Rollback	Checkout candidate C with immutable base tag	2026-10-05T22:53:06.2299081Z  * [new branch]        codex/fix-vite-build-warnings -> origin/codex/fix-vite-build-warnings
v0.14.0 Upgrade and Encrypted Rollback	Checkout candidate C with immutable base tag	2026-10-05T22:53:06.2299695Z  * [new branch]        codex/harden-authentication-and-session-storage -> origin/codex/harden-authentication-and-session-storage
v0.14.0 Upgrade and Encrypted Rollback	Checkout candidate C with immutable base tag	2026-10-05T22:53:06.2300313Z  * [new branch]        codex/notification-sse-stream -> origin/codex/notification-sse-stream
v0.14.0 Upgrade and Encrypted Rollback	Checkout candidate C with immutable base tag	2026-10-05T22:53:06.2301058Z  * [new branch]        codex/pr-assets-weight-trend-preview-axes -> origin/codex/pr-assets-weight-trend-preview-axes
v0.14.0 Upgrade and Encrypted Rollback	Checkout candidate C with immutable base tag	2026-10-05T22:53:06.2301629Z  * [new branch]        codex/ui-ux-improvements -> origin/codex/ui-ux-improvements
v0.14.0 Upgrade and Encrypted Rollback	Checkout candidate C with immutable base tag	2026-10-05T22:53:06.2302070Z  * [new branch]        coverage/add-c8-tooling -> origin/coverage/add-c8-tooling
v0.14.0 Upgrade and Encrypted Rollback	Checkout candidate C with immutable base tag	2026-10-05T22:53:06.2302465Z  * [new branch]        dark-mode               -> origin/dark-mode
v0.14.0 Upgrade and Encrypted Rollback	Checkout candidate C with immutable base tag	2026-10-05T22:53:06.2302888Z  * [new branch]        date-picker-padding-fixes -> origin/date-picker-padding-fixes
v0.14.0 Upgrade and Encrypted Rollback	Checkout candidate C with immutable base tag	2026-10-05T22:53:06.2303329Z  * [new branch]        db-push-reset           -> origin/db-push-reset
v0.14.0 Upgrade and Encrypted Rollback	Checkout candidate C with immutable base tag	2026-10-05T22:53:06.2303729Z  * [new branch]        default-meal-period     -> origin/default-meal-period
v0.14.0 Upgrade and Encrypted Rollback	Checkout candidate C with immutable base tag	2026-10-05T22:53:06.2304123Z  * [new branch]        delta                   -> origin/delta
v0.14.0 Upgrade and Encrypted Rollback	Checkout candidate C with immutable base tag	2026-10-05T22:53:06.2304482Z  * [new branch]        deploy-logging          -> origin/deploy-logging
v0.14.0 Upgrade and Encrypted Rollback	Checkout candidate C with immutable base tag	2026-10-05T22:53:06.2304901Z  * [new branch]        deploy-script-loading-fix -> origin/deploy-script-loading-fix
v0.14.0 Upgrade and Encrypted Rollback	Checkout candidate C with immutable base tag	2026-10-05T22:53:06.2305352Z  * [new branch]        dev-seed-varied-food-logs -> origin/dev-seed-varied-food-logs
v0.14.0 Upgrade and Encrypted Rollback	Checkout candidate C with immutable base tag	2026-10-05T22:53:06.2305837Z  * [new branch]        devcontainer-cli-scripts -> origin/devcontainer-cli-scripts
v0.14.0 Upgrade and Encrypted Rollback	Checkout candidate C with immutable base tag	2026-10-05T22:53:06.2306797Z  * [new branch]        devcontainer-import-skills -> origin/devcontainer-import-skills
v0.14.0 Upgrade and Encrypted Rollback	Checkout candidate C with immutable base tag	2026-10-05T22:53:06.2307900Z  * [new branch]        devcontainer-test-users-avatar-onboarding -> origin/devcontainer-test-users-avatar-onboarding
v0.14.0 Upgrade and Encrypted Rollback	Checkout candidate C with immutable base tag	2026-10-05T22:53:06.2308725Z  * [new branch]        ec2-deploy-fix          -> origin/ec2-deploy-fix
v0.14.0 Upgrade and Encrypted Rollback	Checkout candidate C with immutable base tag	2026-10-05T22:53:06.2309351Z  * [new branch]        edit-logged-entries     -> origin/edit-logged-entries
v0.14.0 Upgrade and Encrypted Rollback	Checkout candidate C with immutable base tag	2026-10-05T22:53:06.2310108Z  * [new branch]        evidence/issue412-master-c5f149a -> origin/evidence/issue412-master-c5f149a
v0.14.0 Upgrade and Encrypted Rollback	Checkout candidate C with immutable base tag	2026-10-05T22:53:06.2311285Z  * [new branch]        evidence/issue413-clean-1af6ca9 -> origin/evidence/issue413-clean-1af6ca9
v0.14.0 Upgrade and Encrypted Rollback	Checkout candidate C with immutable base tag	2026-10-05T22:53:06.2312399Z  * [new branch]        evidence/issue414-master-25e90e19 -> origin/evidence/issue414-master-25e90e19
v0.14.0 Upgrade and Encrypted Rollback	Checkout candidate C with immutable base tag	2026-10-05T22:53:06.2313454Z  * [new branch]        evidence/issue421-preparation-d8a2ac14 -> origin/evidence/issue421-preparation-d8a2ac14
v0.14.0 Upgrade and Encrypted Rollback	Checkout candidate C with immutable base tag	2026-10-05T22:53:06.2314549Z  * [new branch]        evidence/pr410-base-to-final-4728d4f -> origin/evidence/pr410-base-to-final-4728d4f
v0.14.0 Upgrade and Encrypted Rollback	Checkout candidate C with immutable base tag	2026-10-05T22:53:06.2315323Z  * [new branch]        evidence/pr410-integrated-4728d4f -> origin/evidence/pr410-integrated-4728d4f
v0.14.0 Upgrade and Encrypted Rollback	Checkout candidate C with immutable base tag	2026-10-05T22:53:06.2315901Z  * [new branch]        evidence/pr410-reviewed-d8e55c -> origin/evidence/pr410-reviewed-d8e55c
v0.14.0 Upgrade and Encrypted Rollback	Checkout candidate C with immutable base tag	2026-10-05T22:53:06.2316507Z  * [new branch]        evidence/pr415-rail-integration-oct05 -> origin/evidence/pr415-rail-integration-oct05
v0.14.0 Upgrade and Encrypted Rollback	Checkout candidate C with immutable base tag	2026-10-05T22:53:06.2317098Z  * [new branch]        evidence/pr415-reviewed-a1df146 -> origin/evidence/pr415-reviewed-a1df146
v0.14.0 Upgrade and Encrypted Rollback	Checkout candidate C with immutable base tag	2026-10-05T22:53:06.2317650Z  * [new branch]        evidence/pr416-reviewed-0406e96 -> origin/evidence/pr416-reviewed-0406e96
v0.14.0 Upgrade and Encrypted Rollback	Checkout candidate C with immutable base tag	2026-10-05T22:53:06.2318242Z  * [new branch]        evidence/pr417-guard-recovery-4dcad2c -> origin/evidence/pr417-guard-recovery-4dcad2c
v0.14.0 Upgrade and Encrypted Rollback	Checkout candidate C with immutable base tag	2026-10-05T22:53:06.2318879Z  * [new branch]        evidence/pr417-offline-recovery-3c743b4 -> origin/evidence/pr417-offline-recovery-3c743b4
v0.14.0 Upgrade and Encrypted Rollback	Checkout candidate C with immutable base tag	2026-10-05T22:53:06.2319712Z  * [new branch]        evidence/pr417-refresh-recovery-123bab9 -> origin/evidence/pr417-refresh-recovery-123bab9
v0.14.0 Upgrade and Encrypted Rollback	Checkout candidate C with immutable base tag	2026-10-05T22:53:06.2320303Z  * [new branch]        evidence/pr417-reviewed-736a86c -> origin/evidence/pr417-reviewed-736a86c
v0.14.0 Upgrade and Encrypted Rollback	Checkout candidate C with immutable base tag	2026-10-05T22:53:06.2320846Z  * [new branch]        evidence/pr418-reviewed-fbb74a9 -> origin/evidence/pr418-reviewed-fbb74a9
v0.14.0 Upgrade and Encrypted Rollback	Checkout candidate C with immutable base tag	2026-10-05T22:53:06.2321597Z  * [new branch]        evidence/pr419-reviewed-fba1baf -> origin/evidence/pr419-reviewed-fba1baf
v0.14.0 Upgrade and Encrypted Rollback	Checkout candidate C with immutable base tag	2026-10-05T22:53:06.2322191Z  * [new branch]        evidence/pr424-scope-cleanup-oct05 -> origin/evidence/pr424-scope-cleanup-oct05
v0.14.0 Upgrade and Encrypted Rollback	Checkout candidate C with immutable base tag	2026-10-05T22:53:06.2322709Z  * [new branch]        fab-space-on-log        -> origin/fab-space-on-log
v0.14.0 Upgrade and Encrypted Rollback	Checkout candidate C with immutable base tag	2026-10-05T22:53:06.2323185Z  * [new branch]        fatsecret-barcode-oauth -> origin/fatsecret-barcode-oauth
v0.14.0 Upgrade and Encrypted Rollback	Checkout candidate C with immutable base tag	2026-10-05T22:53:06.2323763Z  * [new branch]        fatsecret-provider      -> origin/fatsecret-provider
v0.14.0 Upgrade and Encrypted Rollback	Checkout candidate C with immutable base tag	2026-10-05T22:53:06.2324538Z  * [new branch]        feat/barcode-scanner-zxing-fallback -> origin/feat/barcode-scanner-zxing-fallback
v0.14.0 Upgrade and Encrypted Rollback	Checkout candidate C with immutable base tag	2026-10-05T22:53:06.2325390Z  * [new branch]        feat/birthday-emoji-log-summary -> origin/feat/birthday-emoji-log-summary
v0.14.0 Upgrade and Encrypted Rollback	Checkout candidate C with immutable base tag	2026-10-05T22:53:06.2326204Z  * [new branch]        feat/i18n-language-preference -> origin/feat/i18n-language-preference
v0.14.0 Upgrade and Encrypted Rollback	Checkout candidate C with immutable base tag	2026-10-05T22:53:06.2326944Z  * [new branch]        feat/my-foods-recipes   -> origin/feat/my-foods-recipes
v0.14.0 Upgrade and Encrypted Rollback	Checkout candidate C with immutable base tag	2026-10-05T22:53:06.2327630Z  * [new branch]        feat/profile-photo-avatar -> origin/feat/profile-photo-avatar
v0.14.0 Upgrade and Encrypted Rollback	Checkout candidate C with immutable base tag	2026-10-05T22:53:06.2328275Z  * [new branch]        feat/public-landing-page -> origin/feat/public-landing-page
v0.14.0 Upgrade and Encrypted Rollback	Checkout candidate C with immutable base tag	2026-10-05T22:53:06.2328774Z  * [new branch]        fix-broken-frontend-build -> origin/fix-broken-frontend-build
v0.14.0 Upgrade and Encrypted Rollback	Checkout candidate C with immutable base tag	2026-10-05T22:53:06.2329321Z  * [new branch]        fix/issue-84-pwa-backstack-login -> origin/fix/issue-84-pwa-backstack-login
v0.14.0 Upgrade and Encrypted Rollback	Checkout candidate C with immutable base tag	2026-10-05T22:53:06.2329880Z  * [new branch]        fix/mifflin-st-jeor-age-clamp -> origin/fix/mifflin-st-jeor-age-clamp
v0.14.0 Upgrade and Encrypted Rollback	Checkout candidate C with immutable base tag	2026-10-05T22:53:06.2330614Z  * [new branch]        fix/prisma-db-url-from-db-env -> origin/fix/prisma-db-url-from-db-env
v0.14.0 Upgrade and Encrypted Rollback	Checkout candidate C with immutable base tag	2026-10-05T22:53:06.2331321Z  * [new branch]        fix/pwa-session-persistence -> origin/fix/pwa-session-persistence
v0.14.0 Upgrade and Encrypted Rollback	Checkout candidate C with immutable base tag	2026-10-05T22:53:06.2331822Z  * [new branch]        fix/rds-sslmode-require -> origin/fix/rds-sslmode-require
v0.14.0 Upgrade and Encrypted Rollback	Checkout candidate C with immutable base tag	2026-10-05T22:53:06.2332293Z  * [new branch]        fix/rds-sslmode-require-2 -> origin/fix/rds-sslmode-require-2
v0.14.0 Upgrade and Encrypted Rollback	Checkout candidate C with immutable base tag	2026-10-05T22:53:06.2332767Z  * [new branch]        fixed-meal-categories   -> origin/fixed-meal-categories
v0.14.0 Upgrade and Encrypted Rollback	Checkout candidate C with immutable base tag	2026-10-05T22:53:06.2333206Z  * [new branch]        friendly-log-date       -> origin/friendly-log-date
v0.14.0 Upgrade and Encrypted Rollback	Checkout candidate C with immutable base tag	2026-10-05T22:53:06.2333617Z  * [new branch]        gh-auth                 -> origin/gh-auth
v0.14.0 Upgrade and Encrypted Rollback	Checkout candidate C with immutable base tag	2026-10-05T22:53:06.2334056Z  * [new branch]        goal-and-log-improvements -> origin/goal-and-log-improvements
v0.14.0 Upgrade and Encrypted Rollback	Checkout candidate C with immutable base tag	2026-10-05T22:53:06.2335115Z  * [new branch]        goal-tracker            -> origin/goal-tracker
v0.14.0 Upgrade and Encrypted Rollback	Checkout candidate C with immutable base tag	2026-10-05T22:53:06.2335783Z  * [new branch]        goals-compact-goal-tracker -> origin/goals-compact-goal-tracker
v0.14.0 Upgrade and Encrypted Rollback	Checkout candidate C with immutable base tag	2026-10-05T22:53:06.2336314Z  * [new branch]        goals-weight-history-legend -> origin/goals-weight-history-legend
v0.14.0 Upgrade and Encrypted Rollback	Checkout candidate C with immutable base tag	2026-10-05T22:53:06.2336810Z  * [new branch]        infra-ecs-fargate-alb   -> origin/infra-ecs-fargate-alb
v0.14.0 Upgrade and Encrypted Rollback	Checkout candidate C with immutable base tag	2026-10-05T22:53:06.2337223Z  * [new branch]        issue/162               -> origin/issue/162
v0.14.0 Upgrade and Encrypted Rollback	Checkout candidate C with immutable base tag	2026-10-05T22:53:06.2337636Z  * [new branch]        local-service-worker    -> origin/local-service-worker
v0.14.0 Upgrade and Encrypted Rollback	Checkout candidate C with immutable base tag	2026-10-05T22:53:06.2338100Z  * [new branch]        log-date-navigation-ux  -> origin/log-date-navigation-ux
v0.14.0 Upgrade and Encrypted Rollback	Checkout candidate C with immutable base tag	2026-10-05T22:53:06.2338625Z  * [new branch]        log-date-picker-overlay-button -> origin/log-date-picker-overlay-button
v0.14.0 Upgrade and Encrypted Rollback	Checkout candidate C with immutable base tag	2026-10-05T22:53:06.2339156Z  * [new branch]        log-summary-header      -> origin/log-summary-header
v0.14.0 Upgrade and Encrypted Rollback	Checkout candidate C with immutable base tag	2026-10-05T22:53:06.2339813Z  * [new branch]        log-weight-entry-ux     -> origin/log-weight-entry-ux
v0.14.0 Upgrade and Encrypted Rollback	Checkout candidate C with immutable base tag	2026-10-05T22:53:06.2341106Z  * [new branch]        lose-it-import          -> origin/lose-it-import
v0.14.0 Upgrade and Encrypted Rollback	Checkout candidate C with immutable base tag	2026-10-05T22:53:06.2341813Z  * [new branch]        lowercase-ghcr-image    -> origin/lowercase-ghcr-image
v0.14.0 Upgrade and Encrypted Rollback	Checkout candidate C with immutable base tag	2026-10-05T22:53:06.2342443Z  * [new branch]        master                  -> origin/master
v0.14.0 Upgrade and Encrypted Rollback	Checkout candidate C with immutable base tag	2026-10-05T22:53:06.2343219Z  * [new branch]        mchartier/dev           -> origin/mchartier/dev
v0.14.0 Upgrade and Encrypted Rollback	Checkout candidate C with immutable base tag	2026-10-05T22:53:06.2343841Z  * [new branch]        mchartier/dev2          -> origin/mchartier/dev2
v0.14.0 Upgrade and Encrypted Rollback	Checkout candidate C with immutable base tag	2026-10-05T22:53:06.2344629Z  * [new branch]        mchartier/devcontainer-key-setup -> origin/mchartier/devcontainer-key-setup
v0.14.0 Upgrade and Encrypted Rollback	Checkout candidate C with immutable base tag	2026-10-05T22:53:06.2345698Z  * [new branch]        mchartier/firebase-migration-preparation -> origin/mchartier/firebase-migration-preparation
v0.14.0 Upgrade and Encrypted Rollback	Checkout candidate C with immutable base tag	2026-10-05T22:53:06.2346685Z  * [new branch]        mchartier/goal-pace-continuity -> origin/mchartier/goal-pace-continuity
v0.14.0 Upgrade and Encrypted Rollback	Checkout candidate C with immutable base tag	2026-10-05T22:53:06.2347549Z  * [new branch]        mchartier/goal-pace-scope -> origin/mchartier/goal-pace-scope
v0.14.0 Upgrade and Encrypted Rollback	Checkout candidate C with immutable base tag	2026-10-05T22:53:06.2348185Z  * [new branch]        mchartier/local-release-scripts -> origin/mchartier/local-release-scripts
v0.14.0 Upgrade and Encrypted Rollback	Checkout candidate C with immutable base tag	2026-10-05T22:53:06.2349071Z  * [new branch]        mchartier/managed-self-hosting -> origin/mchartier/managed-self-hosting
v0.14.0 Upgrade and Encrypted Rollback	Checkout candidate C with immutable base tag	2026-10-05T22:53:06.2349930Z  * [new branch]        mchartier/paused-weigh-in-divider -> origin/mchartier/paused-weigh-in-divider
v0.14.0 Upgrade and Encrypted Rollback	Checkout candidate C with immutable base tag	2026-10-05T22:53:06.2350566Z  * [new branch]        mchartier/paused-weigh-in-divider-clean -> origin/mchartier/paused-weigh-in-divider-clean
v0.14.0 Upgrade and Encrypted Rollback	Checkout candidate C with immutable base tag	2026-10-05T22:53:06.2351400Z  * [new branch]        mchartier/pilot-query-diagnostics -> origin/mchartier/pilot-query-diagnostics
v0.14.0 Upgrade and Encrypted Rollback	Checkout candidate C with immutable base tag	2026-10-05T22:53:06.2352280Z  * [new branch]        mchartier/planned-pause-visibility -> origin/mchartier/planned-pause-visibility
v0.14.0 Upgrade and Encrypted Rollback	Checkout candidate C with immutable base tag	2026-10-05T22:53:06.2352928Z  * [new branch]        mchartier/planned-pause-visibility-clean -> origin/mchartier/planned-pause-visibility-clean
v0.14.0 Upgrade and Encrypted Rollback	Checkout candidate C with immutable base tag	2026-10-05T22:53:06.2353595Z  * [new branch]        mchartier/preserve-android-wip-20260711 -> origin/mchartier/preserve-android-wip-20260711
v0.14.0 Upgrade and Encrypted Rollback	Checkout candidate C with immutable base tag	2026-10-05T22:53:06.2354501Z  * [new branch]        mchartier/remove-instance-release-actions -> origin/mchartier/remove-instance-release-actions
v0.14.0 Upgrade and Encrypted Rollback	Checkout candidate C with immutable base tag	2026-10-05T22:53:06.2355299Z  * [new branch]        mchartier/remove-notification-history -> origin/mchartier/remove-notification-history
v0.14.0 Upgrade and Encrypted Rollback	Checkout candidate C with immutable base tag	2026-10-05T22:53:06.2355974Z  * [new branch]        mchartier/remove-notification-history-clean -> origin/mchartier/remove-notification-history-clean
v0.14.0 Upgrade and Encrypted Rollback	Checkout candidate C with immutable base tag	2026-10-05T22:53:06.2356590Z  * [new branch]        mchartier/simplify-repository -> origin/mchartier/simplify-repository
v0.14.0 Upgrade and Encrypted Rollback	Checkout candidate C with immutable base tag	2026-10-05T22:53:06.2357123Z  * [new branch]        mchartier/streamline-deployment -> origin/mchartier/streamline-deployment
v0.14.0 Upgrade and Encrypted Rollback	Checkout candidate C with immutable base tag	2026-10-05T22:53:06.2419404Z  * [new branch]        mobile-logout           -> origin/mobile-logout
v0.14.0 Upgrade and Encrypted Rollback	Checkout candidate C with immutable base tag	2026-10-05T22:53:06.2419974Z  * [new branch]        mobile-ui-compact       -> origin/mobile-ui-compact
v0.14.0 Upgrade and Encrypted Rollback	Checkout candidate C with immutable base tag	2026-10-05T22:53:06.2420452Z  * [new branch]        new-logo                -> origin/new-logo
v0.14.0 Upgrade and Encrypted Rollback	Checkout candidate C with immutable base tag	2026-10-05T22:53:06.2420856Z  * [new branch]        notif/126               -> origin/notif/126
v0.14.0 Upgrade and Encrypted Rollback	Checkout candidate C with immutable base tag	2026-10-05T22:53:06.2421536Z  * [new branch]        notif/127               -> origin/notif/127
v0.14.0 Upgrade and Encrypted Rollback	Checkout candidate C with immutable base tag	2026-10-05T22:53:06.2421919Z  * [new branch]        notif/128               -> origin/notif/128
v0.14.0 Upgrade and Encrypted Rollback	Checkout candidate C with immutable base tag	2026-10-05T22:53:06.2422340Z  * [new branch]        notif/131-dedupe-fixes  -> origin/notif/131-dedupe-fixes
v0.14.0 Upgrade and Encrypted Rollback	Checkout candidate C with immutable base tag	2026-10-05T22:53:06.2422875Z  * [new branch]        notif/132-endpoint-ownership-guard -> origin/notif/132-endpoint-ownership-guard
v0.14.0 Upgrade and Encrypted Rollback	Checkout candidate C with immutable base tag	2026-10-05T22:53:06.2423390Z  * [new branch]        notifications           -> origin/notifications
v0.14.0 Upgrade and Encrypted Rollback	Checkout candidate C with immutable base tag	2026-10-05T22:53:06.2423842Z  * [new branch]        onboarding-guided-wizard -> origin/onboarding-guided-wizard
v0.14.0 Upgrade and Encrypted Rollback	Checkout candidate C with immutable base tag	2026-10-05T22:53:06.2424286Z  * [new branch]        peacock-rainbow         -> origin/peacock-rainbow
v0.14.0 Upgrade and Encrypted Rollback	Checkout candidate C with immutable base tag	2026-10-05T22:53:06.2424740Z  * [new branch]        perf/landing-mobile-scroll -> origin/perf/landing-mobile-scroll
v0.14.0 Upgrade and Encrypted Rollback	Checkout candidate C with immutable base tag	2026-10-05T22:53:06.2425189Z  * [new branch]        persistent-fab          -> origin/persistent-fab
v0.14.0 Upgrade and Encrypted Rollback	Checkout candidate C with immutable base tag	2026-10-05T22:53:06.2425799Z  * [new branch]        privacy-policy          -> origin/privacy-policy
v0.14.0 Upgrade and Encrypted Rollback	Checkout candidate C with immutable base tag	2026-10-05T22:53:06.2426255Z  * [new branch]        profile-account-management -> origin/profile-account-management
v0.14.0 Upgrade and Encrypted Rollback	Checkout candidate C with immutable base tag	2026-10-05T22:53:06.2426695Z  * [new branch]        profile-icon            -> origin/profile-icon
v0.14.0 Upgrade and Encrypted Rollback	Checkout candidate C with immutable base tag	2026-10-05T22:53:06.2427154Z  * [new branch]        profile-settings-separation -> origin/profile-settings-separation
v0.14.0 Upgrade and Encrypted Rollback	Checkout candidate C with immutable base tag	2026-10-05T22:53:06.2427615Z  * [new branch]        public-readme           -> origin/public-readme
v0.14.0 Upgrade and Encrypted Rollback	Checkout candidate C with immutable base tag	2026-10-05T22:53:06.2428083Z  * [new branch]        pwa-action-navigate-existing -> origin/pwa-action-navigate-existing
v0.14.0 Upgrade and Encrypted Rollback	Checkout candidate C with immutable base tag	2026-10-05T22:53:06.2428542Z  * [new branch]        pwa-icon-fix            -> origin/pwa-icon-fix
v0.14.0 Upgrade and Encrypted Rollback	Checkout candidate C with immutable base tag	2026-10-05T22:53:06.2428963Z  * [new branch]        pwa-launch-actions      -> origin/pwa-launch-actions
v0.14.0 Upgrade and Encrypted Rollback	Checkout candidate C with immutable base tag	2026-10-05T22:53:06.2429418Z  * [new branch]        pwa-manifest-polish     -> origin/pwa-manifest-polish
v0.14.0 Upgrade and Encrypted Rollback	Checkout candidate C with immutable base tag	2026-10-05T22:53:06.2429823Z  * [new branch]        pwa-setup               -> origin/pwa-setup
v0.14.0 Upgrade and Encrypted Rollback	Checkout candidate C with immutable base tag	2026-10-05T22:53:06.2430236Z  * [new branch]        rebrand-calibrate       -> origin/rebrand-calibrate
v0.14.0 Upgrade and Encrypted Rollback	Checkout candidate C with immutable base tag	2026-10-05T22:53:06.2430657Z  * [new branch]        release/v0.34.0         -> origin/release/v0.34.0
v0.14.0 Upgrade and Encrypted Rollback	Checkout candidate C with immutable base tag	2026-10-05T22:53:06.2431411Z  * [new branch]        release/v0.34.1         -> origin/release/v0.34.1
v0.14.0 Upgrade and Encrypted Rollback	Checkout candidate C with immutable base tag	2026-10-05T22:53:06.2431828Z  * [new branch]        release/v0.35.0         -> origin/release/v0.35.0
v0.14.0 Upgrade and Encrypted Rollback	Checkout candidate C with immutable base tag	2026-10-05T22:53:06.2432210Z  * [new branch]        release/v0.36.0         -> origin/release/v0.36.0
v0.14.0 Upgrade and Encrypted Rollback	Checkout candidate C with immutable base tag	2026-10-05T22:53:06.2432589Z  * [new branch]        release/v0.37.0         -> origin/release/v0.37.0
v0.14.0 Upgrade and Encrypted Rollback	Checkout candidate C with immutable base tag	2026-10-05T22:53:06.2433031Z  * [new branch]        rolling-average-weight-log -> origin/rolling-average-weight-log
v0.14.0 Upgrade and Encrypted Rollback	Checkout candidate C with immutable base tag	2026-10-05T22:53:06.2433475Z  * [new branch]        safe-areas              -> origin/safe-areas
v0.14.0 Upgrade and Encrypted Rollback	Checkout candidate C with immutable base tag	2026-10-05T22:53:06.2433864Z  * [new branch]        search-results          -> origin/search-results
v0.14.0 Upgrade and Encrypted Rollback	Checkout candidate C with immutable base tag	2026-10-05T22:53:06.2434284Z  * [new branch]        session-store-model     -> origin/session-store-model
v0.14.0 Upgrade and Encrypted Rollback	Checkout candidate C with immutable base tag	2026-10-05T22:53:06.2434849Z  * [new branch]        sidebar-item-style      -> origin/sidebar-item-style
v0.14.0 Upgrade and Encrypted Rollback	Checkout candidate C with immutable base tag	2026-10-05T22:53:06.2435273Z  * [new branch]        store-timezone          -> origin/store-timezone
v0.14.0 Upgrade and Encrypted Rollback	Checkout candidate C with immutable base tag	2026-10-05T22:53:06.2435671Z  * [new branch]        terraform-fix           -> origin/terraform-fix
v0.14.0 Upgrade and Encrypted Rollback	Checkout candidate C with immutable base tag	2026-10-05T22:53:06.2436064Z  * [new branch]        terraform-fixes         -> origin/terraform-fixes
v0.14.0 Upgrade and Encrypted Rollback	Checkout candidate C with immutable base tag	2026-10-05T22:53:06.2436454Z  * [new branch]        test-user               -> origin/test-user
v0.14.0 Upgrade and Encrypted Rollback	Checkout candidate C with immutable base tag	2026-10-05T22:53:06.2436894Z  * [new branch]        test/backend-unit-coverage -> origin/test/backend-unit-coverage
v0.14.0 Upgrade and Encrypted Rollback	Checkout candidate C with immutable base tag	2026-10-05T22:53:06.2437356Z  * [new branch]        tf-rds-rotation         -> origin/tf-rds-rotation
v0.14.0 Upgrade and Encrypted Rollback	Checkout candidate C with immutable base tag	2026-10-05T22:53:06.2437786Z  * [new branch]        tf-repo-rename-fix      -> origin/tf-repo-rename-fix
v0.14.0 Upgrade and Encrypted Rollback	Checkout candidate C with immutable base tag	2026-10-05T22:53:06.2438293Z  * [new branch]        timezone-picker-mui-autocomplete -> origin/timezone-picker-mui-autocomplete
v0.14.0 Upgrade and Encrypted Rollback	Checkout candidate C with immutable base tag	2026-10-05T22:53:06.2438922Z  * [new branch]        units-separate-controls-inline-status -> origin/units-separate-controls-inline-status
v0.14.0 Upgrade and Encrypted Rollback	Checkout candidate C with immutable base tag	2026-10-05T22:53:06.2439452Z  * [new branch]        update-comments         -> origin/update-comments
v0.14.0 Upgrade and Encrypted Rollback	Checkout candidate C with immutable base tag	2026-10-05T22:53:06.2439843Z  * [new branch]        update-docs             -> origin/update-docs
v0.14.0 Upgrade and Encrypted Rollback	Checkout candidate C with immutable base tag	2026-10-05T22:53:06.2440265Z  * [new branch]        vertical-spacing-fixes  -> origin/vertical-spacing-fixes
v0.14.0 Upgrade and Encrypted Rollback	Checkout candidate C with immutable base tag	2026-10-05T22:53:06.2440718Z  * [new branch]        weight-history-scale    -> origin/weight-history-scale
v0.14.0 Upgrade and Encrypted Rollback	Checkout candidate C with immutable base tag	2026-10-05T22:53:06.2441375Z  * [new branch]        worktree-colors         -> origin/worktree-colors
v0.14.0 Upgrade and Encrypted Rollback	Checkout candidate C with immutable base tag	2026-10-05T22:53:06.2441797Z  * [new branch]        worktree-reset          -> origin/worktree-reset
v0.14.0 Upgrade and Encrypted Rollback	Checkout candidate C with immutable base tag	2026-10-05T22:53:06.2442201Z  * [new branch]        worktree-script         -> origin/worktree-script
v0.14.0 Upgrade and Encrypted Rollback	Checkout candidate C with immutable base tag	2026-10-05T22:53:06.2442566Z  * [new tag]           v0.1.0                  -> v0.1.0
v0.14.0 Upgrade and Encrypted Rollback	Checkout candidate C with immutable base tag	2026-10-05T22:53:06.2442888Z  * [new tag]           v0.10.0                 -> v0.10.0
v0.14.0 Upgrade and Encrypted Rollback	Checkout candidate C with immutable base tag	2026-10-05T22:53:06.2443331Z  * [new tag]           v0.11.0                 -> v0.11.0
v0.14.0 Upgrade and Encrypted Rollback	Checkout candidate C with immutable base tag	2026-10-05T22:53:06.2443648Z  * [new tag]           v0.12.0                 -> v0.12.0
v0.14.0 Upgrade and Encrypted Rollback	Checkout candidate C with immutable base tag	2026-10-05T22:53:06.2443954Z  * [new tag]           v0.12.1                 -> v0.12.1
v0.14.0 Upgrade and Encrypted Rollback	Checkout candidate C with immutable base tag	2026-10-05T22:53:06.2444265Z  * [new tag]           v0.12.10                -> v0.12.10
v0.14.0 Upgrade and Encrypted Rollback	Checkout candidate C with immutable base tag	2026-10-05T22:53:06.2444595Z  * [new tag]           v0.12.11                -> v0.12.11
v0.14.0 Upgrade and Encrypted Rollback	Checkout candidate C with immutable base tag	2026-10-05T22:53:06.2444906Z  * [new tag]           v0.12.12                -> v0.12.12
v0.14.0 Upgrade and Encrypted Rollback	Checkout candidate C with immutable base tag	2026-10-05T22:53:06.2445215Z  * [new tag]           v0.12.13                -> v0.12.13
v0.14.0 Upgrade and Encrypted Rollback	Checkout candidate C with immutable base tag	2026-10-05T22:53:06.2445527Z  * [new tag]           v0.12.14                -> v0.12.14
v0.14.0 Upgrade and Encrypted Rollback	Checkout candidate C with immutable base tag	2026-10-05T22:53:06.2445828Z  * [new tag]           v0.12.15                -> v0.12.15
v0.14.0 Upgrade and Encrypted Rollback	Checkout candidate C with immutable base tag	2026-10-05T22:53:06.2446132Z  * [new tag]           v0.12.16                -> v0.12.16
v0.14.0 Upgrade and Encrypted Rollback	Checkout candidate C with immutable base tag	2026-10-05T22:53:06.2446456Z  * [new tag]           v0.12.17                -> v0.12.17
v0.14.0 Upgrade and Encrypted Rollback	Checkout candidate C with immutable base tag	2026-10-05T22:53:06.2446774Z  * [new tag]           v0.12.18                -> v0.12.18
v0.14.0 Upgrade and Encrypted Rollback	Checkout candidate C with immutable base tag	2026-10-05T22:53:06.2447098Z  * [new tag]           v0.12.19                -> v0.12.19
v0.14.0 Upgrade and Encrypted Rollback	Checkout candidate C with immutable base tag	2026-10-05T22:53:06.2447416Z  * [new tag]           v0.12.2                 -> v0.12.2
v0.14.0 Upgrade and Encrypted Rollback	Checkout candidate C with immutable base tag	2026-10-05T22:53:06.2447728Z  * [new tag]           v0.12.3                 -> v0.12.3
v0.14.0 Upgrade and Encrypted Rollback	Checkout candidate C with immutable base tag	2026-10-05T22:53:06.2448035Z  * [new tag]           v0.12.4                 -> v0.12.4
v0.14.0 Upgrade and Encrypted Rollback	Checkout candidate C with immutable base tag	2026-10-05T22:53:06.2448343Z  * [new tag]           v0.12.5                 -> v0.12.5
v0.14.0 Upgrade and Encrypted Rollback	Checkout candidate C with immutable base tag	2026-10-05T22:53:06.2448644Z  * [new tag]           v0.12.6                 -> v0.12.6
v0.14.0 Upgrade and Encrypted Rollback	Checkout candidate C with immutable base tag	2026-10-05T22:53:06.2448945Z  * [new tag]           v0.12.7                 -> v0.12.7
v0.14.0 Upgrade and Encrypted Rollback	Checkout candidate C with immutable base tag	2026-10-05T22:53:06.2449248Z  * [new tag]           v0.12.8                 -> v0.12.8
v0.14.0 Upgrade and Encrypted Rollback	Checkout candidate C with immutable base tag	2026-10-05T22:53:06.2449549Z  * [new tag]           v0.12.9                 -> v0.12.9
v0.14.0 Upgrade and Encrypted Rollback	Checkout candidate C with immutable base tag	2026-10-05T22:53:06.2449847Z  * [new tag]           v0.13.0                 -> v0.13.0
v0.14.0 Upgrade and Encrypted Rollback	Checkout candidate C with immutable base tag	2026-10-05T22:53:06.2450172Z  * [new tag]           v0.13.1                 -> v0.13.1
v0.14.0 Upgrade and Encrypted Rollback	Checkout candidate C with immutable base tag	2026-10-05T22:53:06.2450477Z  * [new tag]           v0.13.2                 -> v0.13.2
v0.14.0 Upgrade and Encrypted Rollback	Checkout candidate C with immutable base tag	2026-10-05T22:53:06.2450887Z  * [new tag]           v0.13.3                 -> v0.13.3
v0.14.0 Upgrade and Encrypted Rollback	Checkout candidate C with immutable base tag	2026-10-05T22:53:06.2451362Z  * [new tag]           v0.14.0                 -> v0.14.0
v0.14.0 Upgrade and Encrypted Rollback	Checkout candidate C with immutable base tag	2026-10-05T22:53:06.2451681Z  * [new tag]           v0.2.0                  -> v0.2.0
v0.14.0 Upgrade and Encrypted Rollback	Checkout candidate C with immutable base tag	2026-10-05T22:53:06.2451988Z  * [new tag]           v0.2.1                  -> v0.2.1
v0.14.0 Upgrade and Encrypted Rollback	Checkout candidate C with immutable base tag	2026-10-05T22:53:06.2452286Z  * [new tag]           v0.2.2                  -> v0.2.2
v0.14.0 Upgrade and Encrypted Rollback	Checkout candidate C with immutable base tag	2026-10-05T22:53:06.2452586Z  * [new tag]           v0.2.3                  -> v0.2.3
v0.14.0 Upgrade and Encrypted Rollback	Checkout candidate C with immutable base tag	2026-10-05T22:53:06.2452886Z  * [new tag]           v0.2.4                  -> v0.2.4
v0.14.0 Upgrade and Encrypted Rollback	Checkout candidate C with immutable base tag	2026-10-05T22:53:06.2453191Z  * [new tag]           v0.3.0                  -> v0.3.0
v0.14.0 Upgrade and Encrypted Rollback	Checkout candidate C with immutable base tag	2026-10-05T22:53:06.2453488Z  * [new tag]           v0.3.1                  -> v0.3.1
v0.14.0 Upgrade and Encrypted Rollback	Checkout candidate C with immutable base tag	2026-10-05T22:53:06.2453791Z  * [new tag]           v0.33.10                -> v0.33.10
v0.14.0 Upgrade and Encrypted Rollback	Checkout candidate C with immutable base tag	2026-10-05T22:53:06.2454105Z  * [new tag]           v0.33.11                -> v0.33.11
v0.14.0 Upgrade and Encrypted Rollback	Checkout candidate C with immutable base tag	2026-10-05T22:53:06.2454416Z  * [new tag]           v0.33.5                 -> v0.33.5
v0.14.0 Upgrade and Encrypted Rollback	Checkout candidate C with immutable base tag	2026-10-05T22:53:06.2454731Z  * [new tag]           v0.33.6                 -> v0.33.6
v0.14.0 Upgrade and Encrypted Rollback	Checkout candidate C with immutable base tag	2026-10-05T22:53:06.2455033Z  * [new tag]           v0.33.9                 -> v0.33.9
v0.14.0 Upgrade and Encrypted Rollback	Checkout candidate C with immutable base tag	2026-10-05T22:53:06.2455326Z  * [new tag]           v0.34.0                 -> v0.34.0
v0.14.0 Upgrade and Encrypted Rollback	Checkout candidate C with immutable base tag	2026-10-05T22:53:06.2455632Z  * [new tag]           v0.34.1                 -> v0.34.1
v0.14.0 Upgrade and Encrypted Rollback	Checkout candidate C with immutable base tag	2026-10-05T22:53:06.2455929Z  * [new tag]           v0.35.0                 -> v0.35.0
v0.14.0 Upgrade and Encrypted Rollback	Checkout candidate C with immutable base tag	2026-10-05T22:53:06.2456233Z  * [new tag]           v0.36.0                 -> v0.36.0
v0.14.0 Upgrade and Encrypted Rollback	Checkout candidate C with immutable base tag	2026-10-05T22:53:06.2456527Z  * [new tag]           v0.37.0                 -> v0.37.0
v0.14.0 Upgrade and Encrypted Rollback	Checkout candidate C with immutable base tag	2026-10-05T22:53:06.2456826Z  * [new tag]           v0.4.0                  -> v0.4.0
v0.14.0 Upgrade and Encrypted Rollback	Checkout candidate C with immutable base tag	2026-10-05T22:53:06.2457123Z  * [new tag]           v0.4.1                  -> v0.4.1
v0.14.0 Upgrade and Encrypted Rollback	Checkout candidate C with immutable base tag	2026-10-05T22:53:06.2457423Z  * [new tag]           v0.4.2                  -> v0.4.2
v0.14.0 Upgrade and Encrypted Rollback	Checkout candidate C with immutable base tag	2026-10-05T22:53:06.2457721Z  * [new tag]           v0.5.0                  -> v0.5.0
v0.14.0 Upgrade and Encrypted Rollback	Checkout candidate C with immutable base tag	2026-10-05T22:53:06.2458131Z  * [new tag]           v0.6.0                  -> v0.6.0
v0.14.0 Upgrade and Encrypted Rollback	Checkout candidate C with immutable base tag	2026-10-05T22:53:06.2458429Z  * [new tag]           v0.7.0                  -> v0.7.0
v0.14.0 Upgrade and Encrypted Rollback	Checkout candidate C with immutable base tag	2026-10-05T22:53:06.2458720Z  * [new tag]           v0.7.1                  -> v0.7.1
v0.14.0 Upgrade and Encrypted Rollback	Checkout candidate C with immutable base tag	2026-10-05T22:53:06.2459016Z  * [new tag]           v0.7.2                  -> v0.7.2
v0.14.0 Upgrade and Encrypted Rollback	Checkout candidate C with immutable base tag	2026-10-05T22:53:06.2459307Z  * [new tag]           v0.7.3                  -> v0.7.3
v0.14.0 Upgrade and Encrypted Rollback	Checkout candidate C with immutable base tag	2026-10-05T22:53:06.2459604Z  * [new tag]           v0.8.0                  -> v0.8.0
v0.14.0 Upgrade and Encrypted Rollback	Checkout candidate C with immutable base tag	2026-10-05T22:53:06.2459897Z  * [new tag]           v0.9.0                  -> v0.9.0
v0.14.0 Upgrade and Encrypted Rollback	Checkout candidate C with immutable base tag	2026-10-05T22:53:06.2460186Z  * [new tag]           v0.9.1                  -> v0.9.1
v0.14.0 Upgrade and Encrypted Rollback	Checkout candidate C with immutable base tag	2026-10-05T22:53:06.2461652Z [command]/usr/bin/git rev-parse --verify --quiet c44b5f7850288b94b24e8ca773584a4fa25937b9^{object}
v0.14.0 Upgrade and Encrypted Rollback	Checkout candidate C with immutable base tag	2026-10-05T22:53:06.2462162Z c44b5f7850288b94b24e8ca773584a4fa25937b9
v0.14.0 Upgrade and Encrypted Rollback	Checkout candidate C with immutable base tag	2026-10-05T22:53:06.2462904Z ##[endgroup]
v0.14.0 Upgrade and Encrypted Rollback	Checkout candidate C with immutable base tag	2026-10-05T22:53:06.2463295Z ##[group]Determining the checkout info
v0.14.0 Upgrade and Encrypted Rollback	Checkout candidate C with immutable base tag	2026-10-05T22:53:06.2463690Z ##[endgroup]
v0.14.0 Upgrade and Encrypted Rollback	Checkout candidate C with immutable base tag	2026-10-05T22:53:06.2463943Z [command]/usr/bin/git sparse-checkout disable
v0.14.0 Upgrade and Encrypted Rollback	Checkout candidate C with immutable base tag	2026-10-05T22:53:06.3177031Z [command]/usr/bin/git config --local --unset-all extensions.worktreeConfig
v0.14.0 Upgrade and Encrypted Rollback	Checkout candidate C with immutable base tag	2026-10-05T22:53:06.3206425Z ##[group]Checking out the ref
v0.14.0 Upgrade and Encrypted Rollback	Checkout candidate C with immutable base tag	2026-10-05T22:53:06.3209103Z [command]/usr/bin/git checkout --progress --force c44b5f7850288b94b24e8ca773584a4fa25937b9
v0.14.0 Upgrade and Encrypted Rollback	Checkout candidate C with immutable base tag	2026-10-05T22:53:06.4932818Z Note: switching to 'c44b5f7850288b94b24e8ca773584a4fa25937b9'.
v0.14.0 Upgrade and Encrypted Rollback	Checkout candidate C with immutable base tag	2026-10-05T22:53:06.4933246Z 
v0.14.0 Upgrade and Encrypted Rollback	Checkout candidate C with immutable base tag	2026-10-05T22:53:06.4933573Z You are in 'detached HEAD' state. You can look around, make experimental
v0.14.0 Upgrade and Encrypted Rollback	Checkout candidate C with immutable base tag	2026-10-05T22:53:06.4934465Z changes and commit them, and you can discard any commits you make in this
v0.14.0 Upgrade and Encrypted Rollback	Checkout candidate C with immutable base tag	2026-10-05T22:53:06.4935097Z state without impacting any branches by switching back to a branch.
v0.14.0 Upgrade and Encrypted Rollback	Checkout candidate C with immutable base tag	2026-10-05T22:53:06.4935474Z 
v0.14.0 Upgrade and Encrypted Rollback	Checkout candidate C with immutable base tag	2026-10-05T22:53:06.4935718Z If you want to create a new branch to retain commits you create, you may
v0.14.0 Upgrade and Encrypted Rollback	Checkout candidate C with immutable base tag	2026-10-05T22:53:06.4936294Z do so (now or later) by using -c with the switch command. Example:
v0.14.0 Upgrade and Encrypted Rollback	Checkout candidate C with immutable base tag	2026-10-05T22:53:06.4936672Z 
v0.14.0 Upgrade and Encrypted Rollback	Checkout candidate C with immutable base tag	2026-10-05T22:53:06.4937154Z   git switch -c <new-branch-name>
v0.14.0 Upgrade and Encrypted Rollback	Checkout candidate C with immutable base tag	2026-10-05T22:53:06.4937526Z 
v0.14.0 Upgrade and Encrypted Rollback	Checkout candidate C with immutable base tag	2026-10-05T22:53:06.4937723Z Or undo this operation with:
v0.14.0 Upgrade and Encrypted Rollback	Checkout candidate C with immutable base tag	2026-10-05T22:53:06.4937943Z 
v0.14.0 Upgrade and Encrypted Rollback	Checkout candidate C with immutable base tag	2026-10-05T22:53:06.4938075Z   git switch -
v0.14.0 Upgrade and Encrypted Rollback	Checkout candidate C with immutable base tag	2026-10-05T22:53:06.4938239Z 
v0.14.0 Upgrade and Encrypted Rollback	Checkout candidate C with immutable base tag	2026-10-05T22:53:06.4938560Z Turn off this advice by setting config variable advice.detachedHead to false
v0.14.0 Upgrade and Encrypted Rollback	Checkout candidate C with immutable base tag	2026-10-05T22:53:06.4938965Z 
v0.14.0 Upgrade and Encrypted Rollback	Checkout candidate C with immutable base tag	2026-10-05T22:53:06.4939261Z HEAD is now at c44b5f78 Preserve failed mutation barriers across lifecycle recovery
v0.14.0 Upgrade and Encrypted Rollback	Checkout candidate C with immutable base tag	2026-10-05T22:53:06.5377049Z ##[endgroup]
v0.14.0 Upgrade and Encrypted Rollback	Checkout candidate C with immutable base tag	2026-10-05T22:53:06.5415618Z [command]/usr/bin/git log -1 --format=%H
v0.14.0 Upgrade and Encrypted Rollback	Checkout candidate C with immutable base tag	2026-10-05T22:53:06.5438720Z c44b5f7850288b94b24e8ca773584a4fa25937b9
v0.14.0 Upgrade and Encrypted Rollback	Setup Node	﻿2026-10-05T22:53:06.5681969Z ##[group]Run actions/setup-node@v4
v0.14.0 Upgrade and Encrypted Rollback	Setup Node	2026-10-05T22:53:06.5682206Z with:
v0.14.0 Upgrade and Encrypted Rollback	Setup Node	2026-10-05T22:53:06.5682371Z   node-version: 20
v0.14.0 Upgrade and Encrypted Rollback	Setup Node	2026-10-05T22:53:06.5682554Z   cache: npm
v0.14.0 Upgrade and Encrypted Rollback	Setup Node	2026-10-05T22:53:06.5682750Z   cache-dependency-path: backend/package-lock.json
v0.14.0 Upgrade and Encrypted Rollback	Setup Node	2026-10-05T22:53:06.5682996Z   always-auth: false
v0.14.0 Upgrade and Encrypted Rollback	Setup Node	2026-10-05T22:53:06.5683173Z   check-latest: false
v0.14.0 Upgrade and Encrypted Rollback	Setup Node	2026-10-05T22:53:06.5685364Z   token: ***
v0.14.0 Upgrade and Encrypted Rollback	Setup Node	2026-10-05T22:53:06.5685580Z env:
v0.14.0 Upgrade and Encrypted Rollback	Setup Node	2026-10-05T22:53:06.5685816Z   CALIBRATE_SOURCE_COMMIT: c44b5f7850288b94b24e8ca773584a4fa25937b9
v0.14.0 Upgrade and Encrypted Rollback	Setup Node	2026-10-05T22:53:06.5686096Z ##[endgroup]
v0.14.0 Upgrade and Encrypted Rollback	Setup Node	2026-10-05T22:53:06.6771512Z Attempting to download 20...
v0.14.0 Upgrade and Encrypted Rollback	Setup Node	2026-10-05T22:53:06.6852768Z (node:2121) [DEP0040] DeprecationWarning: The `punycode` module is deprecated. Please use a userland alternative instead.
v0.14.0 Upgrade and Encrypted Rollback	Setup Node	2026-10-05T22:53:06.6853758Z (Use `node --trace-deprecation ...` to show where the warning was created)
v0.14.0 Upgrade and Encrypted Rollback	Setup Node	2026-10-05T22:53:07.2661996Z Acquiring 20.20.2 - x64 from https://github.com/actions/node-versions/releases/download/20.20.2-23521894959/node-20.20.2-linux-x64.tar.gz
v0.14.0 Upgrade and Encrypted Rollback	Setup Node	2026-10-05T22:53:07.5757660Z Extracting ...
v0.14.0 Upgrade and Encrypted Rollback	Setup Node	2026-10-05T22:53:07.5848070Z [command]/usr/bin/tar xz --strip 1 --warning=no-unknown-keyword --overwrite -C /home/runner/work/_temp/9e78377a-1fb3-4365-bb04-5dfcae5eb4be -f /home/runner/work/_temp/b65b30cf-70d9-4721-8311-18943bff33ca
v0.14.0 Upgrade and Encrypted Rollback	Setup Node	2026-10-05T22:53:08.4352380Z Adding to the cache ...
v0.14.0 Upgrade and Encrypted Rollback	Setup Node	2026-10-05T22:53:10.2325072Z ##[group]Environment details
v0.14.0 Upgrade and Encrypted Rollback	Setup Node	2026-10-05T22:53:10.4294788Z node: v20.20.2
v0.14.0 Upgrade and Encrypted Rollback	Setup Node	2026-10-05T22:53:10.4295236Z npm: 10.8.2
v0.14.0 Upgrade and Encrypted Rollback	Setup Node	2026-10-05T22:53:10.4295463Z yarn: 1.22.22
v0.14.0 Upgrade and Encrypted Rollback	Setup Node	2026-10-05T22:53:10.4296000Z ##[endgroup]
v0.14.0 Upgrade and Encrypted Rollback	Setup Node	2026-10-05T22:53:10.4313244Z [command]/opt/hostedtoolcache/node/20.20.2/x64/bin/npm config get cache
v0.14.0 Upgrade and Encrypted Rollback	Setup Node	2026-10-05T22:53:10.5139153Z /home/runner/.npm
v0.14.0 Upgrade and Encrypted Rollback	Setup Node	2026-10-05T22:53:10.6208770Z Cache hit for: node-cache-Linux-x64-npm-9ad1fc3d02200f097d647c965e5a2c426e45ead6e22fb282009302d8eeb7a3d3
v0.14.0 Upgrade and Encrypted Rollback	Setup Node	2026-10-05T22:53:10.6289542Z (node:2121) [DEP0169] DeprecationWarning: `url.parse()` behavior is not standardized and prone to errors that have security implications. Use the WHATWG URL API instead. CVEs are not issued for `url.parse()` vulnerabilities.
v0.14.0 Upgrade and Encrypted Rollback	Setup Node	2026-10-05T22:53:11.7305562Z Received 134217728 of 142506313 (94.2%), 128.0 MBs/sec
v0.14.0 Upgrade and Encrypted Rollback	Setup Node	2026-10-05T22:53:11.8644032Z Received 142506313 of 142506313 (100.0%), 119.6 MBs/sec
v0.14.0 Upgrade and Encrypted Rollback	Setup Node	2026-10-05T22:53:11.8644525Z Cache Size: ~136 MB (142506313 B)
v0.14.0 Upgrade and Encrypted Rollback	Setup Node	2026-10-05T22:53:11.8737809Z [command]/usr/bin/tar -xf /home/runner/work/_temp/9b52bbdb-260f-4a7d-b816-b5002a2103b3/cache.tzst -P -C /home/runner/work/calibrate-health/calibrate-health --use-compress-program unzstd
v0.14.0 Upgrade and Encrypted Rollback	Setup Node	2026-10-05T22:53:12.0849017Z Cache restored successfully
v0.14.0 Upgrade and Encrypted Rollback	Setup Node	2026-10-05T22:53:12.0909143Z Cache restored from key: node-cache-Linux-x64-npm-9ad1fc3d02200f097d647c965e5a2c426e45ead6e22fb282009302d8eeb7a3d3
v0.14.0 Upgrade and Encrypted Rollback	Install backend dependencies	﻿2026-10-05T22:53:12.1075527Z ##[group]Run npm --prefix backend ci --no-audit --fund=false
v0.14.0 Upgrade and Encrypted Rollback	Install backend dependencies	2026-10-05T22:53:12.1075974Z ^[[36;1mnpm --prefix backend ci --no-audit --fund=false^[[0m
v0.14.0 Upgrade and Encrypted Rollback	Install backend dependencies	2026-10-05T22:53:12.1268991Z shell: /usr/bin/bash -e {0}
v0.14.0 Upgrade and Encrypted Rollback	Install backend dependencies	2026-10-05T22:53:12.1269228Z env:
v0.14.0 Upgrade and Encrypted Rollback	Install backend dependencies	2026-10-05T22:53:12.1269479Z   CALIBRATE_SOURCE_COMMIT: c44b5f7850288b94b24e8ca773584a4fa25937b9
v0.14.0 Upgrade and Encrypted Rollback	Install backend dependencies	2026-10-05T22:53:12.1269779Z ##[endgroup]
v0.14.0 Upgrade and Encrypted Rollback	Install backend dependencies	2026-10-05T22:53:12.4620544Z npm warn EBADENGINE Unsupported engine {
v0.14.0 Upgrade and Encrypted Rollback	Install backend dependencies	2026-10-05T22:53:12.4621306Z npm warn EBADENGINE   package: '@prisma/streams-local@0.1.11',
v0.14.0 Upgrade and Encrypted Rollback	Install backend dependencies	2026-10-05T22:53:12.4622033Z npm warn EBADENGINE   required: { bun: '>=1.2.0', node: '>=22.0.0' },
v0.14.0 Upgrade and Encrypted Rollback	Install backend dependencies	2026-10-05T22:53:12.4622729Z npm warn EBADENGINE   current: { node: 'v20.20.2', npm: '10.8.2' }
v0.14.0 Upgrade and Encrypted Rollback	Install backend dependencies	2026-10-05T22:53:12.4623026Z npm warn EBADENGINE }
v0.14.0 Upgrade and Encrypted Rollback	Install backend dependencies	2026-10-05T22:53:17.3380175Z 
v0.14.0 Upgrade and Encrypted Rollback	Install backend dependencies	2026-10-05T22:53:17.3380886Z added 430 packages in 5s
v0.14.0 Upgrade and Encrypted Rollback	Validate rollback rehearsal helpers	﻿2026-10-05T22:53:17.3758946Z ##[group]Run npm run test:db:rollback:unit
v0.14.0 Upgrade and Encrypted Rollback	Validate rollback rehearsal helpers	2026-10-05T22:53:17.3759240Z ^[[36;1mnpm run test:db:rollback:unit^[[0m
v0.14.0 Upgrade and Encrypted Rollback	Validate rollback rehearsal helpers	2026-10-05T22:53:17.3818867Z shell: /usr/bin/bash -e {0}
v0.14.0 Upgrade and Encrypted Rollback	Validate rollback rehearsal helpers	2026-10-05T22:53:17.3819094Z env:
v0.14.0 Upgrade and Encrypted Rollback	Validate rollback rehearsal helpers	2026-10-05T22:53:17.3819356Z   CALIBRATE_SOURCE_COMMIT: c44b5f7850288b94b24e8ca773584a4fa25937b9
v0.14.0 Upgrade and Encrypted Rollback	Validate rollback rehearsal helpers	2026-10-05T22:53:17.3819647Z ##[endgroup]
v0.14.0 Upgrade and Encrypted Rollback	Validate rollback rehearsal helpers	2026-10-05T22:53:17.4717081Z 
v0.14.0 Upgrade and Encrypted Rollback	Validate rollback rehearsal helpers	2026-10-05T22:53:17.4717588Z > cal-io@0.37.0 test:db:rollback:unit
v0.14.0 Upgrade and Encrypted Rollback	Validate rollback rehearsal helpers	2026-10-05T22:53:17.4718135Z > node --test scripts/postgres-rollback-smoke.test.mjs
v0.14.0 Upgrade and Encrypted Rollback	Validate rollback rehearsal helpers	2026-10-05T22:53:17.4718354Z 
v0.14.0 Upgrade and Encrypted Rollback	Validate rollback rehearsal helpers	2026-10-05T22:53:17.5048585Z TAP version 13
v0.14.0 Upgrade and Encrypted Rollback	Validate rollback rehearsal helpers	2026-10-05T22:53:17.5547150Z # Subtest: resource plan owns only generated Docker and database names
v0.14.0 Upgrade and Encrypted Rollback	Validate rollback rehearsal helpers	2026-10-05T22:53:17.5557836Z ok 1 - resource plan owns only generated Docker and database names
v0.14.0 Upgrade and Encrypted Rollback	Validate rollback rehearsal helpers	2026-10-05T22:53:17.5561231Z   ---
v0.14.0 Upgrade and Encrypted Rollback	Validate rollback rehearsal helpers	2026-10-05T22:53:17.5561913Z   duration_ms: 3.963359
v0.14.0 Upgrade and Encrypted Rollback	Validate rollback rehearsal helpers	2026-10-05T22:53:17.5562419Z   ...
v0.14.0 Upgrade and Encrypted Rollback	Validate rollback rehearsal helpers	2026-10-05T22:53:17.5565335Z # Subtest: published database ports must be loopback-only and singular
v0.14.0 Upgrade and Encrypted Rollback	Validate rollback rehearsal helpers	2026-10-05T22:53:17.5566437Z ok 2 - published database ports must be loopback-only and singular
v0.14.0 Upgrade and Encrypted Rollback	Validate rollback rehearsal helpers	2026-10-05T22:53:17.5567130Z   ---
v0.14.0 Upgrade and Encrypted Rollback	Validate rollback rehearsal helpers	2026-10-05T22:53:17.5567588Z   duration_ms: 0.286592
v0.14.0 Upgrade and Encrypted Rollback	Validate rollback rehearsal helpers	2026-10-05T22:53:17.5568063Z   ...
v0.14.0 Upgrade and Encrypted Rollback	Validate rollback rehearsal helpers	2026-10-05T22:53:17.5569668Z # Subtest: database URLs cannot escape the generated loopback target
v0.14.0 Upgrade and Encrypted Rollback	Validate rollback rehearsal helpers	2026-10-05T22:53:17.5571167Z ok 3 - database URLs cannot escape the generated loopback target
v0.14.0 Upgrade and Encrypted Rollback	Validate rollback rehearsal helpers	2026-10-05T22:53:17.5572075Z   ---
v0.14.0 Upgrade and Encrypted Rollback	Validate rollback rehearsal helpers	2026-10-05T22:53:17.5572594Z   duration_ms: 1.051687
v0.14.0 Upgrade and Encrypted Rollback	Validate rollback rehearsal helpers	2026-10-05T22:53:17.5572934Z   ...
v0.14.0 Upgrade and Encrypted Rollback	Validate rollback rehearsal helpers	2026-10-05T22:53:17.5573956Z # Subtest: Postgres launch is private, disposable, labeled, and loopback-published
v0.14.0 Upgrade and Encrypted Rollback	Validate rollback rehearsal helpers	2026-10-05T22:53:17.5598406Z ok 4 - Postgres launch is private, disposable, labeled, and loopback-published
v0.14.0 Upgrade and Encrypted Rollback	Validate rollback rehearsal helpers	2026-10-05T22:53:17.5598974Z   ---
v0.14.0 Upgrade and Encrypted Rollback	Validate rollback rehearsal helpers	2026-10-05T22:53:17.5599294Z   duration_ms: 0.240433
v0.14.0 Upgrade and Encrypted Rollback	Validate rollback rehearsal helpers	2026-10-05T22:53:17.5599617Z   ...
v0.14.0 Upgrade and Encrypted Rollback	Validate rollback rehearsal helpers	2026-10-05T22:53:17.5600208Z # Subtest: migration contract pins exact v0.14.0 and candidate ledgers
v0.14.0 Upgrade and Encrypted Rollback	Validate rollback rehearsal helpers	2026-10-05T22:53:17.5600788Z ok 5 - migration contract pins exact v0.14.0 and candidate ledgers
v0.14.0 Upgrade and Encrypted Rollback	Validate rollback rehearsal helpers	2026-10-05T22:53:17.5601444Z   ---
v0.14.0 Upgrade and Encrypted Rollback	Validate rollback rehearsal helpers	2026-10-05T22:53:17.5601718Z   duration_ms: 6.771184
v0.14.0 Upgrade and Encrypted Rollback	Validate rollback rehearsal helpers	2026-10-05T22:53:17.5601994Z   ...
v0.14.0 Upgrade and Encrypted Rollback	Validate rollback rehearsal helpers	2026-10-05T22:53:17.5602574Z # Subtest: hosted source binding accepts only the checked-out lowercase full SHA
v0.14.0 Upgrade and Encrypted Rollback	Validate rollback rehearsal helpers	2026-10-05T22:53:17.5603255Z ok 6 - hosted source binding accepts only the checked-out lowercase full SHA
v0.14.0 Upgrade and Encrypted Rollback	Validate rollback rehearsal helpers	2026-10-05T22:53:17.5603594Z   ---
v0.14.0 Upgrade and Encrypted Rollback	Validate rollback rehearsal helpers	2026-10-05T22:53:17.5603805Z   duration_ms: 0.228013
v0.14.0 Upgrade and Encrypted Rollback	Validate rollback rehearsal helpers	2026-10-05T22:53:17.5603994Z   ...
v0.14.0 Upgrade and Encrypted Rollback	Validate rollback rehearsal helpers	2026-10-05T22:53:17.5604304Z # Subtest: source resolver binds the actual checkout to the workflow candidate
v0.14.0 Upgrade and Encrypted Rollback	Validate rollback rehearsal helpers	2026-10-05T22:53:17.5604779Z ok 7 - source resolver binds the actual checkout to the workflow candidate
v0.14.0 Upgrade and Encrypted Rollback	Validate rollback rehearsal helpers	2026-10-05T22:53:17.5605105Z   ---
v0.14.0 Upgrade and Encrypted Rollback	Validate rollback rehearsal helpers	2026-10-05T22:53:17.5605263Z   duration_ms: 0.205851
v0.14.0 Upgrade and Encrypted Rollback	Validate rollback rehearsal helpers	2026-10-05T22:53:17.5605439Z   ...
v0.14.0 Upgrade and Encrypted Rollback	Validate rollback rehearsal helpers	2026-10-05T22:53:17.5606057Z # Subtest: representative snapshots distinguish base from the intentional candidate transform
v0.14.0 Upgrade and Encrypted Rollback	Validate rollback rehearsal helpers	2026-10-05T22:53:17.5606968Z ok 8 - representative snapshots distinguish base from the intentional candidate transform
v0.14.0 Upgrade and Encrypted Rollback	Validate rollback rehearsal helpers	2026-10-05T22:53:17.5607380Z   ---
v0.14.0 Upgrade and Encrypted Rollback	Validate rollback rehearsal helpers	2026-10-05T22:53:17.5607618Z   duration_ms: 0.229427
v0.14.0 Upgrade and Encrypted Rollback	Validate rollback rehearsal helpers	2026-10-05T22:53:17.5607920Z   ...
v0.14.0 Upgrade and Encrypted Rollback	Validate rollback rehearsal helpers	2026-10-05T22:53:17.5608424Z # Subtest: diagnostics redact credentials and absolute host paths
v0.14.0 Upgrade and Encrypted Rollback	Validate rollback rehearsal helpers	2026-10-05T22:53:17.5609111Z ok 9 - diagnostics redact credentials and absolute host paths
v0.14.0 Upgrade and Encrypted Rollback	Validate rollback rehearsal helpers	2026-10-05T22:53:17.5609548Z   ---
v0.14.0 Upgrade and Encrypted Rollback	Validate rollback rehearsal helpers	2026-10-05T22:53:17.5609804Z   duration_ms: 0.46409
v0.14.0 Upgrade and Encrypted Rollback	Validate rollback rehearsal helpers	2026-10-05T22:53:17.5610077Z   ...
v0.14.0 Upgrade and Encrypted Rollback	Validate rollback rehearsal helpers	2026-10-05T22:53:17.5610622Z # Subtest: success evidence is sanitized, exact, and contains no resource target
v0.14.0 Upgrade and Encrypted Rollback	Validate rollback rehearsal helpers	2026-10-05T22:53:17.5611624Z ok 10 - success evidence is sanitized, exact, and contains no resource target
v0.14.0 Upgrade and Encrypted Rollback	Validate rollback rehearsal helpers	2026-10-05T22:53:17.5612559Z   ---
v0.14.0 Upgrade and Encrypted Rollback	Validate rollback rehearsal helpers	2026-10-05T22:53:17.5612823Z   duration_ms: 0.399403
v0.14.0 Upgrade and Encrypted Rollback	Validate rollback rehearsal helpers	2026-10-05T22:53:17.5613108Z   ...
v0.14.0 Upgrade and Encrypted Rollback	Validate rollback rehearsal helpers	2026-10-05T22:53:17.5613586Z # Subtest: failed evidence remains bound to the checked-out candidate
v0.14.0 Upgrade and Encrypted Rollback	Validate rollback rehearsal helpers	2026-10-05T22:53:17.5614270Z ok 11 - failed evidence remains bound to the checked-out candidate
v0.14.0 Upgrade and Encrypted Rollback	Validate rollback rehearsal helpers	2026-10-05T22:53:17.5615012Z   ---
v0.14.0 Upgrade and Encrypted Rollback	Validate rollback rehearsal helpers	2026-10-05T22:53:17.5615270Z   duration_ms: 0.208174
v0.14.0 Upgrade and Encrypted Rollback	Validate rollback rehearsal helpers	2026-10-05T22:53:17.5615551Z   ...
v0.14.0 Upgrade and Encrypted Rollback	Validate rollback rehearsal helpers	2026-10-05T22:53:17.5616071Z # Subtest: schema names, arguments, and evidence path are fixed and guarded
v0.14.0 Upgrade and Encrypted Rollback	Validate rollback rehearsal helpers	2026-10-05T22:53:17.5616831Z ok 12 - schema names, arguments, and evidence path are fixed and guarded
v0.14.0 Upgrade and Encrypted Rollback	Validate rollback rehearsal helpers	2026-10-05T22:53:17.5617310Z   ---
v0.14.0 Upgrade and Encrypted Rollback	Validate rollback rehearsal helpers	2026-10-05T22:53:17.5617580Z   duration_ms: 0.187963
v0.14.0 Upgrade and Encrypted Rollback	Validate rollback rehearsal helpers	2026-10-05T22:53:17.5617870Z   ...
v0.14.0 Upgrade and Encrypted Rollback	Validate rollback rehearsal helpers	2026-10-05T22:53:17.5618449Z # Subtest: command encoding defaults to text while preserving explicit spawn encodings
v0.14.0 Upgrade and Encrypted Rollback	Validate rollback rehearsal helpers	2026-10-05T22:53:17.5619345Z ok 13 - command encoding defaults to text while preserving explicit spawn encodings
v0.14.0 Upgrade and Encrypted Rollback	Validate rollback rehearsal helpers	2026-10-05T22:53:17.5642695Z   ---
v0.14.0 Upgrade and Encrypted Rollback	Validate rollback rehearsal helpers	2026-10-05T22:53:17.5643073Z   duration_ms: 0.108053
v0.14.0 Upgrade and Encrypted Rollback	Validate rollback rehearsal helpers	2026-10-05T22:53:17.5643480Z   ...
v0.14.0 Upgrade and Encrypted Rollback	Validate rollback rehearsal helpers	2026-10-05T22:53:17.5644326Z # Subtest: script contract uses production backup/restore and cleanup without external DATABASE_URL
v0.14.0 Upgrade and Encrypted Rollback	Validate rollback rehearsal helpers	2026-10-05T22:53:17.5645597Z ok 14 - script contract uses production backup/restore and cleanup without external DATABASE_URL
v0.14.0 Upgrade and Encrypted Rollback	Validate rollback rehearsal helpers	2026-10-05T22:53:17.5646279Z   ---
v0.14.0 Upgrade and Encrypted Rollback	Validate rollback rehearsal helpers	2026-10-05T22:53:17.5646611Z   duration_ms: 0.558382
v0.14.0 Upgrade and Encrypted Rollback	Validate rollback rehearsal helpers	2026-10-05T22:53:17.5646998Z   ...
v0.14.0 Upgrade and Encrypted Rollback	Validate rollback rehearsal helpers	2026-10-05T22:53:17.5686425Z 1..14
v0.14.0 Upgrade and Encrypted Rollback	Validate rollback rehearsal helpers	2026-10-05T22:53:17.5686692Z # tests 14
v0.14.0 Upgrade and Encrypted Rollback	Validate rollback rehearsal helpers	2026-10-05T22:53:17.5686927Z # suites 0
v0.14.0 Upgrade and Encrypted Rollback	Validate rollback rehearsal helpers	2026-10-05T22:53:17.5687196Z # pass 14
v0.14.0 Upgrade and Encrypted Rollback	Validate rollback rehearsal helpers	2026-10-05T22:53:17.5687537Z # fail 0
v0.14.0 Upgrade and Encrypted Rollback	Validate rollback rehearsal helpers	2026-10-05T22:53:17.5687803Z # cancelled 0
v0.14.0 Upgrade and Encrypted Rollback	Validate rollback rehearsal helpers	2026-10-05T22:53:17.5688110Z # skipped 0
v0.14.0 Upgrade and Encrypted Rollback	Validate rollback rehearsal helpers	2026-10-05T22:53:17.5688424Z # todo 0
v0.14.0 Upgrade and Encrypted Rollback	Validate rollback rehearsal helpers	2026-10-05T22:53:17.5693793Z # duration_ms 70.596564
v0.14.0 Upgrade and Encrypted Rollback	Upgrade from v0.14.0, restore, and re-upgrade	﻿2026-10-05T22:53:17.5790281Z ##[group]Run npm run test:db:rollback
v0.14.0 Upgrade and Encrypted Rollback	Upgrade from v0.14.0, restore, and re-upgrade	2026-10-05T22:53:17.5790567Z ^[[36;1mnpm run test:db:rollback^[[0m
v0.14.0 Upgrade and Encrypted Rollback	Upgrade from v0.14.0, restore, and re-upgrade	2026-10-05T22:53:17.5848934Z shell: /usr/bin/bash -e {0}
v0.14.0 Upgrade and Encrypted Rollback	Upgrade from v0.14.0, restore, and re-upgrade	2026-10-05T22:53:17.5849178Z env:
v0.14.0 Upgrade and Encrypted Rollback	Upgrade from v0.14.0, restore, and re-upgrade	2026-10-05T22:53:17.5849426Z   CALIBRATE_SOURCE_COMMIT: c44b5f7850288b94b24e8ca773584a4fa25937b9
v0.14.0 Upgrade and Encrypted Rollback	Upgrade from v0.14.0, restore, and re-upgrade	2026-10-05T22:53:17.5849713Z ##[endgroup]
v0.14.0 Upgrade and Encrypted Rollback	Upgrade from v0.14.0, restore, and re-upgrade	2026-10-05T22:53:17.6750297Z 
v0.14.0 Upgrade and Encrypted Rollback	Upgrade from v0.14.0, restore, and re-upgrade	2026-10-05T22:53:17.6751072Z > cal-io@0.37.0 test:db:rollback
v0.14.0 Upgrade and Encrypted Rollback	Upgrade from v0.14.0, restore, and re-upgrade	2026-10-05T22:53:17.6751624Z > node scripts/postgres-rollback-smoke.mjs
v0.14.0 Upgrade and Encrypted Rollback	Upgrade from v0.14.0, restore, and re-upgrade	2026-10-05T22:53:17.6751913Z 
v0.14.0 Upgrade and Encrypted Rollback	Upgrade from v0.14.0, restore, and re-upgrade	2026-10-05T22:53:36.5119680Z [postgres-rollback-smoke] Applying immutable v0.14.0 migration ledger.
v0.14.0 Upgrade and Encrypted Rollback	Upgrade from v0.14.0, restore, and re-upgrade	2026-10-05T22:53:39.2836781Z [postgres-rollback-smoke] Applying candidate migrations through 0045_firebase_identity_foundation.
v0.14.0 Upgrade and Encrypted Rollback	Upgrade from v0.14.0, restore, and re-upgrade	2026-10-05T22:53:40.6818416Z [postgres-rollback-smoke] Restoring the encrypted predecessor backup into the owned empty target.
v0.14.0 Upgrade and Encrypted Rollback	Upgrade from v0.14.0, restore, and re-upgrade	2026-10-05T22:53:41.4059037Z [postgres-rollback-smoke] Re-applying the candidate ledger to the restored predecessor data.
v0.14.0 Upgrade and Encrypted Rollback	Upgrade from v0.14.0, restore, and re-upgrade	2026-10-05T22:53:43.1157496Z [postgres-rollback-smoke] PASS: restored v0.14.0, verified its exact data/ledger, and re-upgraded through 0045_firebase_identity_foundation.
v0.14.0 Upgrade and Encrypted Rollback	Post Setup Node	﻿2026-10-05T22:53:43.1316232Z Post job cleanup.
v0.14.0 Upgrade and Encrypted Rollback	Post Setup Node	2026-10-05T22:53:43.2259119Z (node:4309) [DEP0040] DeprecationWarning: The `punycode` module is deprecated. Please use a userland alternative instead.
v0.14.0 Upgrade and Encrypted Rollback	Post Setup Node	2026-10-05T22:53:43.2260093Z (Use `node --trace-deprecation ...` to show where the warning was created)
v0.14.0 Upgrade and Encrypted Rollback	Post Setup Node	2026-10-05T22:53:43.2263514Z Cache hit occurred on the primary key node-cache-Linux-x64-npm-9ad1fc3d02200f097d647c965e5a2c426e45ead6e22fb282009302d8eeb7a3d3, not saving cache.
v0.14.0 Upgrade and Encrypted Rollback	Post Checkout candidate C with immutable base tag	﻿2026-10-05T22:53:43.2385284Z Post job cleanup.
v0.14.0 Upgrade and Encrypted Rollback	Post Checkout candidate C with immutable base tag	2026-10-05T22:53:43.3058054Z [command]/usr/bin/git version
v0.14.0 Upgrade and Encrypted Rollback	Post Checkout candidate C with immutable base tag	2026-10-05T22:53:43.3092662Z git version 2.55.0
v0.14.0 Upgrade and Encrypted Rollback	Post Checkout candidate C with immutable base tag	2026-10-05T22:53:43.3121803Z Temporarily overriding HOME='/home/runner/work/_temp/70d2031c-136e-47a8-8d3c-1a11cea195e3' before making global git config changes
v0.14.0 Upgrade and Encrypted Rollback	Post Checkout candidate C with immutable base tag	2026-10-05T22:53:43.3123109Z Adding repository directory to the temporary git global config as a safe directory
v0.14.0 Upgrade and Encrypted Rollback	Post Checkout candidate C with immutable base tag	2026-10-05T22:53:43.3126849Z [command]/usr/bin/git config --global --add safe.directory /home/runner/work/calibrate-health/calibrate-health
v0.14.0 Upgrade and Encrypted Rollback	Post Checkout candidate C with immutable base tag	2026-10-05T22:53:43.3157989Z [command]/usr/bin/git config --local --name-only --get-regexp core\.sshCommand
v0.14.0 Upgrade and Encrypted Rollback	Post Checkout candidate C with immutable base tag	2026-10-05T22:53:43.3187359Z [command]/usr/bin/git submodule foreach --recursive sh -c "git config --local --name-only --get-regexp 'core\.sshCommand' && git config --local --unset-all 'core.sshCommand' || :"
v0.14.0 Upgrade and Encrypted Rollback	Post Checkout candidate C with immutable base tag	2026-10-05T22:53:43.3397484Z [command]/usr/bin/git config --local --name-only --get-regexp http\.https\:\/\/github\.com\/\.extraheader
v0.14.0 Upgrade and Encrypted Rollback	Post Checkout candidate C with immutable base tag	2026-10-05T22:53:43.3416970Z http.https://github.com/.extraheader
v0.14.0 Upgrade and Encrypted Rollback	Post Checkout candidate C with immutable base tag	2026-10-05T22:53:43.3426041Z [command]/usr/bin/git config --local --unset-all http.https://github.com/.extraheader
v0.14.0 Upgrade and Encrypted Rollback	Post Checkout candidate C with immutable base tag	2026-10-05T22:53:43.3457023Z [command]/usr/bin/git submodule foreach --recursive sh -c "git config --local --name-only --get-regexp 'http\.https\:\/\/github\.com\/\.extraheader' && git config --local --unset-all 'http.https://github.com/.extraheader' || :"
v0.14.0 Upgrade and Encrypted Rollback	Post Checkout candidate C with immutable base tag	2026-10-05T22:53:43.3671169Z [command]/usr/bin/git config --local --name-only --get-regexp ^includeIf\.gitdir:
v0.14.0 Upgrade and Encrypted Rollback	Post Checkout candidate C with immutable base tag	2026-10-05T22:53:43.3705424Z [command]/usr/bin/git submodule foreach --recursive git config --local --show-origin --name-only --get-regexp remote.origin.url
v0.14.0 Upgrade and Encrypted Rollback	Complete job	﻿2026-10-05T22:53:43.4048445Z Cleaning up orphan processes
v0.14.0 Upgrade and Encrypted Rollback	Complete job	2026-10-05T22:53:43.4355893Z ##[warning]Node.js 20 is deprecated. The following actions target Node.js 20 but are being forced to run on Node.js 24: actions/checkout@v4, actions/setup-node@v4. For more information see: https://github.blog/changelog/2025-09-19-deprecation-of-node-20-on-github-actions-runners/
