Release Configuration	Set up job	﻿2026-10-07T05:19:00.6814080Z Current runner version: '2.337.0'
Release Configuration	Set up job	2026-10-07T05:19:00.6841679Z ##[group]Runner Image Provisioner
Release Configuration	Set up job	2026-10-07T05:19:00.6842817Z Hosted Compute Agent
Release Configuration	Set up job	2026-10-07T05:19:00.6843663Z Version: 20260901.588
Release Configuration	Set up job	2026-10-07T05:19:00.6844282Z Commit: f88ec8081b781fac6c440065ac7ff9e710ce3d0b
Release Configuration	Set up job	2026-10-07T05:19:00.6845062Z Build Date: 2026-09-01T19:56:44Z
Release Configuration	Set up job	2026-10-07T05:19:00.6846147Z Worker ID: {0a6a9beb-8088-492d-a87f-74c37d0fba03}
Release Configuration	Set up job	2026-10-07T05:19:00.6846869Z Azure Region: southcentralus
Release Configuration	Set up job	2026-10-07T05:19:00.6847499Z ##[endgroup]
Release Configuration	Set up job	2026-10-07T05:19:00.6849038Z ##[group]Operating System
Release Configuration	Set up job	2026-10-07T05:19:00.6849671Z Ubuntu
Release Configuration	Set up job	2026-10-07T05:19:00.6850315Z 24.04.5
Release Configuration	Set up job	2026-10-07T05:19:00.6850821Z LTS
Release Configuration	Set up job	2026-10-07T05:19:00.6851371Z ##[endgroup]
Release Configuration	Set up job	2026-10-07T05:19:00.6851909Z ##[group]Runner Image
Release Configuration	Set up job	2026-10-07T05:19:00.6852487Z Image: ubuntu-24.04
Release Configuration	Set up job	2026-10-07T05:19:00.6853096Z Version: 20260927.320.1
Release Configuration	Set up job	2026-10-07T05:19:00.6854169Z Included Software: https://github.com/actions/runner-images/blob/ubuntu24/20260927.320/images/ubuntu/Ubuntu2404-Readme.md
Release Configuration	Set up job	2026-10-07T05:19:00.6856154Z Image Release: https://github.com/actions/runner-images/releases/tag/ubuntu24%2F20260927.320
Release Configuration	Set up job	2026-10-07T05:19:00.6857068Z ##[endgroup]
Release Configuration	Set up job	2026-10-07T05:19:00.6858182Z ##[group]GITHUB_TOKEN Permissions
Release Configuration	Set up job	2026-10-07T05:19:00.6860789Z Contents: read
Release Configuration	Set up job	2026-10-07T05:19:00.6861411Z Metadata: read
Release Configuration	Set up job	2026-10-07T05:19:00.6861988Z ##[endgroup]
Release Configuration	Set up job	2026-10-07T05:19:00.6864243Z Secret source: Actions
Release Configuration	Set up job	2026-10-07T05:19:00.6865178Z Cache mode: write
Release Configuration	Set up job	2026-10-07T05:19:00.6866530Z Prepare workflow directory
Release Configuration	Set up job	2026-10-07T05:19:00.7209131Z Prepare all required actions
Release Configuration	Set up job	2026-10-07T05:19:00.7260746Z Getting action download info
Release Configuration	Set up job	2026-10-07T05:19:00.9868141Z Download action repository 'actions/checkout@11d5960a326750d5838078e36cf38b85af677262' (SHA:11d5960a326750d5838078e36cf38b85af677262)
Release Configuration	Set up job	2026-10-07T05:19:01.1132071Z Download action repository 'actions/setup-node@49933ea5288caeca8642d1e84afbd3f7d6820020' (SHA:49933ea5288caeca8642d1e84afbd3f7d6820020)
Release Configuration	Set up job	2026-10-07T05:19:01.3746792Z Complete job name: Release Configuration
Release Configuration	Checkout	﻿2026-10-07T05:19:01.4490169Z ##[group]Run actions/checkout@11d5960a326750d5838078e36cf38b85af677262
Release Configuration	Checkout	2026-10-07T05:19:01.4491238Z with:
Release Configuration	Checkout	2026-10-07T05:19:01.4491807Z   ref: 0c26cea12e3ecdbc962eebaeb140af35f54ab95a
Release Configuration	Checkout	2026-10-07T05:19:01.4492519Z   persist-credentials: false
Release Configuration	Checkout	2026-10-07T05:19:01.4493155Z   repository: MChartier/calibrate-health
Release Configuration	Checkout	2026-10-07T05:19:01.4497538Z   token: ***
Release Configuration	Checkout	2026-10-07T05:19:01.4498076Z   ssh-strict: true
Release Configuration	Checkout	2026-10-07T05:19:01.4498596Z   ssh-user: git
Release Configuration	Checkout	2026-10-07T05:19:01.4499104Z   clean: true
Release Configuration	Checkout	2026-10-07T05:19:01.4499634Z   sparse-checkout-cone-mode: true
Release Configuration	Checkout	2026-10-07T05:19:01.4500207Z   fetch-depth: 1
Release Configuration	Checkout	2026-10-07T05:19:01.4500746Z   fetch-tags: false
Release Configuration	Checkout	2026-10-07T05:19:01.4501295Z   show-progress: true
Release Configuration	Checkout	2026-10-07T05:19:01.4501861Z   lfs: false
Release Configuration	Checkout	2026-10-07T05:19:01.4502343Z   submodules: false
Release Configuration	Checkout	2026-10-07T05:19:01.4502854Z   set-safe-directory: true
Release Configuration	Checkout	2026-10-07T05:19:01.4503462Z   allow-unsafe-pr-checkout: false
Release Configuration	Checkout	2026-10-07T05:19:01.4504223Z ##[endgroup]
Release Configuration	Checkout	2026-10-07T05:19:01.5584111Z Syncing repository: MChartier/calibrate-health
Release Configuration	Checkout	2026-10-07T05:19:01.5587500Z ##[group]Getting Git version info
Release Configuration	Checkout	2026-10-07T05:19:01.5588746Z Working directory is '/home/runner/work/calibrate-health/calibrate-health'
Release Configuration	Checkout	2026-10-07T05:19:01.5590671Z [command]/usr/bin/git version
Release Configuration	Checkout	2026-10-07T05:19:01.5652549Z git version 2.55.0
Release Configuration	Checkout	2026-10-07T05:19:01.5676111Z ##[endgroup]
Release Configuration	Checkout	2026-10-07T05:19:01.5687125Z Temporarily overriding HOME='/home/runner/work/_temp/22855619-6d98-4b5d-9a73-c0fe48e99de7' before making global git config changes
Release Configuration	Checkout	2026-10-07T05:19:01.5689078Z Adding repository directory to the temporary git global config as a safe directory
Release Configuration	Checkout	2026-10-07T05:19:01.5691219Z [command]/usr/bin/git config --global --add safe.directory /home/runner/work/calibrate-health/calibrate-health
Release Configuration	Checkout	2026-10-07T05:19:01.5751000Z Deleting the contents of '/home/runner/work/calibrate-health/calibrate-health'
Release Configuration	Checkout	2026-10-07T05:19:01.5755859Z ##[group]Initializing the repository
Release Configuration	Checkout	2026-10-07T05:19:01.5760199Z [command]/usr/bin/git init /home/runner/work/calibrate-health/calibrate-health
Release Configuration	Checkout	2026-10-07T05:19:01.5890125Z hint: Using 'master' as the name for the initial branch. This default branch name
Release Configuration	Checkout	2026-10-07T05:19:01.5891868Z hint: will change to "main" in Git 3.0. To configure the initial branch name
Release Configuration	Checkout	2026-10-07T05:19:01.5892923Z hint: to use in all of your new repositories, which will suppress this warning,
Release Configuration	Checkout	2026-10-07T05:19:01.5894887Z hint: call:
Release Configuration	Checkout	2026-10-07T05:19:01.5895805Z hint:
Release Configuration	Checkout	2026-10-07T05:19:01.5896492Z hint: 	git config --global init.defaultBranch <name>
Release Configuration	Checkout	2026-10-07T05:19:01.5897192Z hint:
Release Configuration	Checkout	2026-10-07T05:19:01.5897865Z hint: Names commonly chosen instead of 'master' are 'main', 'trunk' and
Release Configuration	Checkout	2026-10-07T05:19:01.5898856Z hint: 'development'. The just-created branch can be renamed via this command:
Release Configuration	Checkout	2026-10-07T05:19:01.5899676Z hint:
Release Configuration	Checkout	2026-10-07T05:19:01.5900210Z hint: 	git branch -m <name>
Release Configuration	Checkout	2026-10-07T05:19:01.5900747Z hint:
Release Configuration	Checkout	2026-10-07T05:19:01.5901694Z hint: Disable this message with "git config set advice.defaultBranchName false"
Release Configuration	Checkout	2026-10-07T05:19:01.5902852Z Initialized empty Git repository in /home/runner/work/calibrate-health/calibrate-health/.git/
Release Configuration	Checkout	2026-10-07T05:19:01.5905638Z [command]/usr/bin/git remote add origin https://github.com/MChartier/calibrate-health
Release Configuration	Checkout	2026-10-07T05:19:01.5969788Z ##[endgroup]
Release Configuration	Checkout	2026-10-07T05:19:01.5971250Z ##[group]Disabling automatic garbage collection
Release Configuration	Checkout	2026-10-07T05:19:01.5974042Z [command]/usr/bin/git config --local gc.auto 0
Release Configuration	Checkout	2026-10-07T05:19:01.6012750Z ##[endgroup]
Release Configuration	Checkout	2026-10-07T05:19:01.6014102Z ##[group]Setting up auth
Release Configuration	Checkout	2026-10-07T05:19:01.6020612Z [command]/usr/bin/git config --local --name-only --get-regexp core\.sshCommand
Release Configuration	Checkout	2026-10-07T05:19:01.6059897Z [command]/usr/bin/git submodule foreach --recursive sh -c "git config --local --name-only --get-regexp 'core\.sshCommand' && git config --local --unset-all 'core.sshCommand' || :"
Release Configuration	Checkout	2026-10-07T05:19:01.6446880Z [command]/usr/bin/git config --local --name-only --get-regexp http\.https\:\/\/github\.com\/\.extraheader
Release Configuration	Checkout	2026-10-07T05:19:01.6487819Z [command]/usr/bin/git submodule foreach --recursive sh -c "git config --local --name-only --get-regexp 'http\.https\:\/\/github\.com\/\.extraheader' && git config --local --unset-all 'http.https://github.com/.extraheader' || :"
Release Configuration	Checkout	2026-10-07T05:19:01.6729812Z [command]/usr/bin/git config --local --name-only --get-regexp ^includeIf\.gitdir:
Release Configuration	Checkout	2026-10-07T05:19:01.6762821Z [command]/usr/bin/git submodule foreach --recursive git config --local --show-origin --name-only --get-regexp remote.origin.url
Release Configuration	Checkout	2026-10-07T05:19:01.6962258Z [command]/usr/bin/git config --local http.https://github.com/.extraheader AUTHORIZATION: basic ***
Release Configuration	Checkout	2026-10-07T05:19:01.7009135Z ##[endgroup]
Release Configuration	Checkout	2026-10-07T05:19:01.7010397Z ##[group]Fetching the repository
Release Configuration	Checkout	2026-10-07T05:19:01.7021643Z [command]/usr/bin/git -c protocol.version=2 fetch --no-tags --prune --no-recurse-submodules --depth=1 origin 0c26cea12e3ecdbc962eebaeb140af35f54ab95a
Release Configuration	Checkout	2026-10-07T05:19:03.6388239Z From https://github.com/MChartier/calibrate-health
Release Configuration	Checkout	2026-10-07T05:19:03.6391143Z  * branch            0c26cea12e3ecdbc962eebaeb140af35f54ab95a -> FETCH_HEAD
Release Configuration	Checkout	2026-10-07T05:19:03.6398736Z ##[endgroup]
Release Configuration	Checkout	2026-10-07T05:19:03.6401748Z ##[group]Determining the checkout info
Release Configuration	Checkout	2026-10-07T05:19:03.6404465Z ##[endgroup]
Release Configuration	Checkout	2026-10-07T05:19:03.6407375Z [command]/usr/bin/git sparse-checkout disable
Release Configuration	Checkout	2026-10-07T05:19:03.6459935Z [command]/usr/bin/git config --local --unset-all extensions.worktreeConfig
Release Configuration	Checkout	2026-10-07T05:19:03.6684818Z ##[group]Checking out the ref
Release Configuration	Checkout	2026-10-07T05:19:03.6688877Z [command]/usr/bin/git checkout --progress --force 0c26cea12e3ecdbc962eebaeb140af35f54ab95a
Release Configuration	Checkout	2026-10-07T05:19:03.8750401Z Note: switching to '0c26cea12e3ecdbc962eebaeb140af35f54ab95a'.
Release Configuration	Checkout	2026-10-07T05:19:03.8751158Z 
Release Configuration	Checkout	2026-10-07T05:19:03.8751615Z You are in 'detached HEAD' state. You can look around, make experimental
Release Configuration	Checkout	2026-10-07T05:19:03.8752499Z changes and commit them, and you can discard any commits you make in this
Release Configuration	Checkout	2026-10-07T05:19:03.8753403Z state without impacting any branches by switching back to a branch.
Release Configuration	Checkout	2026-10-07T05:19:03.8754031Z 
Release Configuration	Checkout	2026-10-07T05:19:03.8754448Z If you want to create a new branch to retain commits you create, you may
Release Configuration	Checkout	2026-10-07T05:19:03.8755822Z do so (now or later) by using -c with the switch command. Example:
Release Configuration	Checkout	2026-10-07T05:19:03.8756370Z 
Release Configuration	Checkout	2026-10-07T05:19:03.8756667Z   git switch -c <new-branch-name>
Release Configuration	Checkout	2026-10-07T05:19:03.8757001Z 
Release Configuration	Checkout	2026-10-07T05:19:03.8758092Z Or undo this operation with:
Release Configuration	Checkout	2026-10-07T05:19:03.8758459Z 
Release Configuration	Checkout	2026-10-07T05:19:03.8758735Z   git switch -
Release Configuration	Checkout	2026-10-07T05:19:03.8759026Z 
Release Configuration	Checkout	2026-10-07T05:19:03.8759298Z Turn off this advice by setting config variable advice.detachedHead to false
Release Configuration	Checkout	2026-10-07T05:19:03.8759678Z 
Release Configuration	Checkout	2026-10-07T05:19:03.8759923Z HEAD is now at 0c26cea Simplify manual server and local native release entrypoints
Release Configuration	Checkout	2026-10-07T05:19:03.8765890Z ##[endgroup]
Release Configuration	Checkout	2026-10-07T05:19:03.8815163Z [command]/usr/bin/git log -1 --format=%H
Release Configuration	Checkout	2026-10-07T05:19:03.8840286Z 0c26cea12e3ecdbc962eebaeb140af35f54ab95a
Release Configuration	Checkout	2026-10-07T05:19:03.8848114Z ##[group]Removing auth
Release Configuration	Checkout	2026-10-07T05:19:03.8851824Z [command]/usr/bin/git config --local --name-only --get-regexp core\.sshCommand
Release Configuration	Checkout	2026-10-07T05:19:03.8881940Z [command]/usr/bin/git submodule foreach --recursive sh -c "git config --local --name-only --get-regexp 'core\.sshCommand' && git config --local --unset-all 'core.sshCommand' || :"
Release Configuration	Checkout	2026-10-07T05:19:03.9079946Z [command]/usr/bin/git config --local --name-only --get-regexp http\.https\:\/\/github\.com\/\.extraheader
Release Configuration	Checkout	2026-10-07T05:19:03.9108224Z http.https://github.com/.extraheader
Release Configuration	Checkout	2026-10-07T05:19:03.9113505Z [command]/usr/bin/git config --local --unset-all http.https://github.com/.extraheader
Release Configuration	Checkout	2026-10-07T05:19:03.9146973Z [command]/usr/bin/git submodule foreach --recursive sh -c "git config --local --name-only --get-regexp 'http\.https\:\/\/github\.com\/\.extraheader' && git config --local --unset-all 'http.https://github.com/.extraheader' || :"
Release Configuration	Checkout	2026-10-07T05:19:03.9345495Z [command]/usr/bin/git config --local --name-only --get-regexp ^includeIf\.gitdir:
Release Configuration	Checkout	2026-10-07T05:19:03.9373808Z [command]/usr/bin/git submodule foreach --recursive git config --local --show-origin --name-only --get-regexp remote.origin.url
Release Configuration	Checkout	2026-10-07T05:19:03.9573128Z ##[endgroup]
Release Configuration	Setup Node	﻿2026-10-07T05:19:03.9834833Z ##[group]Run actions/setup-node@49933ea5288caeca8642d1e84afbd3f7d6820020
Release Configuration	Setup Node	2026-10-07T05:19:03.9835805Z with:
Release Configuration	Setup Node	2026-10-07T05:19:03.9836162Z   node-version: 20
Release Configuration	Setup Node	2026-10-07T05:19:03.9836527Z   always-auth: false
Release Configuration	Setup Node	2026-10-07T05:19:03.9836926Z   check-latest: false
Release Configuration	Setup Node	2026-10-07T05:19:03.9839724Z   token: ***
Release Configuration	Setup Node	2026-10-07T05:19:03.9840141Z ##[endgroup]
Release Configuration	Setup Node	2026-10-07T05:19:04.2210797Z Attempting to download 20...
Release Configuration	Setup Node	2026-10-07T05:19:04.2324804Z (node:2376) [DEP0040] DeprecationWarning: The `punycode` module is deprecated. Please use a userland alternative instead.
Release Configuration	Setup Node	2026-10-07T05:19:04.2326005Z (Use `node --trace-deprecation ...` to show where the warning was created)
Release Configuration	Setup Node	2026-10-07T05:19:05.1913961Z Acquiring 20.20.2 - x64 from https://github.com/actions/node-versions/releases/download/20.20.2-23521894959/node-20.20.2-linux-x64.tar.gz
Release Configuration	Setup Node	2026-10-07T05:19:05.7056609Z Extracting ...
Release Configuration	Setup Node	2026-10-07T05:19:05.7166592Z [command]/usr/bin/tar xz --strip 1 --warning=no-unknown-keyword --overwrite -C /home/runner/work/_temp/4424b2da-6e75-4127-8c5e-c59e8b08faef -f /home/runner/work/_temp/5a5f76ac-7e95-47ad-819d-50750cf7061e
Release Configuration	Setup Node	2026-10-07T05:19:06.8168546Z Adding to the cache ...
Release Configuration	Setup Node	2026-10-07T05:19:08.7403380Z ##[group]Environment details
Release Configuration	Setup Node	2026-10-07T05:19:08.9689904Z node: v20.20.2
Release Configuration	Setup Node	2026-10-07T05:19:08.9690715Z npm: 10.8.2
Release Configuration	Setup Node	2026-10-07T05:19:08.9691439Z yarn: 1.22.22
Release Configuration	Setup Node	2026-10-07T05:19:08.9692284Z ##[endgroup]
Release Configuration	Validate versions and quality-gate tests	﻿2026-10-07T05:19:08.9866025Z ##[group]Run npm run release:check
Release Configuration	Validate versions and quality-gate tests	2026-10-07T05:19:08.9866627Z ^[[36;1mnpm run release:check^[[0m
Release Configuration	Validate versions and quality-gate tests	2026-10-07T05:19:08.9867102Z ^[[36;1mnpm run test:release^[[0m
Release Configuration	Validate versions and quality-gate tests	2026-10-07T05:19:08.9867448Z ^[[36;1mnpm run test:operations^[[0m
Release Configuration	Validate versions and quality-gate tests	2026-10-07T05:19:08.9867825Z ^[[36;1mnpm run test:native-release^[[0m
Release Configuration	Validate versions and quality-gate tests	2026-10-07T05:19:08.9868256Z ^[[36;1mnpm run test:wear:emulator:unit^[[0m
Release Configuration	Validate versions and quality-gate tests	2026-10-07T05:19:08.9868621Z ^[[36;1mnpm run test:deploy^[[0m
Release Configuration	Validate versions and quality-gate tests	2026-10-07T05:19:09.0087330Z shell: /usr/bin/bash -e {0}
Release Configuration	Validate versions and quality-gate tests	2026-10-07T05:19:09.0088051Z ##[endgroup]
Release Configuration	Validate versions and quality-gate tests	2026-10-07T05:19:09.1165927Z 
Release Configuration	Validate versions and quality-gate tests	2026-10-07T05:19:09.1175758Z > cal-io@0.38.0 release:check
Release Configuration	Validate versions and quality-gate tests	2026-10-07T05:19:09.1177123Z > node scripts/release-config.mjs check && node scripts/release-acceptance.mjs verify
Release Configuration	Validate versions and quality-gate tests	2026-10-07T05:19:09.1177699Z 
Release Configuration	Validate versions and quality-gate tests	2026-10-07T05:19:09.1722677Z Release configuration is consistent.
Release Configuration	Validate versions and quality-gate tests	2026-10-07T05:19:09.2139987Z Single-user pre-release acceptance policy is valid.
Release Configuration	Validate versions and quality-gate tests	2026-10-07T05:19:09.2142516Z Optional manual capabilities: owner-release-confidence, exhaustive-web-regression, native-emulator-and-upgrade.
Release Configuration	Validate versions and quality-gate tests	2026-10-07T05:19:09.3256489Z 
Release Configuration	Validate versions and quality-gate tests	2026-10-07T05:19:09.3257629Z > cal-io@0.38.0 test:release
Release Configuration	Validate versions and quality-gate tests	2026-10-07T05:19:09.3259694Z > node --test scripts/release-ci-gate.test.mjs scripts/ghcr-release-policy.test.mjs scripts/ghcr-release-receipt.test.mjs scripts/release-config.test.mjs scripts/release-handler-event.test.mjs scripts/release-request.test.mjs scripts/release-workflow-contract.test.mjs scripts/release-acceptance.test.mjs scripts/ux-gates.test.mjs
Release Configuration	Validate versions and quality-gate tests	2026-10-07T05:19:09.3260863Z 
Release Configuration	Validate versions and quality-gate tests	2026-10-07T05:19:09.3754439Z TAP version 13
Release Configuration	Validate versions and quality-gate tests	2026-10-07T05:19:09.6097733Z # Subtest: accepts only single OCI or Docker linux/amd64 image manifests
Release Configuration	Validate versions and quality-gate tests	2026-10-07T05:19:09.6105573Z ok 1 - accepts only single OCI or Docker linux/amd64 image manifests
Release Configuration	Validate versions and quality-gate tests	2026-10-07T05:19:09.6106904Z   ---
Release Configuration	Validate versions and quality-gate tests	2026-10-07T05:19:09.6107766Z   duration_ms: 4.763077
Release Configuration	Validate versions and quality-gate tests	2026-10-07T05:19:09.6108520Z   ...
Release Configuration	Validate versions and quality-gate tests	2026-10-07T05:19:09.6109488Z # Subtest: rejects both OCI indexes and Docker manifest lists
Release Configuration	Validate versions and quality-gate tests	2026-10-07T05:19:09.6110587Z ok 2 - rejects both OCI indexes and Docker manifest lists
Release Configuration	Validate versions and quality-gate tests	2026-10-07T05:19:09.6111521Z   ---
Release Configuration	Validate versions and quality-gate tests	2026-10-07T05:19:09.6112092Z   duration_ms: 0.660536
Release Configuration	Validate versions and quality-gate tests	2026-10-07T05:19:09.6112736Z   ...
Release Configuration	Validate versions and quality-gate tests	2026-10-07T05:19:09.6113740Z # Subtest: rejects non-linux, non-amd64, malformed, and unsupported single manifests
Release Configuration	Validate versions and quality-gate tests	2026-10-07T05:19:09.6115095Z ok 3 - rejects non-linux, non-amd64, malformed, and unsupported single manifests
Release Configuration	Validate versions and quality-gate tests	2026-10-07T05:19:09.6116182Z   ---
Release Configuration	Validate versions and quality-gate tests	2026-10-07T05:19:09.6116823Z   duration_ms: 0.440293
Release Configuration	Validate versions and quality-gate tests	2026-10-07T05:19:09.6117420Z   ...
Release Configuration	Validate versions and quality-gate tests	2026-10-07T05:19:09.6118488Z # Subtest: only the exact requested GHCR ref absence response classifies an alias as absent
Release Configuration	Validate versions and quality-gate tests	2026-10-07T05:19:09.6119998Z ok 4 - only the exact requested GHCR ref absence response classifies an alias as absent
Release Configuration	Validate versions and quality-gate tests	2026-10-07T05:19:09.6122273Z   ---
Release Configuration	Validate versions and quality-gate tests	2026-10-07T05:19:09.6123008Z   duration_ms: 0.836991
Release Configuration	Validate versions and quality-gate tests	2026-10-07T05:19:09.6123534Z   ...
Release Configuration	Validate versions and quality-gate tests	2026-10-07T05:19:09.6124507Z # Subtest: publisher can replace legacy latest indexes without adopting them as immutable release evidence
Release Configuration	Validate versions and quality-gate tests	2026-10-07T05:19:09.6126285Z ok 5 - publisher can replace legacy latest indexes without adopting them as immutable release evidence
Release Configuration	Validate versions and quality-gate tests	2026-10-07T05:19:09.6127243Z   ---
Release Configuration	Validate versions and quality-gate tests	2026-10-07T05:19:09.6127795Z   duration_ms: 134.50042
Release Configuration	Validate versions and quality-gate tests	2026-10-07T05:19:09.6128308Z   ...
Release Configuration	Validate versions and quality-gate tests	2026-10-07T05:19:09.6129395Z # Subtest: shell composition captures the config digest and emits exactly one manifest digest line
Release Configuration	Validate versions and quality-gate tests	2026-10-07T05:19:09.6130776Z ok 6 - shell composition captures the config digest and emits exactly one manifest digest line
Release Configuration	Validate versions and quality-gate tests	2026-10-07T05:19:09.6131633Z   ---
Release Configuration	Validate versions and quality-gate tests	2026-10-07T05:19:09.6132216Z   duration_ms: 43.912654
Release Configuration	Validate versions and quality-gate tests	2026-10-07T05:19:09.6132991Z   ...
Release Configuration	Validate versions and quality-gate tests	2026-10-07T05:19:09.6263049Z # Subtest: protected-master trust set accepts only unique exact allow and revoke directives
Release Configuration	Validate versions and quality-gate tests	2026-10-07T05:19:09.6317371Z ok 7 - protected-master trust set accepts only unique exact allow and revoke directives
Release Configuration	Validate versions and quality-gate tests	2026-10-07T05:19:09.6336764Z   ---
Release Configuration	Validate versions and quality-gate tests	2026-10-07T05:19:09.6397135Z   duration_ms: 2.205067
Release Configuration	Validate versions and quality-gate tests	2026-10-07T05:19:09.6404748Z   ...
Release Configuration	Validate versions and quality-gate tests	2026-10-07T05:19:09.6457105Z # Subtest: repository GHCR workflow trust root is comment-only or parses as exact directives
Release Configuration	Validate versions and quality-gate tests	2026-10-07T05:19:09.6500599Z ok 8 - repository GHCR workflow trust root is comment-only or parses as exact directives
Release Configuration	Validate versions and quality-gate tests	2026-10-07T05:19:09.6506131Z   ---
Release Configuration	Validate versions and quality-gate tests	2026-10-07T05:19:09.6536595Z   duration_ms: 0.526544
Release Configuration	Validate versions and quality-gate tests	2026-10-07T05:19:09.6541678Z   ...
Release Configuration	Validate versions and quality-gate tests	2026-10-07T05:19:09.6542956Z # Subtest: trusted-workflows CLI emits current first and retained historical revisions exactly once
Release Configuration	Validate versions and quality-gate tests	2026-10-07T05:19:09.6543924Z ok 9 - trusted-workflows CLI emits current first and retained historical revisions exactly once
Release Configuration	Validate versions and quality-gate tests	2026-10-07T05:19:09.6544951Z   ---
Release Configuration	Validate versions and quality-gate tests	2026-10-07T05:19:09.6545697Z   duration_ms: 2.80678
Release Configuration	Validate versions and quality-gate tests	2026-10-07T05:19:09.6546181Z   ...
Release Configuration	Validate versions and quality-gate tests	2026-10-07T05:19:09.6547244Z # Subtest: discovers only exact protected-master signer revisions from cryptographically verified output
Release Configuration	Validate versions and quality-gate tests	2026-10-07T05:19:09.6548779Z ok 10 - discovers only exact protected-master signer revisions from cryptographically verified output
Release Configuration	Validate versions and quality-gate tests	2026-10-07T05:19:09.6549847Z   ---
Release Configuration	Validate versions and quality-gate tests	2026-10-07T05:19:09.6550368Z   duration_ms: 2.96763
Release Configuration	Validate versions and quality-gate tests	2026-10-07T05:19:09.6550928Z   ...
Release Configuration	Validate versions and quality-gate tests	2026-10-07T05:19:09.6552146Z # Subtest: real Cut release certificate distinguishes the reusable signer from the request handler
Release Configuration	Validate versions and quality-gate tests	2026-10-07T05:19:09.6553699Z ok 11 - real Cut release certificate distinguishes the reusable signer from the request handler
Release Configuration	Validate versions and quality-gate tests	2026-10-07T05:19:09.6554702Z   ---
Release Configuration	Validate versions and quality-gate tests	2026-10-07T05:19:09.6555377Z   duration_ms: 0.615428
Release Configuration	Validate versions and quality-gate tests	2026-10-07T05:19:09.6556072Z   ...
Release Configuration	Validate versions and quality-gate tests	2026-10-07T05:19:09.6557239Z # Subtest: authorizes current and byte-identical historical workflow revisions across unrelated master advances
Release Configuration	Validate versions and quality-gate tests	2026-10-07T05:19:09.6558758Z ok 12 - authorizes current and byte-identical historical workflow revisions across unrelated master advances
Release Configuration	Validate versions and quality-gate tests	2026-10-07T05:19:09.6559846Z   ---
Release Configuration	Validate versions and quality-gate tests	2026-10-07T05:19:09.6560430Z   duration_ms: 1.036133
Release Configuration	Validate versions and quality-gate tests	2026-10-07T05:19:09.6561072Z   ...
Release Configuration	Validate versions and quality-gate tests	2026-10-07T05:19:09.6562073Z # Subtest: normal Cut P receipt remains recoverable after canonical release C while current revocation wins
Release Configuration	Validate versions and quality-gate tests	2026-10-07T05:19:09.6563520Z ok 13 - normal Cut P receipt remains recoverable after canonical release C while current revocation wins
Release Configuration	Validate versions and quality-gate tests	2026-10-07T05:19:09.6564552Z   ---
Release Configuration	Validate versions and quality-gate tests	2026-10-07T05:19:09.6565084Z   duration_ms: 0.483298
Release Configuration	Validate versions and quality-gate tests	2026-10-07T05:19:09.6565864Z   ...
Release Configuration	Validate versions and quality-gate tests	2026-10-07T05:19:09.6566986Z # Subtest: changed historical signers require explicit retention except the exact post-hardening Cut parent
Release Configuration	Validate versions and quality-gate tests	2026-10-07T05:19:09.6568626Z ok 14 - changed historical signers require explicit retention except the exact post-hardening Cut parent
Release Configuration	Validate versions and quality-gate tests	2026-10-07T05:19:09.6569604Z   ---
Release Configuration	Validate versions and quality-gate tests	2026-10-07T05:19:09.6570147Z   duration_ms: 0.688201
Release Configuration	Validate versions and quality-gate tests	2026-10-07T05:19:09.6570759Z   ...
Release Configuration	Validate versions and quality-gate tests	2026-10-07T05:19:09.6571547Z # Subtest: serializes one deterministic exact GHCR release receipt
Release Configuration	Validate versions and quality-gate tests	2026-10-07T05:19:09.6572697Z ok 15 - serializes one deterministic exact GHCR release receipt
Release Configuration	Validate versions and quality-gate tests	2026-10-07T05:19:09.6573563Z   ---
Release Configuration	Validate versions and quality-gate tests	2026-10-07T05:19:09.6574078Z   duration_ms: 1.133148
Release Configuration	Validate versions and quality-gate tests	2026-10-07T05:19:09.6574710Z   ...
Release Configuration	Validate versions and quality-gate tests	2026-10-07T05:19:09.6575824Z # Subtest: rejects malformed or ambiguously scoped receipt identities
Release Configuration	Validate versions and quality-gate tests	2026-10-07T05:19:09.6576941Z ok 16 - rejects malformed or ambiguously scoped receipt identities
Release Configuration	Validate versions and quality-gate tests	2026-10-07T05:19:09.6577744Z   ---
Release Configuration	Validate versions and quality-gate tests	2026-10-07T05:19:09.6578263Z   duration_ms: 0.339629
Release Configuration	Validate versions and quality-gate tests	2026-10-07T05:19:09.6578840Z   ...
Release Configuration	Validate versions and quality-gate tests	2026-10-07T05:19:09.6579815Z # Subtest: CLI verification requires exact canonical bytes and every bound field
Release Configuration	Validate versions and quality-gate tests	2026-10-07T05:19:09.6581006Z ok 17 - CLI verification requires exact canonical bytes and every bound field
Release Configuration	Validate versions and quality-gate tests	2026-10-07T05:19:09.6581806Z   ---
Release Configuration	Validate versions and quality-gate tests	2026-10-07T05:19:09.6582337Z   duration_ms: 1.477094
Release Configuration	Validate versions and quality-gate tests	2026-10-07T05:19:09.6582935Z   ...
Release Configuration	Validate versions and quality-gate tests	2026-10-07T05:19:09.6583749Z # Single-user pre-release acceptance policy is valid.
Release Configuration	Validate versions and quality-gate tests	2026-10-07T05:19:09.6585110Z # Optional manual capabilities: owner-release-confidence, exhaustive-web-regression, native-emulator-and-upgrade.
Release Configuration	Validate versions and quality-gate tests	2026-10-07T05:19:09.6586857Z # Subtest: repository plan encodes the lean single-user pre-release policy
Release Configuration	Validate versions and quality-gate tests	2026-10-07T05:19:09.6588031Z ok 18 - repository plan encodes the lean single-user pre-release policy
Release Configuration	Validate versions and quality-gate tests	2026-10-07T05:19:09.6588990Z   ---
Release Configuration	Validate versions and quality-gate tests	2026-10-07T05:19:09.6589572Z   duration_ms: 10.50989
Release Configuration	Validate versions and quality-gate tests	2026-10-07T05:19:09.6590639Z   ...
Release Configuration	Validate versions and quality-gate tests	2026-10-07T05:19:09.6591644Z # Subtest: dependency audits are maintenance checks rather than pull-request requirements
Release Configuration	Validate versions and quality-gate tests	2026-10-07T05:19:09.6592973Z ok 19 - dependency audits are maintenance checks rather than pull-request requirements
Release Configuration	Validate versions and quality-gate tests	2026-10-07T05:19:09.6594185Z   ---
Release Configuration	Validate versions and quality-gate tests	2026-10-07T05:19:09.6594765Z   duration_ms: 0.191763
Release Configuration	Validate versions and quality-gate tests	2026-10-07T05:19:09.6595542Z   ...
Release Configuration	Validate versions and quality-gate tests	2026-10-07T05:19:09.6596565Z # Subtest: plan rejects retired blocking, receipt, and evidence contracts
Release Configuration	Validate versions and quality-gate tests	2026-10-07T05:19:09.6597692Z ok 20 - plan rejects retired blocking, receipt, and evidence contracts
Release Configuration	Validate versions and quality-gate tests	2026-10-07T05:19:09.6599413Z   ---
Release Configuration	Validate versions and quality-gate tests	2026-10-07T05:19:09.6599985Z   duration_ms: 4.457898
Release Configuration	Validate versions and quality-gate tests	2026-10-07T05:19:09.6600581Z   ...
Release Configuration	Validate versions and quality-gate tests	2026-10-07T05:19:09.6601459Z # Subtest: plan rejects unknown, duplicate, and non-canonical release scopes
Release Configuration	Validate versions and quality-gate tests	2026-10-07T05:19:09.6602637Z ok 21 - plan rejects unknown, duplicate, and non-canonical release scopes
Release Configuration	Validate versions and quality-gate tests	2026-10-07T05:19:09.6603497Z   ---
Release Configuration	Validate versions and quality-gate tests	2026-10-07T05:19:09.6604033Z   duration_ms: 4.042772
Release Configuration	Validate versions and quality-gate tests	2026-10-07T05:19:09.6604638Z   ...
Release Configuration	Validate versions and quality-gate tests	2026-10-07T05:19:09.6605602Z # Subtest: plan binds every named job to an existing workflow
Release Configuration	Validate versions and quality-gate tests	2026-10-07T05:19:09.6606692Z ok 22 - plan binds every named job to an existing workflow
Release Configuration	Validate versions and quality-gate tests	2026-10-07T05:19:09.6607521Z   ---
Release Configuration	Validate versions and quality-gate tests	2026-10-07T05:19:09.6608081Z   duration_ms: 3.580674
Release Configuration	Validate versions and quality-gate tests	2026-10-07T05:19:09.6608684Z   ...
Release Configuration	Validate versions and quality-gate tests	2026-10-07T05:19:09.6609589Z # Subtest: manual capabilities in mixed workflows are dispatch-only
Release Configuration	Validate versions and quality-gate tests	2026-10-07T05:19:09.6610693Z ok 23 - manual capabilities in mixed workflows are dispatch-only
Release Configuration	Validate versions and quality-gate tests	2026-10-07T05:19:09.6611539Z   ---
Release Configuration	Validate versions and quality-gate tests	2026-10-07T05:19:09.6612057Z   duration_ms: 3.975415
Release Configuration	Validate versions and quality-gate tests	2026-10-07T05:19:09.6612662Z   ...
Release Configuration	Validate versions and quality-gate tests	2026-10-07T05:19:09.6613649Z # Subtest: requirements select automatic and optional capabilities by release scope
Release Configuration	Validate versions and quality-gate tests	2026-10-07T05:19:09.6614935Z ok 24 - requirements select automatic and optional capabilities by release scope
Release Configuration	Validate versions and quality-gate tests	2026-10-07T05:19:09.6616135Z   ---
Release Configuration	Validate versions and quality-gate tests	2026-10-07T05:19:09.6616672Z   duration_ms: 0.405565
Release Configuration	Validate versions and quality-gate tests	2026-10-07T05:19:09.6617405Z   ...
Release Configuration	Validate versions and quality-gate tests	2026-10-07T05:19:09.6618238Z # Subtest: CLI supports only static policy verification
Release Configuration	Validate versions and quality-gate tests	2026-10-07T05:19:09.6619158Z ok 25 - CLI supports only static policy verification
Release Configuration	Validate versions and quality-gate tests	2026-10-07T05:19:09.6619824Z   ---
Release Configuration	Validate versions and quality-gate tests	2026-10-07T05:19:09.6620368Z   duration_ms: 0.945267
Release Configuration	Validate versions and quality-gate tests	2026-10-07T05:19:09.6621006Z   ...
Release Configuration	Validate versions and quality-gate tests	2026-10-07T05:19:09.6621759Z # Subtest: CLI validates policy without creating evidence
Release Configuration	Validate versions and quality-gate tests	2026-10-07T05:19:09.6622742Z ok 26 - CLI validates policy without creating evidence
Release Configuration	Validate versions and quality-gate tests	2026-10-07T05:19:09.6623335Z   ---
Release Configuration	Validate versions and quality-gate tests	2026-10-07T05:19:09.6623771Z   duration_ms: 5.148604
Release Configuration	Validate versions and quality-gate tests	2026-10-07T05:19:09.6624411Z   ...
Release Configuration	Validate versions and quality-gate tests	2026-10-07T05:19:09.6627688Z # Subtest: complete exact-candidate CI permits finalization, with canonical skips only
Release Configuration	Validate versions and quality-gate tests	2026-10-07T05:19:09.6629097Z ok 27 - complete exact-candidate CI permits finalization, with canonical skips only
Release Configuration	Validate versions and quality-gate tests	2026-10-07T05:19:09.6630537Z   ---
Release Configuration	Validate versions and quality-gate tests	2026-10-07T05:19:09.6631096Z   duration_ms: 3.230773
Release Configuration	Validate versions and quality-gate tests	2026-10-07T05:19:09.6631725Z   ...
Release Configuration	Validate versions and quality-gate tests	2026-10-07T05:19:09.6632476Z # Subtest: failure CI cannot authorize merge/publication
Release Configuration	Validate versions and quality-gate tests	2026-10-07T05:19:09.6633424Z ok 28 - failure CI cannot authorize merge/publication
Release Configuration	Validate versions and quality-gate tests	2026-10-07T05:19:09.6634117Z   ---
Release Configuration	Validate versions and quality-gate tests	2026-10-07T05:19:09.6634666Z   duration_ms: 0.878148
Release Configuration	Validate versions and quality-gate tests	2026-10-07T05:19:09.6635565Z   ...
Release Configuration	Validate versions and quality-gate tests	2026-10-07T05:19:09.6636432Z # Subtest: cancelled CI cannot authorize merge/publication
Release Configuration	Validate versions and quality-gate tests	2026-10-07T05:19:09.6637666Z ok 29 - cancelled CI cannot authorize merge/publication
Release Configuration	Validate versions and quality-gate tests	2026-10-07T05:19:09.6638434Z   ---
Release Configuration	Validate versions and quality-gate tests	2026-10-07T05:19:09.6638993Z   duration_ms: 0.361153
Release Configuration	Validate versions and quality-gate tests	2026-10-07T05:19:09.6639641Z   ...
Release Configuration	Validate versions and quality-gate tests	2026-10-07T05:19:09.6640410Z # Subtest: timed_out CI cannot authorize merge/publication
Release Configuration	Validate versions and quality-gate tests	2026-10-07T05:19:09.6641408Z ok 30 - timed_out CI cannot authorize merge/publication
Release Configuration	Validate versions and quality-gate tests	2026-10-07T05:19:09.6642095Z   ---
Release Configuration	Validate versions and quality-gate tests	2026-10-07T05:19:09.6642623Z   duration_ms: 0.388726
Release Configuration	Validate versions and quality-gate tests	2026-10-07T05:19:09.6643258Z   ...
Release Configuration	Validate versions and quality-gate tests	2026-10-07T05:19:09.6643973Z # Subtest: neutral CI cannot authorize merge/publication
Release Configuration	Validate versions and quality-gate tests	2026-10-07T05:19:09.6644890Z ok 31 - neutral CI cannot authorize merge/publication
Release Configuration	Validate versions and quality-gate tests	2026-10-07T05:19:09.6645867Z   ---
Release Configuration	Validate versions and quality-gate tests	2026-10-07T05:19:09.6646389Z   duration_ms: 0.258523
Release Configuration	Validate versions and quality-gate tests	2026-10-07T05:19:09.6647385Z   ...
Release Configuration	Validate versions and quality-gate tests	2026-10-07T05:19:09.6648106Z # Subtest: skipped CI cannot authorize merge/publication
Release Configuration	Validate versions and quality-gate tests	2026-10-07T05:19:09.6649098Z ok 32 - skipped CI cannot authorize merge/publication
Release Configuration	Validate versions and quality-gate tests	2026-10-07T05:19:09.6649871Z   ---
Release Configuration	Validate versions and quality-gate tests	2026-10-07T05:19:09.6650386Z   duration_ms: 0.233998
Release Configuration	Validate versions and quality-gate tests	2026-10-07T05:19:09.6651031Z   ...
Release Configuration	Validate versions and quality-gate tests	2026-10-07T05:19:09.6651797Z # Subtest: action_required CI cannot authorize merge/publication
Release Configuration	Validate versions and quality-gate tests	2026-10-07T05:19:09.6652799Z ok 33 - action_required CI cannot authorize merge/publication
Release Configuration	Validate versions and quality-gate tests	2026-10-07T05:19:09.6655943Z   ---
Release Configuration	Validate versions and quality-gate tests	2026-10-07T05:19:09.6656732Z   duration_ms: 1.657765
Release Configuration	Validate versions and quality-gate tests	2026-10-07T05:19:09.6657417Z   ...
Release Configuration	Validate versions and quality-gate tests	2026-10-07T05:19:09.6658103Z # Subtest: null CI cannot authorize merge/publication
Release Configuration	Validate versions and quality-gate tests	2026-10-07T05:19:09.6658980Z ok 34 - null CI cannot authorize merge/publication
Release Configuration	Validate versions and quality-gate tests	2026-10-07T05:19:09.6659750Z   ---
Release Configuration	Validate versions and quality-gate tests	2026-10-07T05:19:09.6660290Z   duration_ms: 0.299491
Release Configuration	Validate versions and quality-gate tests	2026-10-07T05:19:09.6660899Z   ...
Release Configuration	Validate versions and quality-gate tests	2026-10-07T05:19:09.6661800Z # Subtest: approval-expired zero-job failure reproduces PR432 and blocks
Release Configuration	Validate versions and quality-gate tests	2026-10-07T05:19:09.6663038Z ok 35 - approval-expired zero-job failure reproduces PR432 and blocks
Release Configuration	Validate versions and quality-gate tests	2026-10-07T05:19:09.6663858Z   ---
Release Configuration	Validate versions and quality-gate tests	2026-10-07T05:19:09.6664413Z   duration_ms: 0.406767
Release Configuration	Validate versions and quality-gate tests	2026-10-07T05:19:09.6664977Z   ...
Release Configuration	Validate versions and quality-gate tests	2026-10-07T05:19:09.6666349Z # Subtest: empty inventory, pending approval and missing workflows time out without a merge
Release Configuration	Validate versions and quality-gate tests	2026-10-07T05:19:09.6667580Z ok 36 - empty inventory, pending approval and missing workflows time out without a merge
Release Configuration	Validate versions and quality-gate tests	2026-10-07T05:19:09.6668296Z   ---
Release Configuration	Validate versions and quality-gate tests	2026-10-07T05:19:09.6668734Z   duration_ms: 0.982492
Release Configuration	Validate versions and quality-gate tests	2026-10-07T05:19:09.6669086Z   ...
Release Configuration	Validate versions and quality-gate tests	2026-10-07T05:19:09.6669639Z # Subtest: polling allows approval then success and is bounded when approval never arrives
Release Configuration	Validate versions and quality-gate tests	2026-10-07T05:19:09.6670380Z ok 37 - polling allows approval then success and is bounded when approval never arrives
Release Configuration	Validate versions and quality-gate tests	2026-10-07T05:19:09.6670848Z   ---
Release Configuration	Validate versions and quality-gate tests	2026-10-07T05:19:09.6671214Z   duration_ms: 0.874149
Release Configuration	Validate versions and quality-gate tests	2026-10-07T05:19:09.6671519Z   ...
Release Configuration	Validate versions and quality-gate tests	2026-10-07T05:19:09.6672004Z # Subtest: newer failed run or rerun cannot fall back to historical green CI
Release Configuration	Validate versions and quality-gate tests	2026-10-07T05:19:09.6672655Z ok 38 - newer failed run or rerun cannot fall back to historical green CI
Release Configuration	Validate versions and quality-gate tests	2026-10-07T05:19:09.6673080Z   ---
Release Configuration	Validate versions and quality-gate tests	2026-10-07T05:19:09.6673440Z   duration_ms: 0.457899
Release Configuration	Validate versions and quality-gate tests	2026-10-07T05:19:09.6673746Z   ...
Release Configuration	Validate versions and quality-gate tests	2026-10-07T05:19:09.6674282Z # Subtest: wrong event, source, repository, branch or workflow never supplies required success
Release Configuration	Validate versions and quality-gate tests	2026-10-07T05:19:09.6675079Z ok 39 - wrong event, source, repository, branch or workflow never supplies required success
Release Configuration	Validate versions and quality-gate tests	2026-10-07T05:19:09.6675862Z   ---
Release Configuration	Validate versions and quality-gate tests	2026-10-07T05:19:09.6676775Z   duration_ms: 0.303816
Release Configuration	Validate versions and quality-gate tests	2026-10-07T05:19:09.6677243Z   ...
Release Configuration	Validate versions and quality-gate tests	2026-10-07T05:19:09.6678014Z # Subtest: zero jobs, missing required success, unexpected skips and failing jobs fail closed
Release Configuration	Validate versions and quality-gate tests	2026-10-07T05:19:09.6679147Z ok 40 - zero jobs, missing required success, unexpected skips and failing jobs fail closed
Release Configuration	Validate versions and quality-gate tests	2026-10-07T05:19:09.6679891Z   ---
Release Configuration	Validate versions and quality-gate tests	2026-10-07T05:19:09.6680331Z   duration_ms: 1.107427
Release Configuration	Validate versions and quality-gate tests	2026-10-07T05:19:09.6680793Z   ...
Release Configuration	Validate versions and quality-gate tests	2026-10-07T05:19:09.6681870Z # Subtest: moved head/base/master, closed or draft PR cannot merge
Release Configuration	Validate versions and quality-gate tests	2026-10-07T05:19:09.6682784Z ok 41 - moved head/base/master, closed or draft PR cannot merge
Release Configuration	Validate versions and quality-gate tests	2026-10-07T05:19:09.6683372Z   ---
Release Configuration	Validate versions and quality-gate tests	2026-10-07T05:19:09.6683791Z   duration_ms: 0.66465
Release Configuration	Validate versions and quality-gate tests	2026-10-07T05:19:09.6684235Z   ...
Release Configuration	Validate versions and quality-gate tests	2026-10-07T05:19:09.6684881Z # Subtest: final one-shot inspection rejects refs moving during CI reads
Release Configuration	Validate versions and quality-gate tests	2026-10-07T05:19:09.6686035Z ok 42 - final one-shot inspection rejects refs moving during CI reads
Release Configuration	Validate versions and quality-gate tests	2026-10-07T05:19:09.6686691Z   ---
Release Configuration	Validate versions and quality-gate tests	2026-10-07T05:19:09.6687240Z   duration_ms: 2.094825
Release Configuration	Validate versions and quality-gate tests	2026-10-07T05:19:09.6687679Z   ...
Release Configuration	Validate versions and quality-gate tests	2026-10-07T05:19:09.6688423Z # Subtest: successful runs must identify this single PR and its tested base/head
Release Configuration	Validate versions and quality-gate tests	2026-10-07T05:19:09.6689413Z ok 43 - successful runs must identify this single PR and its tested base/head
Release Configuration	Validate versions and quality-gate tests	2026-10-07T05:19:09.6690093Z   ---
Release Configuration	Validate versions and quality-gate tests	2026-10-07T05:19:09.6690608Z   duration_ms: 1.976652
Release Configuration	Validate versions and quality-gate tests	2026-10-07T05:19:09.6691030Z   ...
Release Configuration	Validate versions and quality-gate tests	2026-10-07T05:19:09.6691787Z # Subtest: fresh run read cannot change PR binding or hide a newer mismatched run
Release Configuration	Validate versions and quality-gate tests	2026-10-07T05:19:09.6693127Z ok 44 - fresh run read cannot change PR binding or hide a newer mismatched run
Release Configuration	Validate versions and quality-gate tests	2026-10-07T05:19:09.6693784Z   ---
Release Configuration	Validate versions and quality-gate tests	2026-10-07T05:19:09.6694260Z   duration_ms: 0.834721
Release Configuration	Validate versions and quality-gate tests	2026-10-07T05:19:09.6694728Z   ...
Release Configuration	Validate versions and quality-gate tests	2026-10-07T05:19:09.6695763Z # Subtest: complete pagination, API denial and truncated inventory are handled explicitly
Release Configuration	Validate versions and quality-gate tests	2026-10-07T05:19:09.6696915Z ok 45 - complete pagination, API denial and truncated inventory are handled explicitly
Release Configuration	Validate versions and quality-gate tests	2026-10-07T05:19:09.6697628Z   ---
Release Configuration	Validate versions and quality-gate tests	2026-10-07T05:19:09.6698223Z   duration_ms: 2.466712
Release Configuration	Validate versions and quality-gate tests	2026-10-07T05:19:09.6698657Z   ...
Release Configuration	Validate versions and quality-gate tests	2026-10-07T05:19:09.6699617Z # Subtest: workflow gates merge twice, retains blocked candidates and preserves explicit publication dependency
Release Configuration	Validate versions and quality-gate tests	2026-10-07T05:19:09.6701014Z ok 46 - workflow gates merge twice, retains blocked candidates and preserves explicit publication dependency
Release Configuration	Validate versions and quality-gate tests	2026-10-07T05:19:09.6701829Z   ---
Release Configuration	Validate versions and quality-gate tests	2026-10-07T05:19:09.6702277Z   duration_ms: 0.965214
Release Configuration	Validate versions and quality-gate tests	2026-10-07T05:19:09.6702708Z   ...
Release Configuration	Validate versions and quality-gate tests	2026-10-07T05:19:10.7397911Z # Subtest: release checks reject a missing or stale iOS build number
Release Configuration	Validate versions and quality-gate tests	2026-10-07T05:19:10.7427452Z ok 47 - release checks reject a missing or stale iOS build number
Release Configuration	Validate versions and quality-gate tests	2026-10-07T05:19:10.7476908Z   ---
Release Configuration	Validate versions and quality-gate tests	2026-10-07T05:19:10.7478098Z   duration_ms: 953.629391
Release Configuration	Validate versions and quality-gate tests	2026-10-07T05:19:10.7479049Z   ...
Release Configuration	Validate versions and quality-gate tests	2026-10-07T05:19:10.7485123Z # Subtest: semantic versions compare numerically
Release Configuration	Validate versions and quality-gate tests	2026-10-07T05:19:10.7486737Z ok 48 - semantic versions compare numerically
Release Configuration	Validate versions and quality-gate tests	2026-10-07T05:19:10.7487410Z   ---
Release Configuration	Validate versions and quality-gate tests	2026-10-07T05:19:10.7488066Z   duration_ms: 0.406951
Release Configuration	Validate versions and quality-gate tests	2026-10-07T05:19:10.7488739Z   ...
Release Configuration	Validate versions and quality-gate tests	2026-10-07T05:19:10.7489808Z # Subtest: server release versions bump strict semantic components without numeric precision loss
Release Configuration	Validate versions and quality-gate tests	2026-10-07T05:19:10.7491316Z ok 49 - server release versions bump strict semantic components without numeric precision loss
Release Configuration	Validate versions and quality-gate tests	2026-10-07T05:19:10.7492276Z   ---
Release Configuration	Validate versions and quality-gate tests	2026-10-07T05:19:10.7492920Z   duration_ms: 0.550955
Release Configuration	Validate versions and quality-gate tests	2026-10-07T05:19:10.7493558Z   ...
Release Configuration	Validate versions and quality-gate tests	2026-10-07T05:19:10.7494622Z # Subtest: diagnostics rollout versions must track the current release and exact OpenAPI enums
Release Configuration	Validate versions and quality-gate tests	2026-10-07T05:19:10.7496351Z ok 50 - diagnostics rollout versions must track the current release and exact OpenAPI enums
Release Configuration	Validate versions and quality-gate tests	2026-10-07T05:19:10.7497288Z   ---
Release Configuration	Validate versions and quality-gate tests	2026-10-07T05:19:10.7497871Z   duration_ms: 0.416992
Release Configuration	Validate versions and quality-gate tests	2026-10-07T05:19:10.7498477Z   ...
Release Configuration	Validate versions and quality-gate tests	2026-10-07T05:19:10.7499509Z # Subtest: diagnostics rollout versions stay bounded, unique, and within native support floors
Release Configuration	Validate versions and quality-gate tests	2026-10-07T05:19:10.7501635Z ok 51 - diagnostics rollout versions stay bounded, unique, and within native support floors
Release Configuration	Validate versions and quality-gate tests	2026-10-07T05:19:10.7502549Z   ---
Release Configuration	Validate versions and quality-gate tests	2026-10-07T05:19:10.7503342Z   duration_ms: 0.237699
Release Configuration	Validate versions and quality-gate tests	2026-10-07T05:19:10.7504007Z   ...
Release Configuration	Validate versions and quality-gate tests	2026-10-07T05:19:10.7504813Z # Subtest: manifest rejects malformed semantic versions
Release Configuration	Validate versions and quality-gate tests	2026-10-07T05:19:10.7505889Z ok 52 - manifest rejects malformed semantic versions
Release Configuration	Validate versions and quality-gate tests	2026-10-07T05:19:10.7506661Z   ---
Release Configuration	Validate versions and quality-gate tests	2026-10-07T05:19:10.7507244Z   duration_ms: 0.217138
Release Configuration	Validate versions and quality-gate tests	2026-10-07T05:19:10.7508201Z   ...
Release Configuration	Validate versions and quality-gate tests	2026-10-07T05:19:10.7509084Z # Subtest: manifest rejects a minimum client version newer than the release
Release Configuration	Validate versions and quality-gate tests	2026-10-07T05:19:10.7510242Z ok 53 - manifest rejects a minimum client version newer than the release
Release Configuration	Validate versions and quality-gate tests	2026-10-07T05:19:10.7511092Z   ---
Release Configuration	Validate versions and quality-gate tests	2026-10-07T05:19:10.7511726Z   duration_ms: 0.150073
Release Configuration	Validate versions and quality-gate tests	2026-10-07T05:19:10.7512447Z   ...
Release Configuration	Validate versions and quality-gate tests	2026-10-07T05:19:10.7513257Z # Subtest: manifest requires a stable native build tag
Release Configuration	Validate versions and quality-gate tests	2026-10-07T05:19:10.7514079Z ok 54 - manifest requires a stable native build tag
Release Configuration	Validate versions and quality-gate tests	2026-10-07T05:19:10.7514750Z   ---
Release Configuration	Validate versions and quality-gate tests	2026-10-07T05:19:10.7515555Z   duration_ms: 0.187606
Release Configuration	Validate versions and quality-gate tests	2026-10-07T05:19:10.7516313Z   ...
Release Configuration	Validate versions and quality-gate tests	2026-10-07T05:19:10.7517297Z # Subtest: manifest requires the native build tag to identify the phone runtime version
Release Configuration	Validate versions and quality-gate tests	2026-10-07T05:19:10.7518576Z ok 55 - manifest requires the native build tag to identify the phone runtime version
Release Configuration	Validate versions and quality-gate tests	2026-10-07T05:19:10.7519427Z   ---
Release Configuration	Validate versions and quality-gate tests	2026-10-07T05:19:10.7520099Z   duration_ms: 0.322769
Release Configuration	Validate versions and quality-gate tests	2026-10-07T05:19:10.7520691Z   ...
Release Configuration	Validate versions and quality-gate tests	2026-10-07T05:19:10.7521601Z # Subtest: manifest assigns globally unique phone and Wear version-code lanes
Release Configuration	Validate versions and quality-gate tests	2026-10-07T05:19:10.7523142Z ok 56 - manifest assigns globally unique phone and Wear version-code lanes
Release Configuration	Validate versions and quality-gate tests	2026-10-07T05:19:10.7523946Z   ---
Release Configuration	Validate versions and quality-gate tests	2026-10-07T05:19:10.7524632Z   duration_ms: 0.295802
Release Configuration	Validate versions and quality-gate tests	2026-10-07T05:19:10.7525427Z   ...
Release Configuration	Validate versions and quality-gate tests	2026-10-07T05:19:10.7526589Z # Subtest: historical prepared validation accepts the exact v0.35.0 source-era native identity only in that mode
Release Configuration	Validate versions and quality-gate tests	2026-10-07T05:19:10.7528185Z ok 57 - historical prepared validation accepts the exact v0.35.0 source-era native identity only in that mode
Release Configuration	Validate versions and quality-gate tests	2026-10-07T05:19:10.7529247Z   ---
Release Configuration	Validate versions and quality-gate tests	2026-10-07T05:19:10.7530139Z   duration_ms: 0.851594
Release Configuration	Validate versions and quality-gate tests	2026-10-07T05:19:10.7530721Z   ...
Release Configuration	Validate versions and quality-gate tests	2026-10-07T05:19:10.7531730Z # Subtest: the recorded v0.35.0 commit is the byte-exact canonical transform of its sole parent
Release Configuration	Validate versions and quality-gate tests	2026-10-07T05:19:10.7533580Z ok 58 - the recorded v0.35.0 commit is the byte-exact canonical transform of its sole parent # SKIP The immutable v0.35.0 commit is unavailable in this shallow checkout.
Release Configuration	Validate versions and quality-gate tests	2026-10-07T05:19:10.7534881Z   ---
Release Configuration	Validate versions and quality-gate tests	2026-10-07T05:19:10.7535705Z   duration_ms: 3.836006
Release Configuration	Validate versions and quality-gate tests	2026-10-07T05:19:10.7536348Z   ...
Release Configuration	Validate versions and quality-gate tests	2026-10-07T05:19:10.7537342Z # Subtest: modern tooling checks, tags, and verifies the exact pre-iOS canonical image source
Release Configuration	Validate versions and quality-gate tests	2026-10-07T05:19:10.7539233Z ok 59 - modern tooling checks, tags, and verifies the exact pre-iOS canonical image source # SKIP The immutable v0.35.0 source is unavailable in this shallow checkout.
Release Configuration	Validate versions and quality-gate tests	2026-10-07T05:19:10.7540587Z   ---
Release Configuration	Validate versions and quality-gate tests	2026-10-07T05:19:10.7541263Z   duration_ms: 2.89895
Release Configuration	Validate versions and quality-gate tests	2026-10-07T05:19:10.7541884Z   ...
Release Configuration	Validate versions and quality-gate tests	2026-10-07T05:19:10.7542733Z # Subtest: manifest rejects version codes above Google Play's limit
Release Configuration	Validate versions and quality-gate tests	2026-10-07T05:19:10.7543864Z ok 60 - manifest rejects version codes above Google Play's limit
Release Configuration	Validate versions and quality-gate tests	2026-10-07T05:19:10.7544648Z   ---
Release Configuration	Validate versions and quality-gate tests	2026-10-07T05:19:10.7545485Z   duration_ms: 0.282041
Release Configuration	Validate versions and quality-gate tests	2026-10-07T05:19:10.7546183Z   ...
Release Configuration	Validate versions and quality-gate tests	2026-10-07T05:19:10.7547278Z # Subtest: release metadata is deterministic when source date epoch is supplied
Release Configuration	Validate versions and quality-gate tests	2026-10-07T05:19:10.7548589Z ok 61 - release metadata is deterministic when source date epoch is supplied
Release Configuration	Validate versions and quality-gate tests	2026-10-07T05:19:10.7549440Z   ---
Release Configuration	Validate versions and quality-gate tests	2026-10-07T05:19:10.7550019Z   duration_ms: 199.4767
Release Configuration	Validate versions and quality-gate tests	2026-10-07T05:19:10.7550626Z   ...
Release Configuration	Validate versions and quality-gate tests	2026-10-07T05:19:10.7551378Z # Subtest: release metadata rejects unknown channels
Release Configuration	Validate versions and quality-gate tests	2026-10-07T05:19:10.7552259Z ok 62 - release metadata rejects unknown channels
Release Configuration	Validate versions and quality-gate tests	2026-10-07T05:19:10.7553002Z   ---
Release Configuration	Validate versions and quality-gate tests	2026-10-07T05:19:10.7553583Z   duration_ms: 0.492954
Release Configuration	Validate versions and quality-gate tests	2026-10-07T05:19:10.7554174Z   ...
Release Configuration	Validate versions and quality-gate tests	2026-10-07T05:19:10.7555051Z # Subtest: production tag comes from the manifest and must advance
Release Configuration	Validate versions and quality-gate tests	2026-10-07T05:19:10.7556459Z ok 63 - production tag comes from the manifest and must advance
Release Configuration	Validate versions and quality-gate tests	2026-10-07T05:19:10.7557358Z   ---
Release Configuration	Validate versions and quality-gate tests	2026-10-07T05:19:10.7557936Z   duration_ms: 0.602953
Release Configuration	Validate versions and quality-gate tests	2026-10-07T05:19:10.7558563Z   ...
Release Configuration	Validate versions and quality-gate tests	2026-10-07T05:19:10.7559698Z # Subtest: automatic release planning publishes advances, skips an existing version, and rejects regressions
Release Configuration	Validate versions and quality-gate tests	2026-10-07T05:19:10.7561270Z ok 64 - automatic release planning publishes advances, skips an existing version, and rejects regressions
Release Configuration	Validate versions and quality-gate tests	2026-10-07T05:19:10.7562295Z   ---
Release Configuration	Validate versions and quality-gate tests	2026-10-07T05:19:10.7562901Z   duration_ms: 0.259921
Release Configuration	Validate versions and quality-gate tests	2026-10-07T05:19:10.7563504Z   ...
Release Configuration	Validate versions and quality-gate tests	2026-10-07T05:19:10.7564706Z # Subtest: prepared release verifier binds the exact annotated origin tag to the checkout and canonical candidate
Release Configuration	Validate versions and quality-gate tests	2026-10-07T05:19:10.7566458Z ok 65 - prepared release verifier binds the exact annotated origin tag to the checkout and canonical candidate
Release Configuration	Validate versions and quality-gate tests	2026-10-07T05:19:10.7567531Z   ---
Release Configuration	Validate versions and quality-gate tests	2026-10-07T05:19:10.7568158Z   duration_ms: 2.125481
Release Configuration	Validate versions and quality-gate tests	2026-10-07T05:19:10.7568741Z   ...
Release Configuration	Validate versions and quality-gate tests	2026-10-07T05:19:10.7569738Z # Subtest: candidate-only verification proves canonical bytes before an immutable tag exists
Release Configuration	Validate versions and quality-gate tests	2026-10-07T05:19:10.7571130Z ok 66 - candidate-only verification proves canonical bytes before an immutable tag exists
Release Configuration	Validate versions and quality-gate tests	2026-10-07T05:19:10.7572129Z   ---
Release Configuration	Validate versions and quality-gate tests	2026-10-07T05:19:10.7572697Z   duration_ms: 0.679498
Release Configuration	Validate versions and quality-gate tests	2026-10-07T05:19:10.7573298Z   ...
Release Configuration	Validate versions and quality-gate tests	2026-10-07T05:19:10.7574398Z # Subtest: pre-branch candidate verification accepts a canonical child of freshly fetched origin/master
Release Configuration	Validate versions and quality-gate tests	2026-10-07T05:19:10.7576229Z ok 67 - pre-branch candidate verification accepts a canonical child of freshly fetched origin/master
Release Configuration	Validate versions and quality-gate tests	2026-10-07T05:19:10.7577588Z   ---
Release Configuration	Validate versions and quality-gate tests	2026-10-07T05:19:10.7578147Z   duration_ms: 0.486095
Release Configuration	Validate versions and quality-gate tests	2026-10-07T05:19:10.7578725Z   ...
Release Configuration	Validate versions and quality-gate tests	2026-10-07T05:19:10.7579866Z # Subtest: pre-branch candidate verification rejects stale parents, wrong commits, and noncanonical bytes
Release Configuration	Validate versions and quality-gate tests	2026-10-07T05:19:10.7581328Z ok 68 - pre-branch candidate verification rejects stale parents, wrong commits, and noncanonical bytes
Release Configuration	Validate versions and quality-gate tests	2026-10-07T05:19:10.7582355Z   ---
Release Configuration	Validate versions and quality-gate tests	2026-10-07T05:19:10.7583065Z   duration_ms: 1.110285
Release Configuration	Validate versions and quality-gate tests	2026-10-07T05:19:10.7583680Z   ...
Release Configuration	Validate versions and quality-gate tests	2026-10-07T05:19:10.7584711Z # Subtest: candidate-only verification rejects an older canonical ancestor before tag mutation
Release Configuration	Validate versions and quality-gate tests	2026-10-07T05:19:10.7586506Z ok 69 - candidate-only verification rejects an older canonical ancestor before tag mutation
Release Configuration	Validate versions and quality-gate tests	2026-10-07T05:19:10.7587504Z   ---
Release Configuration	Validate versions and quality-gate tests	2026-10-07T05:19:10.7588063Z   duration_ms: 0.518946
Release Configuration	Validate versions and quality-gate tests	2026-10-07T05:19:10.7588695Z   ...
Release Configuration	Validate versions and quality-gate tests	2026-10-07T05:19:10.7589886Z # Subtest: current release workflow credentials accept exact protected master and the canonical Cut merge only
Release Configuration	Validate versions and quality-gate tests	2026-10-07T05:19:10.7591529Z ok 70 - current release workflow credentials accept exact protected master and the canonical Cut merge only
Release Configuration	Validate versions and quality-gate tests	2026-10-07T05:19:10.7592620Z   ---
Release Configuration	Validate versions and quality-gate tests	2026-10-07T05:19:10.7593226Z   duration_ms: 1.231978
Release Configuration	Validate versions and quality-gate tests	2026-10-07T05:19:10.7593784Z   ...
Release Configuration	Validate versions and quality-gate tests	2026-10-07T05:19:10.7595162Z # Subtest: current release workflow credentials reject stale ancestry, changed merge trees, and noncanonical children
Release Configuration	Validate versions and quality-gate tests	2026-10-07T05:19:10.7597240Z ok 71 - current release workflow credentials reject stale ancestry, changed merge trees, and noncanonical children
Release Configuration	Validate versions and quality-gate tests	2026-10-07T05:19:10.7598107Z   ---
Release Configuration	Validate versions and quality-gate tests	2026-10-07T05:19:10.7598542Z   duration_ms: 0.667008
Release Configuration	Validate versions and quality-gate tests	2026-10-07T05:19:10.7599035Z   ...
Release Configuration	Validate versions and quality-gate tests	2026-10-07T05:19:10.7599718Z # Subtest: prepared release verifier rejects synchronized but noncanonical payloads inside allowed mirrors
Release Configuration	Validate versions and quality-gate tests	2026-10-07T05:19:10.7600628Z ok 72 - prepared release verifier rejects synchronized but noncanonical payloads inside allowed mirrors
Release Configuration	Validate versions and quality-gate tests	2026-10-07T05:19:10.7601302Z   ---
Release Configuration	Validate versions and quality-gate tests	2026-10-07T05:19:10.7601729Z   duration_ms: 1.433971
Release Configuration	Validate versions and quality-gate tests	2026-10-07T05:19:10.7602190Z   ...
Release Configuration	Validate versions and quality-gate tests	2026-10-07T05:19:10.7602856Z # Subtest: prepared release verifier rejects lightweight, indirect, misnamed, and mismatched tag identities
Release Configuration	Validate versions and quality-gate tests	2026-10-07T05:19:10.7603740Z ok 73 - prepared release verifier rejects lightweight, indirect, misnamed, and mismatched tag identities
Release Configuration	Validate versions and quality-gate tests	2026-10-07T05:19:10.7604391Z   ---
Release Configuration	Validate versions and quality-gate tests	2026-10-07T05:19:10.7604835Z   duration_ms: 0.738772
Release Configuration	Validate versions and quality-gate tests	2026-10-07T05:19:10.7605394Z   ...
Release Configuration	Validate versions and quality-gate tests	2026-10-07T05:19:10.7606393Z # Subtest: prepared release verifier rejects off-master, moved, multi-parent, and extra-file candidates
Release Configuration	Validate versions and quality-gate tests	2026-10-07T05:19:10.7607605Z ok 74 - prepared release verifier rejects off-master, moved, multi-parent, and extra-file candidates
Release Configuration	Validate versions and quality-gate tests	2026-10-07T05:19:10.7608547Z   ---
Release Configuration	Validate versions and quality-gate tests	2026-10-07T05:19:10.7608835Z   duration_ms: 0.971124
Release Configuration	Validate versions and quality-gate tests	2026-10-07T05:19:10.7609161Z   ...
Release Configuration	Validate versions and quality-gate tests	2026-10-07T05:19:10.7609693Z # Subtest: latest eligibility comes from origin/master and ignores poisoned high off-branch tags
Release Configuration	Validate versions and quality-gate tests	2026-10-07T05:19:10.7610435Z ok 75 - latest eligibility comes from origin/master and ignores poisoned high off-branch tags
Release Configuration	Validate versions and quality-gate tests	2026-10-07T05:19:10.7610995Z   ---
Release Configuration	Validate versions and quality-gate tests	2026-10-07T05:19:10.7611265Z   duration_ms: 0.800587
Release Configuration	Validate versions and quality-gate tests	2026-10-07T05:19:10.7611560Z   ...
Release Configuration	Validate versions and quality-gate tests	2026-10-07T05:19:10.7966007Z # Subtest: release preparation synchronizes every server/web mirror for a patch bump
Release Configuration	Validate versions and quality-gate tests	2026-10-07T05:19:10.7967275Z ok 76 - release preparation synchronizes every server/web mirror for a patch bump
Release Configuration	Validate versions and quality-gate tests	2026-10-07T05:19:10.7968326Z   ---
Release Configuration	Validate versions and quality-gate tests	2026-10-07T05:19:10.7968855Z   duration_ms: 64.281201
Release Configuration	Validate versions and quality-gate tests	2026-10-07T05:19:10.7970045Z   ...
Release Configuration	Validate versions and quality-gate tests	2026-10-07T05:19:10.8444367Z # Subtest: release preparation synchronizes every server/web mirror for a minor bump
Release Configuration	Validate versions and quality-gate tests	2026-10-07T05:19:10.8445823Z ok 77 - release preparation synchronizes every server/web mirror for a minor bump
Release Configuration	Validate versions and quality-gate tests	2026-10-07T05:19:10.8446856Z   ---
Release Configuration	Validate versions and quality-gate tests	2026-10-07T05:19:10.8447260Z   duration_ms: 48.073411
Release Configuration	Validate versions and quality-gate tests	2026-10-07T05:19:10.8447658Z   ...
Release Configuration	Validate versions and quality-gate tests	2026-10-07T05:19:10.8908823Z # Subtest: release preparation synchronizes every server/web mirror for a major bump
Release Configuration	Validate versions and quality-gate tests	2026-10-07T05:19:10.8910443Z ok 78 - release preparation synchronizes every server/web mirror for a major bump
Release Configuration	Validate versions and quality-gate tests	2026-10-07T05:19:10.8911069Z   ---
Release Configuration	Validate versions and quality-gate tests	2026-10-07T05:19:10.8911598Z   duration_ms: 42.425113
Release Configuration	Validate versions and quality-gate tests	2026-10-07T05:19:10.8912171Z   ...
Release Configuration	Validate versions and quality-gate tests	2026-10-07T05:19:10.8912788Z # Subtest: native version-code allocation advances into permanent odd phone and even Wear lanes
Release Configuration	Validate versions and quality-gate tests	2026-10-07T05:19:10.8913783Z ok 79 - native version-code allocation advances into permanent odd phone and even Wear lanes
Release Configuration	Validate versions and quality-gate tests	2026-10-07T05:19:10.8914524Z   ---
Release Configuration	Validate versions and quality-gate tests	2026-10-07T05:19:10.8914983Z   duration_ms: 0.550081
Release Configuration	Validate versions and quality-gate tests	2026-10-07T05:19:10.8915633Z   ...
Release Configuration	Validate versions and quality-gate tests	2026-10-07T05:19:10.8916568Z # Subtest: published native tag verification fetches an exact remote tag missing locally
Release Configuration	Validate versions and quality-gate tests	2026-10-07T05:19:10.8917601Z ok 80 - published native tag verification fetches an exact remote tag missing locally
Release Configuration	Validate versions and quality-gate tests	2026-10-07T05:19:10.8918377Z   ---
Release Configuration	Validate versions and quality-gate tests	2026-10-07T05:19:10.8918755Z   duration_ms: 1.936441
Release Configuration	Validate versions and quality-gate tests	2026-10-07T05:19:10.8919230Z   ...
Release Configuration	Validate versions and quality-gate tests	2026-10-07T05:19:10.8919875Z # Subtest: published native tag verification rejects a local-only tag
Release Configuration	Validate versions and quality-gate tests	2026-10-07T05:19:10.8920790Z ok 81 - published native tag verification rejects a local-only tag
Release Configuration	Validate versions and quality-gate tests	2026-10-07T05:19:10.8921261Z   ---
Release Configuration	Validate versions and quality-gate tests	2026-10-07T05:19:10.8921593Z   duration_ms: 0.261977
Release Configuration	Validate versions and quality-gate tests	2026-10-07T05:19:10.8922027Z   ...
Release Configuration	Validate versions and quality-gate tests	2026-10-07T05:19:10.8922758Z # Subtest: published native tag verification rejects a local tag with a different published object
Release Configuration	Validate versions and quality-gate tests	2026-10-07T05:19:10.8923724Z ok 82 - published native tag verification rejects a local tag with a different published object
Release Configuration	Validate versions and quality-gate tests	2026-10-07T05:19:10.8924489Z   ---
Release Configuration	Validate versions and quality-gate tests	2026-10-07T05:19:10.8924862Z   duration_ms: 0.142789
Release Configuration	Validate versions and quality-gate tests	2026-10-07T05:19:10.8927008Z   ...
Release Configuration	Validate versions and quality-gate tests	2026-10-07T05:19:10.8927932Z # Subtest: published native tag verification binds the signed attestation to the exact origin object
Release Configuration	Validate versions and quality-gate tests	2026-10-07T05:19:10.8928956Z ok 83 - published native tag verification binds the signed attestation to the exact origin object
Release Configuration	Validate versions and quality-gate tests	2026-10-07T05:19:10.8929482Z   ---
Release Configuration	Validate versions and quality-gate tests	2026-10-07T05:19:10.8929807Z   duration_ms: 0.30477
Release Configuration	Validate versions and quality-gate tests	2026-10-07T05:19:10.8930162Z   ...
Release Configuration	Validate versions and quality-gate tests	2026-10-07T05:19:10.8930747Z # Subtest: published native tag verification rejects a remote tag outside master history
Release Configuration	Validate versions and quality-gate tests	2026-10-07T05:19:10.8931741Z ok 84 - published native tag verification rejects a remote tag outside master history
Release Configuration	Validate versions and quality-gate tests	2026-10-07T05:19:10.8932403Z   ---
Release Configuration	Validate versions and quality-gate tests	2026-10-07T05:19:10.8932788Z   duration_ms: 0.265901
Release Configuration	Validate versions and quality-gate tests	2026-10-07T05:19:10.8933201Z   ...
Release Configuration	Validate versions and quality-gate tests	2026-10-07T05:19:10.8934165Z # Subtest: published native tag verification fails closed when signed attestation fails
Release Configuration	Validate versions and quality-gate tests	2026-10-07T05:19:10.8940708Z ok 85 - published native tag verification fails closed when signed attestation fails
Release Configuration	Validate versions and quality-gate tests	2026-10-07T05:19:10.8941182Z   ---
Release Configuration	Validate versions and quality-gate tests	2026-10-07T05:19:10.8941780Z   duration_ms: 0.240801
Release Configuration	Validate versions and quality-gate tests	2026-10-07T05:19:10.8942268Z   ...
Release Configuration	Validate versions and quality-gate tests	2026-10-07T05:19:10.9030235Z # Subtest: published native tag verification applies current origin trust revocation instead of stale local signers
Release Configuration	Validate versions and quality-gate tests	2026-10-07T05:19:10.9031540Z ok 86 - published native tag verification applies current origin trust revocation instead of stale local signers
Release Configuration	Validate versions and quality-gate tests	2026-10-07T05:19:10.9032179Z   ---
Release Configuration	Validate versions and quality-gate tests	2026-10-07T05:19:10.9032466Z   duration_ms: 11.90149
Release Configuration	Validate versions and quality-gate tests	2026-10-07T05:19:10.9032928Z   ...
Release Configuration	Validate versions and quality-gate tests	2026-10-07T05:19:11.0186557Z # Subtest: release-config check and tag accept an explicit repository root
Release Configuration	Validate versions and quality-gate tests	2026-10-07T05:19:11.0187324Z ok 87 - release-config check and tag accept an explicit repository root
Release Configuration	Validate versions and quality-gate tests	2026-10-07T05:19:11.0187955Z   ---
Release Configuration	Validate versions and quality-gate tests	2026-10-07T05:19:11.0188270Z   duration_ms: 115.505236
Release Configuration	Validate versions and quality-gate tests	2026-10-07T05:19:11.0188582Z   ...
Release Configuration	Validate versions and quality-gate tests	2026-10-07T05:19:11.1848003Z # Subtest: historical-prepared validation requires the exact v0.35.0 mirrors and exact source commit
Release Configuration	Validate versions and quality-gate tests	2026-10-07T05:19:11.1849236Z ok 88 - historical-prepared validation requires the exact v0.35.0 mirrors and exact source commit
Release Configuration	Validate versions and quality-gate tests	2026-10-07T05:19:11.1850054Z   ---
Release Configuration	Validate versions and quality-gate tests	2026-10-07T05:19:11.1850526Z   duration_ms: 166.128175
Release Configuration	Validate versions and quality-gate tests	2026-10-07T05:19:11.1851490Z   ...
Release Configuration	Validate versions and quality-gate tests	2026-10-07T05:19:11.6917623Z # Subtest: historical-prepared check and tag reject a mirror-consistent modern invalid native identity
Release Configuration	Validate versions and quality-gate tests	2026-10-07T05:19:11.6918946Z ok 89 - historical-prepared check and tag reject a mirror-consistent modern invalid native identity
Release Configuration	Validate versions and quality-gate tests	2026-10-07T05:19:11.6920346Z   ---
Release Configuration	Validate versions and quality-gate tests	2026-10-07T05:19:11.6920886Z   duration_ms: 125.349093
Release Configuration	Validate versions and quality-gate tests	2026-10-07T05:19:11.6921454Z   ...
Release Configuration	Validate versions and quality-gate tests	2026-10-07T05:19:11.6922429Z # Subtest: release-config rejects unknown, duplicate, incomplete, and write-command repository-root options
Release Configuration	Validate versions and quality-gate tests	2026-10-07T05:19:11.6923789Z ok 90 - release-config rejects unknown, duplicate, incomplete, and write-command repository-root options
Release Configuration	Validate versions and quality-gate tests	2026-10-07T05:19:11.6924606Z   ---
Release Configuration	Validate versions and quality-gate tests	2026-10-07T05:19:11.6925411Z   duration_ms: 381.433246
Release Configuration	Validate versions and quality-gate tests	2026-10-07T05:19:11.6926048Z   ...
Release Configuration	Validate versions and quality-gate tests	2026-10-07T05:19:11.7357057Z # Subtest: native release preparation synchronizes paired identities and every checked mirror
Release Configuration	Validate versions and quality-gate tests	2026-10-07T05:19:11.7358078Z ok 91 - native release preparation synchronizes paired identities and every checked mirror
Release Configuration	Validate versions and quality-gate tests	2026-10-07T05:19:11.7359276Z   ---
Release Configuration	Validate versions and quality-gate tests	2026-10-07T05:19:11.7359637Z   duration_ms: 43.899969
Release Configuration	Validate versions and quality-gate tests	2026-10-07T05:19:11.7363571Z   ...
Release Configuration	Validate versions and quality-gate tests	2026-10-07T05:19:11.7599906Z # Subtest: modern rehearsal overrides satisfy strict release checks for both native roles and iOS
Release Configuration	Validate versions and quality-gate tests	2026-10-07T05:19:11.7601476Z ok 92 - modern rehearsal overrides satisfy strict release checks for both native roles and iOS
Release Configuration	Validate versions and quality-gate tests	2026-10-07T05:19:11.7602267Z   ---
Release Configuration	Validate versions and quality-gate tests	2026-10-07T05:19:11.7602792Z   duration_ms: 24.27198
Release Configuration	Validate versions and quality-gate tests	2026-10-07T05:19:11.7603200Z   ...
Release Configuration	Validate versions and quality-gate tests	2026-10-07T05:19:11.7949442Z # Subtest: native preparation rolls back every Android, iOS, Wear, and diagnostic mirror after a late validation failure
Release Configuration	Validate versions and quality-gate tests	2026-10-07T05:19:11.7950757Z ok 93 - native preparation rolls back every Android, iOS, Wear, and diagnostic mirror after a late validation failure
Release Configuration	Validate versions and quality-gate tests	2026-10-07T05:19:11.7951661Z   ---
Release Configuration	Validate versions and quality-gate tests	2026-10-07T05:19:11.7952659Z   duration_ms: 34.956083
Release Configuration	Validate versions and quality-gate tests	2026-10-07T05:19:11.7953341Z   ...
Release Configuration	Validate versions and quality-gate tests	2026-10-07T05:19:11.8085977Z # Subtest: native release preparation refuses an untagged current release without changing files
Release Configuration	Validate versions and quality-gate tests	2026-10-07T05:19:11.8087263Z ok 94 - native release preparation refuses an untagged current release without changing files
Release Configuration	Validate versions and quality-gate tests	2026-10-07T05:19:11.8087774Z   ---
Release Configuration	Validate versions and quality-gate tests	2026-10-07T05:19:11.8088124Z   duration_ms: 13.401566
Release Configuration	Validate versions and quality-gate tests	2026-10-07T05:19:11.8088486Z   ...
Release Configuration	Validate versions and quality-gate tests	2026-10-07T05:19:11.8319727Z # Subtest: native release preparation rejects ambiguous generated Gradle values before writing mirrors
Release Configuration	Validate versions and quality-gate tests	2026-10-07T05:19:11.8321192Z ok 95 - native release preparation rejects ambiguous generated Gradle values before writing mirrors
Release Configuration	Validate versions and quality-gate tests	2026-10-07T05:19:11.8321769Z   ---
Release Configuration	Validate versions and quality-gate tests	2026-10-07T05:19:11.8322129Z   duration_ms: 23.368805
Release Configuration	Validate versions and quality-gate tests	2026-10-07T05:19:11.8322536Z   ...
Release Configuration	Validate versions and quality-gate tests	2026-10-07T05:19:11.8444595Z # Subtest: release preparation rejects a pending manifest release without changing files
Release Configuration	Validate versions and quality-gate tests	2026-10-07T05:19:11.8445949Z ok 96 - release preparation rejects a pending manifest release without changing files
Release Configuration	Validate versions and quality-gate tests	2026-10-07T05:19:11.8446573Z   ---
Release Configuration	Validate versions and quality-gate tests	2026-10-07T05:19:11.8447127Z   duration_ms: 12.466748
Release Configuration	Validate versions and quality-gate tests	2026-10-07T05:19:11.8447645Z   ...
Release Configuration	Validate versions and quality-gate tests	2026-10-07T05:19:11.8618384Z # Subtest: release preparation rejects stale mirrors before making any writes
Release Configuration	Validate versions and quality-gate tests	2026-10-07T05:19:11.8619870Z ok 97 - release preparation rejects stale mirrors before making any writes
Release Configuration	Validate versions and quality-gate tests	2026-10-07T05:19:11.8620668Z   ---
Release Configuration	Validate versions and quality-gate tests	2026-10-07T05:19:11.8621329Z   duration_ms: 17.247211
Release Configuration	Validate versions and quality-gate tests	2026-10-07T05:19:11.8622099Z   ...
Release Configuration	Validate versions and quality-gate tests	2026-10-07T05:19:11.9036440Z # Subtest: local internal preparation advances all native mirrors without a tag or changing the server
Release Configuration	Validate versions and quality-gate tests	2026-10-07T05:19:11.9037790Z ok 98 - local internal preparation advances all native mirrors without a tag or changing the server
Release Configuration	Validate versions and quality-gate tests	2026-10-07T05:19:11.9038589Z   ---
Release Configuration	Validate versions and quality-gate tests	2026-10-07T05:19:11.9039028Z   duration_ms: 41.640924
Release Configuration	Validate versions and quality-gate tests	2026-10-07T05:19:11.9039498Z   ...
Release Configuration	Validate versions and quality-gate tests	2026-10-07T05:19:11.9040348Z # Subtest: protected preparation cannot disable signed-tag verification with a null callback
Release Configuration	Validate versions and quality-gate tests	2026-10-07T05:19:11.9041090Z ok 99 - protected preparation cannot disable signed-tag verification with a null callback
Release Configuration	Validate versions and quality-gate tests	2026-10-07T05:19:11.9041587Z   ---
Release Configuration	Validate versions and quality-gate tests	2026-10-07T05:19:11.9041876Z   duration_ms: 0.287659
Release Configuration	Validate versions and quality-gate tests	2026-10-07T05:19:11.9042275Z   ...
Release Configuration	Validate versions and quality-gate tests	2026-10-07T05:19:11.9142054Z # Subtest: accepts an exact protected request with GitHub live dynamic run-name
Release Configuration	Validate versions and quality-gate tests	2026-10-07T05:19:11.9143749Z ok 100 - accepts an exact protected request with GitHub live dynamic run-name
Release Configuration	Validate versions and quality-gate tests	2026-10-07T05:19:11.9144194Z   ---
Release Configuration	Validate versions and quality-gate tests	2026-10-07T05:19:11.9144481Z   duration_ms: 2.924488
Release Configuration	Validate versions and quality-gate tests	2026-10-07T05:19:11.9144863Z   ...
Release Configuration	Validate versions and quality-gate tests	2026-10-07T05:19:11.9147493Z # Subtest: dynamic display names are not an authorization input
Release Configuration	Validate versions and quality-gate tests	2026-10-07T05:19:11.9148075Z ok 101 - dynamic display names are not an authorization input
Release Configuration	Validate versions and quality-gate tests	2026-10-07T05:19:11.9148494Z   ---
Release Configuration	Validate versions and quality-gate tests	2026-10-07T05:19:11.9148837Z   duration_ms: 0.386199
Release Configuration	Validate versions and quality-gate tests	2026-10-07T05:19:11.9149255Z   ...
Release Configuration	Validate versions and quality-gate tests	2026-10-07T05:19:11.9150308Z # Subtest: rejects non-success, non-dispatch, non-master, wrong-path, and stale handler runs
Release Configuration	Validate versions and quality-gate tests	2026-10-07T05:19:11.9151443Z ok 102 - rejects non-success, non-dispatch, non-master, wrong-path, and stale handler runs
Release Configuration	Validate versions and quality-gate tests	2026-10-07T05:19:11.9152140Z   ---
Release Configuration	Validate versions and quality-gate tests	2026-10-07T05:19:11.9152506Z   duration_ms: 1.03873
Release Configuration	Validate versions and quality-gate tests	2026-10-07T05:19:11.9153060Z   ...
Release Configuration	Validate versions and quality-gate tests	2026-10-07T05:19:11.9153664Z # Subtest: rejects repository substitution and automation actors
Release Configuration	Validate versions and quality-gate tests	2026-10-07T05:19:11.9154500Z ok 103 - rejects repository substitution and automation actors
Release Configuration	Validate versions and quality-gate tests	2026-10-07T05:19:11.9155089Z   ---
Release Configuration	Validate versions and quality-gate tests	2026-10-07T05:19:11.9155641Z   duration_ms: 0.593995
Release Configuration	Validate versions and quality-gate tests	2026-10-07T05:19:11.9156175Z   ...
Release Configuration	Validate versions and quality-gate tests	2026-10-07T05:19:11.9156808Z # Subtest: rejects malformed identifiers and event structures
Release Configuration	Validate versions and quality-gate tests	2026-10-07T05:19:11.9157633Z ok 104 - rejects malformed identifiers and event structures
Release Configuration	Validate versions and quality-gate tests	2026-10-07T05:19:11.9158200Z   ---
Release Configuration	Validate versions and quality-gate tests	2026-10-07T05:19:11.9158565Z   duration_ms: 0.480782
Release Configuration	Validate versions and quality-gate tests	2026-10-07T05:19:11.9159068Z   ...
Release Configuration	Validate versions and quality-gate tests	2026-10-07T05:19:11.9159847Z # Subtest: server request normalizes the five selections into exact worker-specific inputs
Release Configuration	Validate versions and quality-gate tests	2026-10-07T05:19:11.9161054Z ok 105 - server request normalizes the five selections into exact worker-specific inputs
Release Configuration	Validate versions and quality-gate tests	2026-10-07T05:19:11.9161758Z   ---
Release Configuration	Validate versions and quality-gate tests	2026-10-07T05:19:11.9162132Z   duration_ms: 3.276777
Release Configuration	Validate versions and quality-gate tests	2026-10-07T05:19:11.9162629Z   ...
Release Configuration	Validate versions and quality-gate tests	2026-10-07T05:19:11.9163436Z # Subtest: server requests reject extra fields, invalid selections, and ignored recovery options
Release Configuration	Validate versions and quality-gate tests	2026-10-07T05:19:11.9164710Z ok 106 - server requests reject extra fields, invalid selections, and ignored recovery options
Release Configuration	Validate versions and quality-gate tests	2026-10-07T05:19:11.9165798Z   ---
Release Configuration	Validate versions and quality-gate tests	2026-10-07T05:19:11.9166225Z   duration_ms: 1.210868
Release Configuration	Validate versions and quality-gate tests	2026-10-07T05:19:11.9166669Z   ...
Release Configuration	Validate versions and quality-gate tests	2026-10-07T05:19:11.9167478Z # Subtest: release requests bind repository, run, attempt, ref, SHA, and operation to the trigger
Release Configuration	Validate versions and quality-gate tests	2026-10-07T05:19:11.9168748Z ok 107 - release requests bind repository, run, attempt, ref, SHA, and operation to the trigger
Release Configuration	Validate versions and quality-gate tests	2026-10-07T05:19:11.9169504Z   ---
Release Configuration	Validate versions and quality-gate tests	2026-10-07T05:19:11.9169906Z   duration_ms: 0.452979
Release Configuration	Validate versions and quality-gate tests	2026-10-07T05:19:11.9170373Z   ...
Release Configuration	Validate versions and quality-gate tests	2026-10-07T05:19:11.9171172Z # Subtest: release request artifacts reject missing, extra, nested, oversized, and malformed files
Release Configuration	Validate versions and quality-gate tests	2026-10-07T05:19:11.9172432Z ok 108 - release request artifacts reject missing, extra, nested, oversized, and malformed files
Release Configuration	Validate versions and quality-gate tests	2026-10-07T05:19:11.9173216Z   ---
Release Configuration	Validate versions and quality-gate tests	2026-10-07T05:19:11.9173638Z   duration_ms: 401.323747
Release Configuration	Validate versions and quality-gate tests	2026-10-07T05:19:11.9174127Z   ...
Release Configuration	Validate versions and quality-gate tests	2026-10-07T05:19:11.9174801Z # Subtest: release request artifacts reject symbolic links when supported
Release Configuration	Validate versions and quality-gate tests	2026-10-07T05:19:11.9176147Z ok 109 - release request artifacts reject symbolic links when supported
Release Configuration	Validate versions and quality-gate tests	2026-10-07T05:19:11.9176850Z   ---
Release Configuration	Validate versions and quality-gate tests	2026-10-07T05:19:11.9177288Z   duration_ms: 1.182989
Release Configuration	Validate versions and quality-gate tests	2026-10-07T05:19:11.9177728Z   ...
Release Configuration	Validate versions and quality-gate tests	2026-10-07T05:19:11.9178438Z # Subtest: request CLI writes only validated worker routing and primitive inputs
Release Configuration	Validate versions and quality-gate tests	2026-10-07T05:19:11.9179473Z ok 110 - request CLI writes only validated worker routing and primitive inputs
Release Configuration	Validate versions and quality-gate tests	2026-10-07T05:19:11.9180105Z   ---
Release Configuration	Validate versions and quality-gate tests	2026-10-07T05:19:11.9180621Z   duration_ms: 290.879571
Release Configuration	Validate versions and quality-gate tests	2026-10-07T05:19:11.9181092Z   ...
Release Configuration	Validate versions and quality-gate tests	2026-10-07T05:19:11.9181848Z # Subtest: local reusable workflow callers cover every called job token permission
Release Configuration	Validate versions and quality-gate tests	2026-10-07T05:19:11.9224868Z ok 111 - local reusable workflow callers cover every called job token permission
Release Configuration	Validate versions and quality-gate tests	2026-10-07T05:19:11.9226215Z   ---
Release Configuration	Validate versions and quality-gate tests	2026-10-07T05:19:11.9226626Z   duration_ms: 12.086654
Release Configuration	Validate versions and quality-gate tests	2026-10-07T05:19:11.9227110Z   ...
Release Configuration	Validate versions and quality-gate tests	2026-10-07T05:19:11.9227965Z # Subtest: credentialed release workflows pin external actions and the EAS CLI immutably
Release Configuration	Validate versions and quality-gate tests	2026-10-07T05:19:11.9229434Z ok 112 - credentialed release workflows pin external actions and the EAS CLI immutably
Release Configuration	Validate versions and quality-gate tests	2026-10-07T05:19:11.9230116Z   ---
Release Configuration	Validate versions and quality-gate tests	2026-10-07T05:19:11.9230404Z   duration_ms: 9.996354
Release Configuration	Validate versions and quality-gate tests	2026-10-07T05:19:11.9231230Z   ...
Release Configuration	Validate versions and quality-gate tests	2026-10-07T05:19:11.9231844Z # Subtest: server publication accepts read-only master requests through protected default-branch handlers
Release Configuration	Validate versions and quality-gate tests	2026-10-07T05:19:11.9232695Z ok 113 - server publication accepts read-only master requests through protected default-branch handlers
Release Configuration	Validate versions and quality-gate tests	2026-10-07T05:19:11.9233338Z   ---
Release Configuration	Validate versions and quality-gate tests	2026-10-07T05:19:11.9233676Z   duration_ms: 2.006206
Release Configuration	Validate versions and quality-gate tests	2026-10-07T05:19:11.9233996Z   ...
Release Configuration	Validate versions and quality-gate tests	2026-10-07T05:19:11.9234659Z # Subtest: server operations share one manual entrypoint without redundant request handlers
Release Configuration	Validate versions and quality-gate tests	2026-10-07T05:19:11.9235896Z ok 114 - server operations share one manual entrypoint without redundant request handlers
Release Configuration	Validate versions and quality-gate tests	2026-10-07T05:19:11.9236502Z   ---
Release Configuration	Validate versions and quality-gate tests	2026-10-07T05:19:11.9236882Z   duration_ms: 0.533814
Release Configuration	Validate versions and quality-gate tests	2026-10-07T05:19:11.9237292Z   ...
Release Configuration	Validate versions and quality-gate tests	2026-10-07T05:19:11.9237985Z # Subtest: server publication grants only the operation-specific built-in token permissions
Release Configuration	Validate versions and quality-gate tests	2026-10-07T05:19:11.9238936Z ok 115 - server publication grants only the operation-specific built-in token permissions
Release Configuration	Validate versions and quality-gate tests	2026-10-07T05:19:11.9239559Z   ---
Release Configuration	Validate versions and quality-gate tests	2026-10-07T05:19:11.9240002Z   duration_ms: 2.781631
Release Configuration	Validate versions and quality-gate tests	2026-10-07T05:19:11.9240500Z   ...
Release Configuration	Validate versions and quality-gate tests	2026-10-07T05:19:11.9241151Z # Subtest: Cut release uses a read-only request, protected handler, and scoped token writes
Release Configuration	Validate versions and quality-gate tests	2026-10-07T05:19:11.9242040Z ok 116 - Cut release uses a read-only request, protected handler, and scoped token writes
Release Configuration	Validate versions and quality-gate tests	2026-10-07T05:19:11.9242760Z   ---
Release Configuration	Validate versions and quality-gate tests	2026-10-07T05:19:11.9243197Z   duration_ms: 3.637693
Release Configuration	Validate versions and quality-gate tests	2026-10-07T05:19:11.9243814Z   ...
Release Configuration	Validate versions and quality-gate tests	2026-10-07T05:19:11.9244337Z # Subtest: prepared release publishing is reusable, recoverable, and idempotent
Release Configuration	Validate versions and quality-gate tests	2026-10-07T05:19:11.9245012Z ok 117 - prepared release publishing is reusable, recoverable, and idempotent
Release Configuration	Validate versions and quality-gate tests	2026-10-07T05:19:11.9245781Z   ---
Release Configuration	Validate versions and quality-gate tests	2026-10-07T05:19:11.9246193Z   duration_ms: 1.732996
Release Configuration	Validate versions and quality-gate tests	2026-10-07T05:19:11.9246719Z   ...
Release Configuration	Validate versions and quality-gate tests	2026-10-07T05:19:11.9247290Z # Subtest: optional self-host deployment consumes the published digest without gating OTA
Release Configuration	Validate versions and quality-gate tests	2026-10-07T05:19:11.9247960Z ok 118 - optional self-host deployment consumes the published digest without gating OTA
Release Configuration	Validate versions and quality-gate tests	2026-10-07T05:19:11.9248503Z   ---
Release Configuration	Validate versions and quality-gate tests	2026-10-07T05:19:11.9248773Z   duration_ms: 1.060078
Release Configuration	Validate versions and quality-gate tests	2026-10-07T05:19:11.9249126Z   ...
Release Configuration	Validate versions and quality-gate tests	2026-10-07T05:19:11.9249659Z # Subtest: pull requests build and smoke only Web-impacting changes while exhaustive suites stay manual
Release Configuration	Validate versions and quality-gate tests	2026-10-07T05:19:11.9250417Z ok 119 - pull requests build and smoke only Web-impacting changes while exhaustive suites stay manual
Release Configuration	Validate versions and quality-gate tests	2026-10-07T05:19:11.9250944Z   ---
Release Configuration	Validate versions and quality-gate tests	2026-10-07T05:19:11.9251250Z   duration_ms: 1.220719
Release Configuration	Validate versions and quality-gate tests	2026-10-07T05:19:11.9251573Z   ...
Release Configuration	Validate versions and quality-gate tests	2026-10-07T05:19:11.9252014Z # Subtest: pull requests run backend builds only for backend-impacting paths
Release Configuration	Validate versions and quality-gate tests	2026-10-07T05:19:11.9252596Z ok 120 - pull requests run backend builds only for backend-impacting paths
Release Configuration	Validate versions and quality-gate tests	2026-10-07T05:19:11.9253043Z   ---
Release Configuration	Validate versions and quality-gate tests	2026-10-07T05:19:11.9253327Z   duration_ms: 0.747476
Release Configuration	Validate versions and quality-gate tests	2026-10-07T05:19:11.9253699Z   ...
Release Configuration	Validate versions and quality-gate tests	2026-10-07T05:19:11.9254151Z # Subtest: Android SDK setup explicitly excludes the retired tools package
Release Configuration	Validate versions and quality-gate tests	2026-10-07T05:19:11.9254713Z ok 121 - Android SDK setup explicitly excludes the retired tools package
Release Configuration	Validate versions and quality-gate tests	2026-10-07T05:19:11.9255147Z   ---
Release Configuration	Validate versions and quality-gate tests	2026-10-07T05:19:11.9255579Z   duration_ms: 1.350956
Release Configuration	Validate versions and quality-gate tests	2026-10-07T05:19:11.9255954Z   ...
Release Configuration	Validate versions and quality-gate tests	2026-10-07T05:19:11.9256557Z # Subtest: pull requests run targeted native compilation while emulator and upgrade rehearsals stay manual
Release Configuration	Validate versions and quality-gate tests	2026-10-07T05:19:11.9257391Z ok 122 - pull requests run targeted native compilation while emulator and upgrade rehearsals stay manual
Release Configuration	Validate versions and quality-gate tests	2026-10-07T05:19:11.9257943Z   ---
Release Configuration	Validate versions and quality-gate tests	2026-10-07T05:19:11.9258216Z   duration_ms: 2.575532
Release Configuration	Validate versions and quality-gate tests	2026-10-07T05:19:11.9258632Z   ...
Release Configuration	Validate versions and quality-gate tests	2026-10-07T05:19:11.9259191Z # Subtest: native jobs bind immutable candidate and baseline SHAs for PR and manual events
Release Configuration	Validate versions and quality-gate tests	2026-10-07T05:19:11.9260179Z ok 123 - native jobs bind immutable candidate and baseline SHAs for PR and manual events
Release Configuration	Validate versions and quality-gate tests	2026-10-07T05:19:11.9261002Z   ---
Release Configuration	Validate versions and quality-gate tests	2026-10-07T05:19:11.9261305Z   duration_ms: 0.477363
Release Configuration	Validate versions and quality-gate tests	2026-10-07T05:19:11.9261608Z   ...
Release Configuration	Validate versions and quality-gate tests	2026-10-07T05:19:11.9262173Z # Subtest: build input classification covers representative paths without cross-surface noise
Release Configuration	Validate versions and quality-gate tests	2026-10-07T05:19:11.9262876Z ok 124 - build input classification covers representative paths without cross-surface noise
Release Configuration	Validate versions and quality-gate tests	2026-10-07T05:19:11.9263379Z   ---
Release Configuration	Validate versions and quality-gate tests	2026-10-07T05:19:11.9263680Z   duration_ms: 6.318907
Release Configuration	Validate versions and quality-gate tests	2026-10-07T05:19:11.9263983Z   ...
Release Configuration	Validate versions and quality-gate tests	2026-10-07T05:19:11.9264507Z # Subtest: manual Wear emulator runs persistence instrumentation after its release-package smoke
Release Configuration	Validate versions and quality-gate tests	2026-10-07T05:19:11.9265552Z ok 125 - manual Wear emulator runs persistence instrumentation after its release-package smoke
Release Configuration	Validate versions and quality-gate tests	2026-10-07T05:19:11.9266105Z   ---
Release Configuration	Validate versions and quality-gate tests	2026-10-07T05:19:11.9266379Z   duration_ms: 0.655232
Release Configuration	Validate versions and quality-gate tests	2026-10-07T05:19:11.9266671Z   ...
Release Configuration	Validate versions and quality-gate tests	2026-10-07T05:19:11.9267152Z # Subtest: release images publish immutable identity and guard the moving latest tag
Release Configuration	Validate versions and quality-gate tests	2026-10-07T05:19:11.9267821Z ok 126 - release images publish immutable identity and guard the moving latest tag
Release Configuration	Validate versions and quality-gate tests	2026-10-07T05:19:11.9268318Z   ---
Release Configuration	Validate versions and quality-gate tests	2026-10-07T05:19:11.9268584Z   duration_ms: 6.710039
Release Configuration	Validate versions and quality-gate tests	2026-10-07T05:19:11.9268870Z   ...
Release Configuration	Validate versions and quality-gate tests	2026-10-07T05:19:11.9269340Z # Subtest: no active workflow deploys to AWS or builds an image for every merged PR
Release Configuration	Validate versions and quality-gate tests	2026-10-07T05:19:11.9269988Z ok 127 - no active workflow deploys to AWS or builds an image for every merged PR
Release Configuration	Validate versions and quality-gate tests	2026-10-07T05:19:11.9270474Z   ---
Release Configuration	Validate versions and quality-gate tests	2026-10-07T05:19:11.9270749Z   duration_ms: 2.259001
Release Configuration	Validate versions and quality-gate tests	2026-10-07T05:19:11.9271047Z   ...
Release Configuration	Validate versions and quality-gate tests	2026-10-07T05:19:11.9271598Z # Subtest: active workflows and package scripts do not retain the hosted-result or external-launch ledger
Release Configuration	Validate versions and quality-gate tests	2026-10-07T05:19:11.9272375Z ok 128 - active workflows and package scripts do not retain the hosted-result or external-launch ledger
Release Configuration	Validate versions and quality-gate tests	2026-10-07T05:19:11.9272946Z   ---
Release Configuration	Validate versions and quality-gate tests	2026-10-07T05:19:11.9273220Z   duration_ms: 2.492696
Release Configuration	Validate versions and quality-gate tests	2026-10-07T05:19:11.9273529Z   ...
Release Configuration	Validate versions and quality-gate tests	2026-10-07T05:19:11.9274012Z # Subtest: hidden workflow evidence paths are explicitly included in artifact uploads
Release Configuration	Validate versions and quality-gate tests	2026-10-07T05:19:11.9274667Z ok 129 - hidden workflow evidence paths are explicitly included in artifact uploads
Release Configuration	Validate versions and quality-gate tests	2026-10-07T05:19:11.9275177Z   ---
Release Configuration	Validate versions and quality-gate tests	2026-10-07T05:19:11.9275690Z   duration_ms: 1.396661
Release Configuration	Validate versions and quality-gate tests	2026-10-07T05:19:11.9275989Z   ...
Release Configuration	Validate versions and quality-gate tests	2026-10-07T05:19:11.9276487Z # Subtest: Expo OTA separates source export from clean environment-scoped publication
Release Configuration	Validate versions and quality-gate tests	2026-10-07T05:19:11.9277147Z ok 130 - Expo OTA separates source export from clean environment-scoped publication
Release Configuration	Validate versions and quality-gate tests	2026-10-07T05:19:11.9277640Z   ---
Release Configuration	Validate versions and quality-gate tests	2026-10-07T05:19:11.9277955Z   duration_ms: 3.855703
Release Configuration	Validate versions and quality-gate tests	2026-10-07T05:19:11.9278244Z   ...
Release Configuration	Validate versions and quality-gate tests	2026-10-07T05:19:11.9278789Z # Subtest: native Android store releases build one paired candidate and promote it without rebuilding
Release Configuration	Validate versions and quality-gate tests	2026-10-07T05:19:11.9279533Z ok 131 - native Android store releases build one paired candidate and promote it without rebuilding
Release Configuration	Validate versions and quality-gate tests	2026-10-07T05:19:11.9280067Z   ---
Release Configuration	Validate versions and quality-gate tests	2026-10-07T05:19:11.9280381Z   duration_ms: 7.083028
Release Configuration	Validate versions and quality-gate tests	2026-10-07T05:19:11.9280672Z   ...
Release Configuration	Validate versions and quality-gate tests	2026-10-07T05:19:11.9281116Z # Subtest: pull request test suites run only for their affected surfaces
Release Configuration	Validate versions and quality-gate tests	2026-10-07T05:19:11.9281856Z ok 132 - pull request test suites run only for their affected surfaces
Release Configuration	Validate versions and quality-gate tests	2026-10-07T05:19:11.9282297Z   ---
Release Configuration	Validate versions and quality-gate tests	2026-10-07T05:19:11.9282573Z   duration_ms: 1.59385
Release Configuration	Validate versions and quality-gate tests	2026-10-07T05:19:11.9282905Z   ...
Release Configuration	Validate versions and quality-gate tests	2026-10-07T05:19:11.9283441Z # Subtest: database upgrade and rollback select only their affected database surfaces
Release Configuration	Validate versions and quality-gate tests	2026-10-07T05:19:11.9284519Z ok 133 - database upgrade and rollback select only their affected database surfaces
Release Configuration	Validate versions and quality-gate tests	2026-10-07T05:19:11.9285382Z   ---
Release Configuration	Validate versions and quality-gate tests	2026-10-07T05:19:11.9285772Z   duration_ms: 1.071406
Release Configuration	Validate versions and quality-gate tests	2026-10-07T05:19:11.9286284Z   ...
Release Configuration	Validate versions and quality-gate tests	2026-10-07T05:19:11.9286829Z # Subtest: database rollback binds a full candidate SHA for pull requests and manual dispatches
Release Configuration	Validate versions and quality-gate tests	2026-10-07T05:19:11.9287577Z ok 134 - database rollback binds a full candidate SHA for pull requests and manual dispatches
Release Configuration	Validate versions and quality-gate tests	2026-10-07T05:19:11.9288073Z   ---
Release Configuration	Validate versions and quality-gate tests	2026-10-07T05:19:11.9288345Z   duration_ms: 0.235887
Release Configuration	Validate versions and quality-gate tests	2026-10-07T05:19:11.9288741Z   ...
Release Configuration	Validate versions and quality-gate tests	2026-10-07T05:19:11.9289296Z # Subtest: dependency audit runs all workspaces only during scheduled or manual maintenance
Release Configuration	Validate versions and quality-gate tests	2026-10-07T05:19:11.9290003Z ok 135 - dependency audit runs all workspaces only during scheduled or manual maintenance
Release Configuration	Validate versions and quality-gate tests	2026-10-07T05:19:11.9290481Z   ---
Release Configuration	Validate versions and quality-gate tests	2026-10-07T05:19:11.9290749Z   duration_ms: 0.528784
Release Configuration	Validate versions and quality-gate tests	2026-10-07T05:19:11.9291023Z   ...
Release Configuration	Validate versions and quality-gate tests	2026-10-07T05:19:11.9291571Z # Subtest: release configuration and PR workflows do not gate merges on package advisories
Release Configuration	Validate versions and quality-gate tests	2026-10-07T05:19:11.9292669Z ok 136 - release configuration and PR workflows do not gate merges on package advisories
Release Configuration	Validate versions and quality-gate tests	2026-10-07T05:19:11.9293469Z   ---
Release Configuration	Validate versions and quality-gate tests	2026-10-07T05:19:11.9293818Z   duration_ms: 1.137822
Release Configuration	Validate versions and quality-gate tests	2026-10-07T05:19:11.9294183Z   ...
Release Configuration	Validate versions and quality-gate tests	2026-10-07T05:19:11.9294981Z # Subtest: container scan targets production-image inputs while preserving scheduled coverage
Release Configuration	Validate versions and quality-gate tests	2026-10-07T05:19:11.9296319Z ok 137 - container scan targets production-image inputs while preserving scheduled coverage
Release Configuration	Validate versions and quality-gate tests	2026-10-07T05:19:11.9297033Z   ---
Release Configuration	Validate versions and quality-gate tests	2026-10-07T05:19:11.9297398Z   duration_ms: 0.475033
Release Configuration	Validate versions and quality-gate tests	2026-10-07T05:19:11.9297751Z   ...
Release Configuration	Validate versions and quality-gate tests	2026-10-07T05:19:11.9298465Z # Subtest: version-only release PRs validate mirrors without platform build fan-out
Release Configuration	Validate versions and quality-gate tests	2026-10-07T05:19:11.9299374Z ok 138 - version-only release PRs validate mirrors without platform build fan-out
Release Configuration	Validate versions and quality-gate tests	2026-10-07T05:19:11.9300098Z   ---
Release Configuration	Validate versions and quality-gate tests	2026-10-07T05:19:11.9300590Z   duration_ms: 1.291335
Release Configuration	Validate versions and quality-gate tests	2026-10-07T05:19:11.9300969Z   ...
Release Configuration	Validate versions and quality-gate tests	2026-10-07T05:19:11.9301670Z # Subtest: all pull-request workflow checkouts freeze exact candidate C
Release Configuration	Validate versions and quality-gate tests	2026-10-07T05:19:11.9302466Z ok 139 - all pull-request workflow checkouts freeze exact candidate C
Release Configuration	Validate versions and quality-gate tests	2026-10-07T05:19:11.9303125Z   ---
Release Configuration	Validate versions and quality-gate tests	2026-10-07T05:19:11.9303486Z   duration_ms: 0.348767
Release Configuration	Validate versions and quality-gate tests	2026-10-07T05:19:11.9303848Z   ...
Release Configuration	Validate versions and quality-gate tests	2026-10-07T05:19:11.9304617Z # Subtest: the lean acceptance plan separates automatic critical smoke from exhaustive Web suites
Release Configuration	Validate versions and quality-gate tests	2026-10-07T05:19:11.9305821Z ok 140 - the lean acceptance plan separates automatic critical smoke from exhaustive Web suites
Release Configuration	Validate versions and quality-gate tests	2026-10-07T05:19:11.9306719Z   ---
Release Configuration	Validate versions and quality-gate tests	2026-10-07T05:19:11.9307106Z   duration_ms: 0.339487
Release Configuration	Validate versions and quality-gate tests	2026-10-07T05:19:11.9307520Z   ...
Release Configuration	Validate versions and quality-gate tests	2026-10-07T05:19:11.9308225Z # Subtest: manual native rehearsals retain only short-lived diagnostic artifacts
Release Configuration	Validate versions and quality-gate tests	2026-10-07T05:19:11.9309109Z ok 141 - manual native rehearsals retain only short-lived diagnostic artifacts
Release Configuration	Validate versions and quality-gate tests	2026-10-07T05:19:11.9309779Z   ---
Release Configuration	Validate versions and quality-gate tests	2026-10-07T05:19:11.9310052Z   duration_ms: 0.880729
Release Configuration	Validate versions and quality-gate tests	2026-10-07T05:19:11.9310377Z   ...
Release Configuration	Validate versions and quality-gate tests	2026-10-07T05:19:11.9310851Z # Subtest: PR rollback owns migration safety without a redundant Cut release replay
Release Configuration	Validate versions and quality-gate tests	2026-10-07T05:19:11.9311493Z ok 142 - PR rollback owns migration safety without a redundant Cut release replay
Release Configuration	Validate versions and quality-gate tests	2026-10-07T05:19:11.9311929Z   ---
Release Configuration	Validate versions and quality-gate tests	2026-10-07T05:19:11.9312232Z   duration_ms: 0.767862
Release Configuration	Validate versions and quality-gate tests	2026-10-07T05:19:11.9312544Z   ...
Release Configuration	Validate versions and quality-gate tests	2026-10-07T05:19:11.9313049Z # Subtest: Optional Release Confidence is a manual owner-discretion exact-candidate check
Release Configuration	Validate versions and quality-gate tests	2026-10-07T05:19:11.9313734Z ok 143 - Optional Release Confidence is a manual owner-discretion exact-candidate check
Release Configuration	Validate versions and quality-gate tests	2026-10-07T05:19:11.9314226Z   ---
Release Configuration	Validate versions and quality-gate tests	2026-10-07T05:19:11.9314532Z   duration_ms: 0.683923
Release Configuration	Validate versions and quality-gate tests	2026-10-07T05:19:11.9314846Z   ...
Release Configuration	Validate versions and quality-gate tests	2026-10-07T05:19:11.9315521Z # Subtest: selects the UX config and the bounded accessibility project
Release Configuration	Validate versions and quality-gate tests	2026-10-07T05:19:11.9316219Z ok 144 - selects the UX config and the bounded accessibility project
Release Configuration	Validate versions and quality-gate tests	2026-10-07T05:19:11.9316631Z   ---
Release Configuration	Validate versions and quality-gate tests	2026-10-07T05:19:11.9317025Z   duration_ms: 1.726239
Release Configuration	Validate versions and quality-gate tests	2026-10-07T05:19:11.9317530Z   ...
Release Configuration	Validate versions and quality-gate tests	2026-10-07T05:19:11.9317984Z # Subtest: runs the visual file across the projects selected by the UX config
Release Configuration	Validate versions and quality-gate tests	2026-10-07T05:19:11.9318591Z ok 145 - runs the visual file across the projects selected by the UX config
Release Configuration	Validate versions and quality-gate tests	2026-10-07T05:19:11.9319020Z   ---
Release Configuration	Validate versions and quality-gate tests	2026-10-07T05:19:11.9319290Z   duration_ms: 0.151386
Release Configuration	Validate versions and quality-gate tests	2026-10-07T05:19:11.9319643Z   ...
Release Configuration	Validate versions and quality-gate tests	2026-10-07T05:19:11.9320097Z # Subtest: combined UX validation uses one wrapper invocation for both suites
Release Configuration	Validate versions and quality-gate tests	2026-10-07T05:19:11.9320688Z ok 146 - combined UX validation uses one wrapper invocation for both suites
Release Configuration	Validate versions and quality-gate tests	2026-10-07T05:19:11.9321113Z   ---
Release Configuration	Validate versions and quality-gate tests	2026-10-07T05:19:11.9321556Z   duration_ms: 0.143262
Release Configuration	Validate versions and quality-gate tests	2026-10-07T05:19:11.9321829Z   ...
Release Configuration	Validate versions and quality-gate tests	2026-10-07T05:19:11.9322296Z # Subtest: snapshot updates require an exact explicit approval
Release Configuration	Validate versions and quality-gate tests	2026-10-07T05:19:11.9322811Z ok 147 - snapshot updates require an exact explicit approval
Release Configuration	Validate versions and quality-gate tests	2026-10-07T05:19:11.9323199Z   ---
Release Configuration	Validate versions and quality-gate tests	2026-10-07T05:19:11.9323498Z   duration_ms: 0.451002
Release Configuration	Validate versions and quality-gate tests	2026-10-07T05:19:11.9323769Z   ...
Release Configuration	Validate versions and quality-gate tests	2026-10-07T05:19:11.9324252Z # Subtest: rejects missing modes and arbitrary Playwright passthrough arguments
Release Configuration	Validate versions and quality-gate tests	2026-10-07T05:19:11.9324905Z ok 148 - rejects missing modes and arbitrary Playwright passthrough arguments
Release Configuration	Validate versions and quality-gate tests	2026-10-07T05:19:11.9325633Z   ---
Release Configuration	Validate versions and quality-gate tests	2026-10-07T05:19:11.9325936Z   duration_ms: 0.221889
Release Configuration	Validate versions and quality-gate tests	2026-10-07T05:19:11.9326210Z   ...
Release Configuration	Validate versions and quality-gate tests	2026-10-07T05:19:11.9326672Z # Subtest: root scripts expose only one guarded snapshot-update command
Release Configuration	Validate versions and quality-gate tests	2026-10-07T05:19:11.9327238Z ok 149 - root scripts expose only one guarded snapshot-update command
Release Configuration	Validate versions and quality-gate tests	2026-10-07T05:19:11.9327714Z   ---
Release Configuration	Validate versions and quality-gate tests	2026-10-07T05:19:11.9327980Z   duration_ms: 0.64861
Release Configuration	Validate versions and quality-gate tests	2026-10-07T05:19:11.9328263Z   ...
Release Configuration	Validate versions and quality-gate tests	2026-10-07T05:19:11.9328791Z # Subtest: local CI replaces the standalone web build with the blocking UX build and gate
Release Configuration	Validate versions and quality-gate tests	2026-10-07T05:19:11.9329452Z ok 150 - local CI replaces the standalone web build with the blocking UX build and gate
Release Configuration	Validate versions and quality-gate tests	2026-10-07T05:19:11.9329971Z   ---
Release Configuration	Validate versions and quality-gate tests	2026-10-07T05:19:11.9330237Z   duration_ms: 0.281493
Release Configuration	Validate versions and quality-gate tests	2026-10-07T05:19:11.9330509Z   ...
Release Configuration	Validate versions and quality-gate tests	2026-10-07T05:19:11.9331039Z # Subtest: host setup provisions lock-pinned Chromium through the repository Playwright CLI
Release Configuration	Validate versions and quality-gate tests	2026-10-07T05:19:11.9331743Z ok 151 - host setup provisions lock-pinned Chromium through the repository Playwright CLI
Release Configuration	Validate versions and quality-gate tests	2026-10-07T05:19:11.9332297Z   ---
Release Configuration	Validate versions and quality-gate tests	2026-10-07T05:19:11.9332560Z   duration_ms: 1.322294
Release Configuration	Validate versions and quality-gate tests	2026-10-07T05:19:11.9332836Z   ...
Release Configuration	Validate versions and quality-gate tests	2026-10-07T05:19:11.9333304Z # Subtest: the Playwright wrapper accepts only reviewed repository configs
Release Configuration	Validate versions and quality-gate tests	2026-10-07T05:19:11.9333891Z ok 152 - the Playwright wrapper accepts only reviewed repository configs
Release Configuration	Validate versions and quality-gate tests	2026-10-07T05:19:11.9334852Z   ---
Release Configuration	Validate versions and quality-gate tests	2026-10-07T05:19:11.9335171Z   duration_ms: 0.286743
Release Configuration	Validate versions and quality-gate tests	2026-10-07T05:19:11.9335650Z   ...
Release Configuration	Validate versions and quality-gate tests	2026-10-07T05:19:11.9336208Z # Subtest: the Playwright wrapper preserves the mobile web prebuild lifecycle
Release Configuration	Validate versions and quality-gate tests	2026-10-07T05:19:11.9336802Z ok 153 - the Playwright wrapper preserves the mobile web prebuild lifecycle
Release Configuration	Validate versions and quality-gate tests	2026-10-07T05:19:11.9337247Z   ---
Release Configuration	Validate versions and quality-gate tests	2026-10-07T05:19:11.9337522Z   duration_ms: 0.223311
Release Configuration	Validate versions and quality-gate tests	2026-10-07T05:19:11.9337835Z   ...
Release Configuration	Validate versions and quality-gate tests	2026-10-07T05:19:11.9338338Z # Subtest: the legacy exported-web runner is read-only and excludes config-owned suites
Release Configuration	Validate versions and quality-gate tests	2026-10-07T05:19:11.9338996Z ok 154 - the legacy exported-web runner is read-only and excludes config-owned suites
Release Configuration	Validate versions and quality-gate tests	2026-10-07T05:19:11.9339475Z   ---
Release Configuration	Validate versions and quality-gate tests	2026-10-07T05:19:11.9339762Z   duration_ms: 0.158701
Release Configuration	Validate versions and quality-gate tests	2026-10-07T05:19:11.9340070Z   ...
Release Configuration	Validate versions and quality-gate tests	2026-10-07T05:19:11.9340619Z # Subtest: the wrapper opts into the separately hosted data-state matrix only when named explicitly
Release Configuration	Validate versions and quality-gate tests	2026-10-07T05:19:11.9341352Z ok 155 - the wrapper opts into the separately hosted data-state matrix only when named explicitly
Release Configuration	Validate versions and quality-gate tests	2026-10-07T05:19:11.9341852Z   ---
Release Configuration	Validate versions and quality-gate tests	2026-10-07T05:19:11.9342141Z   duration_ms: 0.16089
Release Configuration	Validate versions and quality-gate tests	2026-10-07T05:19:11.9342429Z   ...
Release Configuration	Validate versions and quality-gate tests	2026-10-07T05:19:11.9342905Z # Subtest: documentation screenshots require explicit evidence capture
Release Configuration	Validate versions and quality-gate tests	2026-10-07T05:19:11.9343484Z ok 156 - documentation screenshots require explicit evidence capture
Release Configuration	Validate versions and quality-gate tests	2026-10-07T05:19:11.9343916Z   ---
Release Configuration	Validate versions and quality-gate tests	2026-10-07T05:19:11.9344196Z   duration_ms: 0.245271
Release Configuration	Validate versions and quality-gate tests	2026-10-07T05:19:11.9344482Z   ...
Release Configuration	Validate versions and quality-gate tests	2026-10-07T05:19:11.9344795Z 1..156
Release Configuration	Validate versions and quality-gate tests	2026-10-07T05:19:11.9345083Z # tests 156
Release Configuration	Validate versions and quality-gate tests	2026-10-07T05:19:11.9345508Z # suites 0
Release Configuration	Validate versions and quality-gate tests	2026-10-07T05:19:11.9345817Z # pass 154
Release Configuration	Validate versions and quality-gate tests	2026-10-07T05:19:11.9346090Z # fail 0
Release Configuration	Validate versions and quality-gate tests	2026-10-07T05:19:11.9346395Z # cancelled 0
Release Configuration	Validate versions and quality-gate tests	2026-10-07T05:19:11.9346678Z # skipped 2
Release Configuration	Validate versions and quality-gate tests	2026-10-07T05:19:11.9347014Z # todo 0
Release Configuration	Validate versions and quality-gate tests	2026-10-07T05:19:11.9347323Z # duration_ms 2556.814795
Release Configuration	Validate versions and quality-gate tests	2026-10-07T05:19:12.0359242Z 
Release Configuration	Validate versions and quality-gate tests	2026-10-07T05:19:12.0360240Z > cal-io@0.38.0 test:operations
Release Configuration	Validate versions and quality-gate tests	2026-10-07T05:19:12.0361757Z > node --test scripts/operational-alerts.test.mjs scripts/operational-alert-collector.test.mjs scripts/performance-budgets.test.mjs && node scripts/synthetic-alert-smoke.mjs
Release Configuration	Validate versions and quality-gate tests	2026-10-07T05:19:12.0362857Z 
Release Configuration	Validate versions and quality-gate tests	2026-10-07T05:19:12.0817171Z TAP version 13
Release Configuration	Validate versions and quality-gate tests	2026-10-07T05:19:12.1357455Z # Subtest: collector failure output never includes generated paths or malformed response contents
Release Configuration	Validate versions and quality-gate tests	2026-10-07T05:19:12.1388775Z ok 1 - collector failure output never includes generated paths or malformed response contents
Release Configuration	Validate versions and quality-gate tests	2026-10-07T05:19:12.1419168Z   ---
Release Configuration	Validate versions and quality-gate tests	2026-10-07T05:19:12.1441459Z   duration_ms: 4.90219
Release Configuration	Validate versions and quality-gate tests	2026-10-07T05:19:12.1476507Z   ...
Release Configuration	Validate versions and quality-gate tests	2026-10-07T05:19:12.1485754Z # Subtest: atomic rename failure preserves the last committed collector cursor
Release Configuration	Validate versions and quality-gate tests	2026-10-07T05:19:12.1507298Z ok 2 - atomic rename failure preserves the last committed collector cursor
Release Configuration	Validate versions and quality-gate tests	2026-10-07T05:19:12.1508190Z   ---
Release Configuration	Validate versions and quality-gate tests	2026-10-07T05:19:12.1508777Z   duration_ms: 19.533901
Release Configuration	Validate versions and quality-gate tests	2026-10-07T05:19:12.1509463Z   ...
Release Configuration	Validate versions and quality-gate tests	2026-10-07T05:19:12.1835698Z # Subtest: stale lock takeover is owner-safe and JSON body reads time out below the lease
Release Configuration	Validate versions and quality-gate tests	2026-10-07T05:19:12.1837392Z ok 3 - stale lock takeover is owner-safe and JSON body reads time out below the lease
Release Configuration	Validate versions and quality-gate tests	2026-10-07T05:19:12.1838209Z   ---
Release Configuration	Validate versions and quality-gate tests	2026-10-07T05:19:12.1838690Z   duration_ms: 32.884692
Release Configuration	Validate versions and quality-gate tests	2026-10-07T05:19:12.1839280Z   ...
Release Configuration	Validate versions and quality-gate tests	2026-10-07T05:19:12.1841195Z # Subtest: remote JSON responses reject declared and streamed bodies above the byte cap
Release Configuration	Validate versions and quality-gate tests	2026-10-07T05:19:12.1842291Z ok 4 - remote JSON responses reject declared and streamed bodies above the byte cap
Release Configuration	Validate versions and quality-gate tests	2026-10-07T05:19:12.1842952Z   ---
Release Configuration	Validate versions and quality-gate tests	2026-10-07T05:19:12.1843408Z   duration_ms: 4.279741
Release Configuration	Validate versions and quality-gate tests	2026-10-07T05:19:12.1843863Z   ...
Release Configuration	Validate versions and quality-gate tests	2026-10-07T05:19:12.1939100Z # Subtest: collector rejects metrics tokens shorter than the backend contract
Release Configuration	Validate versions and quality-gate tests	2026-10-07T05:19:12.1940691Z ok 5 - collector rejects metrics tokens shorter than the backend contract
Release Configuration	Validate versions and quality-gate tests	2026-10-07T05:19:12.1941700Z   ---
Release Configuration	Validate versions and quality-gate tests	2026-10-07T05:19:12.1942233Z   duration_ms: 8.98669
Release Configuration	Validate versions and quality-gate tests	2026-10-07T05:19:12.1942640Z   ...
Release Configuration	Validate versions and quality-gate tests	2026-10-07T05:19:12.1943244Z # Subtest: collector persists only fixed aggregate fields
Release Configuration	Validate versions and quality-gate tests	2026-10-07T05:19:12.1943978Z ok 6 - collector persists only fixed aggregate fields
Release Configuration	Validate versions and quality-gate tests	2026-10-07T05:19:12.1944560Z   ---
Release Configuration	Validate versions and quality-gate tests	2026-10-07T05:19:12.1945056Z   duration_ms: 0.822559
Release Configuration	Validate versions and quality-gate tests	2026-10-07T05:19:12.1945787Z   ...
Release Configuration	Validate versions and quality-gate tests	2026-10-07T05:19:12.2103534Z # Subtest: collector persists a 10-minute same-process sample and dispatches the next delta once
Release Configuration	Validate versions and quality-gate tests	2026-10-07T05:19:12.2104425Z ok 7 - collector persists a 10-minute same-process sample and dispatches the next delta once
Release Configuration	Validate versions and quality-gate tests	2026-10-07T05:19:12.2105113Z   ---
Release Configuration	Validate versions and quality-gate tests	2026-10-07T05:19:12.2105637Z   duration_ms: 16.733393
Release Configuration	Validate versions and quality-gate tests	2026-10-07T05:19:12.2105977Z   ...
Release Configuration	Validate versions and quality-gate tests	2026-10-07T05:19:12.2183815Z # Subtest: collector dispatches a release mismatch from its first observation
Release Configuration	Validate versions and quality-gate tests	2026-10-07T05:19:12.2184977Z ok 8 - collector dispatches a release mismatch from its first observation
Release Configuration	Validate versions and quality-gate tests	2026-10-07T05:19:12.2185944Z   ---
Release Configuration	Validate versions and quality-gate tests	2026-10-07T05:19:12.2186446Z   duration_ms: 6.542493
Release Configuration	Validate versions and quality-gate tests	2026-10-07T05:19:12.2186877Z   ...
Release Configuration	Validate versions and quality-gate tests	2026-10-07T05:19:12.2382408Z # Subtest: collector rebaselines off-cadence, supplies release and scheduler inputs, and rejects concurrent runs
Release Configuration	Validate versions and quality-gate tests	2026-10-07T05:19:12.2384839Z ok 9 - collector rebaselines off-cadence, supplies release and scheduler inputs, and rejects concurrent runs
Release Configuration	Validate versions and quality-gate tests	2026-10-07T05:19:12.2386573Z   ---
Release Configuration	Validate versions and quality-gate tests	2026-10-07T05:19:12.2387424Z   duration_ms: 20.216169
Release Configuration	Validate versions and quality-gate tests	2026-10-07T05:19:12.2388019Z   ...
Release Configuration	Validate versions and quality-gate tests	2026-10-07T05:19:12.2542426Z # Subtest: partial sink failure retries the exact persisted window and advances state once
Release Configuration	Validate versions and quality-gate tests	2026-10-07T05:19:12.2543941Z ok 10 - partial sink failure retries the exact persisted window and advances state once
Release Configuration	Validate versions and quality-gate tests	2026-10-07T05:19:12.2545737Z   ---
Release Configuration	Validate versions and quality-gate tests	2026-10-07T05:19:12.2546529Z   duration_ms: 14.5174
Release Configuration	Validate versions and quality-gate tests	2026-10-07T05:19:12.2547342Z   ...
Release Configuration	Validate versions and quality-gate tests	2026-10-07T05:19:12.2551866Z # Subtest: synthetic staging smoke uses idempotent HTTPS transport and requires a staging receipt
Release Configuration	Validate versions and quality-gate tests	2026-10-07T05:19:12.2553423Z ok 11 - synthetic staging smoke uses idempotent HTTPS transport and requires a staging receipt
Release Configuration	Validate versions and quality-gate tests	2026-10-07T05:19:12.2554494Z   ---
Release Configuration	Validate versions and quality-gate tests	2026-10-07T05:19:12.2555177Z   duration_ms: 2.458635
Release Configuration	Validate versions and quality-gate tests	2026-10-07T05:19:12.2555960Z   ...
Release Configuration	Validate versions and quality-gate tests	2026-10-07T05:19:12.2676400Z # Subtest: uses volume-qualified threshold precedence and fixed owner roles
Release Configuration	Validate versions and quality-gate tests	2026-10-07T05:19:12.2678506Z ok 12 - uses volume-qualified threshold precedence and fixed owner roles
Release Configuration	Validate versions and quality-gate tests	2026-10-07T05:19:12.2679288Z   ---
Release Configuration	Validate versions and quality-gate tests	2026-10-07T05:19:12.2679831Z   duration_ms: 3.516621
Release Configuration	Validate versions and quality-gate tests	2026-10-07T05:19:12.2680614Z   ...
Release Configuration	Validate versions and quality-gate tests	2026-10-07T05:19:12.2681397Z # Subtest: evaluates bounded joint client tuples without accepting raw context
Release Configuration	Validate versions and quality-gate tests	2026-10-07T05:19:12.2682328Z ok 13 - evaluates bounded joint client tuples without accepting raw context
Release Configuration	Validate versions and quality-gate tests	2026-10-07T05:19:12.2683039Z   ---
Release Configuration	Validate versions and quality-gate tests	2026-10-07T05:19:12.2683423Z   duration_ms: 1.185401
Release Configuration	Validate versions and quality-gate tests	2026-10-07T05:19:12.2684114Z   ...
Release Configuration	Validate versions and quality-gate tests	2026-10-07T05:19:12.2684690Z # Subtest: does not derive rate alerts across a process counter reset
Release Configuration	Validate versions and quality-gate tests	2026-10-07T05:19:12.2699259Z ok 14 - does not derive rate alerts across a process counter reset
Release Configuration	Validate versions and quality-gate tests	2026-10-07T05:19:12.2699927Z   ---
Release Configuration	Validate versions and quality-gate tests	2026-10-07T05:19:12.2700345Z   duration_ms: 0.275616
Release Configuration	Validate versions and quality-gate tests	2026-10-07T05:19:12.2700801Z   ...
Release Configuration	Validate versions and quality-gate tests	2026-10-07T05:19:12.2701537Z # Subtest: detects stale scheduler and incompatible release independently of counter deltas
Release Configuration	Validate versions and quality-gate tests	2026-10-07T05:19:12.2702607Z ok 15 - detects stale scheduler and incompatible release independently of counter deltas
Release Configuration	Validate versions and quality-gate tests	2026-10-07T05:19:12.2703288Z   ---
Release Configuration	Validate versions and quality-gate tests	2026-10-07T05:19:12.2703683Z   duration_ms: 0.478404
Release Configuration	Validate versions and quality-gate tests	2026-10-07T05:19:12.2704104Z   ...
Release Configuration	Validate versions and quality-gate tests	2026-10-07T05:19:12.2704790Z # Subtest: replaces caller aliases and drops non-allowlisted dimension values
Release Configuration	Validate versions and quality-gate tests	2026-10-07T05:19:12.2705832Z ok 16 - replaces caller aliases and drops non-allowlisted dimension values
Release Configuration	Validate versions and quality-gate tests	2026-10-07T05:19:12.2706447Z   ---
Release Configuration	Validate versions and quality-gate tests	2026-10-07T05:19:12.2706843Z   duration_ms: 1.018711
Release Configuration	Validate versions and quality-gate tests	2026-10-07T05:19:12.2707851Z   ...
Release Configuration	Validate versions and quality-gate tests	2026-10-07T05:19:12.2708637Z # Subtest: gives a fresh process two scheduler intervals before declaring a missing run stale
Release Configuration	Validate versions and quality-gate tests	2026-10-07T05:19:12.2709525Z ok 17 - gives a fresh process two scheduler intervals before declaring a missing run stale
Release Configuration	Validate versions and quality-gate tests	2026-10-07T05:19:12.2710001Z   ---
Release Configuration	Validate versions and quality-gate tests	2026-10-07T05:19:12.2710297Z   duration_ms: 0.228088
Release Configuration	Validate versions and quality-gate tests	2026-10-07T05:19:12.2710606Z   ...
Release Configuration	Validate versions and quality-gate tests	2026-10-07T05:19:12.2711125Z # Subtest: reports auth request and refresh triggers independently without combined rates
Release Configuration	Validate versions and quality-gate tests	2026-10-07T05:19:12.2711803Z ok 18 - reports auth request and refresh triggers independently without combined rates
Release Configuration	Validate versions and quality-gate tests	2026-10-07T05:19:12.2712282Z   ---
Release Configuration	Validate versions and quality-gate tests	2026-10-07T05:19:12.2712671Z   duration_ms: 0.955044
Release Configuration	Validate versions and quality-gate tests	2026-10-07T05:19:12.2713110Z   ...
Release Configuration	Validate versions and quality-gate tests	2026-10-07T05:19:12.2713810Z # Subtest: measures exact reachable gzip graphs for every representative route
Release Configuration	Validate versions and quality-gate tests	2026-10-07T05:19:12.2714763Z ok 19 - measures exact reachable gzip graphs for every representative route
Release Configuration	Validate versions and quality-gate tests	2026-10-07T05:19:12.2715918Z   ---
Release Configuration	Validate versions and quality-gate tests	2026-10-07T05:19:12.2720704Z   duration_ms: 15.894257
Release Configuration	Validate versions and quality-gate tests	2026-10-07T05:19:12.2721173Z   ...
Release Configuration	Validate versions and quality-gate tests	2026-10-07T05:19:12.2721793Z # Subtest: allows five-percent route growth and rejects any larger increase
Release Configuration	Validate versions and quality-gate tests	2026-10-07T05:19:12.2722752Z ok 20 - allows five-percent route growth and rejects any larger increase
Release Configuration	Validate versions and quality-gate tests	2026-10-07T05:19:12.2723453Z   ---
Release Configuration	Validate versions and quality-gate tests	2026-10-07T05:19:12.2723823Z   duration_ms: 1.841188
Release Configuration	Validate versions and quality-gate tests	2026-10-07T05:19:12.2724264Z   ...
Release Configuration	Validate versions and quality-gate tests	2026-10-07T05:19:12.2724913Z # Subtest: rejects missing, non-finite, negative, weakened, or extra limits
Release Configuration	Validate versions and quality-gate tests	2026-10-07T05:19:12.2726158Z ok 21 - rejects missing, non-finite, negative, weakened, or extra limits
Release Configuration	Validate versions and quality-gate tests	2026-10-07T05:19:12.2726906Z   ---
Release Configuration	Validate versions and quality-gate tests	2026-10-07T05:19:12.2727370Z   duration_ms: 0.52152
Release Configuration	Validate versions and quality-gate tests	2026-10-07T05:19:12.2727920Z   ...
Release Configuration	Validate versions and quality-gate tests	2026-10-07T05:19:12.2728676Z # Subtest: requires exact positive integer route and benchmark baselines
Release Configuration	Validate versions and quality-gate tests	2026-10-07T05:19:12.2729723Z ok 22 - requires exact positive integer route and benchmark baselines
Release Configuration	Validate versions and quality-gate tests	2026-10-07T05:19:12.2730589Z   ---
Release Configuration	Validate versions and quality-gate tests	2026-10-07T05:19:12.2730939Z   duration_ms: 0.499199
Release Configuration	Validate versions and quality-gate tests	2026-10-07T05:19:12.2731370Z   ...
Release Configuration	Validate versions and quality-gate tests	2026-10-07T05:19:12.2731939Z # Subtest: requires the reviewed benchmark runtime and rejects a mismatched executor
Release Configuration	Validate versions and quality-gate tests	2026-10-07T05:19:12.2732790Z ok 23 - requires the reviewed benchmark runtime and rejects a mismatched executor
Release Configuration	Validate versions and quality-gate tests	2026-10-07T05:19:12.2733600Z   ---
Release Configuration	Validate versions and quality-gate tests	2026-10-07T05:19:12.2734041Z   duration_ms: 0.732685
Release Configuration	Validate versions and quality-gate tests	2026-10-07T05:19:12.2734527Z   ...
Release Configuration	Validate versions and quality-gate tests	2026-10-07T05:19:12.2735093Z # Subtest: requires the reviewed bundle runtime including zlib and rejects a mismatched executor
Release Configuration	Validate versions and quality-gate tests	2026-10-07T05:19:12.2736765Z ok 24 - requires the reviewed bundle runtime including zlib and rejects a mismatched executor
Release Configuration	Validate versions and quality-gate tests	2026-10-07T05:19:12.2737889Z   ---
Release Configuration	Validate versions and quality-gate tests	2026-10-07T05:19:12.2738372Z   duration_ms: 0.544484
Release Configuration	Validate versions and quality-gate tests	2026-10-07T05:19:12.2738902Z   ...
Release Configuration	Validate versions and quality-gate tests	2026-10-07T05:19:12.2739383Z # Subtest: rejects unreviewed baseline metadata
Release Configuration	Validate versions and quality-gate tests	2026-10-07T05:19:12.2739980Z ok 25 - rejects unreviewed baseline metadata
Release Configuration	Validate versions and quality-gate tests	2026-10-07T05:19:12.2740458Z   ---
Release Configuration	Validate versions and quality-gate tests	2026-10-07T05:19:12.2740735Z   duration_ms: 0.263082
Release Configuration	Validate versions and quality-gate tests	2026-10-07T05:19:12.2741082Z   ...
Release Configuration	Validate versions and quality-gate tests	2026-10-07T05:19:12.2741477Z 1..25
Release Configuration	Validate versions and quality-gate tests	2026-10-07T05:19:12.2741755Z # tests 25
Release Configuration	Validate versions and quality-gate tests	2026-10-07T05:19:12.2742075Z # suites 0
Release Configuration	Validate versions and quality-gate tests	2026-10-07T05:19:12.2742352Z # pass 25
Release Configuration	Validate versions and quality-gate tests	2026-10-07T05:19:12.2742626Z # fail 0
Release Configuration	Validate versions and quality-gate tests	2026-10-07T05:19:12.2742945Z # cancelled 0
Release Configuration	Validate versions and quality-gate tests	2026-10-07T05:19:12.2743236Z # skipped 0
Release Configuration	Validate versions and quality-gate tests	2026-10-07T05:19:12.2743542Z # todo 0
Release Configuration	Validate versions and quality-gate tests	2026-10-07T05:19:12.2743872Z # duration_ms 201.401646
Release Configuration	Validate versions and quality-gate tests	2026-10-07T05:19:12.3098940Z [synthetic-alert] PASS: production threshold evaluator delivered one privacy-safe alert to the in-memory fake sink.
Release Configuration	Validate versions and quality-gate tests	2026-10-07T05:19:12.3101677Z [synthetic-alert] No staging or external alert provider was contacted.
Release Configuration	Validate versions and quality-gate tests	2026-10-07T05:19:12.4222199Z 
Release Configuration	Validate versions and quality-gate tests	2026-10-07T05:19:12.4223429Z > cal-io@0.38.0 test:native-release
Release Configuration	Validate versions and quality-gate tests	2026-10-07T05:19:12.4227391Z > node --test mobile/app.config.test.cjs scripts/native-ota-contract.test.mjs scripts/native-ota-update.test.mjs scripts/expo-ota-ci-preflight.test.mjs scripts/expo-ota-artifact.test.mjs scripts/native-tag-attestation.test.mjs scripts/native-tag-protection.test.mjs scripts/native-release-build.test.mjs scripts/native-release-devices.test.mjs scripts/native-release-evidence.test.mjs scripts/native-play-receipt.test.mjs scripts/native-play-release.test.mjs scripts/android-e2e.test.mjs scripts/hosted-android-e2e.test.mjs scripts/hosted-native-evidence.test.mjs scripts/hosted-native-emulators.test.mjs scripts/native-upgrade-rehearsal.test.mjs scripts/wear-build-task-guard.test.mjs scripts/native-internal-release.test.mjs scripts/native-setup.test.mjs scripts/native.test.mjs scripts/native-config.test.mjs
Release Configuration	Validate versions and quality-gate tests	2026-10-07T05:19:12.4230038Z 
Release Configuration	Validate versions and quality-gate tests	2026-10-07T05:19:12.4727202Z TAP version 13
Release Configuration	Validate versions and quality-gate tests	2026-10-07T05:19:12.5161341Z # Subtest: static Expo config supports iPhone, iPad, and iOS Simulator builds
Release Configuration	Validate versions and quality-gate tests	2026-10-07T05:19:12.5190070Z ok 1 - static Expo config supports iPhone, iPad, and iOS Simulator builds
Release Configuration	Validate versions and quality-gate tests	2026-10-07T05:19:12.5218303Z   ---
Release Configuration	Validate versions and quality-gate tests	2026-10-07T05:19:12.5219094Z   duration_ms: 2.980316
Release Configuration	Validate versions and quality-gate tests	2026-10-07T05:19:12.5219748Z   ...
Release Configuration	Validate versions and quality-gate tests	2026-10-07T05:19:12.5220740Z # Subtest: Expo config leaves updates disabled when no EAS project is configured
Release Configuration	Validate versions and quality-gate tests	2026-10-07T05:19:12.5222003Z ok 2 - Expo config leaves updates disabled when no EAS project is configured
Release Configuration	Validate versions and quality-gate tests	2026-10-07T05:19:12.5222847Z   ---
Release Configuration	Validate versions and quality-gate tests	2026-10-07T05:19:12.5223384Z   duration_ms: 0.453642
Release Configuration	Validate versions and quality-gate tests	2026-10-07T05:19:12.5223924Z   ...
Release Configuration	Validate versions and quality-gate tests	2026-10-07T05:19:12.5224965Z # Subtest: Expo config embeds a project-scoped update URL, runtime, and local-build channel
Release Configuration	Validate versions and quality-gate tests	2026-10-07T05:19:12.5226525Z ok 3 - Expo config embeds a project-scoped update URL, runtime, and local-build channel
Release Configuration	Validate versions and quality-gate tests	2026-10-07T05:19:12.5227446Z   ---
Release Configuration	Validate versions and quality-gate tests	2026-10-07T05:19:12.5227944Z   duration_ms: 0.725841
Release Configuration	Validate versions and quality-gate tests	2026-10-07T05:19:12.5228444Z   ...
Release Configuration	Validate versions and quality-gate tests	2026-10-07T05:19:12.5229356Z # Subtest: Expo config accepts the public project link written by eas init
Release Configuration	Validate versions and quality-gate tests	2026-10-07T05:19:12.5230402Z ok 4 - Expo config accepts the public project link written by eas init
Release Configuration	Validate versions and quality-gate tests	2026-10-07T05:19:12.5231343Z   ---
Release Configuration	Validate versions and quality-gate tests	2026-10-07T05:19:12.5232036Z   duration_ms: 0.505952
Release Configuration	Validate versions and quality-gate tests	2026-10-07T05:19:12.5232701Z   ...
Release Configuration	Validate versions and quality-gate tests	2026-10-07T05:19:12.5233785Z # Subtest: Expo config rejects malformed project IDs and channel names
Release Configuration	Validate versions and quality-gate tests	2026-10-07T05:19:12.5235017Z ok 5 - Expo config rejects malformed project IDs and channel names
Release Configuration	Validate versions and quality-gate tests	2026-10-07T05:19:12.5236149Z   ---
Release Configuration	Validate versions and quality-gate tests	2026-10-07T05:19:12.5236889Z   duration_ms: 0.908429
Release Configuration	Validate versions and quality-gate tests	2026-10-07T05:19:12.5237848Z   ...
Release Configuration	Validate versions and quality-gate tests	2026-10-07T05:19:12.5457092Z # Subtest: Android E2E uses the same localhost Metro origin as the hosted readiness probe
Release Configuration	Validate versions and quality-gate tests	2026-10-07T05:19:12.5476791Z ok 6 - Android E2E uses the same localhost Metro origin as the hosted readiness probe
Release Configuration	Validate versions and quality-gate tests	2026-10-07T05:19:12.5478389Z   ---
Release Configuration	Validate versions and quality-gate tests	2026-10-07T05:19:12.5504519Z   duration_ms: 1.131456
Release Configuration	Validate versions and quality-gate tests	2026-10-07T05:19:12.5536504Z   ...
Release Configuration	Validate versions and quality-gate tests	2026-10-07T05:19:12.5556782Z # Subtest: Android E2E proxy retries only idempotent GET transport failures
Release Configuration	Validate versions and quality-gate tests	2026-10-07T05:19:12.5566707Z ok 7 - Android E2E proxy retries only idempotent GET transport failures
Release Configuration	Validate versions and quality-gate tests	2026-10-07T05:19:12.5596399Z   ---
Release Configuration	Validate versions and quality-gate tests	2026-10-07T05:19:12.5646766Z   duration_ms: 2.043679
Release Configuration	Validate versions and quality-gate tests	2026-10-07T05:19:12.5670777Z   ...
Release Configuration	Validate versions and quality-gate tests	2026-10-07T05:19:12.5686304Z # Subtest: Android E2E opens Add food through a fresh canonical native route
Release Configuration	Validate versions and quality-gate tests	2026-10-07T05:19:12.5690474Z ok 8 - Android E2E opens Add food through a fresh canonical native route
Release Configuration	Validate versions and quality-gate tests	2026-10-07T05:19:12.5716086Z   ---
Release Configuration	Validate versions and quality-gate tests	2026-10-07T05:19:12.5722395Z   duration_ms: 0.963364
Release Configuration	Validate versions and quality-gate tests	2026-10-07T05:19:12.5776218Z   ...
Release Configuration	Validate versions and quality-gate tests	2026-10-07T05:19:12.5777319Z # Subtest: Android E2E failure diagnostics expose only fixed UI markers
Release Configuration	Validate versions and quality-gate tests	2026-10-07T05:19:12.5806273Z ok 9 - Android E2E failure diagnostics expose only fixed UI markers
Release Configuration	Validate versions and quality-gate tests	2026-10-07T05:19:12.5807474Z   ---
Release Configuration	Validate versions and quality-gate tests	2026-10-07T05:19:12.5847207Z   duration_ms: 0.765606
Release Configuration	Validate versions and quality-gate tests	2026-10-07T05:19:12.5868211Z   ...
Release Configuration	Validate versions and quality-gate tests	2026-10-07T05:19:12.5872240Z # Subtest: Android E2E matches only enabled recent-food action rows
Release Configuration	Validate versions and quality-gate tests	2026-10-07T05:19:12.5874948Z ok 10 - Android E2E matches only enabled recent-food action rows
Release Configuration	Validate versions and quality-gate tests	2026-10-07T05:19:12.5889853Z   ---
Release Configuration	Validate versions and quality-gate tests	2026-10-07T05:19:12.5892856Z   duration_ms: 0.2316
Release Configuration	Validate versions and quality-gate tests	2026-10-07T05:19:12.5895427Z   ...
Release Configuration	Validate versions and quality-gate tests	2026-10-07T05:19:12.5897970Z # Subtest: Android E2E submits the selected recent-food amount through Add & close
Release Configuration	Validate versions and quality-gate tests	2026-10-07T05:19:12.5909637Z ok 11 - Android E2E submits the selected recent-food amount through Add & close
Release Configuration	Validate versions and quality-gate tests	2026-10-07T05:19:12.5912616Z   ---
Release Configuration	Validate versions and quality-gate tests	2026-10-07T05:19:12.5913594Z   duration_ms: 0.213268
Release Configuration	Validate versions and quality-gate tests	2026-10-07T05:19:12.5915797Z   ...
Release Configuration	Validate versions and quality-gate tests	2026-10-07T05:19:12.5916989Z # Subtest: Android E2E API probes identify the current phone release
Release Configuration	Validate versions and quality-gate tests	2026-10-07T05:19:12.5976675Z ok 12 - Android E2E API probes identify the current phone release
Release Configuration	Validate versions and quality-gate tests	2026-10-07T05:19:12.5992654Z   ---
Release Configuration	Validate versions and quality-gate tests	2026-10-07T05:19:12.6006068Z   duration_ms: 20.190835
Release Configuration	Validate versions and quality-gate tests	2026-10-07T05:19:12.6029712Z   ...
Release Configuration	Validate versions and quality-gate tests	2026-10-07T05:19:12.6032877Z # Subtest: Android E2E explicitly reopens the seeded current day before adding recent foods
Release Configuration	Validate versions and quality-gate tests	2026-10-07T05:19:12.6035938Z ok 13 - Android E2E explicitly reopens the seeded current day before adding recent foods
Release Configuration	Validate versions and quality-gate tests	2026-10-07T05:19:12.6091406Z   ---
Release Configuration	Validate versions and quality-gate tests	2026-10-07T05:19:12.6092208Z   duration_ms: 0.326519
Release Configuration	Validate versions and quality-gate tests	2026-10-07T05:19:12.6116598Z   ...
Release Configuration	Validate versions and quality-gate tests	2026-10-07T05:19:12.6124445Z # Subtest: Android E2E crash checks ignore uiautomator but catch Java and native Calibrate crashes
Release Configuration	Validate versions and quality-gate tests	2026-10-07T05:19:12.6126331Z ok 14 - Android E2E crash checks ignore uiautomator but catch Java and native Calibrate crashes
Release Configuration	Validate versions and quality-gate tests	2026-10-07T05:19:12.6127338Z   ---
Release Configuration	Validate versions and quality-gate tests	2026-10-07T05:19:12.6127796Z   duration_ms: 0.657226
Release Configuration	Validate versions and quality-gate tests	2026-10-07T05:19:12.6128387Z   ...
Release Configuration	Validate versions and quality-gate tests	2026-10-07T05:19:12.6129133Z # Subtest: hosted Android E2E scopes every adb request to its explicit emulator
Release Configuration	Validate versions and quality-gate tests	2026-10-07T05:19:12.6158698Z ok 15 - hosted Android E2E scopes every adb request to its explicit emulator
Release Configuration	Validate versions and quality-gate tests	2026-10-07T05:19:12.6159973Z   ---
Release Configuration	Validate versions and quality-gate tests	2026-10-07T05:19:12.6160610Z   duration_ms: 0.766342
Release Configuration	Validate versions and quality-gate tests	2026-10-07T05:19:12.6161324Z   ...
Release Configuration	Validate versions and quality-gate tests	2026-10-07T05:19:12.6162232Z # Subtest: hosted Android evidence parses only fixed installed package identity
Release Configuration	Validate versions and quality-gate tests	2026-10-07T05:19:12.6163437Z ok 16 - hosted Android evidence parses only fixed installed package identity
Release Configuration	Validate versions and quality-gate tests	2026-10-07T05:19:12.6164271Z   ---
Release Configuration	Validate versions and quality-gate tests	2026-10-07T05:19:12.6164871Z   duration_ms: 0.34652
Release Configuration	Validate versions and quality-gate tests	2026-10-07T05:19:12.6165670Z   ...
Release Configuration	Validate versions and quality-gate tests	2026-10-07T05:19:12.6166531Z # Subtest: OTA artifact CLI parses source-bound packaging options
Release Configuration	Validate versions and quality-gate tests	2026-10-07T05:19:12.6167562Z ok 17 - OTA artifact CLI parses source-bound packaging options
Release Configuration	Validate versions and quality-gate tests	2026-10-07T05:19:12.6168362Z   ---
Release Configuration	Validate versions and quality-gate tests	2026-10-07T05:19:12.6169312Z   duration_ms: 1.983319
Release Configuration	Validate versions and quality-gate tests	2026-10-07T05:19:12.6170245Z   ...
Release Configuration	Validate versions and quality-gate tests	2026-10-07T05:19:12.6171053Z # Subtest: environment handoff keeps only validated public Expo values
Release Configuration	Validate versions and quality-gate tests	2026-10-07T05:19:12.6172164Z ok 18 - environment handoff keeps only validated public Expo values
Release Configuration	Validate versions and quality-gate tests	2026-10-07T05:19:12.6172945Z   ---
Release Configuration	Validate versions and quality-gate tests	2026-10-07T05:19:12.6173518Z   duration_ms: 6.660789
Release Configuration	Validate versions and quality-gate tests	2026-10-07T05:19:12.6174481Z   ...
Release Configuration	Validate versions and quality-gate tests	2026-10-07T05:19:12.6175478Z # Subtest: environment handoff rejects target drift and unsafe server URLs
Release Configuration	Validate versions and quality-gate tests	2026-10-07T05:19:12.6176935Z ok 19 - environment handoff rejects target drift and unsafe server URLs
Release Configuration	Validate versions and quality-gate tests	2026-10-07T05:19:12.6177775Z   ---
Release Configuration	Validate versions and quality-gate tests	2026-10-07T05:19:12.6178323Z   duration_ms: 1.461811
Release Configuration	Validate versions and quality-gate tests	2026-10-07T05:19:12.6178884Z   ...
Release Configuration	Validate versions and quality-gate tests	2026-10-07T05:19:12.6179687Z # Subtest: pre-exported Android update is bound to exact provenance and every file hash
Release Configuration	Validate versions and quality-gate tests	2026-10-07T05:19:12.6181147Z ok 20 - pre-exported Android update is bound to exact provenance and every file hash
Release Configuration	Validate versions and quality-gate tests	2026-10-07T05:19:12.6182192Z   ---
Release Configuration	Validate versions and quality-gate tests	2026-10-07T05:19:12.6182750Z   duration_ms: 29.244907
Release Configuration	Validate versions and quality-gate tests	2026-10-07T05:19:12.6183306Z   ...
Release Configuration	Validate versions and quality-gate tests	2026-10-07T05:19:12.6184146Z # Subtest: update packager rejects an app version outside the installed native tag
Release Configuration	Validate versions and quality-gate tests	2026-10-07T05:19:12.6185706Z ok 21 - update packager rejects an app version outside the installed native tag
Release Configuration	Validate versions and quality-gate tests	2026-10-07T05:19:12.6186948Z   ---
Release Configuration	Validate versions and quality-gate tests	2026-10-07T05:19:12.6192950Z   duration_ms: 3.091124
Release Configuration	Validate versions and quality-gate tests	2026-10-07T05:19:12.6193660Z   ...
Release Configuration	Validate versions and quality-gate tests	2026-10-07T05:19:12.6194589Z # Subtest: update verification fails closed after bundle or provenance tampering
Release Configuration	Validate versions and quality-gate tests	2026-10-07T05:19:12.6196090Z ok 22 - update verification fails closed after bundle or provenance tampering
Release Configuration	Validate versions and quality-gate tests	2026-10-07T05:19:12.6196909Z   ---
Release Configuration	Validate versions and quality-gate tests	2026-10-07T05:19:12.6197501Z   duration_ms: 19.331082
Release Configuration	Validate versions and quality-gate tests	2026-10-07T05:19:12.6198045Z   ...
Release Configuration	Validate versions and quality-gate tests	2026-10-07T05:19:12.6242413Z # Subtest: update packager rejects path traversal metadata and symlinks
Release Configuration	Validate versions and quality-gate tests	2026-10-07T05:19:12.6268194Z ok 23 - update packager rejects path traversal metadata and symlinks
Release Configuration	Validate versions and quality-gate tests	2026-10-07T05:19:12.6269102Z   ---
Release Configuration	Validate versions and quality-gate tests	2026-10-07T05:19:12.6269927Z   duration_ms: 3.9548
Release Configuration	Validate versions and quality-gate tests	2026-10-07T05:19:12.6270575Z   ...
Release Configuration	Validate versions and quality-gate tests	2026-10-07T05:19:12.6334399Z # Subtest: clean publisher projects contain only fixed inert configuration
Release Configuration	Validate versions and quality-gate tests	2026-10-07T05:19:12.6344369Z ok 24 - clean publisher projects contain only fixed inert configuration
Release Configuration	Validate versions and quality-gate tests	2026-10-07T05:19:12.6345599Z   ---
Release Configuration	Validate versions and quality-gate tests	2026-10-07T05:19:12.6346292Z   duration_ms: 7.94706
Release Configuration	Validate versions and quality-gate tests	2026-10-07T05:19:12.6346859Z   ...
Release Configuration	Validate versions and quality-gate tests	2026-10-07T05:19:13.0846152Z # Subtest: OTA CI CLI requires explicit native-build targeting inputs
Release Configuration	Validate versions and quality-gate tests	2026-10-07T05:19:13.0877094Z ok 25 - OTA CI CLI requires explicit native-build targeting inputs
Release Configuration	Validate versions and quality-gate tests	2026-10-07T05:19:13.0906647Z   ---
Release Configuration	Validate versions and quality-gate tests	2026-10-07T05:19:13.0956832Z   duration_ms: 2.700416
Release Configuration	Validate versions and quality-gate tests	2026-10-07T05:19:13.0993725Z   ...
Release Configuration	Validate versions and quality-gate tests	2026-10-07T05:19:13.1028245Z # Subtest: OTA CI readiness binds the exact source to the signed origin native tag ancestry
Release Configuration	Validate versions and quality-gate tests	2026-10-07T05:19:13.1029624Z ok 26 - OTA CI readiness binds the exact source to the signed origin native tag ancestry
Release Configuration	Validate versions and quality-gate tests	2026-10-07T05:19:13.1030615Z   ---
Release Configuration	Validate versions and quality-gate tests	2026-10-07T05:19:13.1031262Z   duration_ms: 1.479853
Release Configuration	Validate versions and quality-gate tests	2026-10-07T05:19:13.1031890Z   ...
Release Configuration	Validate versions and quality-gate tests	2026-10-07T05:19:13.1032823Z # Subtest: OTA CI readiness fails when the source does not descend from the signed native tag
Release Configuration	Validate versions and quality-gate tests	2026-10-07T05:19:13.1034086Z ok 27 - OTA CI readiness fails when the source does not descend from the signed native tag
Release Configuration	Validate versions and quality-gate tests	2026-10-07T05:19:13.1034945Z   ---
Release Configuration	Validate versions and quality-gate tests	2026-10-07T05:19:13.1035729Z   duration_ms: 0.494515
Release Configuration	Validate versions and quality-gate tests	2026-10-07T05:19:13.1036300Z   ...
Release Configuration	Validate versions and quality-gate tests	2026-10-07T05:19:13.1037320Z # Subtest: OTA CI resolves only the exact origin annotated native tag and verifies its signed target
Release Configuration	Validate versions and quality-gate tests	2026-10-07T05:19:13.1038726Z ok 28 - OTA CI resolves only the exact origin annotated native tag and verifies its signed target
Release Configuration	Validate versions and quality-gate tests	2026-10-07T05:19:13.1039605Z   ---
Release Configuration	Validate versions and quality-gate tests	2026-10-07T05:19:13.1040209Z   duration_ms: 0.543705
Release Configuration	Validate versions and quality-gate tests	2026-10-07T05:19:13.1040759Z   ...
Release Configuration	Validate versions and quality-gate tests	2026-10-07T05:19:13.1041780Z # Subtest: OTA CI rejects revision expressions, SHAs, branches, and local-only or lightweight native tags
Release Configuration	Validate versions and quality-gate tests	2026-10-07T05:19:13.1043258Z ok 29 - OTA CI rejects revision expressions, SHAs, branches, and local-only or lightweight native tags
Release Configuration	Validate versions and quality-gate tests	2026-10-07T05:19:13.1044303Z   ---
Release Configuration	Validate versions and quality-gate tests	2026-10-07T05:19:13.1044895Z   duration_ms: 0.582664
Release Configuration	Validate versions and quality-gate tests	2026-10-07T05:19:13.1045618Z   ...
Release Configuration	Validate versions and quality-gate tests	2026-10-07T05:19:13.1046488Z # Subtest: OTA CI fails closed for unsigned, wrong-key, wrong-target, and changing origin tags
Release Configuration	Validate versions and quality-gate tests	2026-10-07T05:19:13.1047742Z ok 30 - OTA CI fails closed for unsigned, wrong-key, wrong-target, and changing origin tags
Release Configuration	Validate versions and quality-gate tests	2026-10-07T05:19:13.1049086Z   ---
Release Configuration	Validate versions and quality-gate tests	2026-10-07T05:19:13.1049662Z   duration_ms: 0.780271
Release Configuration	Validate versions and quality-gate tests	2026-10-07T05:19:13.1050259Z   ...
Release Configuration	Validate versions and quality-gate tests	2026-10-07T05:19:13.1051311Z # Subtest: OTA CI ignores replacement refs when reading a real signed native baseline tree
Release Configuration	Validate versions and quality-gate tests	2026-10-07T05:19:13.1052633Z ok 31 - OTA CI ignores replacement refs when reading a real signed native baseline tree
Release Configuration	Validate versions and quality-gate tests	2026-10-07T05:19:13.1053433Z   ---
Release Configuration	Validate versions and quality-gate tests	2026-10-07T05:19:13.1053957Z   duration_ms: 432.975368
Release Configuration	Validate versions and quality-gate tests	2026-10-07T05:19:13.1054458Z   ...
Release Configuration	Validate versions and quality-gate tests	2026-10-07T05:19:13.1055727Z # Subtest: OTA CI accepts only the exact compatible native runtime
Release Configuration	Validate versions and quality-gate tests	2026-10-07T05:19:13.1057036Z ok 32 - OTA CI accepts only the exact compatible native runtime
Release Configuration	Validate versions and quality-gate tests	2026-10-07T05:19:13.1057771Z   ---
Release Configuration	Validate versions and quality-gate tests	2026-10-07T05:19:13.1058294Z   duration_ms: 0.8121
Release Configuration	Validate versions and quality-gate tests	2026-10-07T05:19:13.1058865Z   ...
Release Configuration	Validate versions and quality-gate tests	2026-10-07T05:19:13.1059704Z # Subtest: OTA CI fingerprints a native dependency removed from the current tree
Release Configuration	Validate versions and quality-gate tests	2026-10-07T05:19:13.1060846Z ok 33 - OTA CI fingerprints a native dependency removed from the current tree
Release Configuration	Validate versions and quality-gate tests	2026-10-07T05:19:13.1061645Z   ---
Release Configuration	Validate versions and quality-gate tests	2026-10-07T05:19:13.1062165Z   duration_ms: 5.719748
Release Configuration	Validate versions and quality-gate tests	2026-10-07T05:19:13.1062743Z   ...
Release Configuration	Validate versions and quality-gate tests	2026-10-07T05:19:13.1063643Z # Subtest: OTA CI installs the differing baseline before discovering a native-to-JS transition
Release Configuration	Validate versions and quality-gate tests	2026-10-07T05:19:13.1064865Z ok 34 - OTA CI installs the differing baseline before discovering a native-to-JS transition
Release Configuration	Validate versions and quality-gate tests	2026-10-07T05:19:13.1065913Z   ---
Release Configuration	Validate versions and quality-gate tests	2026-10-07T05:19:13.1066468Z   duration_ms: 4.668426
Release Configuration	Validate versions and quality-gate tests	2026-10-07T05:19:13.1067061Z   ...
Release Configuration	Validate versions and quality-gate tests	2026-10-07T05:19:13.1068016Z # Subtest: OTA CI reuses installed metadata without npm ci when dependency locks match
Release Configuration	Validate versions and quality-gate tests	2026-10-07T05:19:13.1069249Z ok 35 - OTA CI reuses installed metadata without npm ci when dependency locks match
Release Configuration	Validate versions and quality-gate tests	2026-10-07T05:19:13.1070083Z   ---
Release Configuration	Validate versions and quality-gate tests	2026-10-07T05:19:13.1070617Z   duration_ms: 3.682881
Release Configuration	Validate versions and quality-gate tests	2026-10-07T05:19:13.1071215Z   ...
Release Configuration	Validate versions and quality-gate tests	2026-10-07T05:19:13.1072070Z # Subtest: OTA CI resolves npm ci without directly spawning npm.cmd on Windows
Release Configuration	Validate versions and quality-gate tests	2026-10-07T05:19:13.1073159Z ok 36 - OTA CI resolves npm ci without directly spawning npm.cmd on Windows
Release Configuration	Validate versions and quality-gate tests	2026-10-07T05:19:13.1073977Z   ---
Release Configuration	Validate versions and quality-gate tests	2026-10-07T05:19:13.1074541Z   duration_ms: 0.262358
Release Configuration	Validate versions and quality-gate tests	2026-10-07T05:19:13.1075168Z   ...
Release Configuration	Validate versions and quality-gate tests	2026-10-07T05:19:13.1076167Z # Subtest: OTA CI validates the selected EAS environment contract
Release Configuration	Validate versions and quality-gate tests	2026-10-07T05:19:13.1077166Z ok 37 - OTA CI validates the selected EAS environment contract
Release Configuration	Validate versions and quality-gate tests	2026-10-07T05:19:13.1077912Z   ---
Release Configuration	Validate versions and quality-gate tests	2026-10-07T05:19:13.1078548Z   duration_ms: 0.493521
Release Configuration	Validate versions and quality-gate tests	2026-10-07T05:19:13.1079079Z   ...
Release Configuration	Validate versions and quality-gate tests	2026-10-07T05:19:13.1162688Z # Subtest: hosted Android command plan is Linux-only and scopes install to one emulator
Release Configuration	Validate versions and quality-gate tests	2026-10-07T05:19:13.1187042Z ok 38 - hosted Android command plan is Linux-only and scopes install to one emulator
Release Configuration	Validate versions and quality-gate tests	2026-10-07T05:19:13.1214263Z   ---
Release Configuration	Validate versions and quality-gate tests	2026-10-07T05:19:13.1232177Z   duration_ms: 3.454444
Release Configuration	Validate versions and quality-gate tests	2026-10-07T05:19:13.1236825Z   ...
Release Configuration	Validate versions and quality-gate tests	2026-10-07T05:19:13.1237999Z # Subtest: hosted Metro environment forces CI without mutating caller environment
Release Configuration	Validate versions and quality-gate tests	2026-10-07T05:19:13.1239152Z ok 39 - hosted Metro environment forces CI without mutating caller environment
Release Configuration	Validate versions and quality-gate tests	2026-10-07T05:19:13.1240097Z   ---
Release Configuration	Validate versions and quality-gate tests	2026-10-07T05:19:13.1240602Z   duration_ms: 0.330559
Release Configuration	Validate versions and quality-gate tests	2026-10-07T05:19:13.1241193Z   ...
Release Configuration	Validate versions and quality-gate tests	2026-10-07T05:19:13.1242024Z # Subtest: hosted Android Metro wait accepts readiness and detects early exit and timeout
Release Configuration	Validate versions and quality-gate tests	2026-10-07T05:19:13.1243146Z ok 40 - hosted Android Metro wait accepts readiness and detects early exit and timeout
Release Configuration	Validate versions and quality-gate tests	2026-10-07T05:19:13.1243886Z   ---
Release Configuration	Validate versions and quality-gate tests	2026-10-07T05:19:13.1244315Z   duration_ms: 1.763566
Release Configuration	Validate versions and quality-gate tests	2026-10-07T05:19:13.1244861Z   ...
Release Configuration	Validate versions and quality-gate tests	2026-10-07T05:19:13.1245780Z # Subtest: hosted Android Metro diagnostics are redacted and byte bounded
Release Configuration	Validate versions and quality-gate tests	2026-10-07T05:19:13.1246897Z ok 41 - hosted Android Metro diagnostics are redacted and byte bounded
Release Configuration	Validate versions and quality-gate tests	2026-10-07T05:19:13.1276598Z   ---
Release Configuration	Validate versions and quality-gate tests	2026-10-07T05:19:13.1277555Z   duration_ms: 8.01303
Release Configuration	Validate versions and quality-gate tests	2026-10-07T05:19:13.1278399Z   ...
Release Configuration	Validate versions and quality-gate tests	2026-10-07T05:19:13.1279342Z # Subtest: hosted Android lifecycle always terminates Metro when a command fails
Release Configuration	Validate versions and quality-gate tests	2026-10-07T05:19:13.1280532Z ok 42 - hosted Android lifecycle always terminates Metro when a command fails
Release Configuration	Validate versions and quality-gate tests	2026-10-07T05:19:13.1281784Z   ---
Release Configuration	Validate versions and quality-gate tests	2026-10-07T05:19:13.1282422Z   duration_ms: 0.844007
Release Configuration	Validate versions and quality-gate tests	2026-10-07T05:19:13.1283002Z   ...
Release Configuration	Validate versions and quality-gate tests	2026-10-07T05:19:13.1283955Z # Subtest: hosted Wear lifecycle is unavailable on operator and non-Linux hosts
Release Configuration	Validate versions and quality-gate tests	2026-10-07T05:19:13.1285066Z ok 43 - hosted Wear lifecycle is unavailable on operator and non-Linux hosts
Release Configuration	Validate versions and quality-gate tests	2026-10-07T05:19:13.1286071Z   ---
Release Configuration	Validate versions and quality-gate tests	2026-10-07T05:19:13.1286692Z   duration_ms: 1.993209
Release Configuration	Validate versions and quality-gate tests	2026-10-07T05:19:13.1287297Z   ...
Release Configuration	Validate versions and quality-gate tests	2026-10-07T05:19:13.1288162Z # Subtest: hosted Wear plan owns one deterministic API 35 x86_64 emulator target
Release Configuration	Validate versions and quality-gate tests	2026-10-07T05:19:13.1289477Z ok 44 - hosted Wear plan owns one deterministic API 35 x86_64 emulator target
Release Configuration	Validate versions and quality-gate tests	2026-10-07T05:19:13.1290331Z   ---
Release Configuration	Validate versions and quality-gate tests	2026-10-07T05:19:13.1290894Z   duration_ms: 0.996038
Release Configuration	Validate versions and quality-gate tests	2026-10-07T05:19:13.1291481Z   ...
Release Configuration	Validate versions and quality-gate tests	2026-10-07T05:19:13.1292265Z # Subtest: hosted Wear CLI accepts only fixed lifecycle operations
Release Configuration	Validate versions and quality-gate tests	2026-10-07T05:19:13.1293274Z ok 45 - hosted Wear CLI accepts only fixed lifecycle operations
Release Configuration	Validate versions and quality-gate tests	2026-10-07T05:19:13.1294100Z   ---
Release Configuration	Validate versions and quality-gate tests	2026-10-07T05:19:13.1294668Z   duration_ms: 0.29026
Release Configuration	Validate versions and quality-gate tests	2026-10-07T05:19:13.1295381Z   ...
Release Configuration	Validate versions and quality-gate tests	2026-10-07T05:19:13.1296291Z # Subtest: hosted workflows activate the same reviewed Android command-line tools
Release Configuration	Validate versions and quality-gate tests	2026-10-07T05:19:13.1297454Z ok 46 - hosted workflows activate the same reviewed Android command-line tools
Release Configuration	Validate versions and quality-gate tests	2026-10-07T05:19:13.1298388Z   ---
Release Configuration	Validate versions and quality-gate tests	2026-10-07T05:19:13.1298912Z   duration_ms: 0.704112
Release Configuration	Validate versions and quality-gate tests	2026-10-07T05:19:13.1299471Z   ...
Release Configuration	Validate versions and quality-gate tests	2026-10-07T05:19:13.1300339Z # Subtest: started hosted native evidence is exact, source-bound, and lane-specific
Release Configuration	Validate versions and quality-gate tests	2026-10-07T05:19:13.1301599Z ok 47 - started hosted native evidence is exact, source-bound, and lane-specific
Release Configuration	Validate versions and quality-gate tests	2026-10-07T05:19:13.1302550Z   ---
Release Configuration	Validate versions and quality-gate tests	2026-10-07T05:19:13.1303092Z   duration_ms: 2.993515
Release Configuration	Validate versions and quality-gate tests	2026-10-07T05:19:13.1303682Z   ...
Release Configuration	Validate versions and quality-gate tests	2026-10-07T05:19:13.1304512Z # Subtest: passed Wear evidence requires both font scales and 48 dp targets
Release Configuration	Validate versions and quality-gate tests	2026-10-07T05:19:13.1305711Z ok 48 - passed Wear evidence requires both font scales and 48 dp targets
Release Configuration	Validate versions and quality-gate tests	2026-10-07T05:19:13.1307934Z   ---
Release Configuration	Validate versions and quality-gate tests	2026-10-07T05:19:13.1308528Z   duration_ms: 0.941672
Release Configuration	Validate versions and quality-gate tests	2026-10-07T05:19:13.1309161Z   ...
Release Configuration	Validate versions and quality-gate tests	2026-10-07T05:19:13.1309996Z # Subtest: passed evidence requires every reviewed emulator and artifact
Release Configuration	Validate versions and quality-gate tests	2026-10-07T05:19:13.1311117Z ok 49 - passed evidence requires every reviewed emulator and artifact
Release Configuration	Validate versions and quality-gate tests	2026-10-07T05:19:13.1311930Z   ---
Release Configuration	Validate versions and quality-gate tests	2026-10-07T05:19:13.1312458Z   duration_ms: 0.360025
Release Configuration	Validate versions and quality-gate tests	2026-10-07T05:19:13.1313047Z   ...
Release Configuration	Validate versions and quality-gate tests	2026-10-07T05:19:13.1313993Z # Subtest: hosted evidence rejects unknown fields, absolute paths, and sensitive aliases
Release Configuration	Validate versions and quality-gate tests	2026-10-07T05:19:13.1315397Z ok 50 - hosted evidence rejects unknown fields, absolute paths, and sensitive aliases
Release Configuration	Validate versions and quality-gate tests	2026-10-07T05:19:13.1316349Z   ---
Release Configuration	Validate versions and quality-gate tests	2026-10-07T05:19:13.1316902Z   duration_ms: 0.773588
Release Configuration	Validate versions and quality-gate tests	2026-10-07T05:19:13.1317507Z   ...
Release Configuration	Validate versions and quality-gate tests	2026-10-07T05:19:13.1318445Z # Subtest: hosted evidence writes atomically and replaces only the requested summary
Release Configuration	Validate versions and quality-gate tests	2026-10-07T05:19:13.1320337Z ok 51 - hosted evidence writes atomically and replaces only the requested summary
Release Configuration	Validate versions and quality-gate tests	2026-10-07T05:19:13.1321341Z   ---
Release Configuration	Validate versions and quality-gate tests	2026-10-07T05:19:13.1321911Z   duration_ms: 4.126888
Release Configuration	Validate versions and quality-gate tests	2026-10-07T05:19:13.1322608Z   ...
Release Configuration	Validate versions and quality-gate tests	2026-10-07T05:19:13.1323356Z # Subtest: hosted evidence CLI accepts only fixed init arguments
Release Configuration	Validate versions and quality-gate tests	2026-10-07T05:19:13.1329602Z ok 52 - hosted evidence CLI accepts only fixed init arguments
Release Configuration	Validate versions and quality-gate tests	2026-10-07T05:19:13.1330445Z   ---
Release Configuration	Validate versions and quality-gate tests	2026-10-07T05:19:13.1330995Z   duration_ms: 0.538333
Release Configuration	Validate versions and quality-gate tests	2026-10-07T05:19:13.1331652Z   ...
Release Configuration	Validate versions and quality-gate tests	2026-10-07T05:19:13.1332586Z # Subtest: configure accepts an optional Play file and rejects manual signing-file options
Release Configuration	Validate versions and quality-gate tests	2026-10-07T05:19:13.1333912Z ok 53 - configure accepts an optional Play file and rejects manual signing-file options
Release Configuration	Validate versions and quality-gate tests	2026-10-07T05:19:13.1334844Z   ---
Release Configuration	Validate versions and quality-gate tests	2026-10-07T05:19:13.1335615Z   duration_ms: 2.368564
Release Configuration	Validate versions and quality-gate tests	2026-10-07T05:19:13.1336247Z   ...
Release Configuration	Validate versions and quality-gate tests	2026-10-07T05:19:13.1337294Z # Subtest: configure sets up the exact app and downloads automatically without opening the credential menu
Release Configuration	Validate versions and quality-gate tests	2026-10-07T05:19:13.1338738Z ok 54 - configure sets up the exact app and downloads automatically without opening the credential menu
Release Configuration	Validate versions and quality-gate tests	2026-10-07T05:19:13.1340017Z   ---
Release Configuration	Validate versions and quality-gate tests	2026-10-07T05:19:13.1340788Z   duration_ms: 10.107026
Release Configuration	Validate versions and quality-gate tests	2026-10-07T05:19:13.1341439Z   ...
Release Configuration	Validate versions and quality-gate tests	2026-10-07T05:19:13.1342530Z # Subtest: configure refreshes the assigned EAS Play key and preserves previous snapshots across checkouts
Release Configuration	Validate versions and quality-gate tests	2026-10-07T05:19:13.1343976Z ok 55 - configure refreshes the assigned EAS Play key and preserves previous snapshots across checkouts
Release Configuration	Validate versions and quality-gate tests	2026-10-07T05:19:13.1344991Z   ---
Release Configuration	Validate versions and quality-gate tests	2026-10-07T05:19:13.1356242Z   duration_ms: 21.245553
Release Configuration	Validate versions and quality-gate tests	2026-10-07T05:19:13.1366009Z   ...
Release Configuration	Validate versions and quality-gate tests	2026-10-07T05:19:13.1367070Z # Subtest: an unassigned EAS Play key configures builds and clears stale submission settings
Release Configuration	Validate versions and quality-gate tests	2026-10-07T05:19:13.1368225Z ok 56 - an unassigned EAS Play key configures builds and clears stale submission settings
Release Configuration	Validate versions and quality-gate tests	2026-10-07T05:19:13.1368835Z   ---
Release Configuration	Validate versions and quality-gate tests	2026-10-07T05:19:13.1369226Z   duration_ms: 11.743858
Release Configuration	Validate versions and quality-gate tests	2026-10-07T05:19:13.1369674Z   ...
Release Configuration	Validate versions and quality-gate tests	2026-10-07T05:19:13.1370273Z # Subtest: failed or invalid EAS Play downloads preserve the complete previous configuration
Release Configuration	Validate versions and quality-gate tests	2026-10-07T05:19:13.1371059Z ok 57 - failed or invalid EAS Play downloads preserve the complete previous configuration
Release Configuration	Validate versions and quality-gate tests	2026-10-07T05:19:13.1371823Z   ---
Release Configuration	Validate versions and quality-gate tests	2026-10-07T05:19:13.1372342Z   duration_ms: 12.947655
Release Configuration	Validate versions and quality-gate tests	2026-10-07T05:19:13.1372932Z   ...
Release Configuration	Validate versions and quality-gate tests	2026-10-07T05:19:13.1373881Z # Subtest: invalid Play data fails before EAS authentication without changing settings or leaking secrets
Release Configuration	Validate versions and quality-gate tests	2026-10-07T05:19:13.1375430Z ok 58 - invalid Play data fails before EAS authentication without changing settings or leaking secrets
Release Configuration	Validate versions and quality-gate tests	2026-10-07T05:19:13.1376344Z   ---
Release Configuration	Validate versions and quality-gate tests	2026-10-07T05:19:13.1376920Z   duration_ms: 7.794251
Release Configuration	Validate versions and quality-gate tests	2026-10-07T05:19:13.1377484Z   ...
Release Configuration	Validate versions and quality-gate tests	2026-10-07T05:19:13.1378479Z # Subtest: cancelled, missing, or invalid downloads preserve prior credentials and remove only the failed attempt
Release Configuration	Validate versions and quality-gate tests	2026-10-07T05:19:13.1380101Z ok 59 - cancelled, missing, or invalid downloads preserve prior credentials and remove only the failed attempt
Release Configuration	Validate versions and quality-gate tests	2026-10-07T05:19:13.1381030Z   ---
Release Configuration	Validate versions and quality-gate tests	2026-10-07T05:19:13.1381621Z   duration_ms: 7.989408
Release Configuration	Validate versions and quality-gate tests	2026-10-07T05:19:13.1382217Z   ...
Release Configuration	Validate versions and quality-gate tests	2026-10-07T05:19:13.1383130Z # Subtest: wrong EAS project or package is rejected before credential operations
Release Configuration	Validate versions and quality-gate tests	2026-10-07T05:19:13.1384363Z ok 60 - wrong EAS project or package is rejected before credential operations
Release Configuration	Validate versions and quality-gate tests	2026-10-07T05:19:13.1385387Z   ---
Release Configuration	Validate versions and quality-gate tests	2026-10-07T05:19:13.1385979Z   duration_ms: 2.486169
Release Configuration	Validate versions and quality-gate tests	2026-10-07T05:19:13.1386575Z   ...
Release Configuration	Validate versions and quality-gate tests	2026-10-07T05:19:13.1387474Z # Subtest: settings and downloaded keystores cannot resolve inside the checkout
Release Configuration	Validate versions and quality-gate tests	2026-10-07T05:19:13.1388767Z ok 61 - settings and downloaded keystores cannot resolve inside the checkout
Release Configuration	Validate versions and quality-gate tests	2026-10-07T05:19:13.1389672Z   ---
Release Configuration	Validate versions and quality-gate tests	2026-10-07T05:19:13.1390246Z   duration_ms: 2.558442
Release Configuration	Validate versions and quality-gate tests	2026-10-07T05:19:13.1390861Z   ...
Release Configuration	Validate versions and quality-gate tests	2026-10-07T05:19:13.1391773Z # Subtest: corrupt settings can be replaced by syncing EAS without file arguments
Release Configuration	Validate versions and quality-gate tests	2026-10-07T05:19:13.1393197Z ok 62 - corrupt settings can be replaced by syncing EAS without file arguments
Release Configuration	Validate versions and quality-gate tests	2026-10-07T05:19:13.1394050Z   ---
Release Configuration	Validate versions and quality-gate tests	2026-10-07T05:19:13.1394617Z   duration_ms: 7.7914
Release Configuration	Validate versions and quality-gate tests	2026-10-07T05:19:13.1395438Z   ...
Release Configuration	Validate versions and quality-gate tests	2026-10-07T05:19:13.1396544Z # Subtest: build resolves the EAS path without reading signing contents or the Play credential
Release Configuration	Validate versions and quality-gate tests	2026-10-07T05:19:13.1398065Z ok 63 - build resolves the EAS path without reading signing contents or the Play credential
Release Configuration	Validate versions and quality-gate tests	2026-10-07T05:19:13.1398797Z   ---
Release Configuration	Validate versions and quality-gate tests	2026-10-07T05:19:13.1399292Z   duration_ms: 6.215563
Release Configuration	Validate versions and quality-gate tests	2026-10-07T05:19:13.1399883Z   ...
Release Configuration	Validate versions and quality-gate tests	2026-10-07T05:19:13.1400919Z # Subtest: EAS configure, setup, and one-command release compose without repeated file arguments
Release Configuration	Validate versions and quality-gate tests	2026-10-07T05:19:13.1402378Z ok 64 - EAS configure, setup, and one-command release compose without repeated file arguments
Release Configuration	Validate versions and quality-gate tests	2026-10-07T05:19:13.1403303Z   ---
Release Configuration	Validate versions and quality-gate tests	2026-10-07T05:19:13.1403832Z   duration_ms: 6.224078
Release Configuration	Validate versions and quality-gate tests	2026-10-07T05:19:13.1404506Z   ...
Release Configuration	Validate versions and quality-gate tests	2026-10-07T05:19:13.1405768Z # Subtest: EAS downloads the default keystore and assigned Play key for the exact app into external files
Release Configuration	Validate versions and quality-gate tests	2026-10-07T05:19:13.1407368Z ok 65 - EAS downloads the default keystore and assigned Play key for the exact app into external files
Release Configuration	Validate versions and quality-gate tests	2026-10-07T05:19:13.1408352Z   ---
Release Configuration	Validate versions and quality-gate tests	2026-10-07T05:19:13.1409211Z   duration_ms: 7.413779
Release Configuration	Validate versions and quality-gate tests	2026-10-07T05:19:13.1409751Z   ...
Release Configuration	Validate versions and quality-gate tests	2026-10-07T05:19:13.1410582Z # Subtest: EAS download handles no assigned Play key without choosing an unrelated key
Release Configuration	Validate versions and quality-gate tests	2026-10-07T05:19:13.1411375Z ok 66 - EAS download handles no assigned Play key without choosing an unrelated key
Release Configuration	Validate versions and quality-gate tests	2026-10-07T05:19:13.1411907Z   ---
Release Configuration	Validate versions and quality-gate tests	2026-10-07T05:19:13.1412340Z   duration_ms: 2.043853
Release Configuration	Validate versions and quality-gate tests	2026-10-07T05:19:13.1412789Z   ...
Release Configuration	Validate versions and quality-gate tests	2026-10-07T05:19:13.1413524Z # Subtest: EAS download rejects wrong identities, ambiguous responses, API errors, and invalid secrets without disclosure
Release Configuration	Validate versions and quality-gate tests	2026-10-07T05:19:13.1414640Z ok 67 - EAS download rejects wrong identities, ambiguous responses, API errors, and invalid secrets without disclosure
Release Configuration	Validate versions and quality-gate tests	2026-10-07T05:19:13.1415454Z   ---
Release Configuration	Validate versions and quality-gate tests	2026-10-07T05:19:13.1416080Z   duration_ms: 4.369589
Release Configuration	Validate versions and quality-gate tests	2026-10-07T05:19:13.1416548Z   ...
Release Configuration	Validate versions and quality-gate tests	2026-10-07T05:19:13.1417270Z # Subtest: EAS skips the Play secret for a local override and defaults a missing key password
Release Configuration	Validate versions and quality-gate tests	2026-10-07T05:19:13.1418003Z ok 68 - EAS skips the Play secret for a local override and defaults a missing key password
Release Configuration	Validate versions and quality-gate tests	2026-10-07T05:19:13.1418581Z   ---
Release Configuration	Validate versions and quality-gate tests	2026-10-07T05:19:13.1418890Z   duration_ms: 2.105785
Release Configuration	Validate versions and quality-gate tests	2026-10-07T05:19:13.1419185Z   ...
Release Configuration	Validate versions and quality-gate tests	2026-10-07T05:19:13.1419779Z # Subtest: EAS requires a single default keystore and rejects malformed signing data before writing credentials
Release Configuration	Validate versions and quality-gate tests	2026-10-07T05:19:13.1420582Z ok 69 - EAS requires a single default keystore and rejects malformed signing data before writing credentials
Release Configuration	Validate versions and quality-gate tests	2026-10-07T05:19:13.1421183Z   ---
Release Configuration	Validate versions and quality-gate tests	2026-10-07T05:19:13.1421460Z   duration_ms: 3.13187
Release Configuration	Validate versions and quality-gate tests	2026-10-07T05:19:13.1421754Z   ...
Release Configuration	Validate versions and quality-gate tests	2026-10-07T05:19:13.1422278Z # Subtest: CLI accepts only command-specific internal options and requires Console coordination
Release Configuration	Validate versions and quality-gate tests	2026-10-07T05:19:13.1422978Z ok 70 - CLI accepts only command-specific internal options and requires Console coordination
Release Configuration	Validate versions and quality-gate tests	2026-10-07T05:19:13.1423518Z   ---
Release Configuration	Validate versions and quality-gate tests	2026-10-07T05:19:13.1423791Z   duration_ms: 1.997659
Release Configuration	Validate versions and quality-gate tests	2026-10-07T05:19:13.1424081Z   ...
Release Configuration	Validate versions and quality-gate tests	2026-10-07T05:19:13.1424595Z # Subtest: local build pins private origin, project and channel and removes Play authentication
Release Configuration	Validate versions and quality-gate tests	2026-10-07T05:19:13.1425443Z ok 71 - local build pins private origin, project and channel and removes Play authentication
Release Configuration	Validate versions and quality-gate tests	2026-10-07T05:19:13.1426222Z   ---
Release Configuration	Validate versions and quality-gate tests	2026-10-07T05:19:13.1426499Z   duration_ms: 0.219289
Release Configuration	Validate versions and quality-gate tests	2026-10-07T05:19:13.1426809Z   ...
Release Configuration	Validate versions and quality-gate tests	2026-10-07T05:19:13.1427389Z # Subtest: external Expo keystore config maps to shared signing without logging or accepting checkout secrets
Release Configuration	Validate versions and quality-gate tests	2026-10-07T05:19:13.1428204Z ok 72 - external Expo keystore config maps to shared signing without logging or accepting checkout secrets
Release Configuration	Validate versions and quality-gate tests	2026-10-07T05:19:13.1428762Z   ---
Release Configuration	Validate versions and quality-gate tests	2026-10-07T05:19:13.1429036Z   duration_ms: 5.54073
Release Configuration	Validate versions and quality-gate tests	2026-10-07T05:19:13.1429341Z   ...
Release Configuration	Validate versions and quality-gate tests	2026-10-07T05:19:13.1429822Z # Subtest: local plan markers cannot be confused with protected GitHub release names
Release Configuration	Validate versions and quality-gate tests	2026-10-07T05:19:13.1430478Z ok 73 - local plan markers cannot be confused with protected GitHub release names
Release Configuration	Validate versions and quality-gate tests	2026-10-07T05:19:13.1430972Z   ---
Release Configuration	Validate versions and quality-gate tests	2026-10-07T05:19:13.1431244Z   duration_ms: 1.053784
Release Configuration	Validate versions and quality-gate tests	2026-10-07T05:19:13.1431545Z   ...
Release Configuration	Validate versions and quality-gate tests	2026-10-07T05:19:13.1432056Z # Subtest: private baseline rejects a stale commit, server, project, channel or native runtime
Release Configuration	Validate versions and quality-gate tests	2026-10-07T05:19:13.1432768Z ok 74 - private baseline rejects a stale commit, server, project, channel or native runtime
Release Configuration	Validate versions and quality-gate tests	2026-10-07T05:19:13.1433286Z   ---
Release Configuration	Validate versions and quality-gate tests	2026-10-07T05:19:13.1433559Z   duration_ms: 1.084074
Release Configuration	Validate versions and quality-gate tests	2026-10-07T05:19:13.1433859Z   ...
Release Configuration	Validate versions and quality-gate tests	2026-10-07T05:19:13.1434373Z # Subtest: final bundle configuration rejects cleartext, debug mode and wrong Expo identity
Release Configuration	Validate versions and quality-gate tests	2026-10-07T05:19:13.1435067Z ok 75 - final bundle configuration rejects cleartext, debug mode and wrong Expo identity
Release Configuration	Validate versions and quality-gate tests	2026-10-07T05:19:13.1435937Z   ---
Release Configuration	Validate versions and quality-gate tests	2026-10-07T05:19:13.1436304Z   duration_ms: 0.79517
Release Configuration	Validate versions and quality-gate tests	2026-10-07T05:19:13.1436716Z   ...
Release Configuration	Validate versions and quality-gate tests	2026-10-07T05:19:13.1437490Z # Subtest: build admits signing only after preparation and verifies without signing/Play secrets
Release Configuration	Validate versions and quality-gate tests	2026-10-07T05:19:13.1438576Z ok 76 - build admits signing only after preparation and verifies without signing/Play secrets
Release Configuration	Validate versions and quality-gate tests	2026-10-07T05:19:13.1439634Z   ---
Release Configuration	Validate versions and quality-gate tests	2026-10-07T05:19:13.1440013Z   duration_ms: 2.170802
Release Configuration	Validate versions and quality-gate tests	2026-10-07T05:19:13.1440423Z   ...
Release Configuration	Validate versions and quality-gate tests	2026-10-07T05:19:13.1441173Z # Subtest: failed preparation never reads signing and invalidates any previous local evidence
Release Configuration	Validate versions and quality-gate tests	2026-10-07T05:19:13.1442252Z ok 77 - failed preparation never reads signing and invalidates any previous local evidence
Release Configuration	Validate versions and quality-gate tests	2026-10-07T05:19:13.1442971Z   ---
Release Configuration	Validate versions and quality-gate tests	2026-10-07T05:19:13.1443391Z   duration_ms: 1.430377
Release Configuration	Validate versions and quality-gate tests	2026-10-07T05:19:13.1443832Z   ...
Release Configuration	Validate versions and quality-gate tests	2026-10-07T05:19:13.1444760Z # Subtest: retained local artifacts must match clean source, actual metadata, and recorded hashes before reuse
Release Configuration	Validate versions and quality-gate tests	2026-10-07T05:19:13.1446485Z ok 78 - retained local artifacts must match clean source, actual metadata, and recorded hashes before reuse
Release Configuration	Validate versions and quality-gate tests	2026-10-07T05:19:13.1447332Z   ---
Release Configuration	Validate versions and quality-gate tests	2026-10-07T05:19:13.1447758Z   duration_ms: 2.203949
Release Configuration	Validate versions and quality-gate tests	2026-10-07T05:19:13.1448189Z   ...
Release Configuration	Validate versions and quality-gate tests	2026-10-07T05:19:13.1448885Z # Subtest: an already-admitted signing environment cannot enter preparation
Release Configuration	Validate versions and quality-gate tests	2026-10-07T05:19:13.1449877Z ok 79 - an already-admitted signing environment cannot enter preparation
Release Configuration	Validate versions and quality-gate tests	2026-10-07T05:19:13.1450573Z   ---
Release Configuration	Validate versions and quality-gate tests	2026-10-07T05:19:13.1450928Z   duration_ms: 0.945977
Release Configuration	Validate versions and quality-gate tests	2026-10-07T05:19:13.1451419Z   ...
Release Configuration	Validate versions and quality-gate tests	2026-10-07T05:19:13.1452292Z # Subtest: bundletool resource strings resolve all configurations and reject conflicting values
Release Configuration	Validate versions and quality-gate tests	2026-10-07T05:19:13.1453377Z ok 80 - bundletool resource strings resolve all configurations and reject conflicting values
Release Configuration	Validate versions and quality-gate tests	2026-10-07T05:19:13.1454162Z   ---
Release Configuration	Validate versions and quality-gate tests	2026-10-07T05:19:13.1454506Z   duration_ms: 0.390616
Release Configuration	Validate versions and quality-gate tests	2026-10-07T05:19:13.1454938Z   ...
Release Configuration	Validate versions and quality-gate tests	2026-10-07T05:19:13.1455906Z # Subtest: Windows prebuild selects current CMake without retaining an older host override
Release Configuration	Validate versions and quality-gate tests	2026-10-07T05:19:13.1456934Z ok 81 - Windows prebuild selects current CMake without retaining an older host override
Release Configuration	Validate versions and quality-gate tests	2026-10-07T05:19:13.1457609Z   ---
Release Configuration	Validate versions and quality-gate tests	2026-10-07T05:19:13.1457959Z   duration_ms: 3.281385
Release Configuration	Validate versions and quality-gate tests	2026-10-07T05:19:13.1458365Z   ...
Release Configuration	Validate versions and quality-gate tests	2026-10-07T05:19:13.1459162Z # Subtest: native runtime fingerprint ignores server, JS source, and JS-only dependency changes
Release Configuration	Validate versions and quality-gate tests	2026-10-07T05:19:13.1460296Z ok 82 - native runtime fingerprint ignores server, JS source, and JS-only dependency changes
Release Configuration	Validate versions and quality-gate tests	2026-10-07T05:19:13.1461037Z   ---
Release Configuration	Validate versions and quality-gate tests	2026-10-07T05:19:13.1461423Z   duration_ms: 37.413738
Release Configuration	Validate versions and quality-gate tests	2026-10-07T05:19:13.1461985Z   ...
Release Configuration	Validate versions and quality-gate tests	2026-10-07T05:19:13.1462853Z # Subtest: native runtime fingerprint changes for native packages, config, plugins, and assets
Release Configuration	Validate versions and quality-gate tests	2026-10-07T05:19:13.1464001Z ok 83 - native runtime fingerprint changes for native packages, config, plugins, and assets
Release Configuration	Validate versions and quality-gate tests	2026-10-07T05:19:13.1464718Z   ---
Release Configuration	Validate versions and quality-gate tests	2026-10-07T05:19:13.1465095Z   duration_ms: 13.90235
Release Configuration	Validate versions and quality-gate tests	2026-10-07T05:19:13.1465864Z   ...
Release Configuration	Validate versions and quality-gate tests	2026-10-07T05:19:13.1466672Z # Subtest: Android native lock snapshot excludes backend and JS-only packages
Release Configuration	Validate versions and quality-gate tests	2026-10-07T05:19:13.1467589Z ok 84 - Android native lock snapshot excludes backend and JS-only packages
Release Configuration	Validate versions and quality-gate tests	2026-10-07T05:19:13.1468245Z   ---
Release Configuration	Validate versions and quality-gate tests	2026-10-07T05:19:13.1468592Z   duration_ms: 1.674037
Release Configuration	Validate versions and quality-gate tests	2026-10-07T05:19:13.1468958Z   ...
Release Configuration	Validate versions and quality-gate tests	2026-10-07T05:19:13.1469658Z # Subtest: Android native package discovery uses installed module metadata
Release Configuration	Validate versions and quality-gate tests	2026-10-07T05:19:13.1470594Z ok 85 - Android native package discovery uses installed module metadata
Release Configuration	Validate versions and quality-gate tests	2026-10-07T05:19:13.1471250Z   ---
Release Configuration	Validate versions and quality-gate tests	2026-10-07T05:19:13.1471617Z   duration_ms: 2.476688
Release Configuration	Validate versions and quality-gate tests	2026-10-07T05:19:13.1472036Z   ...
Release Configuration	Validate versions and quality-gate tests	2026-10-07T05:19:13.1473565Z # Subtest: OTA build config validates project UUID and update channel
Release Configuration	Validate versions and quality-gate tests	2026-10-07T05:19:13.1474480Z ok 86 - OTA build config validates project UUID and update channel
Release Configuration	Validate versions and quality-gate tests	2026-10-07T05:19:13.1475334Z   ---
Release Configuration	Validate versions and quality-gate tests	2026-10-07T05:19:13.1475766Z   duration_ms: 0.968736
Release Configuration	Validate versions and quality-gate tests	2026-10-07T05:19:13.1476163Z   ...
Release Configuration	Validate versions and quality-gate tests	2026-10-07T05:19:13.1476901Z # Subtest: OTA baseline records the exact native runtime contract without secrets
Release Configuration	Validate versions and quality-gate tests	2026-10-07T05:19:13.1477883Z ok 87 - OTA baseline records the exact native runtime contract without secrets
Release Configuration	Validate versions and quality-gate tests	2026-10-07T05:19:13.1478593Z   ---
Release Configuration	Validate versions and quality-gate tests	2026-10-07T05:19:13.1479029Z   duration_ms: 4.368219
Release Configuration	Validate versions and quality-gate tests	2026-10-07T05:19:13.1479427Z   ...
Release Configuration	Validate versions and quality-gate tests	2026-10-07T05:19:13.1480412Z # OTA baseline: /tmp/calibrate-ota-update-kibNSd/mobile/android/app/build/outputs/calibrate-ota-baseline.json
Release Configuration	Validate versions and quality-gate tests	2026-10-07T05:19:13.1481775Z # Runtime: 0.1.0 | Channel: internal | Environment: preview
Release Configuration	Validate versions and quality-gate tests	2026-10-07T05:19:13.1482513Z # EAS environment contract: verified
Release Configuration	Validate versions and quality-gate tests	2026-10-07T05:19:13.1483397Z # Native fingerprint: 2ecd2882948f2118f03bb1a612da25988104ac3f3c49f26d6891ea0216f16bce
Release Configuration	Validate versions and quality-gate tests	2026-10-07T05:19:13.1484147Z # Message: Fix food logging
Release Configuration	Validate versions and quality-gate tests	2026-10-07T05:19:13.1486009Z # Dry run: /opt/hostedtoolcache/node/20.20.2/x64/bin/node /tmp/calibrate-ota-update-kibNSd/tools/eas-cli/node_modules/eas-cli/bin/run update --channel internal --message Fix food logging --environment preview --platform android
Release Configuration	Validate versions and quality-gate tests	2026-10-07T05:19:13.1487878Z # Subtest: OTA CLI parses explicit release targeting options
Release Configuration	Validate versions and quality-gate tests	2026-10-07T05:19:13.1488787Z ok 88 - OTA CLI parses explicit release targeting options
Release Configuration	Validate versions and quality-gate tests	2026-10-07T05:19:13.1489350Z   ---
Release Configuration	Validate versions and quality-gate tests	2026-10-07T05:19:13.1489707Z   duration_ms: 2.261599
Release Configuration	Validate versions and quality-gate tests	2026-10-07T05:19:13.1490210Z   ...
Release Configuration	Validate versions and quality-gate tests	2026-10-07T05:19:13.1491162Z # Subtest: OTA publish command targets only the Android platform covered by the native baseline with the build channel
Release Configuration	Validate versions and quality-gate tests	2026-10-07T05:19:13.1492574Z ok 89 - OTA publish command targets only the Android platform covered by the native baseline with the build channel
Release Configuration	Validate versions and quality-gate tests	2026-10-07T05:19:13.1493462Z   ---
Release Configuration	Validate versions and quality-gate tests	2026-10-07T05:19:13.1493832Z   duration_ms: 0.524359
Release Configuration	Validate versions and quality-gate tests	2026-10-07T05:19:13.1494323Z   ...
Release Configuration	Validate versions and quality-gate tests	2026-10-07T05:19:13.1495077Z # Subtest: OTA commands invoke the checked-in locked EAS CLI through Node on every platform
Release Configuration	Validate versions and quality-gate tests	2026-10-07T05:19:13.1496395Z ok 90 - OTA commands invoke the checked-in locked EAS CLI through Node on every platform
Release Configuration	Validate versions and quality-gate tests	2026-10-07T05:19:13.1497177Z   ---
Release Configuration	Validate versions and quality-gate tests	2026-10-07T05:19:13.1497554Z   duration_ms: 0.301078
Release Configuration	Validate versions and quality-gate tests	2026-10-07T05:19:13.1498011Z   ...
Release Configuration	Validate versions and quality-gate tests	2026-10-07T05:19:13.1498959Z # Subtest: OTA environment parsing supports the values emitted by eas env:pull
Release Configuration	Validate versions and quality-gate tests	2026-10-07T05:19:13.1499973Z ok 91 - OTA environment parsing supports the values emitted by eas env:pull
Release Configuration	Validate versions and quality-gate tests	2026-10-07T05:19:13.1500675Z   ---
Release Configuration	Validate versions and quality-gate tests	2026-10-07T05:19:13.1501056Z   duration_ms: 1.559298
Release Configuration	Validate versions and quality-gate tests	2026-10-07T05:19:13.1501512Z   ...
Release Configuration	Validate versions and quality-gate tests	2026-10-07T05:19:13.1502134Z # Subtest: OTA publishing rejects missing or mismatched EAS baseline values
Release Configuration	Validate versions and quality-gate tests	2026-10-07T05:19:13.1503101Z ok 92 - OTA publishing rejects missing or mismatched EAS baseline values
Release Configuration	Validate versions and quality-gate tests	2026-10-07T05:19:13.1503693Z   ---
Release Configuration	Validate versions and quality-gate tests	2026-10-07T05:19:13.1504096Z   duration_ms: 0.411187
Release Configuration	Validate versions and quality-gate tests	2026-10-07T05:19:13.1504562Z   ...
Release Configuration	Validate versions and quality-gate tests	2026-10-07T05:19:13.1505418Z # Subtest: OTA cleanliness ignores Codex UI artifacts but not application changes
Release Configuration	Validate versions and quality-gate tests	2026-10-07T05:19:13.1506446Z ok 93 - OTA cleanliness ignores Codex UI artifacts but not application changes
Release Configuration	Validate versions and quality-gate tests	2026-10-07T05:19:13.1507138Z   ---
Release Configuration	Validate versions and quality-gate tests	2026-10-07T05:19:13.1507526Z   duration_ms: 0.316276
Release Configuration	Validate versions and quality-gate tests	2026-10-07T05:19:13.1508023Z   ...
Release Configuration	Validate versions and quality-gate tests	2026-10-07T05:19:13.1508705Z # Subtest: OTA dry run validates and reuses the exact installed build contract
Release Configuration	Validate versions and quality-gate tests	2026-10-07T05:19:13.1509720Z ok 94 - OTA dry run validates and reuses the exact installed build contract
Release Configuration	Validate versions and quality-gate tests	2026-10-07T05:19:13.1510348Z   ---
Release Configuration	Validate versions and quality-gate tests	2026-10-07T05:19:13.1510746Z   duration_ms: 22.442512
Release Configuration	Validate versions and quality-gate tests	2026-10-07T05:19:13.1511232Z   ...
Release Configuration	Validate versions and quality-gate tests	2026-10-07T05:19:13.1512064Z # Subtest: OTA dry run fails when the selected EAS environment would override the installed server
Release Configuration	Validate versions and quality-gate tests	2026-10-07T05:19:13.1513265Z ok 95 - OTA dry run fails when the selected EAS environment would override the installed server
Release Configuration	Validate versions and quality-gate tests	2026-10-07T05:19:13.1513987Z   ---
Release Configuration	Validate versions and quality-gate tests	2026-10-07T05:19:13.1514371Z   duration_ms: 7.376889
Release Configuration	Validate versions and quality-gate tests	2026-10-07T05:19:13.1514819Z   ...
Release Configuration	Validate versions and quality-gate tests	2026-10-07T05:19:13.1923057Z # Subtest: native Play receipt has deterministic epoch-marked canonical bytes
Release Configuration	Validate versions and quality-gate tests	2026-10-07T05:19:13.1947554Z ok 96 - native Play receipt has deterministic epoch-marked canonical bytes
Release Configuration	Validate versions and quality-gate tests	2026-10-07T05:19:13.1986480Z   ---
Release Configuration	Validate versions and quality-gate tests	2026-10-07T05:19:13.1987176Z   duration_ms: 2.914515
Release Configuration	Validate versions and quality-gate tests	2026-10-07T05:19:13.1987795Z   ...
Release Configuration	Validate versions and quality-gate tests	2026-10-07T05:19:13.1988837Z # Subtest: native Play receipt validates exact app, source, tag/version, role tracks, lanes, and hashes
Release Configuration	Validate versions and quality-gate tests	2026-10-07T05:19:13.1990090Z ok 97 - native Play receipt validates exact app, source, tag/version, role tracks, lanes, and hashes
Release Configuration	Validate versions and quality-gate tests	2026-10-07T05:19:13.1990911Z   ---
Release Configuration	Validate versions and quality-gate tests	2026-10-07T05:19:13.1991207Z   duration_ms: 1.453168
Release Configuration	Validate versions and quality-gate tests	2026-10-07T05:19:13.1991747Z   ...
Release Configuration	Validate versions and quality-gate tests	2026-10-07T05:19:13.1992293Z # Subtest: source-free receipt verification binds canonical receipt and both downloaded AAB files
Release Configuration	Validate versions and quality-gate tests	2026-10-07T05:19:13.1993086Z ok 98 - source-free receipt verification binds canonical receipt and both downloaded AAB files
Release Configuration	Validate versions and quality-gate tests	2026-10-07T05:19:13.1993635Z   ---
Release Configuration	Validate versions and quality-gate tests	2026-10-07T05:19:13.1993904Z   duration_ms: 4.217925
Release Configuration	Validate versions and quality-gate tests	2026-10-07T05:19:13.1994193Z   ...
Release Configuration	Validate versions and quality-gate tests	2026-10-07T05:19:13.1994807Z # Subtest: attestation parser accepts legitimate rerun duplicates through 100 and rejects overflow or bad identity
Release Configuration	Validate versions and quality-gate tests	2026-10-07T05:19:13.1996011Z ok 99 - attestation parser accepts legitimate rerun duplicates through 100 and rejects overflow or bad identity
Release Configuration	Validate versions and quality-gate tests	2026-10-07T05:19:13.1996569Z   ---
Release Configuration	Validate versions and quality-gate tests	2026-10-07T05:19:13.1996880Z   duration_ms: 2.210621
Release Configuration	Validate versions and quality-gate tests	2026-10-07T05:19:13.1997183Z   ...
Release Configuration	Validate versions and quality-gate tests	2026-10-07T05:19:13.1997702Z # Subtest: name-only source relabeling cannot reuse another source receipt or attestation
Release Configuration	Validate versions and quality-gate tests	2026-10-07T05:19:13.1998373Z ok 100 - name-only source relabeling cannot reuse another source receipt or attestation
Release Configuration	Validate versions and quality-gate tests	2026-10-07T05:19:13.1998857Z   ---
Release Configuration	Validate versions and quality-gate tests	2026-10-07T05:19:13.1999168Z   duration_ms: 0.258368
Release Configuration	Validate versions and quality-gate tests	2026-10-07T05:19:13.1999484Z   ...
Release Configuration	Validate versions and quality-gate tests	2026-10-07T05:19:13.1999930Z # Subtest: current-master trust policy is strict and revocation wins
Release Configuration	Validate versions and quality-gate tests	2026-10-07T05:19:13.2000478Z ok 101 - current-master trust policy is strict and revocation wins
Release Configuration	Validate versions and quality-gate tests	2026-10-07T05:19:13.2000881Z   ---
Release Configuration	Validate versions and quality-gate tests	2026-10-07T05:19:13.2001153Z   duration_ms: 0.631011
Release Configuration	Validate versions and quality-gate tests	2026-10-07T05:19:13.2001470Z   ...
Release Configuration	Validate versions and quality-gate tests	2026-10-07T05:19:13.2002142Z # Subtest: historical signer authorization enforces source, fresh master, ancestry, marker, revocation, and full critical closure
Release Configuration	Validate versions and quality-gate tests	2026-10-07T05:19:13.2003072Z ok 102 - historical signer authorization enforces source, fresh master, ancestry, marker, revocation, and full critical closure
Release Configuration	Validate versions and quality-gate tests	2026-10-07T05:19:13.2003654Z   ---
Release Configuration	Validate versions and quality-gate tests	2026-10-07T05:19:13.2003918Z   duration_ms: 1.665542
Release Configuration	Validate versions and quality-gate tests	2026-10-07T05:19:13.2004293Z   ...
Release Configuration	Validate versions and quality-gate tests	2026-10-07T05:19:13.6957198Z # Subtest: Play plan binds one package to distinct phone and Wear tracks and code lanes
Release Configuration	Validate versions and quality-gate tests	2026-10-07T05:19:13.7001286Z ok 103 - Play plan binds one package to distinct phone and Wear tracks and code lanes
Release Configuration	Validate versions and quality-gate tests	2026-10-07T05:19:13.7031576Z   ---
Release Configuration	Validate versions and quality-gate tests	2026-10-07T05:19:13.7056552Z   duration_ms: 5.213425
Release Configuration	Validate versions and quality-gate tests	2026-10-07T05:19:13.7057143Z   ...
Release Configuration	Validate versions and quality-gate tests	2026-10-07T05:19:13.7066792Z # Subtest: Play plan rejects colliding, crossed-lane, or unpaired native versions
Release Configuration	Validate versions and quality-gate tests	2026-10-07T05:19:13.7068115Z ok 104 - Play plan rejects colliding, crossed-lane, or unpaired native versions
Release Configuration	Validate versions and quality-gate tests	2026-10-07T05:19:13.7068907Z   ---
Release Configuration	Validate versions and quality-gate tests	2026-10-07T05:19:13.7069546Z   duration_ms: 2.287313
Release Configuration	Validate versions and quality-gate tests	2026-10-07T05:19:13.7070115Z   ...
Release Configuration	Validate versions and quality-gate tests	2026-10-07T05:19:13.7071064Z # Subtest: Play plan enforces the paired native tag and Google Play version-code maximum
Release Configuration	Validate versions and quality-gate tests	2026-10-07T05:19:13.7072242Z ok 105 - Play plan enforces the paired native tag and Google Play version-code maximum
Release Configuration	Validate versions and quality-gate tests	2026-10-07T05:19:13.7073055Z   ---
Release Configuration	Validate versions and quality-gate tests	2026-10-07T05:19:13.7073578Z   duration_ms: 1.46291
Release Configuration	Validate versions and quality-gate tests	2026-10-07T05:19:13.7074144Z   ...
Release Configuration	Validate versions and quality-gate tests	2026-10-07T05:19:13.7074887Z # Subtest: source checkout must resolve the exact requested commit
Release Configuration	Validate versions and quality-gate tests	2026-10-07T05:19:13.7075992Z ok 106 - source checkout must resolve the exact requested commit
Release Configuration	Validate versions and quality-gate tests	2026-10-07T05:19:13.7076700Z   ---
Release Configuration	Validate versions and quality-gate tests	2026-10-07T05:19:13.7077266Z   duration_ms: 2.414944
Release Configuration	Validate versions and quality-gate tests	2026-10-07T05:19:13.7077777Z   ...
Release Configuration	Validate versions and quality-gate tests	2026-10-07T05:19:13.7078793Z # Subtest: credentialed CLI commands require one explicit repository root and reject unknown options
Release Configuration	Validate versions and quality-gate tests	2026-10-07T05:19:13.7080160Z ok 107 - credentialed CLI commands require one explicit repository root and reject unknown options
Release Configuration	Validate versions and quality-gate tests	2026-10-07T05:19:13.7081110Z   ---
Release Configuration	Validate versions and quality-gate tests	2026-10-07T05:19:13.7081689Z   duration_ms: 0.768115
Release Configuration	Validate versions and quality-gate tests	2026-10-07T05:19:13.7082208Z   ...
Release Configuration	Validate versions and quality-gate tests	2026-10-07T05:19:13.7083294Z # Subtest: artifact inspection dispatches APKs through aapt and apksigner and AABs through bundletool and keytool
Release Configuration	Validate versions and quality-gate tests	2026-10-07T05:19:13.7084858Z ok 108 - artifact inspection dispatches APKs through aapt and apksigner and AABs through bundletool and keytool
Release Configuration	Validate versions and quality-gate tests	2026-10-07T05:19:13.7086145Z   ---
Release Configuration	Validate versions and quality-gate tests	2026-10-07T05:19:13.7086650Z   duration_ms: 2.058028
Release Configuration	Validate versions and quality-gate tests	2026-10-07T05:19:13.7087470Z   ...
Release Configuration	Validate versions and quality-gate tests	2026-10-07T05:19:13.7088371Z # Subtest: artifact inspection subprocesses cannot inherit Google Play credentials
Release Configuration	Validate versions and quality-gate tests	2026-10-07T05:19:13.7089593Z ok 109 - artifact inspection subprocesses cannot inherit Google Play credentials
Release Configuration	Validate versions and quality-gate tests	2026-10-07T05:19:13.7090496Z   ---
Release Configuration	Validate versions and quality-gate tests	2026-10-07T05:19:13.7090991Z   duration_ms: 0.555779
Release Configuration	Validate versions and quality-gate tests	2026-10-07T05:19:13.7091494Z   ...
Release Configuration	Validate versions and quality-gate tests	2026-10-07T05:19:13.7092413Z # Subtest: artifact verification binds provenance, current bytes, and one shared signer
Release Configuration	Validate versions and quality-gate tests	2026-10-07T05:19:13.7093708Z ok 110 - artifact verification binds provenance, current bytes, and one shared signer
Release Configuration	Validate versions and quality-gate tests	2026-10-07T05:19:13.7094757Z   ---
Release Configuration	Validate versions and quality-gate tests	2026-10-07T05:19:13.7095597Z   duration_ms: 6.009697
Release Configuration	Validate versions and quality-gate tests	2026-10-07T05:19:13.7096143Z   ...
Release Configuration	Validate versions and quality-gate tests	2026-10-07T05:19:13.7097187Z # Subtest: artifact verification rejects independently inspected package and version drift
Release Configuration	Validate versions and quality-gate tests	2026-10-07T05:19:13.7098645Z ok 111 - artifact verification rejects independently inspected package and version drift
Release Configuration	Validate versions and quality-gate tests	2026-10-07T05:19:13.7099573Z   ---
Release Configuration	Validate versions and quality-gate tests	2026-10-07T05:19:13.7100097Z   duration_ms: 3.905478
Release Configuration	Validate versions and quality-gate tests	2026-10-07T05:19:13.7101303Z   ...
Release Configuration	Validate versions and quality-gate tests	2026-10-07T05:19:13.7103011Z # Subtest: artifact verification rejects different phone and Wear signing identities
Release Configuration	Validate versions and quality-gate tests	2026-10-07T05:19:13.7104625Z ok 112 - artifact verification rejects different phone and Wear signing identities
Release Configuration	Validate versions and quality-gate tests	2026-10-07T05:19:13.7106132Z   ---
Release Configuration	Validate versions and quality-gate tests	2026-10-07T05:19:13.7107084Z   duration_ms: 4.008871
Release Configuration	Validate versions and quality-gate tests	2026-10-07T05:19:13.7107988Z   ...
Release Configuration	Validate versions and quality-gate tests	2026-10-07T05:19:13.7109536Z # Subtest: service-account credentials create a signed scoped JWT and exchange it without dependencies
Release Configuration	Validate versions and quality-gate tests	2026-10-07T05:19:13.7110742Z ok 113 - service-account credentials create a signed scoped JWT and exchange it without dependencies
Release Configuration	Validate versions and quality-gate tests	2026-10-07T05:19:13.7111680Z   ---
Release Configuration	Validate versions and quality-gate tests	2026-10-07T05:19:13.7112175Z   duration_ms: 194.90353
Release Configuration	Validate versions and quality-gate tests	2026-10-07T05:19:13.7112776Z   ...
Release Configuration	Validate versions and quality-gate tests	2026-10-07T05:19:13.7113738Z # Subtest: publisher uses one edit, media upload, form-factor tracks, and safe commit behavior
Release Configuration	Validate versions and quality-gate tests	2026-10-07T05:19:13.7115129Z ok 114 - publisher uses one edit, media upload, form-factor tracks, and safe commit behavior
Release Configuration	Validate versions and quality-gate tests	2026-10-07T05:19:13.7116342Z   ---
Release Configuration	Validate versions and quality-gate tests	2026-10-07T05:19:13.7116851Z   duration_ms: 3.552465
Release Configuration	Validate versions and quality-gate tests	2026-10-07T05:19:13.7117428Z   ...
Release Configuration	Validate versions and quality-gate tests	2026-10-07T05:19:13.7118153Z # Subtest: internal upload commits paired bundles and tracks as one edit
Release Configuration	Validate versions and quality-gate tests	2026-10-07T05:19:13.7119067Z ok 115 - internal upload commits paired bundles and tracks as one edit
Release Configuration	Validate versions and quality-gate tests	2026-10-07T05:19:13.7119762Z   ---
Release Configuration	Validate versions and quality-gate tests	2026-10-07T05:19:13.7120249Z   duration_ms: 4.454302
Release Configuration	Validate versions and quality-gate tests	2026-10-07T05:19:13.7120855Z   ...
Release Configuration	Validate versions and quality-gate tests	2026-10-07T05:19:13.7121815Z # Subtest: upload-internal CLI verifies artifacts before materializing Play authentication
Release Configuration	Validate versions and quality-gate tests	2026-10-07T05:19:13.7123030Z ok 116 - upload-internal CLI verifies artifacts before materializing Play authentication
Release Configuration	Validate versions and quality-gate tests	2026-10-07T05:19:13.7123914Z   ---
Release Configuration	Validate versions and quality-gate tests	2026-10-07T05:19:13.7124461Z   duration_ms: 174.831959
Release Configuration	Validate versions and quality-gate tests	2026-10-07T05:19:13.7125052Z   ...
Release Configuration	Validate versions and quality-gate tests	2026-10-07T05:19:13.7126262Z # Subtest: upload-internal rejects a swapped canonical receipt before OAuth or Publisher calls
Release Configuration	Validate versions and quality-gate tests	2026-10-07T05:19:13.7127505Z ok 117 - upload-internal rejects a swapped canonical receipt before OAuth or Publisher calls
Release Configuration	Validate versions and quality-gate tests	2026-10-07T05:19:13.7128548Z   ---
Release Configuration	Validate versions and quality-gate tests	2026-10-07T05:19:13.7129409Z   duration_ms: 6.571254
Release Configuration	Validate versions and quality-gate tests	2026-10-07T05:19:13.7130045Z   ...
Release Configuration	Validate versions and quality-gate tests	2026-10-07T05:19:13.7130875Z # Subtest: internal recovery returns an exact Play receipt without local artifacts or a commit
Release Configuration	Validate versions and quality-gate tests	2026-10-07T05:19:13.7132137Z ok 118 - internal recovery returns an exact Play receipt without local artifacts or a commit
Release Configuration	Validate versions and quality-gate tests	2026-10-07T05:19:13.7133084Z   ---
Release Configuration	Validate versions and quality-gate tests	2026-10-07T05:19:13.7133717Z   duration_ms: 1.497064
Release Configuration	Validate versions and quality-gate tests	2026-10-07T05:19:13.7134365Z   ...
Release Configuration	Validate versions and quality-gate tests	2026-10-07T05:19:13.7135471Z # Subtest: Play name-only source relabeling reconstructs new bytes that cannot reuse the original receipt
Release Configuration	Validate versions and quality-gate tests	2026-10-07T05:19:13.7136961Z ok 119 - Play name-only source relabeling reconstructs new bytes that cannot reuse the original receipt
Release Configuration	Validate versions and quality-gate tests	2026-10-07T05:19:13.7138010Z   ---
Release Configuration	Validate versions and quality-gate tests	2026-10-07T05:19:13.7138734Z   duration_ms: 1.464322
Release Configuration	Validate versions and quality-gate tests	2026-10-07T05:19:13.7139520Z   ...
Release Configuration	Validate versions and quality-gate tests	2026-10-07T05:19:13.7140468Z # Subtest: internal recovery rejects a conflicting source marker and abandons the read-only edit
Release Configuration	Validate versions and quality-gate tests	2026-10-07T05:19:13.7142126Z ok 120 - internal recovery rejects a conflicting source marker and abandons the read-only edit
Release Configuration	Validate versions and quality-gate tests	2026-10-07T05:19:13.7143090Z   ---
Release Configuration	Validate versions and quality-gate tests	2026-10-07T05:19:13.7143746Z   duration_ms: 1.0115
Release Configuration	Validate versions and quality-gate tests	2026-10-07T05:19:13.7144317Z   ...
Release Configuration	Validate versions and quality-gate tests	2026-10-07T05:19:13.7145088Z # Subtest: internal recovery rejects ambiguous or invalid stored bundle digests
Release Configuration	Validate versions and quality-gate tests	2026-10-07T05:19:13.7146490Z ok 121 - internal recovery rejects ambiguous or invalid stored bundle digests
Release Configuration	Validate versions and quality-gate tests	2026-10-07T05:19:13.7147854Z   ---
Release Configuration	Validate versions and quality-gate tests	2026-10-07T05:19:13.7148706Z   duration_ms: 1.372732
Release Configuration	Validate versions and quality-gate tests	2026-10-07T05:19:13.7149370Z   ...
Release Configuration	Validate versions and quality-gate tests	2026-10-07T05:19:13.7150336Z # Subtest: recover-internal CLI reads Play state without requiring local release artifacts
Release Configuration	Validate versions and quality-gate tests	2026-10-07T05:19:13.7151640Z ok 122 - recover-internal CLI reads Play state without requiring local release artifacts
Release Configuration	Validate versions and quality-gate tests	2026-10-07T05:19:13.7152491Z   ---
Release Configuration	Validate versions and quality-gate tests	2026-10-07T05:19:13.7152956Z   duration_ms: 3.306811
Release Configuration	Validate versions and quality-gate tests	2026-10-07T05:19:13.7153485Z   ...
Release Configuration	Validate versions and quality-gate tests	2026-10-07T05:19:13.7154284Z # Subtest: internal upload rejects a Play bundle hash that differs from the verified AAB
Release Configuration	Validate versions and quality-gate tests	2026-10-07T05:19:13.7155488Z ok 123 - internal upload rejects a Play bundle hash that differs from the verified AAB
Release Configuration	Validate versions and quality-gate tests	2026-10-07T05:19:13.7156921Z   ---
Release Configuration	Validate versions and quality-gate tests	2026-10-07T05:19:13.7157402Z   duration_ms: 2.851776
Release Configuration	Validate versions and quality-gate tests	2026-10-07T05:19:13.7157980Z   ...
Release Configuration	Validate versions and quality-gate tests	2026-10-07T05:19:13.7158756Z # Subtest: internal retry requires version codes to belong to the same source commit
Release Configuration	Validate versions and quality-gate tests	2026-10-07T05:19:13.7159825Z ok 124 - internal retry requires version codes to belong to the same source commit
Release Configuration	Validate versions and quality-gate tests	2026-10-07T05:19:13.7160665Z   ---
Release Configuration	Validate versions and quality-gate tests	2026-10-07T05:19:13.7161136Z   duration_ms: 2.647124
Release Configuration	Validate versions and quality-gate tests	2026-10-07T05:19:13.7161771Z   ...
Release Configuration	Validate versions and quality-gate tests	2026-10-07T05:19:13.7162652Z # Subtest: internal retry is complete only when both code and source marker match
Release Configuration	Validate versions and quality-gate tests	2026-10-07T05:19:13.7163705Z ok 125 - internal retry is complete only when both code and source marker match
Release Configuration	Validate versions and quality-gate tests	2026-10-07T05:19:13.7164416Z   ---
Release Configuration	Validate versions and quality-gate tests	2026-10-07T05:19:13.7164934Z   duration_ms: 3.030842
Release Configuration	Validate versions and quality-gate tests	2026-10-07T05:19:13.7165599Z   ...
Release Configuration	Validate versions and quality-gate tests	2026-10-07T05:19:13.7166571Z # Subtest: internal retry rejects duplicate releases and releases with extra version codes
Release Configuration	Validate versions and quality-gate tests	2026-10-07T05:19:13.7168433Z ok 126 - internal retry rejects duplicate releases and releases with extra version codes
Release Configuration	Validate versions and quality-gate tests	2026-10-07T05:19:13.7169710Z   ---
Release Configuration	Validate versions and quality-gate tests	2026-10-07T05:19:13.7170916Z   duration_ms: 3.53252
Release Configuration	Validate versions and quality-gate tests	2026-10-07T05:19:13.7171962Z   ...
Release Configuration	Validate versions and quality-gate tests	2026-10-07T05:19:13.7173349Z # Subtest: internal retry rejects a stored Play bundle hash that differs from the verified AAB
Release Configuration	Validate versions and quality-gate tests	2026-10-07T05:19:13.7174923Z ok 127 - internal retry rejects a stored Play bundle hash that differs from the verified AAB
Release Configuration	Validate versions and quality-gate tests	2026-10-07T05:19:13.7176598Z   ---
Release Configuration	Validate versions and quality-gate tests	2026-10-07T05:19:13.7177561Z   duration_ms: 4.765797
Release Configuration	Validate versions and quality-gate tests	2026-10-07T05:19:13.7178489Z   ...
Release Configuration	Validate versions and quality-gate tests	2026-10-07T05:19:13.7179683Z # Subtest: internal no-op retry succeeds when empty-edit deletion fails transiently
Release Configuration	Validate versions and quality-gate tests	2026-10-07T05:19:13.7181235Z ok 128 - internal no-op retry succeeds when empty-edit deletion fails transiently
Release Configuration	Validate versions and quality-gate tests	2026-10-07T05:19:13.7182152Z   ---
Release Configuration	Validate versions and quality-gate tests	2026-10-07T05:19:13.7182663Z   duration_ms: 6.321687
Release Configuration	Validate versions and quality-gate tests	2026-10-07T05:19:13.7183276Z   ...
Release Configuration	Validate versions and quality-gate tests	2026-10-07T05:19:13.7184104Z # Subtest: closed promotion moves the exact internal pair to custom closed form-factor tracks
Release Configuration	Validate versions and quality-gate tests	2026-10-07T05:19:13.7185846Z ok 129 - closed promotion moves the exact internal pair to custom closed form-factor tracks
Release Configuration	Validate versions and quality-gate tests	2026-10-07T05:19:13.7186641Z   ---
Release Configuration	Validate versions and quality-gate tests	2026-10-07T05:19:13.7187133Z   duration_ms: 1.437495
Release Configuration	Validate versions and quality-gate tests	2026-10-07T05:19:13.7187638Z   ...
Release Configuration	Validate versions and quality-gate tests	2026-10-07T05:19:13.7188524Z # Subtest: promotion requires exact singleton releases on source and idempotent destination tracks
Release Configuration	Validate versions and quality-gate tests	2026-10-07T05:19:13.7189805Z ok 130 - promotion requires exact singleton releases on source and idempotent destination tracks
Release Configuration	Validate versions and quality-gate tests	2026-10-07T05:19:13.7190679Z   ---
Release Configuration	Validate versions and quality-gate tests	2026-10-07T05:19:13.7191142Z   duration_ms: 1.291637
Release Configuration	Validate versions and quality-gate tests	2026-10-07T05:19:13.7191642Z   ...
Release Configuration	Validate versions and quality-gate tests	2026-10-07T05:19:13.7192489Z # Subtest: promote-closed CLI routes the exact checkout through the closed stage
Release Configuration	Validate versions and quality-gate tests	2026-10-07T05:19:13.7193589Z ok 131 - promote-closed CLI routes the exact checkout through the closed stage
Release Configuration	Validate versions and quality-gate tests	2026-10-07T05:19:13.7194298Z   ---
Release Configuration	Validate versions and quality-gate tests	2026-10-07T05:19:13.7195011Z   duration_ms: 2.088776
Release Configuration	Validate versions and quality-gate tests	2026-10-07T05:19:13.7195612Z   ...
Release Configuration	Validate versions and quality-gate tests	2026-10-07T05:19:13.7196397Z # Subtest: closed promotion fails closed for an unknown destination release status
Release Configuration	Validate versions and quality-gate tests	2026-10-07T05:19:13.7197467Z ok 132 - closed promotion fails closed for an unknown destination release status
Release Configuration	Validate versions and quality-gate tests	2026-10-07T05:19:13.7198166Z   ---
Release Configuration	Validate versions and quality-gate tests	2026-10-07T05:19:13.7198611Z   duration_ms: 1.132132
Release Configuration	Validate versions and quality-gate tests	2026-10-07T05:19:13.7199134Z   ...
Release Configuration	Validate versions and quality-gate tests	2026-10-07T05:19:13.7199952Z # Subtest: production promotion verifies both closed releases and refuses a staged destination
Release Configuration	Validate versions and quality-gate tests	2026-10-07T05:19:13.7201426Z ok 133 - production promotion verifies both closed releases and refuses a staged destination
Release Configuration	Validate versions and quality-gate tests	2026-10-07T05:19:13.7202166Z   ---
Release Configuration	Validate versions and quality-gate tests	2026-10-07T05:19:13.7202631Z   duration_ms: 0.946555
Release Configuration	Validate versions and quality-gate tests	2026-10-07T05:19:13.7203191Z   ...
Release Configuration	Validate versions and quality-gate tests	2026-10-07T05:19:13.7203949Z # Subtest: production promotion refuses closed codes published from another source commit
Release Configuration	Validate versions and quality-gate tests	2026-10-07T05:19:13.7205024Z ok 134 - production promotion refuses closed codes published from another source commit
Release Configuration	Validate versions and quality-gate tests	2026-10-07T05:19:13.7205955Z   ---
Release Configuration	Validate versions and quality-gate tests	2026-10-07T05:19:13.7206522Z   duration_ms: 1.066415
Release Configuration	Validate versions and quality-gate tests	2026-10-07T05:19:13.7207096Z   ...
Release Configuration	Validate versions and quality-gate tests	2026-10-07T05:19:13.7207983Z # Subtest: production promotion moves the exact completed pair without uploading new bundles
Release Configuration	Validate versions and quality-gate tests	2026-10-07T05:19:13.7209203Z ok 135 - production promotion moves the exact completed pair without uploading new bundles
Release Configuration	Validate versions and quality-gate tests	2026-10-07T05:19:13.7210025Z   ---
Release Configuration	Validate versions and quality-gate tests	2026-10-07T05:19:13.7210581Z   duration_ms: 1.275472
Release Configuration	Validate versions and quality-gate tests	2026-10-07T05:19:13.7211124Z   ...
Release Configuration	Validate versions and quality-gate tests	2026-10-07T05:19:13.7212047Z # Subtest: local internal upload uses paired transaction, checks retries and rejects partial/production state
Release Configuration	Validate versions and quality-gate tests	2026-10-07T05:19:13.7213338Z ok 136 - local internal upload uses paired transaction, checks retries and rejects partial/production state
Release Configuration	Validate versions and quality-gate tests	2026-10-07T05:19:13.7214390Z   ---
Release Configuration	Validate versions and quality-gate tests	2026-10-07T05:19:13.7215076Z   duration_ms: 7.39742
Release Configuration	Validate versions and quality-gate tests	2026-10-07T05:19:13.7215774Z   ...
Release Configuration	Validate versions and quality-gate tests	2026-10-07T05:19:13.7237077Z # Subtest: publisher rejects a bundle changed after inspection before making an upload request
Release Configuration	Validate versions and quality-gate tests	2026-10-07T05:19:13.7242765Z ok 137 - publisher rejects a bundle changed after inspection before making an upload request
Release Configuration	Validate versions and quality-gate tests	2026-10-07T05:19:13.7243923Z   ---
Release Configuration	Validate versions and quality-gate tests	2026-10-07T05:19:13.7244507Z   duration_ms: 1.367839
Release Configuration	Validate versions and quality-gate tests	2026-10-07T05:19:13.7245083Z   ...
Release Configuration	Validate versions and quality-gate tests	2026-10-07T05:19:13.7537113Z # Subtest: native release environment enforces one complete signing identity and a production origin
Release Configuration	Validate versions and quality-gate tests	2026-10-07T05:19:13.7538022Z ok 138 - native release environment enforces one complete signing identity and a production origin
Release Configuration	Validate versions and quality-gate tests	2026-10-07T05:19:13.7538571Z   ---
Release Configuration	Validate versions and quality-gate tests	2026-10-07T05:19:13.7538912Z   duration_ms: 2.408305
Release Configuration	Validate versions and quality-gate tests	2026-10-07T05:19:13.7539246Z   ...
Release Configuration	Validate versions and quality-gate tests	2026-10-07T05:19:13.7539756Z # Subtest: native release environment defaults to the official hosted service
Release Configuration	Validate versions and quality-gate tests	2026-10-07T05:19:13.7540642Z ok 139 - native release environment defaults to the official hosted service
Release Configuration	Validate versions and quality-gate tests	2026-10-07T05:19:13.7541334Z   ---
Release Configuration	Validate versions and quality-gate tests	2026-10-07T05:19:13.7541739Z   duration_ms: 0.398639
Release Configuration	Validate versions and quality-gate tests	2026-10-07T05:19:13.7542224Z   ...
Release Configuration	Validate versions and quality-gate tests	2026-10-07T05:19:13.7543043Z # Subtest: native release environment rejects incomplete signing and non-origin HTTP URLs
Release Configuration	Validate versions and quality-gate tests	2026-10-07T05:19:13.7544192Z ok 140 - native release environment rejects incomplete signing and non-origin HTTP URLs
Release Configuration	Validate versions and quality-gate tests	2026-10-07T05:19:13.7544915Z   ---
Release Configuration	Validate versions and quality-gate tests	2026-10-07T05:19:13.7545441Z   duration_ms: 1.076056
Release Configuration	Validate versions and quality-gate tests	2026-10-07T05:19:13.7545923Z   ...
Release Configuration	Validate versions and quality-gate tests	2026-10-07T05:19:13.7546689Z # Subtest: native release build always produces phone and Wear APK plus AAB tasks
Release Configuration	Validate versions and quality-gate tests	2026-10-07T05:19:13.7547730Z ok 141 - native release build always produces phone and Wear APK plus AAB tasks
Release Configuration	Validate versions and quality-gate tests	2026-10-07T05:19:13.7548419Z   ---
Release Configuration	Validate versions and quality-gate tests	2026-10-07T05:19:13.7548834Z   duration_ms: 1.199381
Release Configuration	Validate versions and quality-gate tests	2026-10-07T05:19:13.7549289Z   ...
Release Configuration	Validate versions and quality-gate tests	2026-10-07T05:19:13.7550110Z # Subtest: Expo prebuild finalization restores the reviewed phone Gradle wrapper pins
Release Configuration	Validate versions and quality-gate tests	2026-10-07T05:19:13.7551220Z ok 142 - Expo prebuild finalization restores the reviewed phone Gradle wrapper pins
Release Configuration	Validate versions and quality-gate tests	2026-10-07T05:19:13.7551972Z   ---
Release Configuration	Validate versions and quality-gate tests	2026-10-07T05:19:13.7552373Z   duration_ms: 1.017257
Release Configuration	Validate versions and quality-gate tests	2026-10-07T05:19:13.7552830Z   ...
Release Configuration	Validate versions and quality-gate tests	2026-10-07T05:19:13.7554326Z # Subtest: credential-free prebuild rejects admitted Android signing values and fixed keystore
Release Configuration	Validate versions and quality-gate tests	2026-10-07T05:19:13.7556521Z ok 143 - credential-free prebuild rejects admitted Android signing values and fixed keystore
Release Configuration	Validate versions and quality-gate tests	2026-10-07T05:19:13.7557880Z   ---
Release Configuration	Validate versions and quality-gate tests	2026-10-07T05:19:13.7737693Z   duration_ms: 0.662717
Release Configuration	Validate versions and quality-gate tests	2026-10-07T05:19:13.7738364Z   ...
Release Configuration	Validate versions and quality-gate tests	2026-10-07T05:19:13.7739127Z # Subtest: Expo finalization copies every reviewed phone dependency-state file
Release Configuration	Validate versions and quality-gate tests	2026-10-07T05:19:13.7740171Z ok 144 - Expo finalization copies every reviewed phone dependency-state file
Release Configuration	Validate versions and quality-gate tests	2026-10-07T05:19:13.7741152Z   ---
Release Configuration	Validate versions and quality-gate tests	2026-10-07T05:19:13.7741563Z   duration_ms: 23.302973
Release Configuration	Validate versions and quality-gate tests	2026-10-07T05:19:13.7742009Z   ...
Release Configuration	Validate versions and quality-gate tests	2026-10-07T05:19:13.7742722Z # Subtest: tracked phone and Wear dependency state is complete and hash-reviewed
Release Configuration	Validate versions and quality-gate tests	2026-10-07T05:19:13.7743719Z ok 145 - tracked phone and Wear dependency state is complete and hash-reviewed
Release Configuration	Validate versions and quality-gate tests	2026-10-07T05:19:13.7744367Z   ---
Release Configuration	Validate versions and quality-gate tests	2026-10-07T05:19:13.7744763Z   duration_ms: 35.56165
Release Configuration	Validate versions and quality-gate tests	2026-10-07T05:19:13.7745319Z   ...
Release Configuration	Validate versions and quality-gate tests	2026-10-07T05:19:13.7746083Z # Subtest: Gradle integrity hashes canonical Git blobs across LF and CRLF checkouts
Release Configuration	Validate versions and quality-gate tests	2026-10-07T05:19:13.7747113Z ok 146 - Gradle integrity hashes canonical Git blobs across LF and CRLF checkouts
Release Configuration	Validate versions and quality-gate tests	2026-10-07T05:19:13.7747794Z   ---
Release Configuration	Validate versions and quality-gate tests	2026-10-07T05:19:13.7748186Z   duration_ms: 6.569949
Release Configuration	Validate versions and quality-gate tests	2026-10-07T05:19:13.7748609Z   ...
Release Configuration	Validate versions and quality-gate tests	2026-10-07T05:19:13.7749406Z # Subtest: verification metadata rejects trust shortcuts and incomplete artifact checksums
Release Configuration	Validate versions and quality-gate tests	2026-10-07T05:19:13.7750532Z ok 147 - verification metadata rejects trust shortcuts and incomplete artifact checksums
Release Configuration	Validate versions and quality-gate tests	2026-10-07T05:19:13.7751260Z   ---
Release Configuration	Validate versions and quality-gate tests	2026-10-07T05:19:13.7751655Z   duration_ms: 0.87129
Release Configuration	Validate versions and quality-gate tests	2026-10-07T05:19:13.7752078Z   ...
Release Configuration	Validate versions and quality-gate tests	2026-10-07T05:19:13.7752857Z # Subtest: verification metadata requires exact clean-run artifacts for each native platform
Release Configuration	Validate versions and quality-gate tests	2026-10-07T05:19:13.7754002Z ok 148 - verification metadata requires exact clean-run artifacts for each native platform
Release Configuration	Validate versions and quality-gate tests	2026-10-07T05:19:13.7754730Z   ---
Release Configuration	Validate versions and quality-gate tests	2026-10-07T05:19:13.7755120Z   duration_ms: 22.608088
Release Configuration	Validate versions and quality-gate tests	2026-10-07T05:19:13.7755679Z   ...
Release Configuration	Validate versions and quality-gate tests	2026-10-07T05:19:13.7756521Z # Subtest: native release rejects missing or mutated verification metadata and lock state
Release Configuration	Validate versions and quality-gate tests	2026-10-07T05:19:13.7757609Z ok 149 - native release rejects missing or mutated verification metadata and lock state
Release Configuration	Validate versions and quality-gate tests	2026-10-07T05:19:13.7758316Z   ---
Release Configuration	Validate versions and quality-gate tests	2026-10-07T05:19:13.7758720Z   duration_ms: 8.521312
Release Configuration	Validate versions and quality-gate tests	2026-10-07T05:19:13.7759147Z   ...
Release Configuration	Validate versions and quality-gate tests	2026-10-07T05:19:13.7759868Z # Subtest: native release accepts only the reviewed phone and Wear Gradle wrapper code
Release Configuration	Validate versions and quality-gate tests	2026-10-07T05:19:13.7760903Z ok 150 - native release accepts only the reviewed phone and Wear Gradle wrapper code
Release Configuration	Validate versions and quality-gate tests	2026-10-07T05:19:13.7761593Z   ---
Release Configuration	Validate versions and quality-gate tests	2026-10-07T05:19:13.7761978Z   duration_ms: 1.945071
Release Configuration	Validate versions and quality-gate tests	2026-10-07T05:19:13.7762395Z   ...
Release Configuration	Validate versions and quality-gate tests	2026-10-07T05:19:13.7763134Z # Subtest: native release rejects missing or changed Gradle URL, checksum, and wrapper JAR
Release Configuration	Validate versions and quality-gate tests	2026-10-07T05:19:13.7764213Z ok 151 - native release rejects missing or changed Gradle URL, checksum, and wrapper JAR
Release Configuration	Validate versions and quality-gate tests	2026-10-07T05:19:13.7764909Z   ---
Release Configuration	Validate versions and quality-gate tests	2026-10-07T05:19:13.7765394Z   duration_ms: 3.04765
Release Configuration	Validate versions and quality-gate tests	2026-10-07T05:19:13.7766056Z   ...
Release Configuration	Validate versions and quality-gate tests	2026-10-07T05:19:13.7766616Z # Subtest: native release verifies both wrappers before cache eviction
Release Configuration	Validate versions and quality-gate tests	2026-10-07T05:19:13.7767457Z ok 152 - native release verifies both wrappers before cache eviction
Release Configuration	Validate versions and quality-gate tests	2026-10-07T05:19:13.7768106Z   ---
Release Configuration	Validate versions and quality-gate tests	2026-10-07T05:19:13.7768456Z   duration_ms: 0.37269
Release Configuration	Validate versions and quality-gate tests	2026-10-07T05:19:13.7768833Z   ...
Release Configuration	Validate versions and quality-gate tests	2026-10-07T05:19:13.7769640Z # Subtest: native release evicts only the exact pinned distribution and preserves dependency caches
Release Configuration	Validate versions and quality-gate tests	2026-10-07T05:19:13.7770850Z ok 153 - native release evicts only the exact pinned distribution and preserves dependency caches
Release Configuration	Validate versions and quality-gate tests	2026-10-07T05:19:13.7771595Z   ---
Release Configuration	Validate versions and quality-gate tests	2026-10-07T05:19:13.7772006Z   duration_ms: 1.253191
Release Configuration	Validate versions and quality-gate tests	2026-10-07T05:19:13.7772456Z   ...
Release Configuration	Validate versions and quality-gate tests	2026-10-07T05:19:13.7773129Z # Subtest: native release builds require freshly generated APK and AAB outputs
Release Configuration	Validate versions and quality-gate tests	2026-10-07T05:19:13.7774036Z ok 154 - native release builds require freshly generated APK and AAB outputs
Release Configuration	Validate versions and quality-gate tests	2026-10-07T05:19:13.7774624Z   ---
Release Configuration	Validate versions and quality-gate tests	2026-10-07T05:19:13.7775428Z   duration_ms: 0.564335
Release Configuration	Validate versions and quality-gate tests	2026-10-07T05:19:13.7775851Z   ...
Release Configuration	Validate versions and quality-gate tests	2026-10-07T05:19:13.7776547Z # Subtest: native release build regenerates the ignored phone project before Gradle
Release Configuration	Validate versions and quality-gate tests	2026-10-07T05:19:13.7777628Z ok 155 - native release build regenerates the ignored phone project before Gradle
Release Configuration	Validate versions and quality-gate tests	2026-10-07T05:19:13.7778491Z   ---
Release Configuration	Validate versions and quality-gate tests	2026-10-07T05:19:13.7778895Z   duration_ms: 0.313873
Release Configuration	Validate versions and quality-gate tests	2026-10-07T05:19:13.7779307Z   ...
Release Configuration	Validate versions and quality-gate tests	2026-10-07T05:19:13.7779854Z # Subtest: Windows release builds bypass the command shell
Release Configuration	Validate versions and quality-gate tests	2026-10-07T05:19:13.7780774Z ok 156 - Windows release builds bypass the command shell
Release Configuration	Validate versions and quality-gate tests	2026-10-07T05:19:13.7781344Z   ---
Release Configuration	Validate versions and quality-gate tests	2026-10-07T05:19:13.7781698Z   duration_ms: 0.39326
Release Configuration	Validate versions and quality-gate tests	2026-10-07T05:19:13.7782078Z   ...
Release Configuration	Validate versions and quality-gate tests	2026-10-07T05:19:13.7782761Z # Subtest: native release build provenance requires a clean commit-specific source
Release Configuration	Validate versions and quality-gate tests	2026-10-07T05:19:13.7783743Z ok 157 - native release build provenance requires a clean commit-specific source
Release Configuration	Validate versions and quality-gate tests	2026-10-07T05:19:13.7784398Z   ---
Release Configuration	Validate versions and quality-gate tests	2026-10-07T05:19:13.7784786Z   duration_ms: 0.456231
Release Configuration	Validate versions and quality-gate tests	2026-10-07T05:19:13.7785343Z   ...
Release Configuration	Validate versions and quality-gate tests	2026-10-07T05:19:13.7786063Z # Subtest: candidate-bound sidecar records and revalidates all four artifact bytes
Release Configuration	Validate versions and quality-gate tests	2026-10-07T05:19:13.7787079Z ok 158 - candidate-bound sidecar records and revalidates all four artifact bytes
Release Configuration	Validate versions and quality-gate tests	2026-10-07T05:19:13.7787777Z   ---
Release Configuration	Validate versions and quality-gate tests	2026-10-07T05:19:13.7788176Z   duration_ms: 4.674161
Release Configuration	Validate versions and quality-gate tests	2026-10-07T05:19:13.7788605Z   ...
Release Configuration	Validate versions and quality-gate tests	2026-10-07T05:19:13.7789470Z # Subtest: release device CLI supports repeat installs and explicit non-interactive targets
Release Configuration	Validate versions and quality-gate tests	2026-10-07T05:19:13.7790592Z ok 159 - release device CLI supports repeat installs and explicit non-interactive targets
Release Configuration	Validate versions and quality-gate tests	2026-10-07T05:19:13.7791252Z   ---
Release Configuration	Validate versions and quality-gate tests	2026-10-07T05:19:13.7791645Z   duration_ms: 2.536495
Release Configuration	Validate versions and quality-gate tests	2026-10-07T05:19:13.7792112Z   ...
Release Configuration	Validate versions and quality-gate tests	2026-10-07T05:19:13.7792842Z # Subtest: ADB parsing preserves Windows mDNS serials containing a duplicate suffix
Release Configuration	Validate versions and quality-gate tests	2026-10-07T05:19:13.7793876Z ok 160 - ADB parsing preserves Windows mDNS serials containing a duplicate suffix
Release Configuration	Validate versions and quality-gate tests	2026-10-07T05:19:13.7794572Z   ---
Release Configuration	Validate versions and quality-gate tests	2026-10-07T05:19:13.7794992Z   duration_ms: 0.525715
Release Configuration	Validate versions and quality-gate tests	2026-10-07T05:19:13.7795590Z   ...
Release Configuration	Validate versions and quality-gate tests	2026-10-07T05:19:13.7796266Z # Subtest: duplicate watch routes collapse to the stable mDNS serial
Release Configuration	Validate versions and quality-gate tests	2026-10-07T05:19:13.7797182Z ok 161 - duplicate watch routes collapse to the stable mDNS serial
Release Configuration	Validate versions and quality-gate tests	2026-10-07T05:19:13.7797820Z   ---
Release Configuration	Validate versions and quality-gate tests	2026-10-07T05:19:13.7798224Z   duration_ms: 0.536849
Release Configuration	Validate versions and quality-gate tests	2026-10-07T05:19:13.7798673Z   ...
Release Configuration	Validate versions and quality-gate tests	2026-10-07T05:19:13.7799425Z # Subtest: physical devices are preferred over emulators for release installation
Release Configuration	Validate versions and quality-gate tests	2026-10-07T05:19:13.7800509Z ok 162 - physical devices are preferred over emulators for release installation
Release Configuration	Validate versions and quality-gate tests	2026-10-07T05:19:13.7801219Z   ---
Release Configuration	Validate versions and quality-gate tests	2026-10-07T05:19:13.7801629Z   duration_ms: 0.225308
Release Configuration	Validate versions and quality-gate tests	2026-10-07T05:19:13.7802077Z   ...
Release Configuration	Validate versions and quality-gate tests	2026-10-07T05:19:13.7802769Z # Subtest: Android tablets are valid mobile release installation targets
Release Configuration	Validate versions and quality-gate tests	2026-10-07T05:19:13.7804538Z ok 163 - Android tablets are valid mobile release installation targets
Release Configuration	Validate versions and quality-gate tests	2026-10-07T05:19:13.7805456Z   ---
Release Configuration	Validate versions and quality-gate tests	2026-10-07T05:19:13.7805914Z   duration_ms: 0.171842
Release Configuration	Validate versions and quality-gate tests	2026-10-07T05:19:13.7806390Z   ...
Release Configuration	Validate versions and quality-gate tests	2026-10-07T05:19:13.7807182Z # Subtest: APK parsers retain release identity and normalize certificate fingerprints
Release Configuration	Validate versions and quality-gate tests	2026-10-07T05:19:13.7808290Z ok 164 - APK parsers retain release identity and normalize certificate fingerprints
Release Configuration	Validate versions and quality-gate tests	2026-10-07T05:19:13.7809029Z   ---
Release Configuration	Validate versions and quality-gate tests	2026-10-07T05:19:13.7809642Z   duration_ms: 0.620468
Release Configuration	Validate versions and quality-gate tests	2026-10-07T05:19:13.7810149Z   ...
Release Configuration	Validate versions and quality-gate tests	2026-10-07T05:19:13.7810861Z # Subtest: release artifact versions are read from the canonical manifest
Release Configuration	Validate versions and quality-gate tests	2026-10-07T05:19:13.7811827Z ok 165 - release artifact versions are read from the canonical manifest
Release Configuration	Validate versions and quality-gate tests	2026-10-07T05:19:13.7812619Z   ---
Release Configuration	Validate versions and quality-gate tests	2026-10-07T05:19:13.7813038Z   duration_ms: 2.199476
Release Configuration	Validate versions and quality-gate tests	2026-10-07T05:19:13.7813483Z   ...
Release Configuration	Validate versions and quality-gate tests	2026-10-07T05:19:13.7814210Z # Subtest: stale phone and Wear APK versions are rejected before installation
Release Configuration	Validate versions and quality-gate tests	2026-10-07T05:19:13.7815323Z ok 166 - stale phone and Wear APK versions are rejected before installation
Release Configuration	Validate versions and quality-gate tests	2026-10-07T05:19:13.7815908Z   ---
Release Configuration	Validate versions and quality-gate tests	2026-10-07T05:19:13.7816296Z   duration_ms: 0.539176
Release Configuration	Validate versions and quality-gate tests	2026-10-07T05:19:13.7816954Z   ...
Release Configuration	Validate versions and quality-gate tests	2026-10-07T05:19:13.7817709Z # Subtest: tool resolution uses standard Windows Android Studio paths and newest build tools
Release Configuration	Validate versions and quality-gate tests	2026-10-07T05:19:13.7818756Z ok 167 - tool resolution uses standard Windows Android Studio paths and newest build tools
Release Configuration	Validate versions and quality-gate tests	2026-10-07T05:19:13.7819479Z   ---
Release Configuration	Validate versions and quality-gate tests	2026-10-07T05:19:13.7819890Z   duration_ms: 12.534587
Release Configuration	Validate versions and quality-gate tests	2026-10-07T05:19:13.7820302Z   ...
Release Configuration	Validate versions and quality-gate tests	2026-10-07T05:19:13.7820990Z # Subtest: tool resolution honors the exact configured Android build-tools version
Release Configuration	Validate versions and quality-gate tests	2026-10-07T05:19:13.7822066Z ok 168 - tool resolution honors the exact configured Android build-tools version
Release Configuration	Validate versions and quality-gate tests	2026-10-07T05:19:13.7822708Z   ---
Release Configuration	Validate versions and quality-gate tests	2026-10-07T05:19:13.7823073Z   duration_ms: 0.459377
Release Configuration	Validate versions and quality-gate tests	2026-10-07T05:19:13.7823479Z   ...
Release Configuration	Validate versions and quality-gate tests	2026-10-07T05:19:13.7824121Z # Subtest: tool resolution rejects a missing exact Android build-tools version
Release Configuration	Validate versions and quality-gate tests	2026-10-07T05:19:13.7825104Z ok 169 - tool resolution rejects a missing exact Android build-tools version
Release Configuration	Validate versions and quality-gate tests	2026-10-07T05:19:13.7825944Z   ---
Release Configuration	Validate versions and quality-gate tests	2026-10-07T05:19:13.7826352Z   duration_ms: 0.287866
Release Configuration	Validate versions and quality-gate tests	2026-10-07T05:19:13.7826751Z   ...
Release Configuration	Validate versions and quality-gate tests	2026-10-07T05:19:13.7827359Z # Subtest: evidence CLI requires explicit candidate and observation inputs
Release Configuration	Validate versions and quality-gate tests	2026-10-07T05:19:13.7828158Z ok 170 - evidence CLI requires explicit candidate and observation inputs
Release Configuration	Validate versions and quality-gate tests	2026-10-07T05:19:13.7828695Z   ---
Release Configuration	Validate versions and quality-gate tests	2026-10-07T05:19:13.7829027Z   duration_ms: 0.434475
Release Configuration	Validate versions and quality-gate tests	2026-10-07T05:19:13.7829425Z   ...
Release Configuration	Validate versions and quality-gate tests	2026-10-07T05:19:13.7830118Z # Subtest: strict evidence targets are physical Samsung devices and retained metadata omits serials
Release Configuration	Validate versions and quality-gate tests	2026-10-07T05:19:13.7831111Z ok 171 - strict evidence targets are physical Samsung devices and retained metadata omits serials
Release Configuration	Validate versions and quality-gate tests	2026-10-07T05:19:13.7831815Z   ---
Release Configuration	Validate versions and quality-gate tests	2026-10-07T05:19:13.7832229Z   duration_ms: 0.897209
Release Configuration	Validate versions and quality-gate tests	2026-10-07T05:19:13.7832675Z   ...
Release Configuration	Validate versions and quality-gate tests	2026-10-07T05:19:13.7833481Z # Subtest: strict upgrade plans require same-signer lower versions and preserve firstInstallTime
Release Configuration	Validate versions and quality-gate tests	2026-10-07T05:19:13.7834657Z ok 172 - strict upgrade plans require same-signer lower versions and preserve firstInstallTime
Release Configuration	Validate versions and quality-gate tests	2026-10-07T05:19:13.7835630Z   ---
Release Configuration	Validate versions and quality-gate tests	2026-10-07T05:19:13.7836034Z   duration_ms: 0.653332
Release Configuration	Validate versions and quality-gate tests	2026-10-07T05:19:13.7836461Z   ...
Release Configuration	Validate versions and quality-gate tests	2026-10-07T05:19:13.7837178Z # Subtest: package dump parser retains version and firstInstallTime for upgrade continuity
Release Configuration	Validate versions and quality-gate tests	2026-10-07T05:19:13.7838210Z ok 173 - package dump parser retains version and firstInstallTime for upgrade continuity
Release Configuration	Validate versions and quality-gate tests	2026-10-07T05:19:13.7838866Z   ---
Release Configuration	Validate versions and quality-gate tests	2026-10-07T05:19:13.7839240Z   duration_ms: 0.343469
Release Configuration	Validate versions and quality-gate tests	2026-10-07T05:19:13.7839665Z   ...
Release Configuration	Validate versions and quality-gate tests	2026-10-07T05:19:13.7840342Z # Subtest: artifact capture independently inspects two APK and two AAB signers
Release Configuration	Validate versions and quality-gate tests	2026-10-07T05:19:13.7841608Z ok 174 - artifact capture independently inspects two APK and two AAB signers
Release Configuration	Validate versions and quality-gate tests	2026-10-07T05:19:13.7842282Z   ---
Release Configuration	Validate versions and quality-gate tests	2026-10-07T05:19:13.7842689Z   duration_ms: 11.227248
Release Configuration	Validate versions and quality-gate tests	2026-10-07T05:19:13.7843097Z   ...
Release Configuration	Validate versions and quality-gate tests	2026-10-07T05:19:13.7843747Z # Subtest: artifact parsers reject stale AAB metadata and multiple signer identities
Release Configuration	Validate versions and quality-gate tests	2026-10-07T05:19:13.7844728Z ok 175 - artifact parsers reject stale AAB metadata and multiple signer identities
Release Configuration	Validate versions and quality-gate tests	2026-10-07T05:19:13.7856507Z   ---
Release Configuration	Validate versions and quality-gate tests	2026-10-07T05:19:13.7859590Z   duration_ms: 3.698414
Release Configuration	Validate versions and quality-gate tests	2026-10-07T05:19:13.7860615Z   ...
Release Configuration	Validate versions and quality-gate tests	2026-10-07T05:19:13.7861844Z # Subtest: device runner redacts ADB serial and bundletool path sentinels from command failure detail
Release Configuration	Validate versions and quality-gate tests	2026-10-07T05:19:13.7863536Z ok 176 - device runner redacts ADB serial and bundletool path sentinels from command failure detail
Release Configuration	Validate versions and quality-gate tests	2026-10-07T05:19:13.7864699Z   ---
Release Configuration	Validate versions and quality-gate tests	2026-10-07T05:19:13.7865639Z   duration_ms: 0.932656
Release Configuration	Validate versions and quality-gate tests	2026-10-07T05:19:13.7866432Z   ...
Release Configuration	Validate versions and quality-gate tests	2026-10-07T05:19:13.7867712Z # Subtest: validates four signed artifacts, physical Samsung metadata, strict upgrades, and derived capabilities
Release Configuration	Validate versions and quality-gate tests	2026-10-07T05:19:13.7869367Z ok 177 - validates four signed artifacts, physical Samsung metadata, strict upgrades, and derived capabilities
Release Configuration	Validate versions and quality-gate tests	2026-10-07T05:19:13.7870558Z   ---
Release Configuration	Validate versions and quality-gate tests	2026-10-07T05:19:13.7871288Z   duration_ms: 6.521317
Release Configuration	Validate versions and quality-gate tests	2026-10-07T05:19:13.7872008Z   ...
Release Configuration	Validate versions and quality-gate tests	2026-10-07T05:19:13.7872873Z # Subtest: rejects paths that can escape the repository and requires all four independent signer rows
Release Configuration	Validate versions and quality-gate tests	2026-10-07T05:19:13.7881556Z ok 178 - rejects paths that can escape the repository and requires all four independent signer rows
Release Configuration	Validate versions and quality-gate tests	2026-10-07T05:19:13.7892997Z   ---
Release Configuration	Validate versions and quality-gate tests	2026-10-07T05:19:13.7893528Z   duration_ms: 1.679959
Release Configuration	Validate versions and quality-gate tests	2026-10-07T05:19:13.7914913Z   ...
Release Configuration	Validate versions and quality-gate tests	2026-10-07T05:19:13.7916038Z # Subtest: device evidence rejects serial-like fields, non-Samsung targets, and emulators
Release Configuration	Validate versions and quality-gate tests	2026-10-07T05:19:13.7917320Z ok 179 - device evidence rejects serial-like fields, non-Samsung targets, and emulators
Release Configuration	Validate versions and quality-gate tests	2026-10-07T05:19:13.7918516Z   ---
Release Configuration	Validate versions and quality-gate tests	2026-10-07T05:19:13.7918963Z   duration_ms: 2.164061
Release Configuration	Validate versions and quality-gate tests	2026-10-07T05:19:13.7919420Z   ...
Release Configuration	Validate versions and quality-gate tests	2026-10-07T05:19:13.7920419Z # Subtest: strict upgrade evidence requires a lower same-signer version, install -r, and unchanged firstInstallTime
Release Configuration	Validate versions and quality-gate tests	2026-10-07T05:19:13.7921913Z ok 180 - strict upgrade evidence requires a lower same-signer version, install -r, and unchanged firstInstallTime
Release Configuration	Validate versions and quality-gate tests	2026-10-07T05:19:13.7922789Z   ---
Release Configuration	Validate versions and quality-gate tests	2026-10-07T05:19:13.7923292Z   duration_ms: 1.139467
Release Configuration	Validate versions and quality-gate tests	2026-10-07T05:19:13.7923756Z   ...
Release Configuration	Validate versions and quality-gate tests	2026-10-07T05:19:13.7924624Z # Subtest: checkpoint records require allowlisted command/capability IDs and boolean outcomes
Release Configuration	Validate versions and quality-gate tests	2026-10-07T05:19:13.7959544Z ok 181 - checkpoint records require allowlisted command/capability IDs and boolean outcomes
Release Configuration	Validate versions and quality-gate tests	2026-10-07T05:19:13.7961292Z   ---
Release Configuration	Validate versions and quality-gate tests	2026-10-07T05:19:13.7962343Z   duration_ms: 1.064792
Release Configuration	Validate versions and quality-gate tests	2026-10-07T05:19:13.7963184Z   ...
Release Configuration	Validate versions and quality-gate tests	2026-10-07T05:19:13.7964312Z # Subtest: release manifest provenance is bound to the frozen candidate bytes and canonical versions
Release Configuration	Validate versions and quality-gate tests	2026-10-07T05:19:13.7966178Z ok 182 - release manifest provenance is bound to the frozen candidate bytes and canonical versions
Release Configuration	Validate versions and quality-gate tests	2026-10-07T05:19:13.7966983Z   ---
Release Configuration	Validate versions and quality-gate tests	2026-10-07T05:19:13.7967360Z   duration_ms: 1.002376
Release Configuration	Validate versions and quality-gate tests	2026-10-07T05:19:13.7967746Z   ...
Release Configuration	Validate versions and quality-gate tests	2026-10-07T05:19:13.7968450Z # Subtest: retained build provenance rejects stale candidates and old same-version artifact bytes
Release Configuration	Validate versions and quality-gate tests	2026-10-07T05:19:13.7969534Z ok 183 - retained build provenance rejects stale candidates and old same-version artifact bytes
Release Configuration	Validate versions and quality-gate tests	2026-10-07T05:19:13.7970285Z   ---
Release Configuration	Validate versions and quality-gate tests	2026-10-07T05:19:13.7970731Z   duration_ms: 1.094256
Release Configuration	Validate versions and quality-gate tests	2026-10-07T05:19:13.7971521Z   ...
Release Configuration	Validate versions and quality-gate tests	2026-10-07T05:19:13.7972544Z # Subtest: rejects future execution dates and non-allowlisted protocol text
Release Configuration	Validate versions and quality-gate tests	2026-10-07T05:19:13.7973825Z ok 184 - rejects future execution dates and non-allowlisted protocol text
Release Configuration	Validate versions and quality-gate tests	2026-10-07T05:19:13.7974767Z   ---
Release Configuration	Validate versions and quality-gate tests	2026-10-07T05:19:13.7975737Z   duration_ms: 1.164697
Release Configuration	Validate versions and quality-gate tests	2026-10-07T05:19:13.7976513Z   ...
Release Configuration	Validate versions and quality-gate tests	2026-10-07T05:19:13.7977533Z # Subtest: rejects calendar dates that JavaScript would otherwise normalize
Release Configuration	Validate versions and quality-gate tests	2026-10-07T05:19:13.7978645Z ok 185 - rejects calendar dates that JavaScript would otherwise normalize
Release Configuration	Validate versions and quality-gate tests	2026-10-07T05:19:13.7979283Z   ---
Release Configuration	Validate versions and quality-gate tests	2026-10-07T05:19:13.7980074Z   duration_ms: 1.064222
Release Configuration	Validate versions and quality-gate tests	2026-10-07T05:19:13.7980807Z   ...
Release Configuration	Validate versions and quality-gate tests	2026-10-07T05:19:13.7981510Z # Subtest: AAB signer parser requires a real keytool SHA-256 fingerprint
Release Configuration	Validate versions and quality-gate tests	2026-10-07T05:19:13.7982449Z ok 186 - AAB signer parser requires a real keytool SHA-256 fingerprint
Release Configuration	Validate versions and quality-gate tests	2026-10-07T05:19:13.7983099Z   ---
Release Configuration	Validate versions and quality-gate tests	2026-10-07T05:19:13.7983506Z   duration_ms: 0.863289
Release Configuration	Validate versions and quality-gate tests	2026-10-07T05:19:13.7983944Z   ...
Release Configuration	Validate versions and quality-gate tests	2026-10-07T05:19:13.7984836Z # Subtest: finalization copies capture facts, requires synthetic-account checkpoints, and derives claims
Release Configuration	Validate versions and quality-gate tests	2026-10-07T05:19:13.7986273Z ok 187 - finalization copies capture facts, requires synthetic-account checkpoints, and derives claims
Release Configuration	Validate versions and quality-gate tests	2026-10-07T05:19:13.7987086Z   ---
Release Configuration	Validate versions and quality-gate tests	2026-10-07T05:19:13.7987467Z   duration_ms: 3.060415
Release Configuration	Validate versions and quality-gate tests	2026-10-07T05:19:13.7987859Z   ...
Release Configuration	Validate versions and quality-gate tests	2026-10-07T05:19:13.7988534Z # Subtest: CLI verifies an optional physical result without an evidence commit
Release Configuration	Validate versions and quality-gate tests	2026-10-07T05:19:13.7989598Z ok 188 - CLI verifies an optional physical result without an evidence commit
Release Configuration	Validate versions and quality-gate tests	2026-10-07T05:19:13.7990256Z   ---
Release Configuration	Validate versions and quality-gate tests	2026-10-07T05:19:13.7990641Z   duration_ms: 0.409755
Release Configuration	Validate versions and quality-gate tests	2026-10-07T05:19:13.7991053Z   ...
Release Configuration	Validate versions and quality-gate tests	2026-10-07T05:19:13.7991760Z # Subtest: setup flags keep check read-only and reject unknown or conflicting options
Release Configuration	Validate versions and quality-gate tests	2026-10-07T05:19:13.7992808Z ok 189 - setup flags keep check read-only and reject unknown or conflicting options
Release Configuration	Validate versions and quality-gate tests	2026-10-07T05:19:13.7999781Z   ---
Release Configuration	Validate versions and quality-gate tests	2026-10-07T05:19:13.8000232Z   duration_ms: 2.41518
Release Configuration	Validate versions and quality-gate tests	2026-10-07T05:19:13.8000669Z   ...
Release Configuration	Validate versions and quality-gate tests	2026-10-07T05:19:13.8001547Z # Subtest: setup subprocesses omit inherited native signing and publishing credentials without changing the caller
Release Configuration	Validate versions and quality-gate tests	2026-10-07T05:19:13.8002783Z ok 190 - setup subprocesses omit inherited native signing and publishing credentials without changing the caller
Release Configuration	Validate versions and quality-gate tests	2026-10-07T05:19:13.8003543Z   ---
Release Configuration	Validate versions and quality-gate tests	2026-10-07T05:19:13.8003931Z   duration_ms: 0.980642
Release Configuration	Validate versions and quality-gate tests	2026-10-07T05:19:13.8004563Z   ...
Release Configuration	Validate versions and quality-gate tests	2026-10-07T05:19:13.8005536Z # Subtest: a fresh Windows setup installs tools in order, scopes SDK license answers and saves only public paths
Release Configuration	Validate versions and quality-gate tests	2026-10-07T05:19:13.8006723Z ok 191 - a fresh Windows setup installs tools in order, scopes SDK license answers and saves only public paths
Release Configuration	Validate versions and quality-gate tests	2026-10-07T05:19:13.8008041Z   ---
Release Configuration	Validate versions and quality-gate tests	2026-10-07T05:19:13.8025020Z   duration_ms: 9.784581
Release Configuration	Validate versions and quality-gate tests	2026-10-07T05:19:13.8025742Z   ...
Release Configuration	Validate versions and quality-gate tests	2026-10-07T05:19:13.8026723Z # Subtest: check lists missing tools and dependencies without installs, environment writes or network activity
Release Configuration	Validate versions and quality-gate tests	2026-10-07T05:19:13.8028392Z ok 192 - check lists missing tools and dependencies without installs, environment writes or network activity
Release Configuration	Validate versions and quality-gate tests	2026-10-07T05:19:13.8029230Z   ---
Release Configuration	Validate versions and quality-gate tests	2026-10-07T05:19:13.8029649Z   duration_ms: 1.068991
Release Configuration	Validate versions and quality-gate tests	2026-10-07T05:19:13.8030054Z   ...
Release Configuration	Validate versions and quality-gate tests	2026-10-07T05:19:13.8030840Z # Subtest: setup and check require runnable Git even when all other prerequisites are installed
Release Configuration	Validate versions and quality-gate tests	2026-10-07T05:19:13.8032099Z ok 193 - setup and check require runnable Git even when all other prerequisites are installed
Release Configuration	Validate versions and quality-gate tests	2026-10-07T05:19:13.8032840Z   ---
Release Configuration	Validate versions and quality-gate tests	2026-10-07T05:19:13.8033241Z   duration_ms: 10.832719
Release Configuration	Validate versions and quality-gate tests	2026-10-07T05:19:13.8033674Z   ...
Release Configuration	Validate versions and quality-gate tests	2026-10-07T05:19:13.8034466Z # Subtest: tool installation failure never persists partial settings or runs dependency setup
Release Configuration	Validate versions and quality-gate tests	2026-10-07T05:19:13.8035912Z ok 194 - tool installation failure never persists partial settings or runs dependency setup
Release Configuration	Validate versions and quality-gate tests	2026-10-07T05:19:13.8037763Z   ---
Release Configuration	Validate versions and quality-gate tests	2026-10-07T05:19:13.8038628Z   duration_ms: 1.119395
Release Configuration	Validate versions and quality-gate tests	2026-10-07T05:19:13.8039421Z   ...
Release Configuration	Validate versions and quality-gate tests	2026-10-07T05:19:13.8040141Z # Subtest: SDK installation keeps license input interactive unless explicitly requested
Release Configuration	Validate versions and quality-gate tests	2026-10-07T05:19:13.8041196Z ok 195 - SDK installation keeps license input interactive unless explicitly requested
Release Configuration	Validate versions and quality-gate tests	2026-10-07T05:19:13.8041858Z   ---
Release Configuration	Validate versions and quality-gate tests	2026-10-07T05:19:13.8042229Z   duration_ms: 2.619096
Release Configuration	Validate versions and quality-gate tests	2026-10-07T05:19:13.8042621Z   ...
Release Configuration	Validate versions and quality-gate tests	2026-10-07T05:19:13.8043337Z # Subtest: full setup delegates host installation to existing repo scripts before saving settings
Release Configuration	Validate versions and quality-gate tests	2026-10-07T05:19:13.8044383Z ok 196 - full setup delegates host installation to existing repo scripts before saving settings
Release Configuration	Validate versions and quality-gate tests	2026-10-07T05:19:13.8045130Z   ---
Release Configuration	Validate versions and quality-gate tests	2026-10-07T05:19:13.8045678Z   duration_ms: 3.714847
Release Configuration	Validate versions and quality-gate tests	2026-10-07T05:19:13.8046106Z   ...
Release Configuration	Validate versions and quality-gate tests	2026-10-07T05:19:13.8046966Z # Subtest: EAS setup caches the reviewed dependency graph and retries a failed install without a valid stamp
Release Configuration	Validate versions and quality-gate tests	2026-10-07T05:19:13.8048289Z ok 197 - EAS setup caches the reviewed dependency graph and retries a failed install without a valid stamp
Release Configuration	Validate versions and quality-gate tests	2026-10-07T05:19:13.8050200Z   ---
Release Configuration	Validate versions and quality-gate tests	2026-10-07T05:19:13.8050932Z   duration_ms: 21.990396
Release Configuration	Validate versions and quality-gate tests	2026-10-07T05:19:13.8051675Z   ...
Release Configuration	Validate versions and quality-gate tests	2026-10-07T05:19:13.8052690Z # Subtest: all missing toolchain components are reported together and tool stderr cannot leak secrets
Release Configuration	Validate versions and quality-gate tests	2026-10-07T05:19:13.8054177Z ok 198 - all missing toolchain components are reported together and tool stderr cannot leak secrets
Release Configuration	Validate versions and quality-gate tests	2026-10-07T05:19:13.8055019Z   ---
Release Configuration	Validate versions and quality-gate tests	2026-10-07T05:19:13.8055564Z   duration_ms: 1.808483
Release Configuration	Validate versions and quality-gate tests	2026-10-07T05:19:13.8055953Z   ...
Release Configuration	Validate versions and quality-gate tests	2026-10-07T05:19:13.8056614Z # Subtest: download checks SHA-256 before use and removes corrupt or interrupted files
Release Configuration	Validate versions and quality-gate tests	2026-10-07T05:19:13.8057577Z ok 199 - download checks SHA-256 before use and removes corrupt or interrupted files
Release Configuration	Validate versions and quality-gate tests	2026-10-07T05:19:13.8058289Z   ---
Release Configuration	Validate versions and quality-gate tests	2026-10-07T05:19:13.8058685Z   duration_ms: 53.595996
Release Configuration	Validate versions and quality-gate tests	2026-10-07T05:19:13.8059130Z   ...
Release Configuration	Validate versions and quality-gate tests	2026-10-07T05:19:13.8060056Z # Subtest: archive installation preserves existing tools and cleans only its own staging directory on failure
Release Configuration	Validate versions and quality-gate tests	2026-10-07T05:19:13.8061720Z ok 200 - archive installation preserves existing tools and cleans only its own staging directory on failure
Release Configuration	Validate versions and quality-gate tests	2026-10-07T05:19:13.8062570Z   ---
Release Configuration	Validate versions and quality-gate tests	2026-10-07T05:19:13.8062957Z   duration_ms: 2.237371
Release Configuration	Validate versions and quality-gate tests	2026-10-07T05:19:13.8063386Z   ...
Release Configuration	Validate versions and quality-gate tests	2026-10-07T05:19:13.8064203Z # Subtest: archive extraction handles literal Windows paths and rejects entries outside the destination
Release Configuration	Validate versions and quality-gate tests	2026-10-07T05:19:13.8065554Z ok 201 - archive extraction handles literal Windows paths and rejects entries outside the destination # SKIP
Release Configuration	Validate versions and quality-gate tests	2026-10-07T05:19:13.8066550Z   ---
Release Configuration	Validate versions and quality-gate tests	2026-10-07T05:19:13.8066917Z   duration_ms: 0.124534
Release Configuration	Validate versions and quality-gate tests	2026-10-07T05:19:13.8067341Z   ...
Release Configuration	Validate versions and quality-gate tests	2026-10-07T05:19:13.8067985Z # Subtest: local tool versions stay aligned with the protected workflow pins
Release Configuration	Validate versions and quality-gate tests	2026-10-07T05:19:13.8068919Z ok 202 - local tool versions stay aligned with the protected workflow pins
Release Configuration	Validate versions and quality-gate tests	2026-10-07T05:19:13.8069551Z   ---
Release Configuration	Validate versions and quality-gate tests	2026-10-07T05:19:13.8069935Z   duration_ms: 0.484667
Release Configuration	Validate versions and quality-gate tests	2026-10-07T05:19:13.8070350Z   ...
Release Configuration	Validate versions and quality-gate tests	2026-10-07T05:19:13.8336905Z # Subtest: parses raw OpenSSH keys and normalizes fixed-principal allowed signers
Release Configuration	Validate versions and quality-gate tests	2026-10-07T05:19:13.8338642Z ok 203 - parses raw OpenSSH keys and normalizes fixed-principal allowed signers
Release Configuration	Validate versions and quality-gate tests	2026-10-07T05:19:13.8366599Z   ---
Release Configuration	Validate versions and quality-gate tests	2026-10-07T05:19:13.8386330Z   duration_ms: 4.933673
Release Configuration	Validate versions and quality-gate tests	2026-10-07T05:19:13.8386917Z   ...
Release Configuration	Validate versions and quality-gate tests	2026-10-07T05:19:13.8387787Z # Subtest: repository trust data is the exact fail-closed placeholder or a valid allowed-signers file
Release Configuration	Validate versions and quality-gate tests	2026-10-07T05:19:13.8388989Z ok 204 - repository trust data is the exact fail-closed placeholder or a valid allowed-signers file
Release Configuration	Validate versions and quality-gate tests	2026-10-07T05:19:13.8389745Z   ---
Release Configuration	Validate versions and quality-gate tests	2026-10-07T05:19:13.8390119Z   duration_ms: 0.557982
Release Configuration	Validate versions and quality-gate tests	2026-10-07T05:19:13.8390516Z   ...
Release Configuration	Validate versions and quality-gate tests	2026-10-07T05:19:13.8391344Z # Subtest: allowed-signers parsing rejects other principals, options, malformed keys, and blank entries
Release Configuration	Validate versions and quality-gate tests	2026-10-07T05:19:13.8392580Z ok 205 - allowed-signers parsing rejects other principals, options, malformed keys, and blank entries
Release Configuration	Validate versions and quality-gate tests	2026-10-07T05:19:13.8393280Z   ---
Release Configuration	Validate versions and quality-gate tests	2026-10-07T05:19:13.8393686Z   duration_ms: 2.751386
Release Configuration	Validate versions and quality-gate tests	2026-10-07T05:19:13.8394157Z   ...
Release Configuration	Validate versions and quality-gate tests	2026-10-07T05:19:13.8394934Z # Subtest: pure tag-object validation requires annotated exact-name direct-commit SSH-signed metadata
Release Configuration	Validate versions and quality-gate tests	2026-10-07T05:19:13.8396400Z ok 206 - pure tag-object validation requires annotated exact-name direct-commit SSH-signed metadata
Release Configuration	Validate versions and quality-gate tests	2026-10-07T05:19:13.8397140Z   ---
Release Configuration	Validate versions and quality-gate tests	2026-10-07T05:19:13.8397562Z   duration_ms: 1.304555
Release Configuration	Validate versions and quality-gate tests	2026-10-07T05:19:13.8398012Z   ...
Release Configuration	Validate versions and quality-gate tests	2026-10-07T05:19:13.8398910Z # Subtest: injected verification pins the tag object, principal, target, and reviewed overlap keys
Release Configuration	Validate versions and quality-gate tests	2026-10-07T05:19:13.8400175Z ok 207 - injected verification pins the tag object, principal, target, and reviewed overlap keys
Release Configuration	Validate versions and quality-gate tests	2026-10-07T05:19:13.8401005Z   ---
Release Configuration	Validate versions and quality-gate tests	2026-10-07T05:19:13.8401453Z   duration_ms: 2.734714
Release Configuration	Validate versions and quality-gate tests	2026-10-07T05:19:13.8401924Z   ...
Release Configuration	Validate versions and quality-gate tests	2026-10-07T05:19:13.8402877Z # Subtest: verification fails closed for lightweight, wrong-key, wrong-principal, and unreviewed-key results
Release Configuration	Validate versions and quality-gate tests	2026-10-07T05:19:13.8404282Z ok 208 - verification fails closed for lightweight, wrong-key, wrong-principal, and unreviewed-key results
Release Configuration	Validate versions and quality-gate tests	2026-10-07T05:19:13.8405346Z   ---
Release Configuration	Validate versions and quality-gate tests	2026-10-07T05:19:13.8405890Z   duration_ms: 2.514755
Release Configuration	Validate versions and quality-gate tests	2026-10-07T05:19:13.8406442Z   ...
Release Configuration	Validate versions and quality-gate tests	2026-10-07T05:19:13.8407593Z # Subtest: verification rejects a precreated wrong-target tag and a tag changed during verification
Release Configuration	Validate versions and quality-gate tests	2026-10-07T05:19:13.8409196Z ok 209 - verification rejects a precreated wrong-target tag and a tag changed during verification
Release Configuration	Validate versions and quality-gate tests	2026-10-07T05:19:13.8410321Z   ---
Release Configuration	Validate versions and quality-gate tests	2026-10-07T05:19:13.8410866Z   duration_ms: 1.482579
Release Configuration	Validate versions and quality-gate tests	2026-10-07T05:19:13.8411329Z   ...
Release Configuration	Validate versions and quality-gate tests	2026-10-07T05:19:13.8412132Z # Subtest: CLI reads an exact allowed-signers file and rejects ambiguous key-source arguments
Release Configuration	Validate versions and quality-gate tests	2026-10-07T05:19:13.8413181Z ok 210 - CLI reads an exact allowed-signers file and rejects ambiguous key-source arguments
Release Configuration	Validate versions and quality-gate tests	2026-10-07T05:19:13.8414176Z   ---
Release Configuration	Validate versions and quality-gate tests	2026-10-07T05:19:13.8424823Z   duration_ms: 2.527324
Release Configuration	Validate versions and quality-gate tests	2026-10-07T05:19:13.8425697Z   ...
Release Configuration	Validate versions and quality-gate tests	2026-10-07T05:19:13.8426682Z # Subtest: real Git verifies an SSH-signed annotated tag and rejects unsigned, lightweight, stale, and wrong keys
Release Configuration	Validate versions and quality-gate tests	2026-10-07T05:19:13.8428509Z ok 211 - real Git verifies an SSH-signed annotated tag and rejects unsigned, lightweight, stale, and wrong keys
Release Configuration	Validate versions and quality-gate tests	2026-10-07T05:19:13.8429362Z   ---
Release Configuration	Validate versions and quality-gate tests	2026-10-07T05:19:13.8429789Z   duration_ms: 272.947861
Release Configuration	Validate versions and quality-gate tests	2026-10-07T05:19:13.8430218Z   ...
Release Configuration	Validate versions and quality-gate tests	2026-10-07T05:19:13.8509432Z # Subtest: pure validation requires both active exact-scope tag rulesets
Release Configuration	Validate versions and quality-gate tests	2026-10-07T05:19:13.8516389Z ok 212 - pure validation requires both active exact-scope tag rulesets
Release Configuration	Validate versions and quality-gate tests	2026-10-07T05:19:13.8521684Z   ---
Release Configuration	Validate versions and quality-gate tests	2026-10-07T05:19:13.8522058Z   duration_ms: 2.70098
Release Configuration	Validate versions and quality-gate tests	2026-10-07T05:19:13.8522412Z   ...
Release Configuration	Validate versions and quality-gate tests	2026-10-07T05:19:13.8523083Z # Subtest: pure validation fails closed when a required ruleset is missing or ambiguous
Release Configuration	Validate versions and quality-gate tests	2026-10-07T05:19:13.8523978Z ok 213 - pure validation fails closed when a required ruleset is missing or ambiguous
Release Configuration	Validate versions and quality-gate tests	2026-10-07T05:19:13.8524561Z   ---
Release Configuration	Validate versions and quality-gate tests	2026-10-07T05:19:13.8524839Z   duration_ms: 0.651665
Release Configuration	Validate versions and quality-gate tests	2026-10-07T05:19:13.8525153Z   ...
Release Configuration	Validate versions and quality-gate tests	2026-10-07T05:19:13.8526040Z # Subtest: pure validation rejects inactive, non-tag, broad, or excluded rulesets
Release Configuration	Validate versions and quality-gate tests	2026-10-07T05:19:13.8527061Z ok 214 - pure validation rejects inactive, non-tag, broad, or excluded rulesets
Release Configuration	Validate versions and quality-gate tests	2026-10-07T05:19:13.8527689Z   ---
Release Configuration	Validate versions and quality-gate tests	2026-10-07T05:19:13.8528001Z   duration_ms: 0.393405
Release Configuration	Validate versions and quality-gate tests	2026-10-07T05:19:13.8528340Z   ...
Release Configuration	Validate versions and quality-gate tests	2026-10-07T05:19:13.8528940Z # Subtest: pure validation requires creation, update, and deletion rules
Release Configuration	Validate versions and quality-gate tests	2026-10-07T05:19:13.8529747Z ok 215 - pure validation requires creation, update, and deletion rules
Release Configuration	Validate versions and quality-gate tests	2026-10-07T05:19:13.8530255Z   ---
Release Configuration	Validate versions and quality-gate tests	2026-10-07T05:19:13.8530540Z   duration_ms: 0.421105
Release Configuration	Validate versions and quality-gate tests	2026-10-07T05:19:13.8530928Z   ...
Release Configuration	Validate versions and quality-gate tests	2026-10-07T05:19:13.8576530Z # Subtest: pure validation rejects malformed records and unstable tag names
Release Configuration	Validate versions and quality-gate tests	2026-10-07T05:19:13.8583835Z ok 216 - pure validation rejects malformed records and unstable tag names
Release Configuration	Validate versions and quality-gate tests	2026-10-07T05:19:13.8586182Z   ---
Release Configuration	Validate versions and quality-gate tests	2026-10-07T05:19:13.8586712Z   duration_ms: 0.379283
Release Configuration	Validate versions and quality-gate tests	2026-10-07T05:19:13.8587174Z   ...
Release Configuration	Validate versions and quality-gate tests	2026-10-07T05:19:13.8588031Z # Subtest: GitHub fetch uses authenticated repository ruleset list and detail endpoints
Release Configuration	Validate versions and quality-gate tests	2026-10-07T05:19:13.8589171Z ok 217 - GitHub fetch uses authenticated repository ruleset list and detail endpoints
Release Configuration	Validate versions and quality-gate tests	2026-10-07T05:19:13.8589875Z   ---
Release Configuration	Validate versions and quality-gate tests	2026-10-07T05:19:13.8590249Z   duration_ms: 30.766462
Release Configuration	Validate versions and quality-gate tests	2026-10-07T05:19:13.8590653Z   ...
Release Configuration	Validate versions and quality-gate tests	2026-10-07T05:19:13.8591187Z # Subtest: GitHub fetch rejects non-2xx and malformed responses
Release Configuration	Validate versions and quality-gate tests	2026-10-07T05:19:13.8592199Z ok 218 - GitHub fetch rejects non-2xx and malformed responses
Release Configuration	Validate versions and quality-gate tests	2026-10-07T05:19:13.8592756Z   ---
Release Configuration	Validate versions and quality-gate tests	2026-10-07T05:19:13.8593146Z   duration_ms: 3.614814
Release Configuration	Validate versions and quality-gate tests	2026-10-07T05:19:13.8593555Z   ...
Release Configuration	Validate versions and quality-gate tests	2026-10-07T05:19:13.8594244Z # Subtest: GitHub fetch fails rather than partially verifying more than 100 rulesets
Release Configuration	Validate versions and quality-gate tests	2026-10-07T05:19:13.8595184Z ok 219 - GitHub fetch fails rather than partially verifying more than 100 rulesets
Release Configuration	Validate versions and quality-gate tests	2026-10-07T05:19:13.8605721Z   ---
Release Configuration	Validate versions and quality-gate tests	2026-10-07T05:19:13.8606196Z   duration_ms: 2.295393
Release Configuration	Validate versions and quality-gate tests	2026-10-07T05:19:13.8606565Z   ...
Release Configuration	Validate versions and quality-gate tests	2026-10-07T05:19:13.8607185Z # Subtest: GitHub fetch validates repository and token before making requests
Release Configuration	Validate versions and quality-gate tests	2026-10-07T05:19:13.8608108Z ok 220 - GitHub fetch validates repository and token before making requests
Release Configuration	Validate versions and quality-gate tests	2026-10-07T05:19:13.8608645Z   ---
Release Configuration	Validate versions and quality-gate tests	2026-10-07T05:19:13.8608926Z   duration_ms: 0.402216
Release Configuration	Validate versions and quality-gate tests	2026-10-07T05:19:13.8609249Z   ...
Release Configuration	Validate versions and quality-gate tests	2026-10-07T05:19:13.8609814Z # Subtest: CLI verifies the requested repository and tag using GITHUB_TOKEN
Release Configuration	Validate versions and quality-gate tests	2026-10-07T05:19:13.8610641Z ok 221 - CLI verifies the requested repository and tag using GITHUB_TOKEN
Release Configuration	Validate versions and quality-gate tests	2026-10-07T05:19:13.8611187Z   ---
Release Configuration	Validate versions and quality-gate tests	2026-10-07T05:19:13.8611481Z   duration_ms: 1.474877
Release Configuration	Validate versions and quality-gate tests	2026-10-07T05:19:13.8611711Z   ...
Release Configuration	Validate versions and quality-gate tests	2026-10-07T05:19:13.8612063Z # Subtest: CLI is dry-run by default and requires explicit emulator serials
Release Configuration	Validate versions and quality-gate tests	2026-10-07T05:19:13.8612547Z ok 222 - CLI is dry-run by default and requires explicit emulator serials
Release Configuration	Validate versions and quality-gate tests	2026-10-07T05:19:13.8612916Z   ---
Release Configuration	Validate versions and quality-gate tests	2026-10-07T05:19:13.8613113Z   duration_ms: 2.436935
Release Configuration	Validate versions and quality-gate tests	2026-10-07T05:19:13.8613322Z   ...
Release Configuration	Validate versions and quality-gate tests	2026-10-07T05:19:13.8613730Z # Subtest: rehearsal plans allocate distinct odd/even role codes and reject invalid pairs
Release Configuration	Validate versions and quality-gate tests	2026-10-07T05:19:13.8614641Z ok 223 - rehearsal plans allocate distinct odd/even role codes and reject invalid pairs
Release Configuration	Validate versions and quality-gate tests	2026-10-07T05:19:13.8615087Z   ---
Release Configuration	Validate versions and quality-gate tests	2026-10-07T05:19:13.8615496Z   duration_ms: 1.48159
Release Configuration	Validate versions and quality-gate tests	2026-10-07T05:19:13.8615777Z   ...
Release Configuration	Validate versions and quality-gate tests	2026-10-07T05:19:13.8616346Z # Subtest: temporary version override aligns every native mirror (iOS config: false)
Release Configuration	Validate versions and quality-gate tests	2026-10-07T05:19:13.8617213Z ok 224 - temporary version override aligns every native mirror (iOS config: false)
Release Configuration	Validate versions and quality-gate tests	2026-10-07T05:19:13.8617708Z   ---
Release Configuration	Validate versions and quality-gate tests	2026-10-07T05:19:13.8618105Z   duration_ms: 9.34862
Release Configuration	Validate versions and quality-gate tests	2026-10-07T05:19:13.8618384Z   ...
Release Configuration	Validate versions and quality-gate tests	2026-10-07T05:19:13.8618916Z # Subtest: temporary version override aligns every native mirror (iOS config: true)
Release Configuration	Validate versions and quality-gate tests	2026-10-07T05:19:13.8619676Z ok 225 - temporary version override aligns every native mirror (iOS config: true)
Release Configuration	Validate versions and quality-gate tests	2026-10-07T05:19:13.8620122Z   ---
Release Configuration	Validate versions and quality-gate tests	2026-10-07T05:19:13.8620360Z   duration_ms: 3.89991
Release Configuration	Validate versions and quality-gate tests	2026-10-07T05:19:13.8620630Z   ...
Release Configuration	Validate versions and quality-gate tests	2026-10-07T05:19:13.8621198Z # Subtest: build sequence runs release mirror validation after prebuild and before Gradle
Release Configuration	Validate versions and quality-gate tests	2026-10-07T05:19:13.8622107Z ok 226 - build sequence runs release mirror validation after prebuild and before Gradle
Release Configuration	Validate versions and quality-gate tests	2026-10-07T05:19:13.8622691Z   ---
Release Configuration	Validate versions and quality-gate tests	2026-10-07T05:19:13.8622976Z   duration_ms: 1.430478
Release Configuration	Validate versions and quality-gate tests	2026-10-07T05:19:13.8623289Z   ...
Release Configuration	Validate versions and quality-gate tests	2026-10-07T05:19:13.8623983Z # Subtest: package-only builds omit memory-heavy release lint while preserving the release APK task
Release Configuration	Validate versions and quality-gate tests	2026-10-07T05:19:13.8625065Z ok 227 - package-only builds omit memory-heavy release lint while preserving the release APK task
Release Configuration	Validate versions and quality-gate tests	2026-10-07T05:19:13.8625890Z   ---
Release Configuration	Validate versions and quality-gate tests	2026-10-07T05:19:13.8626186Z   duration_ms: 0.738406
Release Configuration	Validate versions and quality-gate tests	2026-10-07T05:19:13.8626492Z   ...
Release Configuration	Validate versions and quality-gate tests	2026-10-07T05:19:13.8627142Z # Subtest: historical builds receive an allowlisted environment without unrelated credentials
Release Configuration	Validate versions and quality-gate tests	2026-10-07T05:19:13.8628150Z ok 228 - historical builds receive an allowlisted environment without unrelated credentials
Release Configuration	Validate versions and quality-gate tests	2026-10-07T05:19:13.8628760Z   ---
Release Configuration	Validate versions and quality-gate tests	2026-10-07T05:19:13.8629020Z   duration_ms: 0.426556
Release Configuration	Validate versions and quality-gate tests	2026-10-07T05:19:13.8629311Z   ...
Release Configuration	Validate versions and quality-gate tests	2026-10-07T05:19:13.8629778Z # Subtest: tooling resolution honors the npm CLI injected by npm run
Release Configuration	Validate versions and quality-gate tests	2026-10-07T05:19:13.8630415Z ok 229 - tooling resolution honors the npm CLI injected by npm run
Release Configuration	Validate versions and quality-gate tests	2026-10-07T05:19:13.8630853Z   ---
Release Configuration	Validate versions and quality-gate tests	2026-10-07T05:19:13.8631085Z   duration_ms: 1.58939
Release Configuration	Validate versions and quality-gate tests	2026-10-07T05:19:13.8631356Z   ...
Release Configuration	Validate versions and quality-gate tests	2026-10-07T05:19:13.8631891Z # Subtest: CLI requires a real version increase and a credential-free HTTPS origin
Release Configuration	Validate versions and quality-gate tests	2026-10-07T05:19:13.8632717Z ok 230 - CLI requires a real version increase and a credential-free HTTPS origin
Release Configuration	Validate versions and quality-gate tests	2026-10-07T05:19:13.8633236Z   ---
Release Configuration	Validate versions and quality-gate tests	2026-10-07T05:19:13.8633512Z   duration_ms: 0.490135
Release Configuration	Validate versions and quality-gate tests	2026-10-07T05:19:13.8633811Z   ...
Release Configuration	Validate versions and quality-gate tests	2026-10-07T05:19:13.8634392Z # Subtest: APK and installed-package evidence parsers preserve upgrade identifiers
Release Configuration	Validate versions and quality-gate tests	2026-10-07T05:19:13.8637509Z ok 231 - APK and installed-package evidence parsers preserve upgrade identifiers
Release Configuration	Validate versions and quality-gate tests	2026-10-07T05:19:13.8638222Z   ---
Release Configuration	Validate versions and quality-gate tests	2026-10-07T05:19:13.8638506Z   duration_ms: 1.067337
Release Configuration	Validate versions and quality-gate tests	2026-10-07T05:19:13.8638839Z   ...
Release Configuration	Validate versions and quality-gate tests	2026-10-07T05:19:13.8639505Z # Subtest: artifact gate requires application, version overrides, and one shared signer
Release Configuration	Validate versions and quality-gate tests	2026-10-07T05:19:13.8640524Z ok 232 - artifact gate requires application, version overrides, and one shared signer
Release Configuration	Validate versions and quality-gate tests	2026-10-07T05:19:13.8641161Z   ---
Release Configuration	Validate versions and quality-gate tests	2026-10-07T05:19:13.8641437Z   duration_ms: 0.623294
Release Configuration	Validate versions and quality-gate tests	2026-10-07T05:19:13.8641750Z   ...
Release Configuration	Validate versions and quality-gate tests	2026-10-07T05:19:13.8642311Z # Subtest: adb validation accepts only explicit phone and Wear emulators
Release Configuration	Validate versions and quality-gate tests	2026-10-07T05:19:13.8643147Z ok 233 - adb validation accepts only explicit phone and Wear emulators
Release Configuration	Validate versions and quality-gate tests	2026-10-07T05:19:13.8643693Z   ---
Release Configuration	Validate versions and quality-gate tests	2026-10-07T05:19:13.8643973Z   duration_ms: 2.717666
Release Configuration	Validate versions and quality-gate tests	2026-10-07T05:19:13.8644281Z   ...
Release Configuration	Validate versions and quality-gate tests	2026-10-07T05:19:13.8645022Z # Subtest: install sequence replaces baseline and candidate without uninstall or app-data clearing
Release Configuration	Validate versions and quality-gate tests	2026-10-07T05:19:13.8646291Z ok 234 - install sequence replaces baseline and candidate without uninstall or app-data clearing
Release Configuration	Validate versions and quality-gate tests	2026-10-07T05:19:13.8646985Z   ---
Release Configuration	Validate versions and quality-gate tests	2026-10-07T05:19:13.8647269Z   duration_ms: 2.28908
Release Configuration	Validate versions and quality-gate tests	2026-10-07T05:19:13.8647978Z   ...
Release Configuration	Validate versions and quality-gate tests	2026-10-07T05:19:13.8648813Z # Subtest: install sequence rejects changed firstInstallTime as destructive replacement evidence
Release Configuration	Validate versions and quality-gate tests	2026-10-07T05:19:13.8650077Z ok 235 - install sequence rejects changed firstInstallTime as destructive replacement evidence
Release Configuration	Validate versions and quality-gate tests	2026-10-07T05:19:13.8650858Z   ---
Release Configuration	Validate versions and quality-gate tests	2026-10-07T05:19:13.8651193Z   duration_ms: 0.762149
Release Configuration	Validate versions and quality-gate tests	2026-10-07T05:19:13.8651567Z   ...
Release Configuration	Validate versions and quality-gate tests	2026-10-07T05:19:13.8652362Z # Subtest: package-only execution skips the TTY checkpoint and labels its limited evidence
Release Configuration	Validate versions and quality-gate tests	2026-10-07T05:19:13.8653654Z ok 236 - package-only execution skips the TTY checkpoint and labels its limited evidence
Release Configuration	Validate versions and quality-gate tests	2026-10-07T05:19:13.8654384Z   ---
Release Configuration	Validate versions and quality-gate tests	2026-10-07T05:19:13.8654701Z   duration_ms: 0.946214
Release Configuration	Validate versions and quality-gate tests	2026-10-07T05:19:13.8655079Z   ...
Release Configuration	Validate versions and quality-gate tests	2026-10-07T05:19:13.8655774Z # Subtest: baseline and candidate launches must report Status: ok
Release Configuration	Validate versions and quality-gate tests	2026-10-07T05:19:13.8656699Z ok 237 - baseline and candidate launches must report Status: ok
Release Configuration	Validate versions and quality-gate tests	2026-10-07T05:19:13.8657303Z   ---
Release Configuration	Validate versions and quality-gate tests	2026-10-07T05:19:13.8657703Z   duration_ms: 0.521105
Release Configuration	Validate versions and quality-gate tests	2026-10-07T05:19:13.8658135Z   ...
Release Configuration	Validate versions and quality-gate tests	2026-10-07T05:19:13.8658870Z # Subtest: dry-run uses an injectable runner and emits only a reviewable plan
Release Configuration	Validate versions and quality-gate tests	2026-10-07T05:19:13.8660022Z ok 238 - dry-run uses an injectable runner and emits only a reviewable plan
Release Configuration	Validate versions and quality-gate tests	2026-10-07T05:19:13.8660821Z   ---
Release Configuration	Validate versions and quality-gate tests	2026-10-07T05:19:13.8661248Z   duration_ms: 2.205241
Release Configuration	Validate versions and quality-gate tests	2026-10-07T05:19:13.8661599Z   ...
Release Configuration	Validate versions and quality-gate tests	2026-10-07T05:19:13.8662314Z # Subtest: temp cleanup refuses any path that is not the exact run-owned root
Release Configuration	Validate versions and quality-gate tests	2026-10-07T05:19:13.8663596Z ok 239 - temp cleanup refuses any path that is not the exact run-owned root
Release Configuration	Validate versions and quality-gate tests	2026-10-07T05:19:13.8664226Z   ---
Release Configuration	Validate versions and quality-gate tests	2026-10-07T05:19:13.8664540Z   duration_ms: 0.553623
Release Configuration	Validate versions and quality-gate tests	2026-10-07T05:19:13.8664901Z   ...
Release Configuration	Validate versions and quality-gate tests	2026-10-07T05:19:13.8666212Z # Subtest: hosted package upgrade evidence reconstructs only candidate-bound allowlisted facts
Release Configuration	Validate versions and quality-gate tests	2026-10-07T05:19:13.8667166Z ok 240 - hosted package upgrade evidence reconstructs only candidate-bound allowlisted facts
Release Configuration	Validate versions and quality-gate tests	2026-10-07T05:19:13.8667823Z   ---
Release Configuration	Validate versions and quality-gate tests	2026-10-07T05:19:13.8668149Z   duration_ms: 3.260595
Release Configuration	Validate versions and quality-gate tests	2026-10-07T05:19:13.8668491Z   ...
Release Configuration	Validate versions and quality-gate tests	2026-10-07T05:19:13.8907224Z # Subtest: root exposes native package commands and a separate OTA publication command without implementation stages
Release Configuration	Validate versions and quality-gate tests	2026-10-07T05:19:13.8924748Z ok 241 - root exposes native package commands and a separate OTA publication command without implementation stages
Release Configuration	Validate versions and quality-gate tests	2026-10-07T05:19:13.8929990Z   ---
Release Configuration	Validate versions and quality-gate tests	2026-10-07T05:19:13.8930581Z   duration_ms: 2.373836
Release Configuration	Validate versions and quality-gate tests	2026-10-07T05:19:13.8931061Z   ...
Release Configuration	Validate versions and quality-gate tests	2026-10-07T05:19:13.8931780Z # Subtest: root and per-action help do not inspect settings, credentials or artifacts
Release Configuration	Validate versions and quality-gate tests	2026-10-07T05:19:13.8932818Z ok 242 - root and per-action help do not inspect settings, credentials or artifacts
Release Configuration	Validate versions and quality-gate tests	2026-10-07T05:19:13.8933336Z   ---
Release Configuration	Validate versions and quality-gate tests	2026-10-07T05:19:13.8933631Z   duration_ms: 0.925774
Release Configuration	Validate versions and quality-gate tests	2026-10-07T05:19:13.8933939Z   ...
Release Configuration	Validate versions and quality-gate tests	2026-10-07T05:19:13.8934432Z # Subtest: invalid actions and options fail before any side effects or authentication
Release Configuration	Validate versions and quality-gate tests	2026-10-07T05:19:13.8935124Z ok 243 - invalid actions and options fail before any side effects or authentication
Release Configuration	Validate versions and quality-gate tests	2026-10-07T05:19:13.8936082Z   ---
Release Configuration	Validate versions and quality-gate tests	2026-10-07T05:19:13.8936383Z   duration_ms: 1.341245
Release Configuration	Validate versions and quality-gate tests	2026-10-07T05:19:13.8936673Z   ...
Release Configuration	Validate versions and quality-gate tests	2026-10-07T05:19:13.8953527Z # Subtest: configure admits only Expo authentication before SDK setup
Release Configuration	Validate versions and quality-gate tests	2026-10-07T05:19:13.8954389Z ok 244 - configure admits only Expo authentication before SDK setup
Release Configuration	Validate versions and quality-gate tests	2026-10-07T05:19:13.8954942Z   ---
Release Configuration	Validate versions and quality-gate tests	2026-10-07T05:19:13.8955478Z   duration_ms: 0.357387
Release Configuration	Validate versions and quality-gate tests	2026-10-07T05:19:13.8955802Z   ...
Release Configuration	Validate versions and quality-gate tests	2026-10-07T05:19:13.8969256Z # Subtest: build and one-command release resolve configured paths before invoking workers
Release Configuration	Validate versions and quality-gate tests	2026-10-07T05:19:13.8970516Z ok 245 - build and one-command release resolve configured paths before invoking workers
Release Configuration	Validate versions and quality-gate tests	2026-10-07T05:19:13.8971299Z   ---
Release Configuration	Validate versions and quality-gate tests	2026-10-07T05:19:13.8971778Z   duration_ms: 0.692064
Release Configuration	Validate versions and quality-gate tests	2026-10-07T05:19:13.8972254Z   ...
Release Configuration	Validate versions and quality-gate tests	2026-10-07T05:19:13.8973158Z # Subtest: build uses external credentials after isolating inherited secrets and restores saved tool paths
Release Configuration	Validate versions and quality-gate tests	2026-10-07T05:19:13.8974502Z ok 246 - build uses external credentials after isolating inherited secrets and restores saved tool paths
Release Configuration	Validate versions and quality-gate tests	2026-10-07T05:19:13.8975947Z   ---
Release Configuration	Validate versions and quality-gate tests	2026-10-07T05:19:13.8976396Z   duration_ms: 0.277014
Release Configuration	Validate versions and quality-gate tests	2026-10-07T05:19:13.8976856Z   ...
Release Configuration	Validate versions and quality-gate tests	2026-10-07T05:19:13.8977708Z # Subtest: install verifies retained artifacts before device access and always skips building
Release Configuration	Validate versions and quality-gate tests	2026-10-07T05:19:13.8978876Z ok 247 - install verifies retained artifacts before device access and always skips building
Release Configuration	Validate versions and quality-gate tests	2026-10-07T05:19:13.8979580Z   ---
Release Configuration	Validate versions and quality-gate tests	2026-10-07T05:19:13.8979999Z   duration_ms: 0.564372
Release Configuration	Validate versions and quality-gate tests	2026-10-07T05:19:13.8980597Z   ...
Release Configuration	Validate versions and quality-gate tests	2026-10-07T05:19:13.8981438Z # Subtest: release --skip-build submits retained artifacts without reading signing configuration
Release Configuration	Validate versions and quality-gate tests	2026-10-07T05:19:13.9000083Z ok 248 - release --skip-build submits retained artifacts without reading signing configuration
Release Configuration	Validate versions and quality-gate tests	2026-10-07T05:19:13.9001030Z   ---
Release Configuration	Validate versions and quality-gate tests	2026-10-07T05:19:13.9001336Z   duration_ms: 0.257807
Release Configuration	Validate versions and quality-gate tests	2026-10-07T05:19:13.9001628Z   ...
Release Configuration	Validate versions and quality-gate tests	2026-10-07T05:19:13.9019714Z # Subtest: release passes only each stage credential path to its worker
Release Configuration	Validate versions and quality-gate tests	2026-10-07T05:19:13.9020537Z ok 249 - release passes only each stage credential path to its worker
Release Configuration	Validate versions and quality-gate tests	2026-10-07T05:19:13.9021175Z   ---
Release Configuration	Validate versions and quality-gate tests	2026-10-07T05:19:13.9021451Z   duration_ms: 0.321345
Release Configuration	Validate versions and quality-gate tests	2026-10-07T05:19:13.9021756Z   ...
Release Configuration	Validate versions and quality-gate tests	2026-10-07T05:19:13.9022276Z # Subtest: release never submits after build failure or failed verification
Release Configuration	Validate versions and quality-gate tests	2026-10-07T05:19:13.9023051Z ok 250 - release never submits after build failure or failed verification
Release Configuration	Validate versions and quality-gate tests	2026-10-07T05:19:13.9023539Z   ---
Release Configuration	Validate versions and quality-gate tests	2026-10-07T05:19:13.9023803Z   duration_ms: 0.546639
Release Configuration	Validate versions and quality-gate tests	2026-10-07T05:19:13.9024114Z   ...
Release Configuration	Validate versions and quality-gate tests	2026-10-07T05:19:13.9024720Z # Subtest: release waits for the full build before submission and propagates upload failures
Release Configuration	Validate versions and quality-gate tests	2026-10-07T05:19:13.9025999Z ok 251 - release waits for the full build before submission and propagates upload failures
Release Configuration	Validate versions and quality-gate tests	2026-10-07T05:19:13.9026600Z   ---
Release Configuration	Validate versions and quality-gate tests	2026-10-07T05:19:13.9026870Z   duration_ms: 0.348828
Release Configuration	Validate versions and quality-gate tests	2026-10-07T05:19:13.9027164Z   ...
Release Configuration	Validate versions and quality-gate tests	2026-10-07T05:19:13.9027839Z # Subtest: OTA forwards dry-run and baseline options, admits only Expo auth, and needs no Android SDK
Release Configuration	Validate versions and quality-gate tests	2026-10-07T05:19:13.9028677Z ok 252 - OTA forwards dry-run and baseline options, admits only Expo auth, and needs no Android SDK
Release Configuration	Validate versions and quality-gate tests	2026-10-07T05:19:13.9029082Z   ---
Release Configuration	Validate versions and quality-gate tests	2026-10-07T05:19:13.9029262Z   duration_ms: 0.228039
Release Configuration	Validate versions and quality-gate tests	2026-10-07T05:19:13.9029466Z   ...
Release Configuration	Validate versions and quality-gate tests	2026-10-07T05:19:13.9029810Z # Subtest: setup delegates read-only checks without injecting credentials
Release Configuration	Validate versions and quality-gate tests	2026-10-07T05:19:13.9030296Z ok 253 - setup delegates read-only checks without injecting credentials
Release Configuration	Validate versions and quality-gate tests	2026-10-07T05:19:13.9030623Z   ---
Release Configuration	Validate versions and quality-gate tests	2026-10-07T05:19:13.9030813Z   duration_ms: 0.387291
Release Configuration	Validate versions and quality-gate tests	2026-10-07T05:19:13.9031012Z   ...
Release Configuration	Validate versions and quality-gate tests	2026-10-07T05:19:13.9120559Z # Subtest: Wear signing guards classify the build variant before incidental task suffixes
Release Configuration	Validate versions and quality-gate tests	2026-10-07T05:19:13.9121666Z ok 254 - Wear signing guards classify the build variant before incidental task suffixes
Release Configuration	Validate versions and quality-gate tests	2026-10-07T05:19:13.9122308Z   ---
Release Configuration	Validate versions and quality-gate tests	2026-10-07T05:19:13.9122622Z   duration_ms: 2.03989
Release Configuration	Validate versions and quality-gate tests	2026-10-07T05:19:13.9122959Z   ...
Release Configuration	Validate versions and quality-gate tests	2026-10-07T05:19:13.9156387Z 1..254
Release Configuration	Validate versions and quality-gate tests	2026-10-07T05:19:13.9156781Z # tests 254
Release Configuration	Validate versions and quality-gate tests	2026-10-07T05:19:13.9157050Z # suites 0
Release Configuration	Validate versions and quality-gate tests	2026-10-07T05:19:13.9157313Z # pass 253
Release Configuration	Validate versions and quality-gate tests	2026-10-07T05:19:13.9157566Z # fail 0
Release Configuration	Validate versions and quality-gate tests	2026-10-07T05:19:13.9157840Z # cancelled 0
Release Configuration	Validate versions and quality-gate tests	2026-10-07T05:19:13.9158124Z # skipped 1
Release Configuration	Validate versions and quality-gate tests	2026-10-07T05:19:13.9158374Z # todo 0
Release Configuration	Validate versions and quality-gate tests	2026-10-07T05:19:13.9161480Z # duration_ms 1460.958482
Release Configuration	Validate versions and quality-gate tests	2026-10-07T05:19:14.0264850Z 
Release Configuration	Validate versions and quality-gate tests	2026-10-07T05:19:14.0265730Z > cal-io@0.38.0 test:wear:emulator:unit
Release Configuration	Validate versions and quality-gate tests	2026-10-07T05:19:14.0266279Z > node --test scripts/wear-emulator-smoke.test.mjs
Release Configuration	Validate versions and quality-gate tests	2026-10-07T05:19:14.0266543Z 
Release Configuration	Validate versions and quality-gate tests	2026-10-07T05:19:14.0637746Z TAP version 13
Release Configuration	Validate versions and quality-gate tests	2026-10-07T05:19:14.1228853Z # Subtest: Wear connection actions expose one explicitly named semantic click target
Release Configuration	Validate versions and quality-gate tests	2026-10-07T05:19:14.1236761Z ok 1 - Wear connection actions expose one explicitly named semantic click target
Release Configuration	Validate versions and quality-gate tests	2026-10-07T05:19:14.1237690Z   ---
Release Configuration	Validate versions and quality-gate tests	2026-10-07T05:19:14.1266906Z   duration_ms: 1.654893
Release Configuration	Validate versions and quality-gate tests	2026-10-07T05:19:14.1270315Z   ...
Release Configuration	Validate versions and quality-gate tests	2026-10-07T05:19:14.1271464Z # Subtest: Wear UI preparation provisions, verifies, wakes, and unlocks the emulator before launch
Release Configuration	Validate versions and quality-gate tests	2026-10-07T05:19:14.1273167Z ok 2 - Wear UI preparation provisions, verifies, wakes, and unlocks the emulator before launch
Release Configuration	Validate versions and quality-gate tests	2026-10-07T05:19:14.1273948Z   ---
Release Configuration	Validate versions and quality-gate tests	2026-10-07T05:19:14.1274371Z   duration_ms: 0.984861
Release Configuration	Validate versions and quality-gate tests	2026-10-07T05:19:14.1274825Z   ...
Release Configuration	Validate versions and quality-gate tests	2026-10-07T05:19:14.1275582Z # Subtest: Wear adb resolution trims an explicit executable override
Release Configuration	Validate versions and quality-gate tests	2026-10-07T05:19:14.1276408Z ok 3 - Wear adb resolution trims an explicit executable override
Release Configuration	Validate versions and quality-gate tests	2026-10-07T05:19:14.1277200Z   ---
Release Configuration	Validate versions and quality-gate tests	2026-10-07T05:19:14.1277826Z   duration_ms: 0.15902
Release Configuration	Validate versions and quality-gate tests	2026-10-07T05:19:14.1278336Z   ...
Release Configuration	Validate versions and quality-gate tests	2026-10-07T05:19:14.1279041Z # Subtest: Wear adb resolution uses Linux SDK roots and a PATH fallback
Release Configuration	Validate versions and quality-gate tests	2026-10-07T05:19:14.1279902Z ok 4 - Wear adb resolution uses Linux SDK roots and a PATH fallback
Release Configuration	Validate versions and quality-gate tests	2026-10-07T05:19:14.1280444Z   ---
Release Configuration	Validate versions and quality-gate tests	2026-10-07T05:19:14.1280801Z   duration_ms: 0.185236
Release Configuration	Validate versions and quality-gate tests	2026-10-07T05:19:14.1281253Z   ...
Release Configuration	Validate versions and quality-gate tests	2026-10-07T05:19:14.1281854Z # Subtest: Wear adb resolution uses Windows SDK and local-app-data paths
Release Configuration	Validate versions and quality-gate tests	2026-10-07T05:19:14.1282720Z ok 5 - Wear adb resolution uses Windows SDK and local-app-data paths
Release Configuration	Validate versions and quality-gate tests	2026-10-07T05:19:14.1283319Z   ---
Release Configuration	Validate versions and quality-gate tests	2026-10-07T05:19:14.1283714Z   duration_ms: 0.34833
Release Configuration	Validate versions and quality-gate tests	2026-10-07T05:19:14.1284150Z   ...
Release Configuration	Validate versions and quality-gate tests	2026-10-07T05:19:14.1284824Z # Subtest: Wear smoke parser derives tap coordinates from the UI tree
Release Configuration	Validate versions and quality-gate tests	2026-10-07T05:19:14.1285925Z ok 6 - Wear smoke parser derives tap coordinates from the UI tree
Release Configuration	Validate versions and quality-gate tests	2026-10-07T05:19:14.1286552Z   ---
Release Configuration	Validate versions and quality-gate tests	2026-10-07T05:19:14.1286961Z   duration_ms: 0.689634
Release Configuration	Validate versions and quality-gate tests	2026-10-07T05:19:14.1287417Z   ...
Release Configuration	Validate versions and quality-gate tests	2026-10-07T05:19:14.1288099Z # Subtest: Wear smoke parser finds exact accessibility descriptions
Release Configuration	Validate versions and quality-gate tests	2026-10-07T05:19:14.1288965Z ok 7 - Wear smoke parser finds exact accessibility descriptions
Release Configuration	Validate versions and quality-gate tests	2026-10-07T05:19:14.1289581Z   ---
Release Configuration	Validate versions and quality-gate tests	2026-10-07T05:19:14.1289978Z   duration_ms: 0.265744
Release Configuration	Validate versions and quality-gate tests	2026-10-07T05:19:14.1290409Z   ...
Release Configuration	Validate versions and quality-gate tests	2026-10-07T05:19:14.1291037Z # Subtest: Wear readiness waits for one complete exact UI tree
Release Configuration	Validate versions and quality-gate tests	2026-10-07T05:19:14.1291865Z ok 8 - Wear readiness waits for one complete exact UI tree
Release Configuration	Validate versions and quality-gate tests	2026-10-07T05:19:14.1292456Z   ---
Release Configuration	Validate versions and quality-gate tests	2026-10-07T05:19:14.1292859Z   duration_ms: 0.336338
Release Configuration	Validate versions and quality-gate tests	2026-10-07T05:19:14.1293261Z   ...
Release Configuration	Validate versions and quality-gate tests	2026-10-07T05:19:14.1306808Z # Subtest: Wear readiness reasserts the app after first-boot System UI takes foreground
Release Configuration	Validate versions and quality-gate tests	2026-10-07T05:19:14.1308047Z ok 9 - Wear readiness reasserts the app after first-boot System UI takes foreground
Release Configuration	Validate versions and quality-gate tests	2026-10-07T05:19:14.1309029Z   ---
Release Configuration	Validate versions and quality-gate tests	2026-10-07T05:19:14.1309445Z   duration_ms: 0.459546
Release Configuration	Validate versions and quality-gate tests	2026-10-07T05:19:14.1309892Z   ...
Release Configuration	Validate versions and quality-gate tests	2026-10-07T05:19:14.1310591Z # Subtest: Wear readiness fails closed after its bounded exact-selector attempts
Release Configuration	Validate versions and quality-gate tests	2026-10-07T05:19:14.1311606Z ok 10 - Wear readiness fails closed after its bounded exact-selector attempts
Release Configuration	Validate versions and quality-gate tests	2026-10-07T05:19:14.1312297Z   ---
Release Configuration	Validate versions and quality-gate tests	2026-10-07T05:19:14.1312717Z   duration_ms: 0.487498
Release Configuration	Validate versions and quality-gate tests	2026-10-07T05:19:14.1313161Z   ...
Release Configuration	Validate versions and quality-gate tests	2026-10-07T05:19:14.1313878Z # Subtest: Wear scrollable readiness verifies exact rows across one bounded surface
Release Configuration	Validate versions and quality-gate tests	2026-10-07T05:19:14.1314931Z ok 11 - Wear scrollable readiness verifies exact rows across one bounded surface
Release Configuration	Validate versions and quality-gate tests	2026-10-07T05:19:14.1315863Z   ---
Release Configuration	Validate versions and quality-gate tests	2026-10-07T05:19:14.1316391Z   duration_ms: 0.317097
Release Configuration	Validate versions and quality-gate tests	2026-10-07T05:19:14.1316832Z   ...
Release Configuration	Validate versions and quality-gate tests	2026-10-07T05:19:14.1317568Z # Subtest: Wear display parsers prefer active overrides and reject malformed values
Release Configuration	Validate versions and quality-gate tests	2026-10-07T05:19:14.1318627Z ok 12 - Wear display parsers prefer active overrides and reject malformed values
Release Configuration	Validate versions and quality-gate tests	2026-10-07T05:19:14.1319339Z   ---
Release Configuration	Validate versions and quality-gate tests	2026-10-07T05:19:14.1319758Z   duration_ms: 0.630933
Release Configuration	Validate versions and quality-gate tests	2026-10-07T05:19:14.1320201Z   ...
Release Configuration	Validate versions and quality-gate tests	2026-10-07T05:19:14.1320915Z # Subtest: Wear action audit accepts named 48 dp targets and ignores disabled nodes
Release Configuration	Validate versions and quality-gate tests	2026-10-07T05:19:14.1321954Z ok 13 - Wear action audit accepts named 48 dp targets and ignores disabled nodes
Release Configuration	Validate versions and quality-gate tests	2026-10-07T05:19:14.1322648Z   ---
Release Configuration	Validate versions and quality-gate tests	2026-10-07T05:19:14.1323055Z   duration_ms: 0.519659
Release Configuration	Validate versions and quality-gate tests	2026-10-07T05:19:14.1323495Z   ...
Release Configuration	Validate versions and quality-gate tests	2026-10-07T05:19:14.1324153Z # Subtest: Wear action audit excludes unrelated System UI actions
Release Configuration	Validate versions and quality-gate tests	2026-10-07T05:19:14.1324981Z ok 14 - Wear action audit excludes unrelated System UI actions
Release Configuration	Validate versions and quality-gate tests	2026-10-07T05:19:14.1326520Z   ---
Release Configuration	Validate versions and quality-gate tests	2026-10-07T05:19:14.1326943Z   duration_ms: 0.451616
Release Configuration	Validate versions and quality-gate tests	2026-10-07T05:19:14.1327305Z   ...
Release Configuration	Validate versions and quality-gate tests	2026-10-07T05:19:14.1327894Z # Subtest: Wear action audit rejects 47 dp, clipping, and unnamed actions
Release Configuration	Validate versions and quality-gate tests	2026-10-07T05:19:14.1328710Z ok 15 - Wear action audit rejects 47 dp, clipping, and unnamed actions
Release Configuration	Validate versions and quality-gate tests	2026-10-07T05:19:14.1329240Z   ---
Release Configuration	Validate versions and quality-gate tests	2026-10-07T05:19:14.1329520Z   duration_ms: 0.312351
Release Configuration	Validate versions and quality-gate tests	2026-10-07T05:19:14.1329834Z   ...
Release Configuration	Validate versions and quality-gate tests	2026-10-07T05:19:14.1330496Z # Subtest: Wear scale summary combines surfaces without retaining UI XML
Release Configuration	Validate versions and quality-gate tests	2026-10-07T05:19:14.1331802Z ok 16 - Wear scale summary combines surfaces without retaining UI XML
Release Configuration	Validate versions and quality-gate tests	2026-10-07T05:19:14.1332385Z   ---
Release Configuration	Validate versions and quality-gate tests	2026-10-07T05:19:14.1332729Z   duration_ms: 0.341139
Release Configuration	Validate versions and quality-gate tests	2026-10-07T05:19:14.1333109Z   ...
Release Configuration	Validate versions and quality-gate tests	2026-10-07T05:19:14.1333763Z # Subtest: Wear package and font-scale restoration helpers fail closed
Release Configuration	Validate versions and quality-gate tests	2026-10-07T05:19:14.1334759Z ok 17 - Wear package and font-scale restoration helpers fail closed
Release Configuration	Validate versions and quality-gate tests	2026-10-07T05:19:14.1335517Z   ---
Release Configuration	Validate versions and quality-gate tests	2026-10-07T05:19:14.1335889Z   duration_ms: 0.666928
Release Configuration	Validate versions and quality-gate tests	2026-10-07T05:19:14.1336257Z   ...
Release Configuration	Validate versions and quality-gate tests	2026-10-07T05:19:14.1336874Z # Subtest: Wear font-scale exercise rejects ignored and clamped settings writes
Release Configuration	Validate versions and quality-gate tests	2026-10-07T05:19:14.1337777Z ok 18 - Wear font-scale exercise rejects ignored and clamped settings writes
Release Configuration	Validate versions and quality-gate tests	2026-10-07T05:19:14.1338335Z   ---
Release Configuration	Validate versions and quality-gate tests	2026-10-07T05:19:14.1338617Z   duration_ms: 0.339239
Release Configuration	Validate versions and quality-gate tests	2026-10-07T05:19:14.1338937Z   ...
Release Configuration	Validate versions and quality-gate tests	2026-10-07T05:19:14.1339652Z # Subtest: Wear package evidence requires the exact permission set and detects native crashes
Release Configuration	Validate versions and quality-gate tests	2026-10-07T05:19:14.1340699Z ok 19 - Wear package evidence requires the exact permission set and detects native crashes
Release Configuration	Validate versions and quality-gate tests	2026-10-07T05:19:14.1341353Z   ---
Release Configuration	Validate versions and quality-gate tests	2026-10-07T05:19:14.1341624Z   duration_ms: 0.94047
Release Configuration	Validate versions and quality-gate tests	2026-10-07T05:19:14.1341920Z   ...
Release Configuration	Validate versions and quality-gate tests	2026-10-07T05:19:14.1441371Z 1..19
Release Configuration	Validate versions and quality-gate tests	2026-10-07T05:19:14.1441804Z # tests 19
Release Configuration	Validate versions and quality-gate tests	2026-10-07T05:19:14.1442093Z # suites 0
Release Configuration	Validate versions and quality-gate tests	2026-10-07T05:19:14.1442370Z # pass 19
Release Configuration	Validate versions and quality-gate tests	2026-10-07T05:19:14.1442625Z # fail 0
Release Configuration	Validate versions and quality-gate tests	2026-10-07T05:19:14.1442897Z # cancelled 0
Release Configuration	Validate versions and quality-gate tests	2026-10-07T05:19:14.1443235Z # skipped 0
Release Configuration	Validate versions and quality-gate tests	2026-10-07T05:19:14.1443500Z # todo 0
Release Configuration	Validate versions and quality-gate tests	2026-10-07T05:19:14.1448497Z # duration_ms 88.859895
Release Configuration	Validate versions and quality-gate tests	2026-10-07T05:19:14.2537591Z 
Release Configuration	Validate versions and quality-gate tests	2026-10-07T05:19:14.2538506Z > cal-io@0.38.0 test:deploy
Release Configuration	Validate versions and quality-gate tests	2026-10-07T05:19:14.2539075Z > node --test deploy/test/*.test.mjs
Release Configuration	Validate versions and quality-gate tests	2026-10-07T05:19:14.2539383Z 
Release Configuration	Validate versions and quality-gate tests	2026-10-07T05:19:14.2947196Z TAP version 13
Release Configuration	Validate versions and quality-gate tests	2026-10-07T05:19:14.3347215Z # Subtest: Caddy and Traefik share DB-backed app readiness semantics
Release Configuration	Validate versions and quality-gate tests	2026-10-07T05:19:14.3357986Z ok 1 - Caddy and Traefik share DB-backed app readiness semantics
Release Configuration	Validate versions and quality-gate tests	2026-10-07T05:19:14.3358757Z   ---
Release Configuration	Validate versions and quality-gate tests	2026-10-07T05:19:14.3359182Z   duration_ms: 1.562142
Release Configuration	Validate versions and quality-gate tests	2026-10-07T05:19:14.3359608Z   ...
Release Configuration	Validate versions and quality-gate tests	2026-10-07T05:19:14.3367652Z # Subtest: production image and Compose serve the Expo web artifact
Release Configuration	Validate versions and quality-gate tests	2026-10-07T05:19:14.3376473Z ok 2 - production image and Compose serve the Expo web artifact
Release Configuration	Validate versions and quality-gate tests	2026-10-07T05:19:14.3377421Z   ---
Release Configuration	Validate versions and quality-gate tests	2026-10-07T05:19:14.3377889Z   duration_ms: 0.279686
Release Configuration	Validate versions and quality-gate tests	2026-10-07T05:19:14.3378389Z   ...
Release Configuration	Validate versions and quality-gate tests	2026-10-07T05:19:14.3379212Z # Subtest: in-stack Postgres remains private and gates app startup on DB health
Release Configuration	Validate versions and quality-gate tests	2026-10-07T05:19:14.3380295Z ok 3 - in-stack Postgres remains private and gates app startup on DB health
Release Configuration	Validate versions and quality-gate tests	2026-10-07T05:19:14.3381055Z   ---
Release Configuration	Validate versions and quality-gate tests	2026-10-07T05:19:14.3381514Z   duration_ms: 0.170564
Release Configuration	Validate versions and quality-gate tests	2026-10-07T05:19:14.3381987Z   ...
Release Configuration	Validate versions and quality-gate tests	2026-10-07T05:19:14.3382915Z # Subtest: backup pipeline encrypts before promotion and limits retention to completed dumps
Release Configuration	Validate versions and quality-gate tests	2026-10-07T05:19:14.3384161Z ok 4 - backup pipeline encrypts before promotion and limits retention to completed dumps
Release Configuration	Validate versions and quality-gate tests	2026-10-07T05:19:14.3384959Z   ---
Release Configuration	Validate versions and quality-gate tests	2026-10-07T05:19:14.3385588Z   duration_ms: 1.165866
Release Configuration	Validate versions and quality-gate tests	2026-10-07T05:19:14.3386080Z   ...
Release Configuration	Validate versions and quality-gate tests	2026-10-07T05:19:14.3387082Z # Subtest: restore refuses accidental destructive use and never writes a plaintext dump to the backup volume
Release Configuration	Validate versions and quality-gate tests	2026-10-07T05:19:14.3388474Z ok 5 - restore refuses accidental destructive use and never writes a plaintext dump to the backup volume
Release Configuration	Validate versions and quality-gate tests	2026-10-07T05:19:14.3389341Z   ---
Release Configuration	Validate versions and quality-gate tests	2026-10-07T05:19:14.3389795Z   duration_ms: 0.323777
Release Configuration	Validate versions and quality-gate tests	2026-10-07T05:19:14.3390560Z   ...
Release Configuration	Validate versions and quality-gate tests	2026-10-07T05:19:14.3391310Z # Subtest: production startup retries migrations before opening the app process
Release Configuration	Validate versions and quality-gate tests	2026-10-07T05:19:14.3392348Z ok 6 - production startup retries migrations before opening the app process
Release Configuration	Validate versions and quality-gate tests	2026-10-07T05:19:14.3393099Z   ---
Release Configuration	Validate versions and quality-gate tests	2026-10-07T05:19:14.3393544Z   duration_ms: 0.164492
Release Configuration	Validate versions and quality-gate tests	2026-10-07T05:19:14.3393981Z   ...
Release Configuration	Validate versions and quality-gate tests	2026-10-07T05:19:14.3394783Z # Subtest: deployment remains portable and does not restore removed cloud infrastructure
Release Configuration	Validate versions and quality-gate tests	2026-10-07T05:19:14.3401595Z ok 7 - deployment remains portable and does not restore removed cloud infrastructure
Release Configuration	Validate versions and quality-gate tests	2026-10-07T05:19:14.3402761Z   ---
Release Configuration	Validate versions and quality-gate tests	2026-10-07T05:19:14.3403219Z   duration_ms: 1.624519
Release Configuration	Validate versions and quality-gate tests	2026-10-07T05:19:14.3403784Z   ...
Release Configuration	Validate versions and quality-gate tests	2026-10-07T05:19:14.6962036Z # Subtest: only the configured image repository, exact digest, and canonical release tag are accepted
Release Configuration	Validate versions and quality-gate tests	2026-10-07T05:19:14.6963610Z ok 8 - only the configured image repository, exact digest, and canonical release tag are accepted
Release Configuration	Validate versions and quality-gate tests	2026-10-07T05:19:14.7003644Z   ---
Release Configuration	Validate versions and quality-gate tests	2026-10-07T05:19:14.7004338Z   duration_ms: 3.162292
Release Configuration	Validate versions and quality-gate tests	2026-10-07T05:19:14.7004828Z   ...
Release Configuration	Validate versions and quality-gate tests	2026-10-07T05:19:14.7006108Z # Subtest: first deployment adopts the running digest, preserves secrets, and updates only app
Release Configuration	Validate versions and quality-gate tests	2026-10-07T05:19:14.7007238Z ok 9 - first deployment adopts the running digest, preserves secrets, and updates only app
Release Configuration	Validate versions and quality-gate tests	2026-10-07T05:19:14.7008007Z   ---
Release Configuration	Validate versions and quality-gate tests	2026-10-07T05:19:14.7008388Z   duration_ms: 303.273076
Release Configuration	Validate versions and quality-gate tests	2026-10-07T05:19:14.7008805Z   ...
Release Configuration	Validate versions and quality-gate tests	2026-10-07T05:19:14.7009529Z # Subtest: repeating a healthy release checks it without pulling or restarting
Release Configuration	Validate versions and quality-gate tests	2026-10-07T05:19:14.7010644Z ok 10 - repeating a healthy release checks it without pulling or restarting
Release Configuration	Validate versions and quality-gate tests	2026-10-07T05:19:14.7011342Z   ---
Release Configuration	Validate versions and quality-gate tests	2026-10-07T05:19:14.7011718Z   duration_ms: 4.925737
Release Configuration	Validate versions and quality-gate tests	2026-10-07T05:19:14.7012125Z   ...
Release Configuration	Validate versions and quality-gate tests	2026-10-07T05:19:14.7012918Z # Subtest: numeric release ordering and digest identity prevent stale jobs and tag rewrites
Release Configuration	Validate versions and quality-gate tests	2026-10-07T05:19:14.7014123Z ok 11 - numeric release ordering and digest identity prevent stale jobs and tag rewrites
Release Configuration	Validate versions and quality-gate tests	2026-10-07T05:19:14.7014867Z   ---
Release Configuration	Validate versions and quality-gate tests	2026-10-07T05:19:14.7015365Z   duration_ms: 5.407356
Release Configuration	Validate versions and quality-gate tests	2026-10-07T05:19:14.7015800Z   ...
Release Configuration	Validate versions and quality-gate tests	2026-10-07T05:19:14.7016537Z # Subtest: invalid host configuration and multiple replicas stop before mutation
Release Configuration	Validate versions and quality-gate tests	2026-10-07T05:19:14.7017372Z ok 12 - invalid host configuration and multiple replicas stop before mutation
Release Configuration	Validate versions and quality-gate tests	2026-10-07T05:19:14.7017980Z   ---
Release Configuration	Validate versions and quality-gate tests	2026-10-07T05:19:14.7018296Z   duration_ms: 1.924269
Release Configuration	Validate versions and quality-gate tests	2026-10-07T05:19:14.7018620Z   ...
Release Configuration	Validate versions and quality-gate tests	2026-10-07T05:19:14.7020306Z # Subtest: missing, stale, future, and invalid backup markers prevent deployment
Release Configuration	Validate versions and quality-gate tests	2026-10-07T05:19:14.7021344Z ok 13 - missing, stale, future, and invalid backup markers prevent deployment
Release Configuration	Validate versions and quality-gate tests	2026-10-07T05:19:14.7022056Z   ---
Release Configuration	Validate versions and quality-gate tests	2026-10-07T05:19:14.7022449Z   duration_ms: 4.661045
Release Configuration	Validate versions and quality-gate tests	2026-10-07T05:19:14.7022864Z   ...
Release Configuration	Validate versions and quality-gate tests	2026-10-07T05:19:14.7023490Z # Subtest: pull failure preserves deployment state and desired image
Release Configuration	Validate versions and quality-gate tests	2026-10-07T05:19:14.7024335Z ok 14 - pull failure preserves deployment state and desired image
Release Configuration	Validate versions and quality-gate tests	2026-10-07T05:19:14.7024925Z   ---
Release Configuration	Validate versions and quality-gate tests	2026-10-07T05:19:14.7025492Z   duration_ms: 1.12559
Release Configuration	Validate versions and quality-gate tests	2026-10-07T05:19:14.7025925Z   ...
Release Configuration	Validate versions and quality-gate tests	2026-10-07T05:19:14.7054735Z # Subtest: a Compose file ignoring APP_IMAGE cannot restart with the wrong image
Release Configuration	Validate versions and quality-gate tests	2026-10-07T05:19:14.7056274Z ok 15 - a Compose file ignoring APP_IMAGE cannot restart with the wrong image
Release Configuration	Validate versions and quality-gate tests	2026-10-07T05:19:14.7056974Z   ---
Release Configuration	Validate versions and quality-gate tests	2026-10-07T05:19:14.7057420Z   duration_ms: 3.887555
Release Configuration	Validate versions and quality-gate tests	2026-10-07T05:19:14.7057851Z   ...
Release Configuration	Validate versions and quality-gate tests	2026-10-07T05:19:14.7058659Z # Subtest: failed deployment retains pending identity without rollback: {"upFailure":true}
Release Configuration	Validate versions and quality-gate tests	2026-10-07T05:19:14.7059831Z ok 16 - failed deployment retains pending identity without rollback: {"upFailure":true}
Release Configuration	Validate versions and quality-gate tests	2026-10-07T05:19:14.7060554Z   ---
Release Configuration	Validate versions and quality-gate tests	2026-10-07T05:19:14.7061024Z   duration_ms: 4.535472
Release Configuration	Validate versions and quality-gate tests	2026-10-07T05:19:14.7061467Z   ...
Release Configuration	Validate versions and quality-gate tests	2026-10-07T05:19:14.7062274Z # Subtest: failed deployment retains pending identity without rollback: {"wrongImage":true}
Release Configuration	Validate versions and quality-gate tests	2026-10-07T05:19:14.7063398Z ok 17 - failed deployment retains pending identity without rollback: {"wrongImage":true}
Release Configuration	Validate versions and quality-gate tests	2026-10-07T05:19:14.7064534Z   ---
Release Configuration	Validate versions and quality-gate tests	2026-10-07T05:19:14.7064949Z   duration_ms: 3.397255
Release Configuration	Validate versions and quality-gate tests	2026-10-07T05:19:14.7065530Z   ...
Release Configuration	Validate versions and quality-gate tests	2026-10-07T05:19:14.7066576Z # Subtest: failed deployment retains pending identity without rollback: {"wrongVersion":"99.0.0"}
Release Configuration	Validate versions and quality-gate tests	2026-10-07T05:19:14.7067827Z ok 18 - failed deployment retains pending identity without rollback: {"wrongVersion":"99.0.0"}
Release Configuration	Validate versions and quality-gate tests	2026-10-07T05:19:14.7068584Z   ---
Release Configuration	Validate versions and quality-gate tests	2026-10-07T05:19:14.7068986Z   duration_ms: 3.437939
Release Configuration	Validate versions and quality-gate tests	2026-10-07T05:19:14.7069423Z   ...
Release Configuration	Validate versions and quality-gate tests	2026-10-07T05:19:14.7070204Z # Subtest: failed deployment retains pending identity without rollback: {"unhealthy":true}
Release Configuration	Validate versions and quality-gate tests	2026-10-07T05:19:14.7071491Z ok 19 - failed deployment retains pending identity without rollback: {"unhealthy":true}
Release Configuration	Validate versions and quality-gate tests	2026-10-07T05:19:14.7072199Z   ---
Release Configuration	Validate versions and quality-gate tests	2026-10-07T05:19:14.7072617Z   duration_ms: 3.394374
Release Configuration	Validate versions and quality-gate tests	2026-10-07T05:19:14.7073059Z   ...
Release Configuration	Validate versions and quality-gate tests	2026-10-07T05:19:14.7073778Z # Subtest: an interrupted deployment can retry only its exact release and digest
Release Configuration	Validate versions and quality-gate tests	2026-10-07T05:19:14.7074726Z ok 20 - an interrupted deployment can retry only its exact release and digest
Release Configuration	Validate versions and quality-gate tests	2026-10-07T05:19:14.7075741Z   ---
Release Configuration	Validate versions and quality-gate tests	2026-10-07T05:19:14.7076042Z   duration_ms: 4.547994
Release Configuration	Validate versions and quality-gate tests	2026-10-07T05:19:14.7076343Z   ...
Release Configuration	Validate versions and quality-gate tests	2026-10-07T05:19:14.7076792Z # Subtest: manual stack drift is detected before overwriting a deployment
Release Configuration	Validate versions and quality-gate tests	2026-10-07T05:19:14.7077365Z ok 21 - manual stack drift is detected before overwriting a deployment
Release Configuration	Validate versions and quality-gate tests	2026-10-07T05:19:14.7077760Z   ---
Release Configuration	Validate versions and quality-gate tests	2026-10-07T05:19:14.7078032Z   duration_ms: 1.209216
Release Configuration	Validate versions and quality-gate tests	2026-10-07T05:19:14.7078321Z   ...
Release Configuration	Validate versions and quality-gate tests	2026-10-07T05:19:14.7079009Z # Subtest: pending retries recreate a container removed by an interrupted Compose operation
Release Configuration	Validate versions and quality-gate tests	2026-10-07T05:19:14.7080690Z ok 22 - pending retries recreate a container removed by an interrupted Compose operation
Release Configuration	Validate versions and quality-gate tests	2026-10-07T05:19:14.7081444Z   ---
Release Configuration	Validate versions and quality-gate tests	2026-10-07T05:19:14.7081754Z   duration_ms: 4.924652
Release Configuration	Validate versions and quality-gate tests	2026-10-07T05:19:14.7082078Z   ...
Release Configuration	Validate versions and quality-gate tests	2026-10-07T05:19:14.7082793Z # Subtest: runner rejects malformed network configuration before creating any tunnel
Release Configuration	Validate versions and quality-gate tests	2026-10-07T05:19:14.7083804Z ok 23 - runner rejects malformed network configuration before creating any tunnel
Release Configuration	Validate versions and quality-gate tests	2026-10-07T05:19:14.7099203Z   ---
Release Configuration	Validate versions and quality-gate tests	2026-10-07T05:19:14.7099715Z   duration_ms: 1.254037
Release Configuration	Validate versions and quality-gate tests	2026-10-07T05:19:14.7100062Z   ...
Release Configuration	Validate versions and quality-gate tests	2026-10-07T05:19:14.7100701Z # Subtest: runner pins SSH host key, limits routing, and cleans secrets/tunnel: success
Release Configuration	Validate versions and quality-gate tests	2026-10-07T05:19:14.7101651Z ok 24 - runner pins SSH host key, limits routing, and cleans secrets/tunnel: success
Release Configuration	Validate versions and quality-gate tests	2026-10-07T05:19:14.7102235Z   ---
Release Configuration	Validate versions and quality-gate tests	2026-10-07T05:19:14.7102524Z   duration_ms: 0.793398
Release Configuration	Validate versions and quality-gate tests	2026-10-07T05:19:14.7102838Z   ...
Release Configuration	Validate versions and quality-gate tests	2026-10-07T05:19:14.7103468Z # Subtest: runner pins SSH host key, limits routing, and cleans secrets/tunnel: wg
Release Configuration	Validate versions and quality-gate tests	2026-10-07T05:19:14.7104366Z ok 25 - runner pins SSH host key, limits routing, and cleans secrets/tunnel: wg
Release Configuration	Validate versions and quality-gate tests	2026-10-07T05:19:14.7104867Z   ---
Release Configuration	Validate versions and quality-gate tests	2026-10-07T05:19:14.7105450Z   duration_ms: 0.47834
Release Configuration	Validate versions and quality-gate tests	2026-10-07T05:19:14.7105782Z   ...
Release Configuration	Validate versions and quality-gate tests	2026-10-07T05:19:14.7106329Z # Subtest: runner pins SSH host key, limits routing, and cleans secrets/tunnel: ssh
Release Configuration	Validate versions and quality-gate tests	2026-10-07T05:19:14.7107219Z ok 26 - runner pins SSH host key, limits routing, and cleans secrets/tunnel: ssh
Release Configuration	Validate versions and quality-gate tests	2026-10-07T05:19:14.7107765Z   ---
Release Configuration	Validate versions and quality-gate tests	2026-10-07T05:19:14.7108058Z   duration_ms: 1.202193
Release Configuration	Validate versions and quality-gate tests	2026-10-07T05:19:14.7108377Z   ...
Release Configuration	Validate versions and quality-gate tests	2026-10-07T05:19:14.7156967Z 1..26
Release Configuration	Validate versions and quality-gate tests	2026-10-07T05:19:14.7157361Z # tests 26
Release Configuration	Validate versions and quality-gate tests	2026-10-07T05:19:14.7157653Z # suites 0
Release Configuration	Validate versions and quality-gate tests	2026-10-07T05:19:14.7157938Z # pass 26
Release Configuration	Validate versions and quality-gate tests	2026-10-07T05:19:14.7158222Z # fail 0
Release Configuration	Validate versions and quality-gate tests	2026-10-07T05:19:14.7158525Z # cancelled 0
Release Configuration	Validate versions and quality-gate tests	2026-10-07T05:19:14.7158818Z # skipped 0
Release Configuration	Validate versions and quality-gate tests	2026-10-07T05:19:14.7159098Z # todo 0
Release Configuration	Validate versions and quality-gate tests	2026-10-07T05:19:14.7163996Z # duration_ms 432.811358
Release Configuration	Post Setup Node	﻿2026-10-07T05:19:14.7349703Z Post job cleanup.
Release Configuration	Post Setup Node	2026-10-07T05:19:14.8602360Z (node:3314) [DEP0040] DeprecationWarning: The `punycode` module is deprecated. Please use a userland alternative instead.
Release Configuration	Post Setup Node	2026-10-07T05:19:14.8603131Z (Use `node --trace-deprecation ...` to show where the warning was created)
Release Configuration	Post Checkout	﻿2026-10-07T05:19:14.8765884Z Post job cleanup.
Release Configuration	Post Checkout	2026-10-07T05:19:14.9659183Z [command]/usr/bin/git version
Release Configuration	Post Checkout	2026-10-07T05:19:14.9698372Z git version 2.55.0
Release Configuration	Post Checkout	2026-10-07T05:19:14.9733200Z Temporarily overriding HOME='/home/runner/work/_temp/f020fac7-ae56-4b7b-84c0-9c597a2efb2b' before making global git config changes
Release Configuration	Post Checkout	2026-10-07T05:19:14.9734713Z Adding repository directory to the temporary git global config as a safe directory
Release Configuration	Post Checkout	2026-10-07T05:19:14.9739488Z [command]/usr/bin/git config --global --add safe.directory /home/runner/work/calibrate-health/calibrate-health
Release Configuration	Post Checkout	2026-10-07T05:19:14.9779428Z [command]/usr/bin/git config --local --name-only --get-regexp core\.sshCommand
Release Configuration	Post Checkout	2026-10-07T05:19:14.9813075Z [command]/usr/bin/git submodule foreach --recursive sh -c "git config --local --name-only --get-regexp 'core\.sshCommand' && git config --local --unset-all 'core.sshCommand' || :"
Release Configuration	Post Checkout	2026-10-07T05:19:15.0087848Z [command]/usr/bin/git config --local --name-only --get-regexp http\.https\:\/\/github\.com\/\.extraheader
Release Configuration	Post Checkout	2026-10-07T05:19:15.0122611Z [command]/usr/bin/git submodule foreach --recursive sh -c "git config --local --name-only --get-regexp 'http\.https\:\/\/github\.com\/\.extraheader' && git config --local --unset-all 'http.https://github.com/.extraheader' || :"
Release Configuration	Post Checkout	2026-10-07T05:19:15.0370144Z [command]/usr/bin/git config --local --name-only --get-regexp ^includeIf\.gitdir:
Release Configuration	Post Checkout	2026-10-07T05:19:15.0407986Z [command]/usr/bin/git submodule foreach --recursive git config --local --show-origin --name-only --get-regexp remote.origin.url
Release Configuration	Complete job	﻿2026-10-07T05:19:15.0792388Z Cleaning up orphan processes
Release Configuration	Complete job	2026-10-07T05:19:15.1024718Z ##[warning]Node.js 20 is deprecated. The following actions target Node.js 20 but are being forced to run on Node.js 24: actions/checkout@11d5960a326750d5838078e36cf38b85af677262, actions/setup-node@49933ea5288caeca8642d1e84afbd3f7d6820020. For more information see: https://github.blog/changelog/2025-09-19-deprecation-of-node-20-on-github-actions-runners/
