Classify Database Inputs	Set up job	﻿2026-10-05T23:03:08.5388051Z Current runner version: '2.337.0'
Classify Database Inputs	Set up job	2026-10-05T23:03:08.5406536Z ##[group]Runner Image Provisioner
Classify Database Inputs	Set up job	2026-10-05T23:03:08.5407498Z Hosted Compute Agent
Classify Database Inputs	Set up job	2026-10-05T23:03:08.5408046Z Version: 20260901.588
Classify Database Inputs	Set up job	2026-10-05T23:03:08.5408566Z Commit: f88ec8081b781fac6c440065ac7ff9e710ce3d0b
Classify Database Inputs	Set up job	2026-10-05T23:03:08.5409182Z Build Date: 2026-09-01T19:56:44Z
Classify Database Inputs	Set up job	2026-10-05T23:03:08.5409774Z Worker ID: {34af3435-ad2f-4174-8c44-56da1d925eee}
Classify Database Inputs	Set up job	2026-10-05T23:03:08.5410352Z Azure Region: centralus
Classify Database Inputs	Set up job	2026-10-05T23:03:08.5410842Z ##[endgroup]
Classify Database Inputs	Set up job	2026-10-05T23:03:08.5412166Z ##[group]Operating System
Classify Database Inputs	Set up job	2026-10-05T23:03:08.5412703Z Ubuntu
Classify Database Inputs	Set up job	2026-10-05T23:03:08.5413171Z 24.04.5
Classify Database Inputs	Set up job	2026-10-05T23:03:08.5413592Z LTS
Classify Database Inputs	Set up job	2026-10-05T23:03:08.5414047Z ##[endgroup]
Classify Database Inputs	Set up job	2026-10-05T23:03:08.5414537Z ##[group]Runner Image
Classify Database Inputs	Set up job	2026-10-05T23:03:08.5415044Z Image: ubuntu-24.04
Classify Database Inputs	Set up job	2026-10-05T23:03:08.5415519Z Version: 20260927.320.1
Classify Database Inputs	Set up job	2026-10-05T23:03:08.5416357Z Included Software: https://github.com/actions/runner-images/blob/ubuntu24/20260927.320/images/ubuntu/Ubuntu2404-Readme.md
Classify Database Inputs	Set up job	2026-10-05T23:03:08.5417939Z Image Release: https://github.com/actions/runner-images/releases/tag/ubuntu24%2F20260927.320
Classify Database Inputs	Set up job	2026-10-05T23:03:08.5418740Z ##[endgroup]
Classify Database Inputs	Set up job	2026-10-05T23:03:08.5419756Z ##[group]GITHUB_TOKEN Permissions
Classify Database Inputs	Set up job	2026-10-05T23:03:08.5421602Z Contents: read
Classify Database Inputs	Set up job	2026-10-05T23:03:08.5422125Z Metadata: read
Classify Database Inputs	Set up job	2026-10-05T23:03:08.5422606Z PullRequests: read
Classify Database Inputs	Set up job	2026-10-05T23:03:08.5423061Z ##[endgroup]
Classify Database Inputs	Set up job	2026-10-05T23:03:08.5424781Z Secret source: Actions
Classify Database Inputs	Set up job	2026-10-05T23:03:08.5425512Z Cache mode: write
Classify Database Inputs	Set up job	2026-10-05T23:03:08.5426161Z Prepare workflow directory
Classify Database Inputs	Set up job	2026-10-05T23:03:08.5690286Z Prepare all required actions
Classify Database Inputs	Set up job	2026-10-05T23:03:08.5730686Z Getting action download info
Classify Database Inputs	Set up job	2026-10-05T23:03:08.8864838Z Download action repository 'dorny/paths-filter@v3' (SHA:0e4a8c6effa4802afeda77dc8d303f8176d7dfad)
Classify Database Inputs	Set up job	2026-10-05T23:03:09.3532850Z Complete job name: Classify Database Inputs
Classify Database Inputs	Detect affected database surfaces	﻿2026-10-05T23:03:09.4056273Z ##[group]Run dorny/paths-filter@v3
Classify Database Inputs	Detect affected database surfaces	2026-10-05T23:03:09.4057201Z with:
Classify Database Inputs	Detect affected database surfaces	2026-10-05T23:03:09.4060692Z   filters: database:
Classify Database Inputs	Detect affected database surfaces	  - '.github/workflows/database-upgrade.yml'
Classify Database Inputs	Detect affected database surfaces	  - 'backend/package.json'
Classify Database Inputs	Detect affected database surfaces	  - 'backend/package-lock.json'
Classify Database Inputs	Detect affected database surfaces	  - 'backend/prisma.config.ts'
Classify Database Inputs	Detect affected database surfaces	  - 'backend/prisma/**'
Classify Database Inputs	Detect affected database surfaces	  - 'backend/src/config/database.ts'
Classify Database Inputs	Detect affected database surfaces	  - 'backend/src/config/databaseUtils.ts'
Classify Database Inputs	Detect affected database surfaces	  - 'backend/src/observability.ts'
Classify Database Inputs	Detect affected database surfaces	  - 'backend/src/services/materializedWeightTrend.ts'
Classify Database Inputs	Detect affected database surfaces	  - 'backend/src/services/weightTrend*.ts'
Classify Database Inputs	Detect affected database surfaces	  - 'backend/src/utils/date.ts'
Classify Database Inputs	Detect affected database surfaces	  - 'backend/tsconfig.json'
Classify Database Inputs	Detect affected database surfaces	  - 'deploy/backup/**'
Classify Database Inputs	Detect affected database surfaces	  - 'scripts/postgres-*.mjs'
Classify Database Inputs	Detect affected database surfaces	  - 'shared/weightTrend*.ts'
Classify Database Inputs	Detect affected database surfaces	migrations:
Classify Database Inputs	Detect affected database surfaces	  - '.github/workflows/database-upgrade.yml'
Classify Database Inputs	Detect affected database surfaces	  - 'backend/prisma/migrations/**'
Classify Database Inputs	Detect affected database surfaces	  - 'scripts/postgres-rollback-smoke.mjs'
Classify Database Inputs	Detect affected database surfaces	  - 'scripts/postgres-rollback-smoke.test.mjs'
Classify Database Inputs	Detect affected database surfaces	
Classify Database Inputs	Detect affected database surfaces	2026-10-05T23:03:09.4066817Z   token: ***
Classify Database Inputs	Detect affected database surfaces	2026-10-05T23:03:09.4067340Z   list-files: none
Classify Database Inputs	Detect affected database surfaces	2026-10-05T23:03:09.4067839Z   initial-fetch-depth: 100
Classify Database Inputs	Detect affected database surfaces	2026-10-05T23:03:09.4068326Z   predicate-quantifier: some
Classify Database Inputs	Detect affected database surfaces	2026-10-05T23:03:09.4069045Z ##[endgroup]
Classify Database Inputs	Detect affected database surfaces	2026-10-05T23:03:09.4830265Z ##[group]Fetching list of changed files for PR#423 from Github API
Classify Database Inputs	Detect affected database surfaces	2026-10-05T23:03:09.4831293Z Invoking listFiles(pull_number: 423, per_page: 100)
Classify Database Inputs	Detect affected database surfaces	2026-10-05T23:03:10.0451644Z Received 96 items
Classify Database Inputs	Detect affected database surfaces	2026-10-05T23:03:10.0453708Z [added] backend/prisma/migrations/0045_firebase_identity_foundation/migration.sql
Classify Database Inputs	Detect affected database surfaces	2026-10-05T23:03:10.0455381Z [modified] backend/prisma/schema.prisma
Classify Database Inputs	Detect affected database surfaces	2026-10-05T23:03:10.0456550Z [added] backend/scripts/firebase-migration-plan.js
Classify Database Inputs	Detect affected database surfaces	2026-10-05T23:03:10.0458164Z [added] backend/scripts/lib/credentialProvider.ts
Classify Database Inputs	Detect affected database surfaces	2026-10-05T23:03:10.0459408Z [added] backend/scripts/lib/firebaseMigration.ts
Classify Database Inputs	Detect affected database surfaces	2026-10-05T23:03:10.0460584Z [added] backend/scripts/lib/migrationJournal.ts
Classify Database Inputs	Detect affected database surfaces	2026-10-05T23:03:10.0461798Z [added] backend/src/config/credentialProvider.ts
Classify Database Inputs	Detect affected database surfaces	2026-10-05T23:03:10.0462980Z [modified] backend/src/index.ts
Classify Database Inputs	Detect affected database surfaces	2026-10-05T23:03:10.0464304Z [modified] backend/src/services/mcpOAuth.ts
Classify Database Inputs	Detect affected database surfaces	2026-10-05T23:03:10.0465801Z [added] backend/test/config-credential-provider.test.js
Classify Database Inputs	Detect affected database surfaces	2026-10-05T23:03:10.0467539Z [added] backend/test/credential-provider.test.js
Classify Database Inputs	Detect affected database surfaces	2026-10-05T23:03:10.0469476Z [added] backend/test/firebase-migration-cli.test.js
Classify Database Inputs	Detect affected database surfaces	2026-10-05T23:03:10.0470897Z [added] backend/test/firebase-migration.test.js
Classify Database Inputs	Detect affected database surfaces	2026-10-05T23:03:10.0472454Z [modified] backend/test/mcp-oauth.test.js
Classify Database Inputs	Detect affected database surfaces	2026-10-05T23:03:10.0474021Z [added] backend/test/migration-journal.test.js
Classify Database Inputs	Detect affected database surfaces	2026-10-05T23:03:10.0475272Z [added] docs/firebase-migration-preparation.md
Classify Database Inputs	Detect affected database surfaces	2026-10-05T23:03:10.0476795Z [modified] e2e/expo-web/launch-19-hosted-pwa-trust.spec.ts
Classify Database Inputs	Detect affected database surfaces	2026-10-05T23:03:10.0478519Z [added] e2e/expo-web/offline-workspace.spec.ts
Classify Database Inputs	Detect affected database surfaces	2026-10-05T23:03:10.0479687Z [modified] e2e/expo-web/release-smoke.spec.ts
Classify Database Inputs	Detect affected database surfaces	2026-10-05T23:03:10.0480910Z [modified] mobile/app/(tabs)/(progress)/progress.tsx
Classify Database Inputs	Detect affected database surfaces	2026-10-05T23:03:10.0482232Z [modified] mobile/app/(tabs)/(today)/today.tsx
Classify Database Inputs	Detect affected database surfaces	2026-10-05T23:03:10.0483351Z [modified] mobile/app/_layout.tsx
Classify Database Inputs	Detect affected database surfaces	2026-10-05T23:03:10.0484356Z [modified] mobile/app/_layout.web.tsx
Classify Database Inputs	Detect affected database surfaces	2026-10-05T23:03:10.0485411Z [modified] mobile/public/sw.js
Classify Database Inputs	Detect affected database surfaces	2026-10-05T23:03:10.0486602Z [modified] mobile/src/auth/AuthContext.test.tsx
Classify Database Inputs	Detect affected database surfaces	2026-10-05T23:03:10.0488029Z [modified] mobile/src/auth/AuthContext.tsx
Classify Database Inputs	Detect affected database surfaces	2026-10-05T23:03:10.0489374Z [modified] mobile/src/auth/AuthContext.web.test.tsx
Classify Database Inputs	Detect affected database surfaces	2026-10-05T23:03:10.0490574Z [modified] mobile/src/auth/AuthContext.web.tsx
Classify Database Inputs	Detect affected database surfaces	2026-10-05T23:03:10.0491852Z [modified] mobile/src/auth/apiClientAuth.test.ts
Classify Database Inputs	Detect affected database surfaces	2026-10-05T23:03:10.0493095Z [added] mobile/src/auth/logoutIntent.ts
Classify Database Inputs	Detect affected database surfaces	2026-10-05T23:03:10.0494173Z [added] mobile/src/auth/logoutIntent.web.ts
Classify Database Inputs	Detect affected database surfaces	2026-10-05T23:03:10.0495498Z [added] mobile/src/auth/logoutIntentStore.test.ts
Classify Database Inputs	Detect affected database surfaces	2026-10-05T23:03:10.0496915Z [added] mobile/src/auth/logoutIntentStore.ts
Classify Database Inputs	Detect affected database surfaces	2026-10-05T23:03:10.0498614Z [added] mobile/src/auth/offlineWorkspace.test.ts
Classify Database Inputs	Detect affected database surfaces	2026-10-05T23:03:10.0500108Z [added] mobile/src/auth/offlineWorkspace.ts
Classify Database Inputs	Detect affected database surfaces	2026-10-05T23:03:10.0501529Z [added] mobile/src/auth/storage.test.ts
Classify Database Inputs	Detect affected database surfaces	2026-10-05T23:03:10.0503025Z [modified] mobile/src/auth/storage.ts
Classify Database Inputs	Detect affected database surfaces	2026-10-05T23:03:10.0504922Z [added] mobile/src/auth/usePendingLogoutRetry.ts
Classify Database Inputs	Detect affected database surfaces	2026-10-05T23:03:10.0506485Z [modified] mobile/src/barcode/BarcodeScreen.tsx
Classify Database Inputs	Detect affected database surfaces	2026-10-05T23:03:10.0508325Z [modified] mobile/src/components/AddFoodSheet.test.tsx
Classify Database Inputs	Detect affected database surfaces	2026-10-05T23:03:10.0509992Z [modified] mobile/src/components/AddFoodSheet.tsx
Classify Database Inputs	Detect affected database surfaces	2026-10-05T23:03:10.0511524Z [modified] mobile/src/components/FoodTrackingStatus.test.tsx
Classify Database Inputs	Detect affected database surfaces	2026-10-05T23:03:10.0512878Z [modified] mobile/src/components/FoodTrackingStatus.tsx
Classify Database Inputs	Detect affected database surfaces	2026-10-05T23:03:10.0514445Z [modified] mobile/src/components/WeightEntrySheet.test.tsx
Classify Database Inputs	Detect affected database surfaces	2026-10-05T23:03:10.0515744Z [modified] mobile/src/components/WeightEntrySheet.tsx
Classify Database Inputs	Detect affected database surfaces	2026-10-05T23:03:10.0516901Z [modified] mobile/src/food/FoodLogContent.tsx
Classify Database Inputs	Detect affected database surfaces	2026-10-05T23:03:10.0518660Z [modified] mobile/src/food/useFoodDeleteRecovery.ts
Classify Database Inputs	Detect affected database surfaces	2026-10-05T23:03:10.0519811Z [modified] mobile/src/hooks/usePrefetchPreviousFoodLog.ts
Classify Database Inputs	Detect affected database surfaces	2026-10-05T23:03:10.0520896Z [added] mobile/src/offline/FailedChangeRecoveryPanel.tsx
Classify Database Inputs	Detect affected database surfaces	2026-10-05T23:03:10.0521907Z [added] mobile/src/offline/OfflineWorkspaceStatus.tsx
Classify Database Inputs	Detect affected database surfaces	2026-10-05T23:03:10.0522983Z [added] mobile/src/offline/failedCreation.test.ts
Classify Database Inputs	Detect affected database surfaces	2026-10-05T23:03:10.0524463Z [added] mobile/src/offline/failedCreation.ts
Classify Database Inputs	Detect affected database surfaces	2026-10-05T23:03:10.0525636Z [added] mobile/src/offline/failedMutationRecovery.test.ts
Classify Database Inputs	Detect affected database surfaces	2026-10-05T23:03:10.0526885Z [added] mobile/src/offline/failedMutationRecovery.ts
Classify Database Inputs	Detect affected database surfaces	2026-10-05T23:03:10.0528149Z [added] mobile/src/offline/foodDayIntent.ts
Classify Database Inputs	Detect affected database surfaces	2026-10-05T23:03:10.0529185Z [added] mobile/src/offline/foodDayIntent.web.test.ts
Classify Database Inputs	Detect affected database surfaces	2026-10-05T23:03:10.0530272Z [added] mobile/src/offline/foodDayReceipts.test.ts
Classify Database Inputs	Detect affected database surfaces	2026-10-05T23:03:10.0531462Z [added] mobile/src/offline/foodDayReceipts.ts
Classify Database Inputs	Detect affected database surfaces	2026-10-05T23:03:10.0532558Z [modified] mobile/src/offline/indexedDbOutbox.web.test.ts
Classify Database Inputs	Detect affected database surfaces	2026-10-05T23:03:10.0533733Z [modified] mobile/src/offline/indexedDbOutbox.web.ts
Classify Database Inputs	Detect affected database surfaces	2026-10-05T23:03:10.0534799Z [added] mobile/src/offline/mutationDispatch.test.ts
Classify Database Inputs	Detect affected database surfaces	2026-10-05T23:03:10.0535853Z [added] mobile/src/offline/mutationDispatch.ts
Classify Database Inputs	Detect affected database surfaces	2026-10-05T23:03:10.0537236Z [added] mobile/src/offline/mutationKinds.ts
Classify Database Inputs	Detect affected database surfaces	2026-10-05T23:03:10.0538400Z [added] mobile/src/offline/mutationLock.ts
Classify Database Inputs	Detect affected database surfaces	2026-10-05T23:03:10.0539804Z [added] mobile/src/offline/mutationLock.web.test.ts
Classify Database Inputs	Detect affected database surfaces	2026-10-05T23:03:10.0540937Z [added] mobile/src/offline/mutationLock.web.ts
Classify Database Inputs	Detect affected database surfaces	2026-10-05T23:03:10.0542150Z [modified] mobile/src/offline/operations.test.ts
Classify Database Inputs	Detect affected database surfaces	2026-10-05T23:03:10.0543304Z [modified] mobile/src/offline/operations.ts
Classify Database Inputs	Detect affected database surfaces	2026-10-05T23:03:10.0544545Z [modified] mobile/src/offline/outbox.test.ts
Classify Database Inputs	Detect affected database surfaces	2026-10-05T23:03:10.0548788Z [modified] mobile/src/offline/outbox.ts
Classify Database Inputs	Detect affected database surfaces	2026-10-05T23:03:10.0550489Z [added] mobile/src/offline/pendingChangePresentation.test.ts
Classify Database Inputs	Detect affected database surfaces	2026-10-05T23:03:10.0551623Z [added] mobile/src/offline/pendingChangePresentation.ts
Classify Database Inputs	Detect affected database surfaces	2026-10-05T23:03:10.0552723Z [modified] mobile/src/offline/provider.test.tsx
Classify Database Inputs	Detect affected database surfaces	2026-10-05T23:03:10.0553605Z [modified] mobile/src/offline/provider.tsx
Classify Database Inputs	Detect affected database surfaces	2026-10-05T23:03:10.0554589Z [modified] mobile/src/offline/provider.web.test.tsx
Classify Database Inputs	Detect affected database surfaces	2026-10-05T23:03:10.0555650Z [modified] mobile/src/offline/provider.web.tsx
Classify Database Inputs	Detect affected database surfaces	2026-10-05T23:03:10.0556582Z [modified] mobile/src/offline/reconciler.test.ts
Classify Database Inputs	Detect affected database surfaces	2026-10-05T23:03:10.0557794Z [modified] mobile/src/offline/reconciler.ts
Classify Database Inputs	Detect affected database surfaces	2026-10-05T23:03:10.0558685Z [added] mobile/src/offline/reconcilerOwnership.web.test.ts
Classify Database Inputs	Detect affected database surfaces	2026-10-05T23:03:10.0559385Z [added] mobile/src/offline/trackingProjection.test.ts
Classify Database Inputs	Detect affected database surfaces	2026-10-05T23:03:10.0560062Z [added] mobile/src/offline/trackingProjection.ts
Classify Database Inputs	Detect affected database surfaces	2026-10-05T23:03:10.0560669Z [added] mobile/src/offline/trackingReceipts.test.ts
Classify Database Inputs	Detect affected database surfaces	2026-10-05T23:03:10.0561264Z [added] mobile/src/offline/trackingReceipts.ts
Classify Database Inputs	Detect affected database surfaces	2026-10-05T23:03:10.0561948Z [added] mobile/src/offline/useOfflineReplayExecutor.ts
Classify Database Inputs	Detect affected database surfaces	2026-10-05T23:03:10.0562603Z [added] mobile/src/offline/useTrackingQueries.test.tsx
Classify Database Inputs	Detect affected database surfaces	2026-10-05T23:03:10.0563259Z [added] mobile/src/offline/useTrackingQueries.ts
Classify Database Inputs	Detect affected database surfaces	2026-10-05T23:03:10.0563884Z [modified] mobile/src/progress/ProgressScreen.test.tsx
Classify Database Inputs	Detect affected database surfaces	2026-10-05T23:03:10.0564513Z [modified] mobile/src/pwa/PwaStatusBanner.web.test.ts
Classify Database Inputs	Detect affected database surfaces	2026-10-05T23:03:10.0565398Z [modified] mobile/src/pwa/PwaStatusBanner.web.tsx
Classify Database Inputs	Detect affected database surfaces	2026-10-05T23:03:10.0566026Z [modified] mobile/src/pwa/serviceWorkerSecurity.test.ts
Classify Database Inputs	Detect affected database surfaces	2026-10-05T23:03:10.0566668Z [modified] packages/api-client/src/client.ts
Classify Database Inputs	Detect affected database surfaces	2026-10-05T23:03:10.0567681Z [modified] scripts/expo-web-release.mjs
Classify Database Inputs	Detect affected database surfaces	2026-10-05T23:03:10.0568244Z [modified] scripts/expo-web-release.test.mjs
Classify Database Inputs	Detect affected database surfaces	2026-10-05T23:03:10.0568886Z [modified] scripts/postgres-populated-upgrade-smoke.mjs
Classify Database Inputs	Detect affected database surfaces	2026-10-05T23:03:10.0569543Z [modified] scripts/postgres-rollback-smoke.mjs
Classify Database Inputs	Detect affected database surfaces	2026-10-05T23:03:10.0570271Z [modified] scripts/postgres-rollback-smoke.test.mjs
Classify Database Inputs	Detect affected database surfaces	2026-10-05T23:03:10.0571752Z ##[endgroup]
Classify Database Inputs	Detect affected database surfaces	2026-10-05T23:03:10.0572243Z Detected 96 changed files
Classify Database Inputs	Detect affected database surfaces	2026-10-05T23:03:10.0572706Z Results:
Classify Database Inputs	Detect affected database surfaces	2026-10-05T23:03:10.0573478Z ##[group]Filter database = true
Classify Database Inputs	Detect affected database surfaces	2026-10-05T23:03:10.0573971Z Matching files:
Classify Database Inputs	Detect affected database surfaces	2026-10-05T23:03:10.0574593Z backend/prisma/migrations/0045_firebase_identity_foundation/migration.sql [added]
Classify Database Inputs	Detect affected database surfaces	2026-10-05T23:03:10.0575347Z backend/prisma/schema.prisma [modified]
Classify Database Inputs	Detect affected database surfaces	2026-10-05T23:03:10.0575985Z scripts/postgres-populated-upgrade-smoke.mjs [modified]
Classify Database Inputs	Detect affected database surfaces	2026-10-05T23:03:10.0576605Z scripts/postgres-rollback-smoke.mjs [modified]
Classify Database Inputs	Detect affected database surfaces	2026-10-05T23:03:10.0577576Z scripts/postgres-rollback-smoke.test.mjs [modified]
Classify Database Inputs	Detect affected database surfaces	2026-10-05T23:03:10.0578504Z ##[endgroup]
Classify Database Inputs	Detect affected database surfaces	2026-10-05T23:03:10.0579261Z ##[group]Filter migrations = true
Classify Database Inputs	Detect affected database surfaces	2026-10-05T23:03:10.0579733Z Matching files:
Classify Database Inputs	Detect affected database surfaces	2026-10-05T23:03:10.0580368Z backend/prisma/migrations/0045_firebase_identity_foundation/migration.sql [added]
Classify Database Inputs	Detect affected database surfaces	2026-10-05T23:03:10.0581116Z scripts/postgres-rollback-smoke.mjs [modified]
Classify Database Inputs	Detect affected database surfaces	2026-10-05T23:03:10.0581722Z scripts/postgres-rollback-smoke.test.mjs [modified]
Classify Database Inputs	Detect affected database surfaces	2026-10-05T23:03:10.0582576Z ##[endgroup]
Classify Database Inputs	Detect affected database surfaces	2026-10-05T23:03:10.0583023Z Changes output set to ["database","migrations"]
Classify Database Inputs	Select database execution	﻿2026-10-05T23:03:10.0729263Z ##[group]Run echo "database=${DATABASE_CHANGED}" >> "${GITHUB_OUTPUT}"
Classify Database Inputs	Select database execution	2026-10-05T23:03:10.0730187Z ^[[36;1mecho "database=${DATABASE_CHANGED}" >> "${GITHUB_OUTPUT}"^[[0m
Classify Database Inputs	Select database execution	2026-10-05T23:03:10.0730985Z ^[[36;1mecho "migrations=${MIGRATIONS_CHANGED}" >> "${GITHUB_OUTPUT}"^[[0m
Classify Database Inputs	Select database execution	2026-10-05T23:03:10.0908873Z shell: /usr/bin/bash --noprofile --norc -e -o pipefail {0}
Classify Database Inputs	Select database execution	2026-10-05T23:03:10.0909683Z env:
Classify Database Inputs	Select database execution	2026-10-05T23:03:10.0910197Z   DATABASE_CHANGED: true
Classify Database Inputs	Select database execution	2026-10-05T23:03:10.0910671Z   MIGRATIONS_CHANGED: true
Classify Database Inputs	Select database execution	2026-10-05T23:03:10.0911108Z ##[endgroup]
Classify Database Inputs	Complete job	﻿2026-10-05T23:03:10.1067641Z Evaluate and set job outputs
Classify Database Inputs	Complete job	2026-10-05T23:03:10.1073759Z Set output 'database'
Classify Database Inputs	Complete job	2026-10-05T23:03:10.1075464Z Set output 'migrations'
Classify Database Inputs	Complete job	2026-10-05T23:03:10.1076740Z Cleaning up orphan processes
Classify Database Inputs	Complete job	2026-10-05T23:03:10.1355256Z ##[warning]Node.js 20 is deprecated. The following actions target Node.js 20 but are being forced to run on Node.js 24: dorny/paths-filter@v3. For more information see: https://github.blog/changelog/2025-09-19-deprecation-of-node-20-on-github-actions-runners/
Populated Postgres Upgrade	Set up job	﻿2026-10-05T23:03:15.1634227Z Current runner version: '2.337.0'
Populated Postgres Upgrade	Set up job	2026-10-05T23:03:15.1658375Z ##[group]Runner Image Provisioner
Populated Postgres Upgrade	Set up job	2026-10-05T23:03:15.1659800Z Hosted Compute Agent
Populated Postgres Upgrade	Set up job	2026-10-05T23:03:15.1660380Z Version: 20260901.588
Populated Postgres Upgrade	Set up job	2026-10-05T23:03:15.1661043Z Commit: f88ec8081b781fac6c440065ac7ff9e710ce3d0b
Populated Postgres Upgrade	Set up job	2026-10-05T23:03:15.1661822Z Build Date: 2026-09-01T19:56:44Z
Populated Postgres Upgrade	Set up job	2026-10-05T23:03:15.1662493Z Worker ID: {7ae3687a-6365-4252-af13-1dfa89babc14}
Populated Postgres Upgrade	Set up job	2026-10-05T23:03:15.1663194Z Azure Region: northcentralus
Populated Postgres Upgrade	Set up job	2026-10-05T23:03:15.1663775Z ##[endgroup]
Populated Postgres Upgrade	Set up job	2026-10-05T23:03:15.1665099Z ##[group]Operating System
Populated Postgres Upgrade	Set up job	2026-10-05T23:03:15.1665731Z Ubuntu
Populated Postgres Upgrade	Set up job	2026-10-05T23:03:15.1666254Z 24.04.5
Populated Postgres Upgrade	Set up job	2026-10-05T23:03:15.1666740Z LTS
Populated Postgres Upgrade	Set up job	2026-10-05T23:03:15.1667248Z ##[endgroup]
Populated Postgres Upgrade	Set up job	2026-10-05T23:03:15.1667784Z ##[group]Runner Image
Populated Postgres Upgrade	Set up job	2026-10-05T23:03:15.1668462Z Image: ubuntu-24.04
Populated Postgres Upgrade	Set up job	2026-10-05T23:03:15.1669173Z Version: 20260927.320.1
Populated Postgres Upgrade	Set up job	2026-10-05T23:03:15.1670195Z Included Software: https://github.com/actions/runner-images/blob/ubuntu24/20260927.320/images/ubuntu/Ubuntu2404-Readme.md
Populated Postgres Upgrade	Set up job	2026-10-05T23:03:15.1671793Z Image Release: https://github.com/actions/runner-images/releases/tag/ubuntu24%2F20260927.320
Populated Postgres Upgrade	Set up job	2026-10-05T23:03:15.1672732Z ##[endgroup]
Populated Postgres Upgrade	Set up job	2026-10-05T23:03:15.1673780Z ##[group]GITHUB_TOKEN Permissions
Populated Postgres Upgrade	Set up job	2026-10-05T23:03:15.1675764Z Contents: read
Populated Postgres Upgrade	Set up job	2026-10-05T23:03:15.1676326Z Metadata: read
Populated Postgres Upgrade	Set up job	2026-10-05T23:03:15.1676871Z ##[endgroup]
Populated Postgres Upgrade	Set up job	2026-10-05T23:03:15.1679048Z Secret source: Actions
Populated Postgres Upgrade	Set up job	2026-10-05T23:03:15.1679969Z Cache mode: write
Populated Postgres Upgrade	Set up job	2026-10-05T23:03:15.1680645Z Prepare workflow directory
Populated Postgres Upgrade	Set up job	2026-10-05T23:03:15.2177118Z Prepare all required actions
Populated Postgres Upgrade	Set up job	2026-10-05T23:03:15.2245754Z Getting action download info
Populated Postgres Upgrade	Set up job	2026-10-05T23:03:15.4999149Z Download action repository 'actions/checkout@v4' (SHA:11d5960a326750d5838078e36cf38b85af677262)
Populated Postgres Upgrade	Set up job	2026-10-05T23:03:15.6330655Z Download action repository 'actions/setup-node@v4' (SHA:49933ea5288caeca8642d1e84afbd3f7d6820020)
Populated Postgres Upgrade	Set up job	2026-10-05T23:03:15.8963572Z Complete job name: Populated Postgres Upgrade
Populated Postgres Upgrade	Initialize containers	﻿2026-10-05T23:03:15.9423466Z ##[group]Checking docker version
Populated Postgres Upgrade	Initialize containers	2026-10-05T23:03:15.9436487Z ##[command]/usr/bin/docker version --format '{{.Server.APIVersion}}'
Populated Postgres Upgrade	Initialize containers	2026-10-05T23:03:16.0415185Z '1.48'
Populated Postgres Upgrade	Initialize containers	2026-10-05T23:03:16.0426175Z Docker daemon API version: '1.48'
Populated Postgres Upgrade	Initialize containers	2026-10-05T23:03:16.0427330Z ##[command]/usr/bin/docker version --format '{{.Client.APIVersion}}'
Populated Postgres Upgrade	Initialize containers	2026-10-05T23:03:16.0590960Z '1.48'
Populated Postgres Upgrade	Initialize containers	2026-10-05T23:03:16.0600711Z Docker client API version: '1.48'
Populated Postgres Upgrade	Initialize containers	2026-10-05T23:03:16.0606582Z ##[endgroup]
Populated Postgres Upgrade	Initialize containers	2026-10-05T23:03:16.0609098Z ##[group]Clean up resources from previous jobs
Populated Postgres Upgrade	Initialize containers	2026-10-05T23:03:16.0614691Z ##[command]/usr/bin/docker ps --all --quiet --no-trunc --filter "label=bf6b90"
Populated Postgres Upgrade	Initialize containers	2026-10-05T23:03:16.0771803Z ##[command]/usr/bin/docker network prune --force --filter "label=bf6b90"
Populated Postgres Upgrade	Initialize containers	2026-10-05T23:03:16.0904896Z ##[endgroup]
Populated Postgres Upgrade	Initialize containers	2026-10-05T23:03:16.0905625Z ##[group]Create local container network
Populated Postgres Upgrade	Initialize containers	2026-10-05T23:03:16.0915357Z ##[command]/usr/bin/docker network create --label bf6b90 github_network_e1d3f6d8c7724a49905023b1ffcf891d
Populated Postgres Upgrade	Initialize containers	2026-10-05T23:03:16.1375048Z ef559f04e4cec9213cd697135ac239025407a2d83b35113f46d02e4d0090b8fb
Populated Postgres Upgrade	Initialize containers	2026-10-05T23:03:16.1396032Z ##[endgroup]
Populated Postgres Upgrade	Initialize containers	2026-10-05T23:03:16.1432095Z ##[group]Starting postgres service container
Populated Postgres Upgrade	Initialize containers	2026-10-05T23:03:16.1453923Z ##[command]/usr/bin/docker pull postgres:15-alpine
Populated Postgres Upgrade	Initialize containers	2026-10-05T23:03:16.6316784Z 15-alpine: Pulling from library/postgres
Populated Postgres Upgrade	Initialize containers	2026-10-05T23:03:16.7674756Z e2de96513ba9: Already exists
Populated Postgres Upgrade	Initialize containers	2026-10-05T23:03:16.7708318Z 2c2e40dd947e: Pulling fs layer
Populated Postgres Upgrade	Initialize containers	2026-10-05T23:03:16.7710204Z 2e9987a42d41: Pulling fs layer
Populated Postgres Upgrade	Initialize containers	2026-10-05T23:03:16.7711400Z 3f49193fd82d: Pulling fs layer
Populated Postgres Upgrade	Initialize containers	2026-10-05T23:03:16.7712464Z bc2205dd5a3a: Pulling fs layer
Populated Postgres Upgrade	Initialize containers	2026-10-05T23:03:16.7713720Z e9516be90840: Pulling fs layer
Populated Postgres Upgrade	Initialize containers	2026-10-05T23:03:16.7714883Z 4f83103187f5: Pulling fs layer
Populated Postgres Upgrade	Initialize containers	2026-10-05T23:03:16.7715898Z c020dab2e853: Pulling fs layer
Populated Postgres Upgrade	Initialize containers	2026-10-05T23:03:16.7716897Z 0976f43b012c: Pulling fs layer
Populated Postgres Upgrade	Initialize containers	2026-10-05T23:03:16.7717929Z 6ba2251a51ae: Pulling fs layer
Populated Postgres Upgrade	Initialize containers	2026-10-05T23:03:16.7719104Z 277e2289225f: Pulling fs layer
Populated Postgres Upgrade	Initialize containers	2026-10-05T23:03:16.7720135Z bc2205dd5a3a: Waiting
Populated Postgres Upgrade	Initialize containers	2026-10-05T23:03:16.7721385Z e9516be90840: Waiting
Populated Postgres Upgrade	Initialize containers	2026-10-05T23:03:16.7722419Z 4f83103187f5: Waiting
Populated Postgres Upgrade	Initialize containers	2026-10-05T23:03:16.7723401Z c020dab2e853: Waiting
Populated Postgres Upgrade	Initialize containers	2026-10-05T23:03:16.7724355Z 0976f43b012c: Waiting
Populated Postgres Upgrade	Initialize containers	2026-10-05T23:03:16.7725286Z 6ba2251a51ae: Waiting
Populated Postgres Upgrade	Initialize containers	2026-10-05T23:03:16.7726204Z 277e2289225f: Waiting
Populated Postgres Upgrade	Initialize containers	2026-10-05T23:03:16.8830365Z 3f49193fd82d: Verifying Checksum
Populated Postgres Upgrade	Initialize containers	2026-10-05T23:03:16.8833037Z 3f49193fd82d: Download complete
Populated Postgres Upgrade	Initialize containers	2026-10-05T23:03:16.8848364Z 2c2e40dd947e: Verifying Checksum
Populated Postgres Upgrade	Initialize containers	2026-10-05T23:03:16.8850885Z 2c2e40dd947e: Download complete
Populated Postgres Upgrade	Initialize containers	2026-10-05T23:03:16.9009104Z 2e9987a42d41: Verifying Checksum
Populated Postgres Upgrade	Initialize containers	2026-10-05T23:03:16.9011707Z 2e9987a42d41: Download complete
Populated Postgres Upgrade	Initialize containers	2026-10-05T23:03:16.9545603Z 2c2e40dd947e: Pull complete
Populated Postgres Upgrade	Initialize containers	2026-10-05T23:03:16.9548368Z bc2205dd5a3a: Verifying Checksum
Populated Postgres Upgrade	Initialize containers	2026-10-05T23:03:16.9554827Z bc2205dd5a3a: Download complete
Populated Postgres Upgrade	Initialize containers	2026-10-05T23:03:16.9823146Z 4f83103187f5: Download complete
Populated Postgres Upgrade	Initialize containers	2026-10-05T23:03:17.0370001Z c020dab2e853: Verifying Checksum
Populated Postgres Upgrade	Initialize containers	2026-10-05T23:03:17.0372936Z c020dab2e853: Download complete
Populated Postgres Upgrade	Initialize containers	2026-10-05T23:03:17.0385729Z 2e9987a42d41: Pull complete
Populated Postgres Upgrade	Initialize containers	2026-10-05T23:03:17.0702568Z 0976f43b012c: Verifying Checksum
Populated Postgres Upgrade	Initialize containers	2026-10-05T23:03:17.0705226Z 0976f43b012c: Download complete
Populated Postgres Upgrade	Initialize containers	2026-10-05T23:03:17.1642226Z 277e2289225f: Verifying Checksum
Populated Postgres Upgrade	Initialize containers	2026-10-05T23:03:17.1642951Z 6ba2251a51ae: Download complete
Populated Postgres Upgrade	Initialize containers	2026-10-05T23:03:17.2383013Z 277e2289225f: Download complete
Populated Postgres Upgrade	Initialize containers	2026-10-05T23:03:17.2383761Z 3f49193fd82d: Pull complete
Populated Postgres Upgrade	Initialize containers	2026-10-05T23:03:17.4842679Z e9516be90840: Verifying Checksum
Populated Postgres Upgrade	Initialize containers	2026-10-05T23:03:17.4843596Z e9516be90840: Download complete
Populated Postgres Upgrade	Initialize containers	2026-10-05T23:03:17.5254145Z bc2205dd5a3a: Pull complete
Populated Postgres Upgrade	Initialize containers	2026-10-05T23:03:20.9845173Z e9516be90840: Pull complete
Populated Postgres Upgrade	Initialize containers	2026-10-05T23:03:20.9980617Z 4f83103187f5: Pull complete
Populated Postgres Upgrade	Initialize containers	2026-10-05T23:03:21.0151935Z c020dab2e853: Pull complete
Populated Postgres Upgrade	Initialize containers	2026-10-05T23:03:21.0256168Z 0976f43b012c: Pull complete
Populated Postgres Upgrade	Initialize containers	2026-10-05T23:03:21.0376881Z 6ba2251a51ae: Pull complete
Populated Postgres Upgrade	Initialize containers	2026-10-05T23:03:21.0485060Z 277e2289225f: Pull complete
Populated Postgres Upgrade	Initialize containers	2026-10-05T23:03:21.0534727Z Digest: sha256:f7d23353e1b15400d22ebe31189f4d314b87a4c129cc400c8c2d8d4ca127bf81
Populated Postgres Upgrade	Initialize containers	2026-10-05T23:03:21.0551076Z Status: Downloaded newer image for postgres:15-alpine
Populated Postgres Upgrade	Initialize containers	2026-10-05T23:03:21.0562486Z docker.io/library/postgres:15-alpine
Populated Postgres Upgrade	Initialize containers	2026-10-05T23:03:21.0619079Z ##[command]/usr/bin/docker create --name e5b1a405bc534f84805ed49dfff04155_postgres15alpine_37e2b9 --label bf6b90 --network github_network_e1d3f6d8c7724a49905023b1ffcf891d --network-alias postgres -p 5432:5432 --health-cmd "pg_isready -U calibrate -d calibrate" --health-interval 2s --health-timeout 5s --health-retries 10 -e "POSTGRES_USER=calibrate" -e "POSTGRES_PASSWORD=calibrate" -e "POSTGRES_DB=calibrate" -e GITHUB_ACTIONS=true -e CI=true postgres:15-alpine
Populated Postgres Upgrade	Initialize containers	2026-10-05T23:03:21.0905498Z 44dbcd434fdaa749734257c6faebfcaf990c16d821e8a82280ca6d0b7cc07d0c
Populated Postgres Upgrade	Initialize containers	2026-10-05T23:03:21.0923182Z ##[command]/usr/bin/docker start 44dbcd434fdaa749734257c6faebfcaf990c16d821e8a82280ca6d0b7cc07d0c
Populated Postgres Upgrade	Initialize containers	2026-10-05T23:03:21.2938465Z 44dbcd434fdaa749734257c6faebfcaf990c16d821e8a82280ca6d0b7cc07d0c
Populated Postgres Upgrade	Initialize containers	2026-10-05T23:03:21.2955429Z ##[command]/usr/bin/docker ps --all --filter id=44dbcd434fdaa749734257c6faebfcaf990c16d821e8a82280ca6d0b7cc07d0c --filter status=running --no-trunc --format "{{.ID}} {{.Status}}"
Populated Postgres Upgrade	Initialize containers	2026-10-05T23:03:21.3087472Z 44dbcd434fdaa749734257c6faebfcaf990c16d821e8a82280ca6d0b7cc07d0c Up Less than a second (health: starting)
Populated Postgres Upgrade	Initialize containers	2026-10-05T23:03:21.3101894Z ##[command]/usr/bin/docker port 44dbcd434fdaa749734257c6faebfcaf990c16d821e8a82280ca6d0b7cc07d0c
Populated Postgres Upgrade	Initialize containers	2026-10-05T23:03:21.3236061Z 5432/tcp -> 0.0.0.0:5432
Populated Postgres Upgrade	Initialize containers	2026-10-05T23:03:21.3237109Z 5432/tcp -> [::]:5432
Populated Postgres Upgrade	Initialize containers	2026-10-05T23:03:21.3277531Z ##[endgroup]
Populated Postgres Upgrade	Initialize containers	2026-10-05T23:03:21.3286261Z ##[group]Waiting for all services to be ready
Populated Postgres Upgrade	Initialize containers	2026-10-05T23:03:21.3299274Z ##[command]/usr/bin/docker inspect --format="{{if .Config.Healthcheck}}{{print .State.Health.Status}}{{end}}" 44dbcd434fdaa749734257c6faebfcaf990c16d821e8a82280ca6d0b7cc07d0c
Populated Postgres Upgrade	Initialize containers	2026-10-05T23:03:21.3430852Z starting
Populated Postgres Upgrade	Initialize containers	2026-10-05T23:03:21.3446143Z postgres service is starting, waiting 2 seconds before checking again.
Populated Postgres Upgrade	Initialize containers	2026-10-05T23:03:23.3450757Z ##[command]/usr/bin/docker inspect --format="{{if .Config.Healthcheck}}{{print .State.Health.Status}}{{end}}" 44dbcd434fdaa749734257c6faebfcaf990c16d821e8a82280ca6d0b7cc07d0c
Populated Postgres Upgrade	Initialize containers	2026-10-05T23:03:23.3610864Z starting
Populated Postgres Upgrade	Initialize containers	2026-10-05T23:03:23.3622331Z postgres service is starting, waiting 3 seconds before checking again.
Populated Postgres Upgrade	Initialize containers	2026-10-05T23:03:26.9840463Z ##[command]/usr/bin/docker inspect --format="{{if .Config.Healthcheck}}{{print .State.Health.Status}}{{end}}" 44dbcd434fdaa749734257c6faebfcaf990c16d821e8a82280ca6d0b7cc07d0c
Populated Postgres Upgrade	Initialize containers	2026-10-05T23:03:26.9983476Z healthy
Populated Postgres Upgrade	Initialize containers	2026-10-05T23:03:26.9997662Z postgres service is healthy.
Populated Postgres Upgrade	Initialize containers	2026-10-05T23:03:26.9998874Z ##[endgroup]
Populated Postgres Upgrade	Checkout	﻿2026-10-05T23:03:27.0289078Z ##[group]Run actions/checkout@v4
Populated Postgres Upgrade	Checkout	2026-10-05T23:03:27.0289657Z with:
Populated Postgres Upgrade	Checkout	2026-10-05T23:03:27.0289984Z   ref: 0651fdae64abefb6d9e74958e8dd3059c2db75cb
Populated Postgres Upgrade	Checkout	2026-10-05T23:03:27.0290456Z   repository: MChartier/calibrate-health
Populated Postgres Upgrade	Checkout	2026-10-05T23:03:27.0292907Z   token: ***
Populated Postgres Upgrade	Checkout	2026-10-05T23:03:27.0293220Z   ssh-strict: true
Populated Postgres Upgrade	Checkout	2026-10-05T23:03:27.0293516Z   ssh-user: git
Populated Postgres Upgrade	Checkout	2026-10-05T23:03:27.0293823Z   persist-credentials: true
Populated Postgres Upgrade	Checkout	2026-10-05T23:03:27.0294170Z   clean: true
Populated Postgres Upgrade	Checkout	2026-10-05T23:03:27.0294496Z   sparse-checkout-cone-mode: true
Populated Postgres Upgrade	Checkout	2026-10-05T23:03:27.0294875Z   fetch-depth: 1
Populated Postgres Upgrade	Checkout	2026-10-05T23:03:27.0295160Z   fetch-tags: false
Populated Postgres Upgrade	Checkout	2026-10-05T23:03:27.0295438Z   show-progress: true
Populated Postgres Upgrade	Checkout	2026-10-05T23:03:27.0295757Z   lfs: false
Populated Postgres Upgrade	Checkout	2026-10-05T23:03:27.0296051Z   submodules: false
Populated Postgres Upgrade	Checkout	2026-10-05T23:03:27.0296347Z   set-safe-directory: true
Populated Postgres Upgrade	Checkout	2026-10-05T23:03:27.0296687Z   allow-unsafe-pr-checkout: false
Populated Postgres Upgrade	Checkout	2026-10-05T23:03:27.0297130Z env:
Populated Postgres Upgrade	Checkout	2026-10-05T23:03:27.0297700Z   DATABASE_URL: ***localhost:5432/calibrate?schema=public
Populated Postgres Upgrade	Checkout	2026-10-05T23:03:27.0298111Z ##[endgroup]
Populated Postgres Upgrade	Checkout	2026-10-05T23:03:27.1277297Z Syncing repository: MChartier/calibrate-health
Populated Postgres Upgrade	Checkout	2026-10-05T23:03:27.1279079Z ##[group]Getting Git version info
Populated Postgres Upgrade	Checkout	2026-10-05T23:03:27.1279622Z Working directory is '/home/runner/work/calibrate-health/calibrate-health'
Populated Postgres Upgrade	Checkout	2026-10-05T23:03:27.1280378Z [command]/usr/bin/git version
Populated Postgres Upgrade	Checkout	2026-10-05T23:03:27.1372107Z git version 2.55.0
Populated Postgres Upgrade	Checkout	2026-10-05T23:03:27.1391427Z ##[endgroup]
Populated Postgres Upgrade	Checkout	2026-10-05T23:03:27.1405072Z Temporarily overriding HOME='/home/runner/work/_temp/c7c98bfc-a937-4a41-b071-8541ed75bcc7' before making global git config changes
Populated Postgres Upgrade	Checkout	2026-10-05T23:03:27.1406403Z Adding repository directory to the temporary git global config as a safe directory
Populated Postgres Upgrade	Checkout	2026-10-05T23:03:27.1414030Z [command]/usr/bin/git config --global --add safe.directory /home/runner/work/calibrate-health/calibrate-health
Populated Postgres Upgrade	Checkout	2026-10-05T23:03:27.1470161Z Deleting the contents of '/home/runner/work/calibrate-health/calibrate-health'
Populated Postgres Upgrade	Checkout	2026-10-05T23:03:27.1473623Z ##[group]Initializing the repository
Populated Postgres Upgrade	Checkout	2026-10-05T23:03:27.1478953Z [command]/usr/bin/git init /home/runner/work/calibrate-health/calibrate-health
Populated Postgres Upgrade	Checkout	2026-10-05T23:03:27.1571810Z hint: Using 'master' as the name for the initial branch. This default branch name
Populated Postgres Upgrade	Checkout	2026-10-05T23:03:27.1572581Z hint: will change to "main" in Git 3.0. To configure the initial branch name
Populated Postgres Upgrade	Checkout	2026-10-05T23:03:27.1573343Z hint: to use in all of your new repositories, which will suppress this warning,
Populated Postgres Upgrade	Checkout	2026-10-05T23:03:27.1573946Z hint: call:
Populated Postgres Upgrade	Checkout	2026-10-05T23:03:27.1574257Z hint:
Populated Postgres Upgrade	Checkout	2026-10-05T23:03:27.1574795Z hint: 	git config --global init.defaultBranch <name>
Populated Postgres Upgrade	Checkout	2026-10-05T23:03:27.1575594Z hint:
Populated Postgres Upgrade	Checkout	2026-10-05T23:03:27.1576016Z hint: Names commonly chosen instead of 'master' are 'main', 'trunk' and
Populated Postgres Upgrade	Checkout	2026-10-05T23:03:27.1576632Z hint: 'development'. The just-created branch can be renamed via this command:
Populated Postgres Upgrade	Checkout	2026-10-05T23:03:27.1577213Z hint:
Populated Postgres Upgrade	Checkout	2026-10-05T23:03:27.1577572Z hint: 	git branch -m <name>
Populated Postgres Upgrade	Checkout	2026-10-05T23:03:27.1577968Z hint:
Populated Postgres Upgrade	Checkout	2026-10-05T23:03:27.1578390Z hint: Disable this message with "git config set advice.defaultBranchName false"
Populated Postgres Upgrade	Checkout	2026-10-05T23:03:27.1582269Z Initialized empty Git repository in /home/runner/work/calibrate-health/calibrate-health/.git/
Populated Postgres Upgrade	Checkout	2026-10-05T23:03:27.1594649Z [command]/usr/bin/git remote add origin https://github.com/MChartier/calibrate-health
Populated Postgres Upgrade	Checkout	2026-10-05T23:03:27.1644992Z ##[endgroup]
Populated Postgres Upgrade	Checkout	2026-10-05T23:03:27.1645782Z ##[group]Disabling automatic garbage collection
Populated Postgres Upgrade	Checkout	2026-10-05T23:03:27.1649900Z [command]/usr/bin/git config --local gc.auto 0
Populated Postgres Upgrade	Checkout	2026-10-05T23:03:27.1683036Z ##[endgroup]
Populated Postgres Upgrade	Checkout	2026-10-05T23:03:27.1683784Z ##[group]Setting up auth
Populated Postgres Upgrade	Checkout	2026-10-05T23:03:27.1690825Z [command]/usr/bin/git config --local --name-only --get-regexp core\.sshCommand
Populated Postgres Upgrade	Checkout	2026-10-05T23:03:27.1722055Z [command]/usr/bin/git submodule foreach --recursive sh -c "git config --local --name-only --get-regexp 'core\.sshCommand' && git config --local --unset-all 'core.sshCommand' || :"
Populated Postgres Upgrade	Checkout	2026-10-05T23:03:27.2055172Z [command]/usr/bin/git config --local --name-only --get-regexp http\.https\:\/\/github\.com\/\.extraheader
Populated Postgres Upgrade	Checkout	2026-10-05T23:03:27.2092144Z [command]/usr/bin/git submodule foreach --recursive sh -c "git config --local --name-only --get-regexp 'http\.https\:\/\/github\.com\/\.extraheader' && git config --local --unset-all 'http.https://github.com/.extraheader' || :"
Populated Postgres Upgrade	Checkout	2026-10-05T23:03:27.2286867Z [command]/usr/bin/git config --local --name-only --get-regexp ^includeIf\.gitdir:
Populated Postgres Upgrade	Checkout	2026-10-05T23:03:27.2319723Z [command]/usr/bin/git submodule foreach --recursive git config --local --show-origin --name-only --get-regexp remote.origin.url
Populated Postgres Upgrade	Checkout	2026-10-05T23:03:27.2503660Z [command]/usr/bin/git config --local http.https://github.com/.extraheader AUTHORIZATION: basic ***
Populated Postgres Upgrade	Checkout	2026-10-05T23:03:27.2545645Z ##[endgroup]
Populated Postgres Upgrade	Checkout	2026-10-05T23:03:27.2546615Z ##[group]Fetching the repository
Populated Postgres Upgrade	Checkout	2026-10-05T23:03:27.2555012Z [command]/usr/bin/git -c protocol.version=2 fetch --no-tags --prune --no-recurse-submodules --depth=1 origin 0651fdae64abefb6d9e74958e8dd3059c2db75cb
Populated Postgres Upgrade	Checkout	2026-10-05T23:03:28.2879406Z From https://github.com/MChartier/calibrate-health
Populated Postgres Upgrade	Checkout	2026-10-05T23:03:28.2880133Z  * branch            0651fdae64abefb6d9e74958e8dd3059c2db75cb -> FETCH_HEAD
Populated Postgres Upgrade	Checkout	2026-10-05T23:03:28.2883420Z ##[endgroup]
Populated Postgres Upgrade	Checkout	2026-10-05T23:03:28.2884275Z ##[group]Determining the checkout info
Populated Postgres Upgrade	Checkout	2026-10-05T23:03:28.2886867Z ##[endgroup]
Populated Postgres Upgrade	Checkout	2026-10-05T23:03:28.2893641Z [command]/usr/bin/git sparse-checkout disable
Populated Postgres Upgrade	Checkout	2026-10-05T23:03:28.2952588Z [command]/usr/bin/git config --local --unset-all extensions.worktreeConfig
Populated Postgres Upgrade	Checkout	2026-10-05T23:03:28.2986422Z ##[group]Checking out the ref
Populated Postgres Upgrade	Checkout	2026-10-05T23:03:28.2990952Z [command]/usr/bin/git checkout --progress --force 0651fdae64abefb6d9e74958e8dd3059c2db75cb
Populated Postgres Upgrade	Checkout	2026-10-05T23:03:28.4938170Z Note: switching to '0651fdae64abefb6d9e74958e8dd3059c2db75cb'.
Populated Postgres Upgrade	Checkout	2026-10-05T23:03:28.4938909Z 
Populated Postgres Upgrade	Checkout	2026-10-05T23:03:28.4939205Z You are in 'detached HEAD' state. You can look around, make experimental
Populated Postgres Upgrade	Checkout	2026-10-05T23:03:28.4939731Z changes and commit them, and you can discard any commits you make in this
Populated Postgres Upgrade	Checkout	2026-10-05T23:03:28.4940270Z state without impacting any branches by switching back to a branch.
Populated Postgres Upgrade	Checkout	2026-10-05T23:03:28.4940619Z 
Populated Postgres Upgrade	Checkout	2026-10-05T23:03:28.4940855Z If you want to create a new branch to retain commits you create, you may
Populated Postgres Upgrade	Checkout	2026-10-05T23:03:28.4941364Z do so (now or later) by using -c with the switch command. Example:
Populated Postgres Upgrade	Checkout	2026-10-05T23:03:28.4941668Z 
Populated Postgres Upgrade	Checkout	2026-10-05T23:03:28.4941819Z   git switch -c <new-branch-name>
Populated Postgres Upgrade	Checkout	2026-10-05T23:03:28.4942039Z 
Populated Postgres Upgrade	Checkout	2026-10-05T23:03:28.4942229Z Or undo this operation with:
Populated Postgres Upgrade	Checkout	2026-10-05T23:03:28.4942411Z 
Populated Postgres Upgrade	Checkout	2026-10-05T23:03:28.4942564Z   git switch -
Populated Postgres Upgrade	Checkout	2026-10-05T23:03:28.4942737Z 
Populated Postgres Upgrade	Checkout	2026-10-05T23:03:28.4942990Z Turn off this advice by setting config variable advice.detachedHead to false
Populated Postgres Upgrade	Checkout	2026-10-05T23:03:28.4943354Z 
Populated Postgres Upgrade	Checkout	2026-10-05T23:03:28.4943584Z HEAD is now at 0651fda Reconcile ordinary pause reads with durable control receipts
Populated Postgres Upgrade	Checkout	2026-10-05T23:03:28.4951440Z ##[endgroup]
Populated Postgres Upgrade	Checkout	2026-10-05T23:03:28.4994048Z [command]/usr/bin/git log -1 --format=%H
Populated Postgres Upgrade	Checkout	2026-10-05T23:03:28.5017258Z 0651fdae64abefb6d9e74958e8dd3059c2db75cb
Populated Postgres Upgrade	Setup Node	﻿2026-10-05T23:03:28.5266014Z ##[group]Run actions/setup-node@v4
Populated Postgres Upgrade	Setup Node	2026-10-05T23:03:28.5266384Z with:
Populated Postgres Upgrade	Setup Node	2026-10-05T23:03:28.5266741Z   node-version: 20
Populated Postgres Upgrade	Setup Node	2026-10-05T23:03:28.5267059Z   cache: npm
Populated Postgres Upgrade	Setup Node	2026-10-05T23:03:28.5267451Z   cache-dependency-path: backend/package-lock.json
Populated Postgres Upgrade	Setup Node	2026-10-05T23:03:28.5267848Z   always-auth: false
Populated Postgres Upgrade	Setup Node	2026-10-05T23:03:28.5268142Z   check-latest: false
Populated Postgres Upgrade	Setup Node	2026-10-05T23:03:28.5270629Z   token: ***
Populated Postgres Upgrade	Setup Node	2026-10-05T23:03:28.5270931Z env:
Populated Postgres Upgrade	Setup Node	2026-10-05T23:03:28.5271624Z   DATABASE_URL: ***localhost:5432/calibrate?schema=public
Populated Postgres Upgrade	Setup Node	2026-10-05T23:03:28.5272000Z ##[endgroup]
Populated Postgres Upgrade	Setup Node	2026-10-05T23:03:28.6699279Z Attempting to download 20...
Populated Postgres Upgrade	Setup Node	2026-10-05T23:03:28.6804895Z (node:2692) [DEP0040] DeprecationWarning: The `punycode` module is deprecated. Please use a userland alternative instead.
Populated Postgres Upgrade	Setup Node	2026-10-05T23:03:28.6806195Z (Use `node --trace-deprecation ...` to show where the warning was created)
Populated Postgres Upgrade	Setup Node	2026-10-05T23:03:29.3862476Z Acquiring 20.20.2 - x64 from https://github.com/actions/node-versions/releases/download/20.20.2-23521894959/node-20.20.2-linux-x64.tar.gz
Populated Postgres Upgrade	Setup Node	2026-10-05T23:03:29.7495816Z Extracting ...
Populated Postgres Upgrade	Setup Node	2026-10-05T23:03:29.7588141Z [command]/usr/bin/tar xz --strip 1 --warning=no-unknown-keyword --overwrite -C /home/runner/work/_temp/2a681184-a315-4e18-8e7d-e17407eac563 -f /home/runner/work/_temp/274f9696-dbb4-492f-94bd-cbff396205ec
Populated Postgres Upgrade	Setup Node	2026-10-05T23:03:30.8441028Z Adding to the cache ...
Populated Postgres Upgrade	Setup Node	2026-10-05T23:03:32.7924267Z ##[group]Environment details
Populated Postgres Upgrade	Setup Node	2026-10-05T23:03:33.0098202Z node: v20.20.2
Populated Postgres Upgrade	Setup Node	2026-10-05T23:03:33.0098953Z npm: 10.8.2
Populated Postgres Upgrade	Setup Node	2026-10-05T23:03:33.0099401Z yarn: 1.22.22
Populated Postgres Upgrade	Setup Node	2026-10-05T23:03:33.0100052Z ##[endgroup]
Populated Postgres Upgrade	Setup Node	2026-10-05T23:03:33.0115499Z [command]/opt/hostedtoolcache/node/20.20.2/x64/bin/npm config get cache
Populated Postgres Upgrade	Setup Node	2026-10-05T23:03:33.1126864Z /home/runner/.npm
Populated Postgres Upgrade	Setup Node	2026-10-05T23:03:33.2465843Z Cache hit for: node-cache-Linux-x64-npm-9ad1fc3d02200f097d647c965e5a2c426e45ead6e22fb282009302d8eeb7a3d3
Populated Postgres Upgrade	Setup Node	2026-10-05T23:03:33.2563057Z (node:2692) [DEP0169] DeprecationWarning: `url.parse()` behavior is not standardized and prone to errors that have security implications. Use the WHATWG URL API instead. CVEs are not issued for `url.parse()` vulnerabilities.
Populated Postgres Upgrade	Setup Node	2026-10-05T23:03:34.3644618Z Received 130023424 of 142506313 (91.2%), 124.0 MBs/sec
Populated Postgres Upgrade	Setup Node	2026-10-05T23:03:34.6145090Z Received 142506313 of 142506313 (100.0%), 108.7 MBs/sec
Populated Postgres Upgrade	Setup Node	2026-10-05T23:03:34.6145805Z Cache Size: ~136 MB (142506313 B)
Populated Postgres Upgrade	Setup Node	2026-10-05T23:03:34.6270459Z [command]/usr/bin/tar -xf /home/runner/work/_temp/59ee9baf-6c01-4d56-81f8-d0cdb907193e/cache.tzst -P -C /home/runner/work/calibrate-health/calibrate-health --use-compress-program unzstd
Populated Postgres Upgrade	Setup Node	2026-10-05T23:03:34.7941439Z Cache restored successfully
Populated Postgres Upgrade	Setup Node	2026-10-05T23:03:34.8001148Z Cache restored from key: node-cache-Linux-x64-npm-9ad1fc3d02200f097d647c965e5a2c426e45ead6e22fb282009302d8eeb7a3d3
Populated Postgres Upgrade	Install backend dependencies	﻿2026-10-05T23:03:34.8155868Z ##[group]Run npm --prefix backend ci --no-audit --fund=false
Populated Postgres Upgrade	Install backend dependencies	2026-10-05T23:03:34.8156598Z ^[[36;1mnpm --prefix backend ci --no-audit --fund=false^[[0m
Populated Postgres Upgrade	Install backend dependencies	2026-10-05T23:03:34.8323968Z shell: /usr/bin/bash -e {0}
Populated Postgres Upgrade	Install backend dependencies	2026-10-05T23:03:34.8324573Z env:
Populated Postgres Upgrade	Install backend dependencies	2026-10-05T23:03:34.8325310Z   DATABASE_URL: ***localhost:5432/calibrate?schema=public
Populated Postgres Upgrade	Install backend dependencies	2026-10-05T23:03:34.8325750Z ##[endgroup]
Populated Postgres Upgrade	Install backend dependencies	2026-10-05T23:03:35.2053210Z npm warn EBADENGINE Unsupported engine {
Populated Postgres Upgrade	Install backend dependencies	2026-10-05T23:03:35.2054130Z npm warn EBADENGINE   package: '@prisma/streams-local@0.1.11',
Populated Postgres Upgrade	Install backend dependencies	2026-10-05T23:03:35.2054727Z npm warn EBADENGINE   required: { bun: '>=1.2.0', node: '>=22.0.0' },
Populated Postgres Upgrade	Install backend dependencies	2026-10-05T23:03:35.2055315Z npm warn EBADENGINE   current: { node: 'v20.20.2', npm: '10.8.2' }
Populated Postgres Upgrade	Install backend dependencies	2026-10-05T23:03:35.2055847Z npm warn EBADENGINE }
Populated Postgres Upgrade	Install backend dependencies	2026-10-05T23:03:40.6579284Z 
Populated Postgres Upgrade	Install backend dependencies	2026-10-05T23:03:40.6580472Z added 430 packages in 6s
Populated Postgres Upgrade	Generate Prisma client	﻿2026-10-05T23:03:40.6854429Z ##[group]Run npm run prisma:generate
Populated Postgres Upgrade	Generate Prisma client	2026-10-05T23:03:40.6855094Z ^[[36;1mnpm run prisma:generate^[[0m
Populated Postgres Upgrade	Generate Prisma client	2026-10-05T23:03:40.6915422Z shell: /usr/bin/bash -e {0}
Populated Postgres Upgrade	Generate Prisma client	2026-10-05T23:03:40.6915999Z env:
Populated Postgres Upgrade	Generate Prisma client	2026-10-05T23:03:40.6916911Z   DATABASE_URL: ***localhost:5432/calibrate?schema=public
Populated Postgres Upgrade	Generate Prisma client	2026-10-05T23:03:40.6917600Z ##[endgroup]
Populated Postgres Upgrade	Generate Prisma client	2026-10-05T23:03:40.8060872Z 
Populated Postgres Upgrade	Generate Prisma client	2026-10-05T23:03:40.8062296Z > cal-io@0.37.0 prisma:generate
Populated Postgres Upgrade	Generate Prisma client	2026-10-05T23:03:40.8063341Z > npm --prefix backend run prisma:generate
Populated Postgres Upgrade	Generate Prisma client	2026-10-05T23:03:40.8063750Z 
Populated Postgres Upgrade	Generate Prisma client	2026-10-05T23:03:40.9157858Z 
Populated Postgres Upgrade	Generate Prisma client	2026-10-05T23:03:40.9159373Z > backend@0.37.0 prisma:generate
Populated Postgres Upgrade	Generate Prisma client	2026-10-05T23:03:40.9160385Z > prisma generate
Populated Postgres Upgrade	Generate Prisma client	2026-10-05T23:03:40.9160679Z 
Populated Postgres Upgrade	Generate Prisma client	2026-10-05T23:03:41.8009680Z Loaded Prisma config from prisma.config.ts.
Populated Postgres Upgrade	Generate Prisma client	2026-10-05T23:03:41.8010203Z 
Populated Postgres Upgrade	Generate Prisma client	2026-10-05T23:03:41.9046352Z Prisma schema loaded from prisma/schema.prisma.
Populated Postgres Upgrade	Generate Prisma client	2026-10-05T23:03:42.6987737Z 
Populated Postgres Upgrade	Generate Prisma client	2026-10-05T23:03:42.6989613Z ✔ Generated Prisma Client (v7.9.0) to ./node_modules/@prisma/client in 514ms
Populated Postgres Upgrade	Generate Prisma client	2026-10-05T23:03:42.6990450Z 
Populated Postgres Upgrade	Generate Prisma client	2026-10-05T23:03:42.6991019Z Start by importing your Prisma Client (See: https://pris.ly/d/importing-client)
Populated Postgres Upgrade	Generate Prisma client	2026-10-05T23:03:42.6991521Z 
Populated Postgres Upgrade	Generate Prisma client	2026-10-05T23:03:42.6991533Z 
Populated Postgres Upgrade	Validate upgrade-smoke helpers	﻿2026-10-05T23:03:42.7306709Z ##[group]Run node --test scripts/postgres-populated-upgrade-smoke.test.mjs
Populated Postgres Upgrade	Validate upgrade-smoke helpers	2026-10-05T23:03:42.7307343Z ^[[36;1mnode --test scripts/postgres-populated-upgrade-smoke.test.mjs^[[0m
Populated Postgres Upgrade	Validate upgrade-smoke helpers	2026-10-05T23:03:42.7348456Z shell: /usr/bin/bash -e {0}
Populated Postgres Upgrade	Validate upgrade-smoke helpers	2026-10-05T23:03:42.7349073Z env:
Populated Postgres Upgrade	Validate upgrade-smoke helpers	2026-10-05T23:03:42.7349759Z   DATABASE_URL: ***localhost:5432/calibrate?schema=public
Populated Postgres Upgrade	Validate upgrade-smoke helpers	2026-10-05T23:03:42.7350178Z ##[endgroup]
Populated Postgres Upgrade	Validate upgrade-smoke helpers	2026-10-05T23:03:42.7756990Z TAP version 13
Populated Postgres Upgrade	Validate upgrade-smoke helpers	2026-10-05T23:03:42.8436454Z # Subtest: migrationOrdinal accepts tracked ordinal names and rejects malformed names
Populated Postgres Upgrade	Validate upgrade-smoke helpers	2026-10-05T23:03:42.8443749Z ok 1 - migrationOrdinal accepts tracked ordinal names and rejects malformed names
Populated Postgres Upgrade	Validate upgrade-smoke helpers	2026-10-05T23:03:42.8444932Z   ---
Populated Postgres Upgrade	Validate upgrade-smoke helpers	2026-10-05T23:03:42.8445520Z   duration_ms: 1.406544
Populated Postgres Upgrade	Validate upgrade-smoke helpers	2026-10-05T23:03:42.8446250Z   ...
Populated Postgres Upgrade	Validate upgrade-smoke helpers	2026-10-05T23:03:42.8451530Z # Subtest: databaseUrlForSchema preserves connection options while replacing schema
Populated Postgres Upgrade	Validate upgrade-smoke helpers	2026-10-05T23:03:42.8452865Z ok 2 - databaseUrlForSchema preserves connection options while replacing schema
Populated Postgres Upgrade	Validate upgrade-smoke helpers	2026-10-05T23:03:42.8459170Z   ---
Populated Postgres Upgrade	Validate upgrade-smoke helpers	2026-10-05T23:03:42.8459876Z   duration_ms: 0.849864
Populated Postgres Upgrade	Validate upgrade-smoke helpers	2026-10-05T23:03:42.8460354Z   ...
Populated Postgres Upgrade	Validate upgrade-smoke helpers	2026-10-05T23:03:42.8461323Z # Subtest: legacy migration tree includes every migration through 0020 and no native migrations
Populated Postgres Upgrade	Validate upgrade-smoke helpers	2026-10-05T23:03:42.8462583Z ok 3 - legacy migration tree includes every migration through 0020 and no native migrations
Populated Postgres Upgrade	Validate upgrade-smoke helpers	2026-10-05T23:03:42.8463342Z   ---
Populated Postgres Upgrade	Validate upgrade-smoke helpers	2026-10-05T23:03:42.8463890Z   duration_ms: 26.144816
Populated Postgres Upgrade	Validate upgrade-smoke helpers	2026-10-05T23:03:42.8464312Z   ...
Populated Postgres Upgrade	Validate upgrade-smoke helpers	2026-10-05T23:03:42.8519701Z 1..3
Populated Postgres Upgrade	Validate upgrade-smoke helpers	2026-10-05T23:03:42.8520210Z # tests 3
Populated Postgres Upgrade	Validate upgrade-smoke helpers	2026-10-05T23:03:42.8520713Z # suites 0
Populated Postgres Upgrade	Validate upgrade-smoke helpers	2026-10-05T23:03:42.8521132Z # pass 3
Populated Postgres Upgrade	Validate upgrade-smoke helpers	2026-10-05T23:03:42.8521661Z # fail 0
Populated Postgres Upgrade	Validate upgrade-smoke helpers	2026-10-05T23:03:42.8522154Z # cancelled 0
Populated Postgres Upgrade	Validate upgrade-smoke helpers	2026-10-05T23:03:42.8522494Z # skipped 0
Populated Postgres Upgrade	Validate upgrade-smoke helpers	2026-10-05T23:03:42.8522790Z # todo 0
Populated Postgres Upgrade	Validate upgrade-smoke helpers	2026-10-05T23:03:42.8527530Z # duration_ms 84.176359
Populated Postgres Upgrade	Upgrade populated schema from 0020 through current	﻿2026-10-05T23:03:42.8590278Z ##[group]Run node scripts/postgres-populated-upgrade-smoke.mjs
Populated Postgres Upgrade	Upgrade populated schema from 0020 through current	2026-10-05T23:03:42.8590888Z ^[[36;1mnode scripts/postgres-populated-upgrade-smoke.mjs^[[0m
Populated Postgres Upgrade	Upgrade populated schema from 0020 through current	2026-10-05T23:03:42.8632946Z shell: /usr/bin/bash -e {0}
Populated Postgres Upgrade	Upgrade populated schema from 0020 through current	2026-10-05T23:03:42.8633383Z env:
Populated Postgres Upgrade	Upgrade populated schema from 0020 through current	2026-10-05T23:03:42.8634130Z   DATABASE_URL: ***localhost:5432/calibrate?schema=public
Populated Postgres Upgrade	Upgrade populated schema from 0020 through current	2026-10-05T23:03:42.8634525Z ##[endgroup]
Populated Postgres Upgrade	Upgrade populated schema from 0020 through current	2026-10-05T23:03:42.9798457Z [db-upgrade-smoke] Applying 24 migrations through 0020.
Populated Postgres Upgrade	Upgrade populated schema from 0020 through current	2026-10-05T23:03:43.6909122Z Loaded Prisma config from prisma.config.ts.
Populated Postgres Upgrade	Upgrade populated schema from 0020 through current	2026-10-05T23:03:43.6909843Z 
Populated Postgres Upgrade	Upgrade populated schema from 0020 through current	2026-10-05T23:03:43.8058099Z Prisma schema loaded from ../../../../../../tmp/calibrate-upgrade-XyuhsR/prisma/schema.prisma.
Populated Postgres Upgrade	Upgrade populated schema from 0020 through current	2026-10-05T23:03:43.8155683Z Datasource "db": PostgreSQL database "calibrate", schema "calibrate_upgrade_smoke_2989_0cbb6076cb9d" at "localhost:5432"
Populated Postgres Upgrade	Upgrade populated schema from 0020 through current	2026-10-05T23:03:43.8876870Z 
Populated Postgres Upgrade	Upgrade populated schema from 0020 through current	2026-10-05T23:03:43.8877969Z 24 migrations found in prisma/migrations
Populated Postgres Upgrade	Upgrade populated schema from 0020 through current	2026-10-05T23:03:43.8878470Z 
Populated Postgres Upgrade	Upgrade populated schema from 0020 through current	2026-10-05T23:03:44.0202254Z Applying migration `0001_init`
Populated Postgres Upgrade	Upgrade populated schema from 0020 through current	2026-10-05T23:03:44.0451502Z Applying migration `0002_weight_units_grams`
Populated Postgres Upgrade	Upgrade populated schema from 0020 through current	2026-10-05T23:03:44.0564752Z Applying migration `0003_bodymetric_date_only`
Populated Postgres Upgrade	Upgrade populated schema from 0020 through current	2026-10-05T23:03:44.0676804Z Applying migration `0004_add_profile_fields`
Populated Postgres Upgrade	Upgrade populated schema from 0020 through current	2026-10-05T23:03:44.0731618Z Applying migration `0005_add_user_timezone`
Populated Postgres Upgrade	Upgrade populated schema from 0020 through current	2026-10-05T23:03:44.0773606Z Applying migration `0006_foodlog_local_date`
Populated Postgres Upgrade	Upgrade populated schema from 0020 through current	2026-10-05T23:03:44.0828683Z Applying migration `0007_height_unit_preference`
Populated Postgres Upgrade	Upgrade populated schema from 0020 through current	2026-10-05T23:03:44.0876511Z Applying migration `0008_meal_period_enum`
Populated Postgres Upgrade	Upgrade populated schema from 0020 through current	2026-10-05T23:03:44.0986548Z Applying migration `0009_add_user_profile_image`
Populated Postgres Upgrade	Upgrade populated schema from 0020 through current	2026-10-05T23:03:44.1029634Z Applying migration `0010_my_foods`
Populated Postgres Upgrade	Upgrade populated schema from 0020 through current	2026-10-05T23:03:44.1270147Z Applying migration `0011_add_user_language`
Populated Postgres Upgrade	Upgrade populated schema from 0020 through current	2026-10-05T23:03:44.1303283Z Applying migration `0012_session_store`
Populated Postgres Upgrade	Upgrade populated schema from 0020 through current	2026-10-05T23:03:44.1374148Z Applying migration `0013_food_log_day_completion`
Populated Postgres Upgrade	Upgrade populated schema from 0020 through current	2026-10-05T23:03:44.1459890Z Applying migration `0013_push_subscriptions`
Populated Postgres Upgrade	Upgrade populated schema from 0020 through current	2026-10-05T23:03:44.1569760Z Applying migration `0014_push_subscription_reminders`
Populated Postgres Upgrade	Upgrade populated schema from 0020 through current	2026-10-05T23:03:44.1601209Z Applying migration `0014_push_subscription_user_endpoint_uniqueness`
Populated Postgres Upgrade	Upgrade populated schema from 0020 through current	2026-10-05T23:03:44.1649637Z Applying migration `0015_reminder_preference_flags`
Populated Postgres Upgrade	Upgrade populated schema from 0020 through current	2026-10-05T23:03:44.1684610Z Applying migration `0016_bodymetric_trend_precompute`
Populated Postgres Upgrade	Upgrade populated schema from 0020 through current	2026-10-05T23:03:44.1765637Z Applying migration `0016_in_app_notifications`
Populated Postgres Upgrade	Upgrade populated schema from 0020 through current	2026-10-05T23:03:44.1889621Z Applying migration `0017_haptics_preference`
Populated Postgres Upgrade	Upgrade populated schema from 0020 through current	2026-10-05T23:03:44.1920132Z Applying migration `0017_notification_delivery_channels`
Populated Postgres Upgrade	Upgrade populated schema from 0020 through current	2026-10-05T23:03:44.1994348Z Applying migration `0018_food_log_external_snapshots`
Populated Postgres Upgrade	Upgrade populated schema from 0020 through current	2026-10-05T23:03:44.2029096Z Applying migration `0019_backend_server_audit_indexes`
Populated Postgres Upgrade	Upgrade populated schema from 0020 through current	2026-10-05T23:03:44.2067220Z Applying migration `0020_goal_active_lookup_index`
Populated Postgres Upgrade	Upgrade populated schema from 0020 through current	2026-10-05T23:03:44.2111288Z 
Populated Postgres Upgrade	Upgrade populated schema from 0020 through current	2026-10-05T23:03:44.2121868Z The following migration(s) have been applied:
Populated Postgres Upgrade	Upgrade populated schema from 0020 through current	2026-10-05T23:03:44.2122618Z 
Populated Postgres Upgrade	Upgrade populated schema from 0020 through current	2026-10-05T23:03:44.2123496Z migrations/
Populated Postgres Upgrade	Upgrade populated schema from 0020 through current	2026-10-05T23:03:44.2124541Z   └─ 0001_init/
Populated Postgres Upgrade	Upgrade populated schema from 0020 through current	2026-10-05T23:03:44.2125011Z     └─ migration.sql
Populated Postgres Upgrade	Upgrade populated schema from 0020 through current	2026-10-05T23:03:44.2125425Z   └─ 0002_weight_units_grams/
Populated Postgres Upgrade	Upgrade populated schema from 0020 through current	2026-10-05T23:03:44.2125911Z     └─ migration.sql
Populated Postgres Upgrade	Upgrade populated schema from 0020 through current	2026-10-05T23:03:44.2126307Z   └─ 0003_bodymetric_date_only/
Populated Postgres Upgrade	Upgrade populated schema from 0020 through current	2026-10-05T23:03:44.2126707Z     └─ migration.sql
Populated Postgres Upgrade	Upgrade populated schema from 0020 through current	2026-10-05T23:03:44.2127106Z   └─ 0004_add_profile_fields/
Populated Postgres Upgrade	Upgrade populated schema from 0020 through current	2026-10-05T23:03:44.2127477Z     └─ migration.sql
Populated Postgres Upgrade	Upgrade populated schema from 0020 through current	2026-10-05T23:03:44.2127866Z   └─ 0005_add_user_timezone/
Populated Postgres Upgrade	Upgrade populated schema from 0020 through current	2026-10-05T23:03:44.2128249Z     └─ migration.sql
Populated Postgres Upgrade	Upgrade populated schema from 0020 through current	2026-10-05T23:03:44.2128894Z   └─ 0006_foodlog_local_date/
Populated Postgres Upgrade	Upgrade populated schema from 0020 through current	2026-10-05T23:03:44.2129295Z     └─ migration.sql
Populated Postgres Upgrade	Upgrade populated schema from 0020 through current	2026-10-05T23:03:44.2129794Z   └─ 0007_height_unit_preference/
Populated Postgres Upgrade	Upgrade populated schema from 0020 through current	2026-10-05T23:03:44.2130213Z     └─ migration.sql
Populated Postgres Upgrade	Upgrade populated schema from 0020 through current	2026-10-05T23:03:44.2130557Z   └─ 0008_meal_period_enum/
Populated Postgres Upgrade	Upgrade populated schema from 0020 through current	2026-10-05T23:03:44.2130946Z     └─ migration.sql
Populated Postgres Upgrade	Upgrade populated schema from 0020 through current	2026-10-05T23:03:44.2131382Z   └─ 0009_add_user_profile_image/
Populated Postgres Upgrade	Upgrade populated schema from 0020 through current	2026-10-05T23:03:44.2131788Z     └─ migration.sql
Populated Postgres Upgrade	Upgrade populated schema from 0020 through current	2026-10-05T23:03:44.2132126Z   └─ 0010_my_foods/
Populated Postgres Upgrade	Upgrade populated schema from 0020 through current	2026-10-05T23:03:44.2132494Z     └─ migration.sql
Populated Postgres Upgrade	Upgrade populated schema from 0020 through current	2026-10-05T23:03:44.2132858Z   └─ 0011_add_user_language/
Populated Postgres Upgrade	Upgrade populated schema from 0020 through current	2026-10-05T23:03:44.2133481Z     └─ migration.sql
Populated Postgres Upgrade	Upgrade populated schema from 0020 through current	2026-10-05T23:03:44.2133916Z   └─ 0012_session_store/
Populated Postgres Upgrade	Upgrade populated schema from 0020 through current	2026-10-05T23:03:44.2134269Z     └─ migration.sql
Populated Postgres Upgrade	Upgrade populated schema from 0020 through current	2026-10-05T23:03:44.2134650Z   └─ 0013_food_log_day_completion/
Populated Postgres Upgrade	Upgrade populated schema from 0020 through current	2026-10-05T23:03:44.2135074Z     └─ migration.sql
Populated Postgres Upgrade	Upgrade populated schema from 0020 through current	2026-10-05T23:03:44.2135429Z   └─ 0013_push_subscriptions/
Populated Postgres Upgrade	Upgrade populated schema from 0020 through current	2026-10-05T23:03:44.2135818Z     └─ migration.sql
Populated Postgres Upgrade	Upgrade populated schema from 0020 through current	2026-10-05T23:03:44.2136238Z   └─ 0014_push_subscription_reminders/
Populated Postgres Upgrade	Upgrade populated schema from 0020 through current	2026-10-05T23:03:44.2136633Z     └─ migration.sql
Populated Postgres Upgrade	Upgrade populated schema from 0020 through current	2026-10-05T23:03:44.2137069Z   └─ 0014_push_subscription_user_endpoint_uniqueness/
Populated Postgres Upgrade	Upgrade populated schema from 0020 through current	2026-10-05T23:03:44.2137547Z     └─ migration.sql
Populated Postgres Upgrade	Upgrade populated schema from 0020 through current	2026-10-05T23:03:44.2138036Z   └─ 0015_reminder_preference_flags/
Populated Postgres Upgrade	Upgrade populated schema from 0020 through current	2026-10-05T23:03:44.2149351Z     └─ migration.sql
Populated Postgres Upgrade	Upgrade populated schema from 0020 through current	2026-10-05T23:03:44.2164096Z   └─ 0016_bodymetric_trend_precompute/
Populated Postgres Upgrade	Upgrade populated schema from 0020 through current	2026-10-05T23:03:44.2167261Z     └─ migration.sql
Populated Postgres Upgrade	Upgrade populated schema from 0020 through current	2026-10-05T23:03:44.2168144Z   └─ 0016_in_app_notifications/
Populated Postgres Upgrade	Upgrade populated schema from 0020 through current	2026-10-05T23:03:44.2169013Z     └─ migration.sql
Populated Postgres Upgrade	Upgrade populated schema from 0020 through current	2026-10-05T23:03:44.2169758Z   └─ 0017_haptics_preference/
Populated Postgres Upgrade	Upgrade populated schema from 0020 through current	2026-10-05T23:03:44.2170638Z     └─ migration.sql
Populated Postgres Upgrade	Upgrade populated schema from 0020 through current	2026-10-05T23:03:44.2171299Z   └─ 0017_notification_delivery_channels/
Populated Postgres Upgrade	Upgrade populated schema from 0020 through current	2026-10-05T23:03:44.2172467Z     └─ migration.sql
Populated Postgres Upgrade	Upgrade populated schema from 0020 through current	2026-10-05T23:03:44.2173054Z   └─ 0018_food_log_external_snapshots/
Populated Postgres Upgrade	Upgrade populated schema from 0020 through current	2026-10-05T23:03:44.2173839Z     └─ migration.sql
Populated Postgres Upgrade	Upgrade populated schema from 0020 through current	2026-10-05T23:03:44.2174510Z   └─ 0019_backend_server_audit_indexes/
Populated Postgres Upgrade	Upgrade populated schema from 0020 through current	2026-10-05T23:03:44.2175052Z     └─ migration.sql
Populated Postgres Upgrade	Upgrade populated schema from 0020 through current	2026-10-05T23:03:44.2175644Z   └─ 0020_goal_active_lookup_index/
Populated Postgres Upgrade	Upgrade populated schema from 0020 through current	2026-10-05T23:03:44.2176263Z     └─ migration.sql
Populated Postgres Upgrade	Upgrade populated schema from 0020 through current	2026-10-05T23:03:44.2176493Z 
Populated Postgres Upgrade	Upgrade populated schema from 0020 through current	2026-10-05T23:03:44.2176874Z All migrations have been successfully applied.
Populated Postgres Upgrade	Upgrade populated schema from 0020 through current	2026-10-05T23:03:44.2373888Z [db-upgrade-smoke] Applying migrations 0021-0045 to populated data.
Populated Postgres Upgrade	Upgrade populated schema from 0020 through current	2026-10-05T23:03:44.9274937Z Loaded Prisma config from prisma.config.ts.
Populated Postgres Upgrade	Upgrade populated schema from 0020 through current	2026-10-05T23:03:44.9275584Z 
Populated Postgres Upgrade	Upgrade populated schema from 0020 through current	2026-10-05T23:03:45.0423079Z Prisma schema loaded from prisma/schema.prisma.
Populated Postgres Upgrade	Upgrade populated schema from 0020 through current	2026-10-05T23:03:45.0540986Z Datasource "db": PostgreSQL database "calibrate", schema "calibrate_upgrade_smoke_2989_0cbb6076cb9d" at "localhost:5432"
Populated Postgres Upgrade	Upgrade populated schema from 0020 through current	2026-10-05T23:03:45.1177558Z 
Populated Postgres Upgrade	Upgrade populated schema from 0020 through current	2026-10-05T23:03:45.1178794Z 47 migrations found in prisma/migrations
Populated Postgres Upgrade	Upgrade populated schema from 0020 through current	2026-10-05T23:03:45.1179392Z 
Populated Postgres Upgrade	Upgrade populated schema from 0020 through current	2026-10-05T23:03:45.1870957Z Applying migration `0021_mobile_native_client`
Populated Postgres Upgrade	Upgrade populated schema from 0020 through current	2026-10-05T23:03:45.2186999Z Applying migration `0022_bind_native_push_to_mobile_session`
Populated Postgres Upgrade	Upgrade populated schema from 0020 through current	2026-10-05T23:03:45.2311616Z Applying migration `0023_client_sync_foundation`
Populated Postgres Upgrade	Upgrade populated schema from 0020 through current	2026-10-05T23:03:45.2506846Z Applying migration `0024_account_lifecycle`
Populated Postgres Upgrade	Upgrade populated schema from 0020 through current	2026-10-05T23:03:45.2756041Z Applying migration `0025_my_food_pinning`
Populated Postgres Upgrade	Upgrade populated schema from 0020 through current	2026-10-05T23:03:45.2806932Z Applying migration `0026_health_connect_activity`
Populated Postgres Upgrade	Upgrade populated schema from 0020 through current	2026-10-05T23:03:45.3216900Z Applying migration `0027_wear_os_pairing`
Populated Postgres Upgrade	Upgrade populated schema from 0020 through current	2026-10-05T23:03:45.3391100Z Applying migration `0028_watch_operation_provenance`
Populated Postgres Upgrade	Upgrade populated schema from 0020 through current	2026-10-05T23:03:45.3457413Z Applying migration `0029_push_subscription_endpoint_ownership`
Populated Postgres Upgrade	Upgrade populated schema from 0020 through current	2026-10-05T23:03:45.3542021Z Applying migration `0030_day_resolution_and_tracking_pauses`
Populated Postgres Upgrade	Upgrade populated schema from 0020 through current	2026-10-05T23:03:45.3696973Z Applying migration `0031_calibration_insights`
Populated Postgres Upgrade	Upgrade populated schema from 0020 through current	2026-10-05T23:03:45.3940791Z Applying migration `0032_weight_trend_v2`
Populated Postgres Upgrade	Upgrade populated schema from 0020 through current	2026-10-05T23:03:45.3978890Z Applying migration `0033_weight_trend_source_revision`
Populated Postgres Upgrade	Upgrade populated schema from 0020 through current	2026-10-05T23:03:45.4007107Z Applying migration `0034_calorie_safety_policy`
Populated Postgres Upgrade	Upgrade populated schema from 0020 through current	2026-10-05T23:03:45.4716860Z Applying migration `0035_account_verification_and_legal_consent`
Populated Postgres Upgrade	Upgrade populated schema from 0020 through current	2026-10-05T23:03:45.4932020Z Applying migration `0036_atomic_onboarding`
Populated Postgres Upgrade	Upgrade populated schema from 0020 through current	2026-10-05T23:03:45.4976784Z Applying migration `0037_saved_foods_library`
Populated Postgres Upgrade	Upgrade populated schema from 0020 through current	2026-10-05T23:03:45.5018333Z Applying migration `0038_settings_trust_center`
Populated Postgres Upgrade	Upgrade populated schema from 0020 through current	2026-10-05T23:03:45.5304639Z Applying migration `0039_mcp_oauth`
Populated Postgres Upgrade	Upgrade populated schema from 0020 through current	2026-10-05T23:03:45.5907985Z Applying migration `0040_ios_native_support`
Populated Postgres Upgrade	Upgrade populated schema from 0020 through current	2026-10-05T23:03:45.5940853Z Applying migration `0041_server_settings`
Populated Postgres Upgrade	Upgrade populated schema from 0020 through current	2026-10-05T23:03:45.5992296Z Applying migration `0043_food_day_comparison`
Populated Postgres Upgrade	Upgrade populated schema from 0020 through current	2026-10-05T23:03:45.6025786Z Applying migration `0045_firebase_identity_foundation`
Populated Postgres Upgrade	Upgrade populated schema from 0020 through current	2026-10-05T23:03:45.6185459Z 
Populated Postgres Upgrade	Upgrade populated schema from 0020 through current	2026-10-05T23:03:45.6220078Z ┌─────────────────────────────────────────────────────────┐
Populated Postgres Upgrade	Upgrade populated schema from 0020 through current	2026-10-05T23:03:45.6221310Z │  Update available 7.9.0 -> 8.0.0-rc.20                  │
Populated Postgres Upgrade	Upgrade populated schema from 0020 through current	2026-10-05T23:03:45.6223990Z │                                                         │
Populated Postgres Upgrade	Upgrade populated schema from 0020 through current	2026-10-05T23:03:45.6225338Z │  This is a major update - please follow the guide at    │
Populated Postgres Upgrade	Upgrade populated schema from 0020 through current	2026-10-05T23:03:45.6226468Z │  https://pris.ly/d/major-version-upgrade                │
Populated Postgres Upgrade	Upgrade populated schema from 0020 through current	2026-10-05T23:03:45.6227870Z │                                                         │
Populated Postgres Upgrade	Upgrade populated schema from 0020 through current	2026-10-05T23:03:45.6229085Z │  Run the following to update                            │
Populated Postgres Upgrade	Upgrade populated schema from 0020 through current	2026-10-05T23:03:45.6230068Z The following migration(s) have been applied:
Populated Postgres Upgrade	Upgrade populated schema from 0020 through current	2026-10-05T23:03:45.6230531Z 
Populated Postgres Upgrade	Upgrade populated schema from 0020 through current	2026-10-05T23:03:45.6230745Z migrations/
Populated Postgres Upgrade	Upgrade populated schema from 0020 through current	2026-10-05T23:03:45.6231255Z   └─ 0021_mobile_native_client/
Populated Postgres Upgrade	Upgrade populated schema from 0020 through current	2026-10-05T23:03:45.6231938Z     └─ migration.sql
Populated Postgres Upgrade	Upgrade populated schema from 0020 through current	2026-10-05T23:03:45.6232571Z   └─ 0022_bind_native_push_to_mobile_session/
Populated Postgres Upgrade	Upgrade populated schema from 0020 through current	2026-10-05T23:03:45.6233201Z     └─ migration.sql
Populated Postgres Upgrade	Upgrade populated schema from 0020 through current	2026-10-05T23:03:45.6233748Z   └─ 0023_client_sync_foundation/
Populated Postgres Upgrade	Upgrade populated schema from 0020 through current	2026-10-05T23:03:45.6234353Z     └─ migration.sql
Populated Postgres Upgrade	Upgrade populated schema from 0020 through current	2026-10-05T23:03:45.6234827Z   └─ 0024_account_lifecycle/
Populated Postgres Upgrade	Upgrade populated schema from 0020 through current	2026-10-05T23:03:45.6235326Z     └─ migration.sql
Populated Postgres Upgrade	Upgrade populated schema from 0020 through current	2026-10-05T23:03:45.6235861Z   └─ 0025_my_food_pinning/
Populated Postgres Upgrade	Upgrade populated schema from 0020 through current	2026-10-05T23:03:45.6236387Z     └─ migration.sql
Populated Postgres Upgrade	Upgrade populated schema from 0020 through current	2026-10-05T23:03:45.6236927Z   └─ 0026_health_connect_activity/
Populated Postgres Upgrade	Upgrade populated schema from 0020 through current	2026-10-05T23:03:45.6237466Z     └─ migration.sql
Populated Postgres Upgrade	Upgrade populated schema from 0020 through current	2026-10-05T23:03:45.6237973Z   └─ 0027_wear_os_pairing/
Populated Postgres Upgrade	Upgrade populated schema from 0020 through current	2026-10-05T23:03:45.6238517Z     └─ migration.sql
Populated Postgres Upgrade	Upgrade populated schema from 0020 through current	2026-10-05T23:03:45.6239490Z   └─ 0028_watch_operation_provenance/
Populated Postgres Upgrade	Upgrade populated schema from 0020 through current	2026-10-05T23:03:45.6240096Z     └─ migration.sql
Populated Postgres Upgrade	Upgrade populated schema from 0020 through current	2026-10-05T23:03:45.6240675Z   └─ 0029_push_subscription_endpoint_ownership/
Populated Postgres Upgrade	Upgrade populated schema from 0020 through current	2026-10-05T23:03:45.6241234Z     └─ migration.sql
Populated Postgres Upgrade	Upgrade populated schema from 0020 through current	2026-10-05T23:03:45.6241920Z   └─ 0030_day_resolution_and_tracking_pauses/
Populated Postgres Upgrade	Upgrade populated schema from 0020 through current	2026-10-05T23:03:45.6242806Z     └─ migration.sql
Populated Postgres Upgrade	Upgrade populated schema from 0020 through current	2026-10-05T23:03:45.6243290Z   └─ 0031_calibration_insights/
Populated Postgres Upgrade	Upgrade populated schema from 0020 through current	2026-10-05T23:03:45.6243841Z     └─ migration.sql
Populated Postgres Upgrade	Upgrade populated schema from 0020 through current	2026-10-05T23:03:45.6244365Z   └─ 0032_weight_trend_v2/
Populated Postgres Upgrade	Upgrade populated schema from 0020 through current	2026-10-05T23:03:45.6244833Z     └─ migration.sql
Populated Postgres Upgrade	Upgrade populated schema from 0020 through current	2026-10-05T23:03:45.6245394Z   └─ 0033_weight_trend_source_revision/
Populated Postgres Upgrade	Upgrade populated schema from 0020 through current	2026-10-05T23:03:45.6245893Z     └─ migration.sql
Populated Postgres Upgrade	Upgrade populated schema from 0020 through current	2026-10-05T23:03:45.6246372Z   └─ 0034_calorie_safety_policy/
Populated Postgres Upgrade	Upgrade populated schema from 0020 through current	2026-10-05T23:03:45.6246830Z     └─ migration.sql
Populated Postgres Upgrade	Upgrade populated schema from 0020 through current	2026-10-05T23:03:45.6247238Z   └─ 0035_account_verification_and_legal_consent/
Populated Postgres Upgrade	Upgrade populated schema from 0020 through current	2026-10-05T23:03:45.6247624Z     └─ migration.sql
Populated Postgres Upgrade	Upgrade populated schema from 0020 through current	2026-10-05T23:03:45.6248004Z   └─ 0036_atomic_onboarding/
Populated Postgres Upgrade	Upgrade populated schema from 0020 through current	2026-10-05T23:03:45.6248414Z     └─ migration.sql
Populated Postgres Upgrade	Upgrade populated schema from 0020 through current	2026-10-05T23:03:45.6248993Z   └─ 0037_saved_foods_library/
Populated Postgres Upgrade	Upgrade populated schema from 0020 through current	2026-10-05T23:03:45.6249555Z     └─ migration.sql
Populated Postgres Upgrade	Upgrade populated schema from 0020 through current	2026-10-05T23:03:45.6249975Z   └─ 0038_settings_trust_center/
Populated Postgres Upgrade	Upgrade populated schema from 0020 through current	2026-10-05T23:03:45.6250358Z     └─ migration.sql
Populated Postgres Upgrade	Upgrade populated schema from 0020 through current	2026-10-05T23:03:45.6250744Z   └─ 0039_mcp_oauth/
Populated Postgres Upgrade	Upgrade populated schema from 0020 through current	2026-10-05T23:03:45.6251123Z     └─ migration.sql
Populated Postgres Upgrade	Upgrade populated schema from 0020 through current	2026-10-05T23:03:45.6251472Z   └─ 0040_ios_native_support/
Populated Postgres Upgrade	Upgrade populated schema from 0020 through current	2026-10-05T23:03:45.6251831Z     └─ migration.sql
Populated Postgres Upgrade	Upgrade populated schema from 0020 through current	2026-10-05T23:03:45.6252244Z   └─ 0041_server_settings/
Populated Postgres Upgrade	Upgrade populated schema from 0020 through current	2026-10-05T23:03:45.6252588Z     └─ migration.sql
Populated Postgres Upgrade	Upgrade populated schema from 0020 through current	2026-10-05T23:03:45.6252991Z   └─ 0043_food_day_comparison/
Populated Postgres Upgrade	Upgrade populated schema from 0020 through current	2026-10-05T23:03:45.6253383Z     └─ migration.sql
Populated Postgres Upgrade	Upgrade populated schema from 0020 through current	2026-10-05T23:03:45.6253775Z   └─ 0045_firebase_identity_foundation/
Populated Postgres Upgrade	Upgrade populated schema from 0020 through current	2026-10-05T23:03:45.6254178Z     └─ migration.sql
Populated Postgres Upgrade	Upgrade populated schema from 0020 through current	2026-10-05T23:03:45.6254382Z 
Populated Postgres Upgrade	Upgrade populated schema from 0020 through current	2026-10-05T23:03:45.6254625Z All migrations have been successfully applied.
Populated Postgres Upgrade	Upgrade populated schema from 0020 through current	2026-10-05T23:03:45.6255545Z │    npm i --save-dev prisma@latest                       │
Populated Postgres Upgrade	Upgrade populated schema from 0020 through current	2026-10-05T23:03:45.6256179Z │    npm i @prisma/client@latest                          │
Populated Postgres Upgrade	Upgrade populated schema from 0020 through current	2026-10-05T23:03:45.6256801Z └─────────────────────────────────────────────────────────┘
Populated Postgres Upgrade	Upgrade populated schema from 0020 through current	2026-10-05T23:03:45.6824052Z [db-upgrade-smoke] PASS: immutable mapping, local deletion cascade and monotonic credential security version.
Populated Postgres Upgrade	Upgrade populated schema from 0020 through current	2026-10-05T23:03:45.6831020Z [db-upgrade-smoke] PASS: retained core data across 47 migrations.
Populated Postgres Upgrade	Serialize concurrent weight-trend materialization	﻿2026-10-05T23:03:45.8500741Z ##[group]Run node scripts/postgres-weight-trend-concurrency-smoke.mjs
Populated Postgres Upgrade	Serialize concurrent weight-trend materialization	2026-10-05T23:03:45.8501630Z ^[[36;1mnode scripts/postgres-weight-trend-concurrency-smoke.mjs^[[0m
Populated Postgres Upgrade	Serialize concurrent weight-trend materialization	2026-10-05T23:03:45.8556868Z shell: /usr/bin/bash -e {0}
Populated Postgres Upgrade	Serialize concurrent weight-trend materialization	2026-10-05T23:03:45.8557287Z env:
Populated Postgres Upgrade	Serialize concurrent weight-trend materialization	2026-10-05T23:03:45.8558419Z   DATABASE_URL: ***localhost:5432/calibrate?schema=public
Populated Postgres Upgrade	Serialize concurrent weight-trend materialization	2026-10-05T23:03:45.8559088Z ##[endgroup]
Populated Postgres Upgrade	Serialize concurrent weight-trend materialization	2026-10-05T23:03:46.6746980Z Loaded Prisma config from prisma.config.ts.
Populated Postgres Upgrade	Serialize concurrent weight-trend materialization	2026-10-05T23:03:46.6747875Z 
Populated Postgres Upgrade	Serialize concurrent weight-trend materialization	2026-10-05T23:03:46.7969488Z Prisma schema loaded from prisma/schema.prisma.
Populated Postgres Upgrade	Serialize concurrent weight-trend materialization	2026-10-05T23:03:46.8093998Z Datasource "db": PostgreSQL database "calibrate", schema "calibrate_upgrade_smoke_weight_trend_3117_e7e16e52836c" at "localhost:5432"
Populated Postgres Upgrade	Serialize concurrent weight-trend materialization	2026-10-05T23:03:46.8786993Z 
Populated Postgres Upgrade	Serialize concurrent weight-trend materialization	2026-10-05T23:03:46.8787872Z 47 migrations found in prisma/migrations
Populated Postgres Upgrade	Serialize concurrent weight-trend materialization	2026-10-05T23:03:46.8788317Z 
Populated Postgres Upgrade	Serialize concurrent weight-trend materialization	2026-10-05T23:03:47.1360342Z Applying migration `0001_init`
Populated Postgres Upgrade	Serialize concurrent weight-trend materialization	2026-10-05T23:03:47.3900040Z Applying migration `0002_weight_units_grams`
Populated Postgres Upgrade	Serialize concurrent weight-trend materialization	2026-10-05T23:03:47.6199608Z Applying migration `0003_bodymetric_date_only`
Populated Postgres Upgrade	Serialize concurrent weight-trend materialization	2026-10-05T23:03:47.6526082Z Applying migration `0004_add_profile_fields`
Populated Postgres Upgrade	Serialize concurrent weight-trend materialization	2026-10-05T23:03:47.6698766Z Applying migration `0005_add_user_timezone`
Populated Postgres Upgrade	Serialize concurrent weight-trend materialization	2026-10-05T23:03:47.6776152Z Applying migration `0006_foodlog_local_date`
Populated Postgres Upgrade	Serialize concurrent weight-trend materialization	2026-10-05T23:03:47.6986506Z Applying migration `0007_height_unit_preference`
Populated Postgres Upgrade	Serialize concurrent weight-trend materialization	2026-10-05T23:03:47.7206619Z Applying migration `0008_meal_period_enum`
Populated Postgres Upgrade	Serialize concurrent weight-trend materialization	2026-10-05T23:03:47.7895459Z Applying migration `0009_add_user_profile_image`
Populated Postgres Upgrade	Serialize concurrent weight-trend materialization	2026-10-05T23:03:47.7929798Z Applying migration `0010_my_foods`
Populated Postgres Upgrade	Serialize concurrent weight-trend materialization	2026-10-05T23:03:47.8159577Z Applying migration `0011_add_user_language`
Populated Postgres Upgrade	Serialize concurrent weight-trend materialization	2026-10-05T23:03:47.8195286Z Applying migration `0012_session_store`
Populated Postgres Upgrade	Serialize concurrent weight-trend materialization	2026-10-05T23:03:47.8266995Z Applying migration `0013_food_log_day_completion`
Populated Postgres Upgrade	Serialize concurrent weight-trend materialization	2026-10-05T23:03:47.8353958Z Applying migration `0013_push_subscriptions`
Populated Postgres Upgrade	Serialize concurrent weight-trend materialization	2026-10-05T23:03:47.8465826Z Applying migration `0014_push_subscription_reminders`
Populated Postgres Upgrade	Serialize concurrent weight-trend materialization	2026-10-05T23:03:47.8500447Z Applying migration `0014_push_subscription_user_endpoint_uniqueness`
Populated Postgres Upgrade	Serialize concurrent weight-trend materialization	2026-10-05T23:03:47.8552152Z Applying migration `0015_reminder_preference_flags`
Populated Postgres Upgrade	Serialize concurrent weight-trend materialization	2026-10-05T23:03:47.8591227Z Applying migration `0016_bodymetric_trend_precompute`
Populated Postgres Upgrade	Serialize concurrent weight-trend materialization	2026-10-05T23:03:47.8691766Z Applying migration `0016_in_app_notifications`
Populated Postgres Upgrade	Serialize concurrent weight-trend materialization	2026-10-05T23:03:47.8854087Z Applying migration `0017_haptics_preference`
Populated Postgres Upgrade	Serialize concurrent weight-trend materialization	2026-10-05T23:03:47.8889166Z Applying migration `0017_notification_delivery_channels`
Populated Postgres Upgrade	Serialize concurrent weight-trend materialization	2026-10-05T23:03:47.8986970Z Applying migration `0018_food_log_external_snapshots`
Populated Postgres Upgrade	Serialize concurrent weight-trend materialization	2026-10-05T23:03:47.9030631Z Applying migration `0019_backend_server_audit_indexes`
Populated Postgres Upgrade	Serialize concurrent weight-trend materialization	2026-10-05T23:03:47.9076322Z Applying migration `0020_goal_active_lookup_index`
Populated Postgres Upgrade	Serialize concurrent weight-trend materialization	2026-10-05T23:03:47.9104045Z Applying migration `0021_mobile_native_client`
Populated Postgres Upgrade	Serialize concurrent weight-trend materialization	2026-10-05T23:03:47.9371342Z Applying migration `0022_bind_native_push_to_mobile_session`
Populated Postgres Upgrade	Serialize concurrent weight-trend materialization	2026-10-05T23:03:47.9489088Z Applying migration `0023_client_sync_foundation`
Populated Postgres Upgrade	Serialize concurrent weight-trend materialization	2026-10-05T23:03:47.9691678Z Applying migration `0024_account_lifecycle`
Populated Postgres Upgrade	Serialize concurrent weight-trend materialization	2026-10-05T23:03:47.9916584Z Applying migration `0025_my_food_pinning`
Populated Postgres Upgrade	Serialize concurrent weight-trend materialization	2026-10-05T23:03:47.9966922Z Applying migration `0026_health_connect_activity`
Populated Postgres Upgrade	Serialize concurrent weight-trend materialization	2026-10-05T23:03:48.0337517Z Applying migration `0027_wear_os_pairing`
Populated Postgres Upgrade	Serialize concurrent weight-trend materialization	2026-10-05T23:03:48.0513733Z Applying migration `0028_watch_operation_provenance`
Populated Postgres Upgrade	Serialize concurrent weight-trend materialization	2026-10-05T23:03:48.0577593Z Applying migration `0029_push_subscription_endpoint_ownership`
Populated Postgres Upgrade	Serialize concurrent weight-trend materialization	2026-10-05T23:03:48.0660086Z Applying migration `0030_day_resolution_and_tracking_pauses`
Populated Postgres Upgrade	Serialize concurrent weight-trend materialization	2026-10-05T23:03:48.0813239Z Applying migration `0031_calibration_insights`
Populated Postgres Upgrade	Serialize concurrent weight-trend materialization	2026-10-05T23:03:48.1053828Z Applying migration `0032_weight_trend_v2`
Populated Postgres Upgrade	Serialize concurrent weight-trend materialization	2026-10-05T23:03:48.1092810Z Applying migration `0033_weight_trend_source_revision`
Populated Postgres Upgrade	Serialize concurrent weight-trend materialization	2026-10-05T23:03:48.1121682Z Applying migration `0034_calorie_safety_policy`
Populated Postgres Upgrade	Serialize concurrent weight-trend materialization	2026-10-05T23:03:48.1372685Z Applying migration `0035_account_verification_and_legal_consent`
Populated Postgres Upgrade	Serialize concurrent weight-trend materialization	2026-10-05T23:03:48.1593775Z Applying migration `0036_atomic_onboarding`
Populated Postgres Upgrade	Serialize concurrent weight-trend materialization	2026-10-05T23:03:48.1638307Z Applying migration `0037_saved_foods_library`
Populated Postgres Upgrade	Serialize concurrent weight-trend materialization	2026-10-05T23:03:48.1680270Z Applying migration `0038_settings_trust_center`
Populated Postgres Upgrade	Serialize concurrent weight-trend materialization	2026-10-05T23:03:48.1981114Z Applying migration `0039_mcp_oauth`
Populated Postgres Upgrade	Serialize concurrent weight-trend materialization	2026-10-05T23:03:48.2475438Z Applying migration `0040_ios_native_support`
Populated Postgres Upgrade	Serialize concurrent weight-trend materialization	2026-10-05T23:03:48.2504468Z Applying migration `0041_server_settings`
Populated Postgres Upgrade	Serialize concurrent weight-trend materialization	2026-10-05T23:03:48.2551689Z Applying migration `0043_food_day_comparison`
Populated Postgres Upgrade	Serialize concurrent weight-trend materialization	2026-10-05T23:03:48.2584442Z Applying migration `0045_firebase_identity_foundation`
Populated Postgres Upgrade	Serialize concurrent weight-trend materialization	2026-10-05T23:03:48.2735426Z 
Populated Postgres Upgrade	Serialize concurrent weight-trend materialization	2026-10-05T23:03:48.2745450Z The following migration(s) have been applied:
Populated Postgres Upgrade	Serialize concurrent weight-trend materialization	2026-10-05T23:03:48.2745989Z 
Populated Postgres Upgrade	Serialize concurrent weight-trend materialization	2026-10-05T23:03:48.2746230Z migrations/
Populated Postgres Upgrade	Serialize concurrent weight-trend materialization	2026-10-05T23:03:48.2747249Z   └─ 0001_init/
Populated Postgres Upgrade	Serialize concurrent weight-trend materialization	2026-10-05T23:03:48.2747769Z     └─ migration.sql
Populated Postgres Upgrade	Serialize concurrent weight-trend materialization	2026-10-05T23:03:48.2748419Z   └─ 0002_weight_units_grams/
Populated Postgres Upgrade	Serialize concurrent weight-trend materialization	2026-10-05T23:03:48.2749374Z     └─ migration.sql
Populated Postgres Upgrade	Serialize concurrent weight-trend materialization	2026-10-05T23:03:48.2749939Z   └─ 0003_bodymetric_date_only/
Populated Postgres Upgrade	Serialize concurrent weight-trend materialization	2026-10-05T23:03:48.2750538Z     └─ migration.sql
Populated Postgres Upgrade	Serialize concurrent weight-trend materialization	2026-10-05T23:03:48.2751077Z   └─ 0004_add_profile_fields/
Populated Postgres Upgrade	Serialize concurrent weight-trend materialization	2026-10-05T23:03:48.2751632Z     └─ migration.sql
Populated Postgres Upgrade	Serialize concurrent weight-trend materialization	2026-10-05T23:03:48.2752148Z   └─ 0005_add_user_timezone/
Populated Postgres Upgrade	Serialize concurrent weight-trend materialization	2026-10-05T23:03:48.2752628Z     └─ migration.sql
Populated Postgres Upgrade	Serialize concurrent weight-trend materialization	2026-10-05T23:03:48.2753091Z   └─ 0006_foodlog_local_date/
Populated Postgres Upgrade	Serialize concurrent weight-trend materialization	2026-10-05T23:03:48.2753609Z     └─ migration.sql
Populated Postgres Upgrade	Serialize concurrent weight-trend materialization	2026-10-05T23:03:48.2754176Z   └─ 0007_height_unit_preference/
Populated Postgres Upgrade	Serialize concurrent weight-trend materialization	2026-10-05T23:03:48.2754700Z     └─ migration.sql
Populated Postgres Upgrade	Serialize concurrent weight-trend materialization	2026-10-05T23:03:48.2755219Z   └─ 0008_meal_period_enum/
Populated Postgres Upgrade	Serialize concurrent weight-trend materialization	2026-10-05T23:03:48.2755666Z     └─ migration.sql
Populated Postgres Upgrade	Serialize concurrent weight-trend materialization	2026-10-05T23:03:48.2756225Z   └─ 0009_add_user_profile_image/
Populated Postgres Upgrade	Serialize concurrent weight-trend materialization	2026-10-05T23:03:48.2756872Z     └─ migration.sql
Populated Postgres Upgrade	Serialize concurrent weight-trend materialization	2026-10-05T23:03:48.2757293Z   └─ 0010_my_foods/
Populated Postgres Upgrade	Serialize concurrent weight-trend materialization	2026-10-05T23:03:48.2757729Z     └─ migration.sql
Populated Postgres Upgrade	Serialize concurrent weight-trend materialization	2026-10-05T23:03:48.2758214Z   └─ 0011_add_user_language/
Populated Postgres Upgrade	Serialize concurrent weight-trend materialization	2026-10-05T23:03:48.2759358Z     └─ migration.sql
Populated Postgres Upgrade	Serialize concurrent weight-trend materialization	2026-10-05T23:03:48.2759856Z   └─ 0012_session_store/
Populated Postgres Upgrade	Serialize concurrent weight-trend materialization	2026-10-05T23:03:48.2760314Z     └─ migration.sql
Populated Postgres Upgrade	Serialize concurrent weight-trend materialization	2026-10-05T23:03:48.2760839Z   └─ 0013_food_log_day_completion/
Populated Postgres Upgrade	Serialize concurrent weight-trend materialization	2026-10-05T23:03:48.2761676Z     └─ migration.sql
Populated Postgres Upgrade	Serialize concurrent weight-trend materialization	2026-10-05T23:03:48.2762201Z   └─ 0013_push_subscriptions/
Populated Postgres Upgrade	Serialize concurrent weight-trend materialization	2026-10-05T23:03:48.2762711Z     └─ migration.sql
Populated Postgres Upgrade	Serialize concurrent weight-trend materialization	2026-10-05T23:03:48.2763179Z   └─ 0014_push_subscription_reminders/
Populated Postgres Upgrade	Serialize concurrent weight-trend materialization	2026-10-05T23:03:48.2763749Z     └─ migration.sql
Populated Postgres Upgrade	Serialize concurrent weight-trend materialization	2026-10-05T23:03:48.2764323Z   └─ 0014_push_subscription_user_endpoint_uniqueness/
Populated Postgres Upgrade	Serialize concurrent weight-trend materialization	2026-10-05T23:03:48.2764949Z     └─ migration.sql
Populated Postgres Upgrade	Serialize concurrent weight-trend materialization	2026-10-05T23:03:48.2765500Z   └─ 0015_reminder_preference_flags/
Populated Postgres Upgrade	Serialize concurrent weight-trend materialization	2026-10-05T23:03:48.2765973Z     └─ migration.sql
Populated Postgres Upgrade	Serialize concurrent weight-trend materialization	2026-10-05T23:03:48.2766448Z   └─ 0016_bodymetric_trend_precompute/
Populated Postgres Upgrade	Serialize concurrent weight-trend materialization	2026-10-05T23:03:48.2766952Z     └─ migration.sql
Populated Postgres Upgrade	Serialize concurrent weight-trend materialization	2026-10-05T23:03:48.2767431Z   └─ 0016_in_app_notifications/
Populated Postgres Upgrade	Serialize concurrent weight-trend materialization	2026-10-05T23:03:48.2767867Z     └─ migration.sql
Populated Postgres Upgrade	Serialize concurrent weight-trend materialization	2026-10-05T23:03:48.2768343Z   └─ 0017_haptics_preference/
Populated Postgres Upgrade	Serialize concurrent weight-trend materialization	2026-10-05T23:03:48.2769181Z     └─ migration.sql
Populated Postgres Upgrade	Serialize concurrent weight-trend materialization	2026-10-05T23:03:48.2769709Z   └─ 0017_notification_delivery_channels/
Populated Postgres Upgrade	Serialize concurrent weight-trend materialization	2026-10-05T23:03:48.2770307Z     └─ migration.sql
Populated Postgres Upgrade	Serialize concurrent weight-trend materialization	2026-10-05T23:03:48.2770897Z   └─ 0018_food_log_external_snapshots/
Populated Postgres Upgrade	Serialize concurrent weight-trend materialization	2026-10-05T23:03:48.2771423Z     └─ migration.sql
Populated Postgres Upgrade	Serialize concurrent weight-trend materialization	2026-10-05T23:03:48.2771941Z   └─ 0019_backend_server_audit_indexes/
Populated Postgres Upgrade	Serialize concurrent weight-trend materialization	2026-10-05T23:03:48.2772577Z     └─ migration.sql
Populated Postgres Upgrade	Serialize concurrent weight-trend materialization	2026-10-05T23:03:48.2773388Z   └─ 0020_goal_active_lookup_index/
Populated Postgres Upgrade	Serialize concurrent weight-trend materialization	2026-10-05T23:03:48.2773972Z     └─ migration.sql
Populated Postgres Upgrade	Serialize concurrent weight-trend materialization	2026-10-05T23:03:48.2774494Z   └─ 0021_mobile_native_client/
Populated Postgres Upgrade	Serialize concurrent weight-trend materialization	2026-10-05T23:03:48.2774981Z     └─ migration.sql
Populated Postgres Upgrade	Serialize concurrent weight-trend materialization	2026-10-05T23:03:48.2775509Z   └─ 0022_bind_native_push_to_mobile_session/
Populated Postgres Upgrade	Serialize concurrent weight-trend materialization	2026-10-05T23:03:48.2776130Z     └─ migration.sql
Populated Postgres Upgrade	Serialize concurrent weight-trend materialization	2026-10-05T23:03:48.2776658Z   └─ 0023_client_sync_foundation/
Populated Postgres Upgrade	Serialize concurrent weight-trend materialization	2026-10-05T23:03:48.2777282Z     └─ migration.sql
Populated Postgres Upgrade	Serialize concurrent weight-trend materialization	2026-10-05T23:03:48.2777798Z   └─ 0024_account_lifecycle/
Populated Postgres Upgrade	Serialize concurrent weight-trend materialization	2026-10-05T23:03:48.2778943Z     └─ migration.sql
Populated Postgres Upgrade	Serialize concurrent weight-trend materialization	2026-10-05T23:03:48.2779415Z   └─ 0025_my_food_pinning/
Populated Postgres Upgrade	Serialize concurrent weight-trend materialization	2026-10-05T23:03:48.2779946Z     └─ migration.sql
Populated Postgres Upgrade	Serialize concurrent weight-trend materialization	2026-10-05T23:03:48.2780513Z   └─ 0026_health_connect_activity/
Populated Postgres Upgrade	Serialize concurrent weight-trend materialization	2026-10-05T23:03:48.2781022Z     └─ migration.sql
Populated Postgres Upgrade	Serialize concurrent weight-trend materialization	2026-10-05T23:03:48.2781576Z   └─ 0027_wear_os_pairing/
Populated Postgres Upgrade	Serialize concurrent weight-trend materialization	2026-10-05T23:03:48.2782038Z     └─ migration.sql
Populated Postgres Upgrade	Serialize concurrent weight-trend materialization	2026-10-05T23:03:48.2782572Z   └─ 0028_watch_operation_provenance/
Populated Postgres Upgrade	Serialize concurrent weight-trend materialization	2026-10-05T23:03:48.2783605Z     └─ migration.sql
Populated Postgres Upgrade	Serialize concurrent weight-trend materialization	2026-10-05T23:03:48.2784214Z   └─ 0029_push_subscription_endpoint_ownership/
Populated Postgres Upgrade	Serialize concurrent weight-trend materialization	2026-10-05T23:03:48.2784816Z     └─ migration.sql
Populated Postgres Upgrade	Serialize concurrent weight-trend materialization	2026-10-05T23:03:48.2785323Z   └─ 0030_day_resolution_and_tracking_pauses/
Populated Postgres Upgrade	Serialize concurrent weight-trend materialization	2026-10-05T23:03:48.2785969Z     └─ migration.sql
Populated Postgres Upgrade	Serialize concurrent weight-trend materialization	2026-10-05T23:03:48.2786446Z   └─ 0031_calibration_insights/
Populated Postgres Upgrade	Serialize concurrent weight-trend materialization	2026-10-05T23:03:48.2786943Z     └─ migration.sql
Populated Postgres Upgrade	Serialize concurrent weight-trend materialization	2026-10-05T23:03:48.2787479Z   └─ 0032_weight_trend_v2/
Populated Postgres Upgrade	Serialize concurrent weight-trend materialization	2026-10-05T23:03:48.2787950Z     └─ migration.sql
Populated Postgres Upgrade	Serialize concurrent weight-trend materialization	2026-10-05T23:03:48.2788472Z   └─ 0033_weight_trend_source_revision/
Populated Postgres Upgrade	Serialize concurrent weight-trend materialization	2026-10-05T23:03:48.2789134Z     └─ migration.sql
Populated Postgres Upgrade	Serialize concurrent weight-trend materialization	2026-10-05T23:03:48.2789765Z   └─ 0034_calorie_safety_policy/
Populated Postgres Upgrade	Serialize concurrent weight-trend materialization	2026-10-05T23:03:48.2790502Z     └─ migration.sql
Populated Postgres Upgrade	Serialize concurrent weight-trend materialization	2026-10-05T23:03:48.2791271Z   └─ 0035_account_verification_and_legal_consent/
Populated Postgres Upgrade	Serialize concurrent weight-trend materialization	2026-10-05T23:03:48.2792026Z     └─ migration.sql
Populated Postgres Upgrade	Serialize concurrent weight-trend materialization	2026-10-05T23:03:48.2792650Z   └─ 0036_atomic_onboarding/
Populated Postgres Upgrade	Serialize concurrent weight-trend materialization	2026-10-05T23:03:48.2793308Z     └─ migration.sql
Populated Postgres Upgrade	Serialize concurrent weight-trend materialization	2026-10-05T23:03:48.2793918Z   └─ 0037_saved_foods_library/
Populated Postgres Upgrade	Serialize concurrent weight-trend materialization	2026-10-05T23:03:48.2794559Z     └─ migration.sql
Populated Postgres Upgrade	Serialize concurrent weight-trend materialization	2026-10-05T23:03:48.2795246Z   └─ 0038_settings_trust_center/
Populated Postgres Upgrade	Serialize concurrent weight-trend materialization	2026-10-05T23:03:48.2795842Z     └─ migration.sql
Populated Postgres Upgrade	Serialize concurrent weight-trend materialization	2026-10-05T23:03:48.2796411Z   └─ 0039_mcp_oauth/
Populated Postgres Upgrade	Serialize concurrent weight-trend materialization	2026-10-05T23:03:48.2796961Z     └─ migration.sql
Populated Postgres Upgrade	Serialize concurrent weight-trend materialization	2026-10-05T23:03:48.2797646Z   └─ 0040_ios_native_support/
Populated Postgres Upgrade	Serialize concurrent weight-trend materialization	2026-10-05T23:03:48.2798253Z     └─ migration.sql
Populated Postgres Upgrade	Serialize concurrent weight-trend materialization	2026-10-05T23:03:48.2799013Z   └─ 0041_server_settings/
Populated Postgres Upgrade	Serialize concurrent weight-trend materialization	2026-10-05T23:03:48.2799643Z     └─ migration.sql
Populated Postgres Upgrade	Serialize concurrent weight-trend materialization	2026-10-05T23:03:48.2800256Z   └─ 0043_food_day_comparison/
Populated Postgres Upgrade	Serialize concurrent weight-trend materialization	2026-10-05T23:03:48.2800874Z     └─ migration.sql
Populated Postgres Upgrade	Serialize concurrent weight-trend materialization	2026-10-05T23:03:48.2801599Z   └─ 0045_firebase_identity_foundation/
Populated Postgres Upgrade	Serialize concurrent weight-trend materialization	2026-10-05T23:03:48.2802226Z     └─ migration.sql
Populated Postgres Upgrade	Serialize concurrent weight-trend materialization	2026-10-05T23:03:48.2802578Z 
Populated Postgres Upgrade	Serialize concurrent weight-trend materialization	2026-10-05T23:03:48.2802953Z All migrations have been successfully applied.
Populated Postgres Upgrade	Serialize concurrent weight-trend materialization	2026-10-05T23:03:49.2112609Z [weight-trend-concurrency-smoke] PASS: two same-user recomputations queued on the advisory lock and produced one 12-row source revision.
Populated Postgres Upgrade	Post Setup Node	﻿2026-10-05T23:03:49.3979054Z Post job cleanup.
Populated Postgres Upgrade	Post Setup Node	2026-10-05T23:03:49.5180739Z (node:3191) [DEP0040] DeprecationWarning: The `punycode` module is deprecated. Please use a userland alternative instead.
Populated Postgres Upgrade	Post Setup Node	2026-10-05T23:03:49.5182161Z (Use `node --trace-deprecation ...` to show where the warning was created)
Populated Postgres Upgrade	Post Setup Node	2026-10-05T23:03:49.5184078Z Cache hit occurred on the primary key node-cache-Linux-x64-npm-9ad1fc3d02200f097d647c965e5a2c426e45ead6e22fb282009302d8eeb7a3d3, not saving cache.
Populated Postgres Upgrade	Post Checkout	﻿2026-10-05T23:03:49.5311432Z Post job cleanup.
Populated Postgres Upgrade	Post Checkout	2026-10-05T23:03:49.6120689Z [command]/usr/bin/git version
Populated Postgres Upgrade	Post Checkout	2026-10-05T23:03:49.6157072Z git version 2.55.0
Populated Postgres Upgrade	Post Checkout	2026-10-05T23:03:49.6188826Z Temporarily overriding HOME='/home/runner/work/_temp/e7306208-a769-4e1d-b658-719974ce4d78' before making global git config changes
Populated Postgres Upgrade	Post Checkout	2026-10-05T23:03:49.6190291Z Adding repository directory to the temporary git global config as a safe directory
Populated Postgres Upgrade	Post Checkout	2026-10-05T23:03:49.6194773Z [command]/usr/bin/git config --global --add safe.directory /home/runner/work/calibrate-health/calibrate-health
Populated Postgres Upgrade	Post Checkout	2026-10-05T23:03:49.6231197Z [command]/usr/bin/git config --local --name-only --get-regexp core\.sshCommand
Populated Postgres Upgrade	Post Checkout	2026-10-05T23:03:49.6263431Z [command]/usr/bin/git submodule foreach --recursive sh -c "git config --local --name-only --get-regexp 'core\.sshCommand' && git config --local --unset-all 'core.sshCommand' || :"
Populated Postgres Upgrade	Post Checkout	2026-10-05T23:03:49.6481070Z [command]/usr/bin/git config --local --name-only --get-regexp http\.https\:\/\/github\.com\/\.extraheader
Populated Postgres Upgrade	Post Checkout	2026-10-05T23:03:49.6507154Z http.https://github.com/.extraheader
Populated Postgres Upgrade	Post Checkout	2026-10-05T23:03:49.6518733Z [command]/usr/bin/git config --local --unset-all http.https://github.com/.extraheader
Populated Postgres Upgrade	Post Checkout	2026-10-05T23:03:49.6554618Z [command]/usr/bin/git submodule foreach --recursive sh -c "git config --local --name-only --get-regexp 'http\.https\:\/\/github\.com\/\.extraheader' && git config --local --unset-all 'http.https://github.com/.extraheader' || :"
Populated Postgres Upgrade	Post Checkout	2026-10-05T23:03:49.6772056Z [command]/usr/bin/git config --local --name-only --get-regexp ^includeIf\.gitdir:
Populated Postgres Upgrade	Post Checkout	2026-10-05T23:03:49.6809005Z [command]/usr/bin/git submodule foreach --recursive git config --local --show-origin --name-only --get-regexp remote.origin.url
Populated Postgres Upgrade	Stop containers	﻿2026-10-05T23:03:49.7194760Z Print service container logs: e5b1a405bc534f84805ed49dfff04155_postgres15alpine_37e2b9
Populated Postgres Upgrade	Stop containers	2026-10-05T23:03:49.7201666Z ##[command]/usr/bin/docker logs --details 44dbcd434fdaa749734257c6faebfcaf990c16d821e8a82280ca6d0b7cc07d0c
Populated Postgres Upgrade	Stop containers	2026-10-05T23:03:49.7339672Z  The files belonging to this database system will be owned by user "postgres".
Populated Postgres Upgrade	Stop containers	2026-10-05T23:03:49.7344038Z  sh: locale: not found
Populated Postgres Upgrade	Stop containers	2026-10-05T23:03:49.7344534Z  This user must also own the server process.
Populated Postgres Upgrade	Stop containers	2026-10-05T23:03:49.7345142Z  2026-10-05 23:03:22.238 UTC [35] WARNING:  no usable system locales were found
Populated Postgres Upgrade	Stop containers	2026-10-05T23:03:49.7345720Z  initdb: warning: enabling "trust" authentication for local connections
Populated Postgres Upgrade	Stop containers	2026-10-05T23:03:49.7346472Z  initdb: hint: You can change this by editing pg_hba.conf or using the option -A, or --auth-local and --auth-host, the next time you run initdb.
Populated Postgres Upgrade	Stop containers	2026-10-05T23:03:49.7347599Z  2026-10-05 23:03:23.361 UTC [1] LOG:  starting PostgreSQL 15.19 on x86_64-pc-linux-musl, compiled by gcc (Alpine 15.2.0) 15.2.0, 64-bit
Populated Postgres Upgrade	Stop containers	2026-10-05T23:03:49.7348680Z  2026-10-05 23:03:23.361 UTC [1] LOG:  listening on IPv4 address "0.0.0.0", port 5432
Populated Postgres Upgrade	Stop containers	2026-10-05T23:03:49.7349278Z  2026-10-05 23:03:23.361 UTC [1] LOG:  listening on IPv6 address "::", port 5432
Populated Postgres Upgrade	Stop containers	2026-10-05T23:03:49.7349866Z  2026-10-05 23:03:23.363 UTC [1] LOG:  listening on Unix socket "/var/run/postgresql/.s.PGSQL.5432"
Populated Postgres Upgrade	Stop containers	2026-10-05T23:03:49.7351061Z  2026-10-05 23:03:23.365 UTC [63] LOG:  database system was shut down at 2026-10-05 23:03:23 UTC
Populated Postgres Upgrade	Stop containers	2026-10-05T23:03:49.7351783Z  2026-10-05 23:03:23.369 UTC [1] LOG:  database system is ready to accept connections
Populated Postgres Upgrade	Stop containers	2026-10-05T23:03:49.7352529Z  2026-10-05 23:03:45.662 UTC [130] ERROR:  Firebase identity mapping is immutable
Populated Postgres Upgrade	Stop containers	2026-10-05T23:03:49.7353358Z  2026-10-05 23:03:45.662 UTC [130] CONTEXT:  PL/pgSQL function calibrate_upgrade_smoke_2989_0cbb6076cb9d.calibrate_immutable_firebase_identity() line 15 at RAISE
Populated Postgres Upgrade	Stop containers	2026-10-05T23:03:49.7354307Z  2026-10-05 23:03:45.662 UTC [130] STATEMENT:  UPDATE "calibrate_upgrade_smoke_2989_0cbb6076cb9d"."FirebaseIdentity" SET "uid" = 'changed-uid' WHERE "user_id" = $1
Populated Postgres Upgrade	Stop containers	2026-10-05T23:03:49.7355202Z  2026-10-05 23:03:45.663 UTC [130] ERROR:  Firebase identity mapping cannot be removed from a live account
Populated Postgres Upgrade	Stop containers	2026-10-05T23:03:49.7356024Z  2026-10-05 23:03:45.663 UTC [130] CONTEXT:  PL/pgSQL function calibrate_upgrade_smoke_2989_0cbb6076cb9d.calibrate_immutable_firebase_identity() line 8 at RAISE
Populated Postgres Upgrade	Stop containers	2026-10-05T23:03:49.7356931Z  2026-10-05 23:03:45.663 UTC [130] STATEMENT:  DELETE FROM "calibrate_upgrade_smoke_2989_0cbb6076cb9d"."FirebaseIdentity" WHERE "user_id" = $1
Populated Postgres Upgrade	Stop containers	2026-10-05T23:03:49.7357804Z  2026-10-05 23:03:45.665 UTC [130] ERROR:  duplicate key value violates unique constraint "FirebaseIdentity_project_id_uid_key"
Populated Postgres Upgrade	Stop containers	2026-10-05T23:03:49.7358527Z  2026-10-05 23:03:45.665 UTC [130] DETAIL:  Key (project_id, uid)=(synthetic-project, synthetic-uid) already exists.
Populated Postgres Upgrade	Stop containers	2026-10-05T23:03:49.7359627Z  2026-10-05 23:03:45.665 UTC [130] STATEMENT:  INSERT INTO "calibrate_upgrade_smoke_2989_0cbb6076cb9d"."FirebaseIdentity" ("user_id", "installation_id", "source_id", "project_id", "uid")
Populated Postgres Upgrade	Stop containers	2026-10-05T23:03:49.7360503Z  	      VALUES ($1, 'synthetic-install', 'synthetic-source', 'synthetic-project', 'synthetic-uid')
Populated Postgres Upgrade	Stop containers	2026-10-05T23:03:49.7361076Z  2026-10-05 23:03:45.681 UTC [130] ERROR:  Credential security version cannot decrease
Populated Postgres Upgrade	Stop containers	2026-10-05T23:03:49.7361885Z  2026-10-05 23:03:45.681 UTC [130] CONTEXT:  PL/pgSQL function calibrate_upgrade_smoke_2989_0cbb6076cb9d.calibrate_credential_security_version() line 4 at RAISE
Populated Postgres Upgrade	Stop containers	2026-10-05T23:03:49.7362823Z  2026-10-05 23:03:45.681 UTC [130] STATEMENT:  UPDATE "calibrate_upgrade_smoke_2989_0cbb6076cb9d"."User" SET "credential_security_version" = 0 WHERE "id" = $1
Populated Postgres Upgrade	Stop containers	2026-10-05T23:03:49.7363624Z  2026-10-05 23:03:49.139 UTC [160] ERROR:  duplicate key value violates unique constraint "BodyMetricTrend_pkey"
Populated Postgres Upgrade	Stop containers	2026-10-05T23:03:49.7364262Z  2026-10-05 23:03:49.139 UTC [160] DETAIL:  Key (metric_id)=(1700000000) already exists.
Populated Postgres Upgrade	Stop containers	2026-10-05T23:03:49.7366558Z  2026-10-05 23:03:49.139 UTC [160] STATEMENT:  INSERT INTO "calibrate_upgrade_smoke_weight_trend_3117_e7e16e52836c"."BodyMetricTrend" ("metric_id","user_id","date","trend_weight_grams","trend_ci_lower_grams","trend_ci_upper_grams","trend_std_grams","trend_rate_grams_per_day","trend_rate_std_grams_per_day","model_version","source_revision","computed_at") VALUES ($1,$2,$3,$4,$5,$6,$7,$8,$9,$10,$11,$12), ($13,$14,$15,$16,$17,$18,$19,$20,$21,$22,$23,$24), ($25,$26,$27,$28,$29,$30,$31,$32,$33,$34,$35,$36), ($37,$38,$39,$40,$41,$42,$43,$44,$45,$46,$47,$48), ($49,$50,$51,$52,$53,$54,$55,$56,$57,$58,$59,$60), ($61,$62,$63,$64,$65,$66,$67,$68,$69,$70,$71,$72), ($73,$74,$75,$76,$77,$78,$79,$80,$81,$82,$83,$84), ($85,$86,$87,$88,$89,$90,$91,$92,$93,$94,$95,$96), ($97,$98,$99,$100,$101,$102,$103,$104,$105,$106,$107,$108), ($109,$110,$111,$112,$113,$114,$115,$116,$117,$118,$119,$120), ($121,$122,$123,$124,$125,$126,$127,$128,$129,$130,$131,$132), ($133,$134,$135,$136,$137,$138,$139,$140,$141,$142,$143,$144)
Populated Postgres Upgrade	Stop containers	2026-10-05T23:03:49.7369242Z  
Populated Postgres Upgrade	Stop containers	2026-10-05T23:03:49.7369627Z  The database cluster will be initialized with locale "en_US.utf8".
Populated Postgres Upgrade	Stop containers	2026-10-05T23:03:49.7370148Z  The default database encoding has accordingly been set to "UTF8".
Populated Postgres Upgrade	Stop containers	2026-10-05T23:03:49.7370665Z  The default text search configuration will be set to "english".
Populated Postgres Upgrade	Stop containers	2026-10-05T23:03:49.7371087Z  
Populated Postgres Upgrade	Stop containers	2026-10-05T23:03:49.7371402Z  Data page checksums are disabled.
Populated Postgres Upgrade	Stop containers	2026-10-05T23:03:49.7371779Z  
Populated Postgres Upgrade	Stop containers	2026-10-05T23:03:49.7372145Z  fixing permissions on existing directory /var/lib/postgresql/data ... ok
Populated Postgres Upgrade	Stop containers	2026-10-05T23:03:49.7372584Z  creating subdirectories ... ok
Populated Postgres Upgrade	Stop containers	2026-10-05T23:03:49.7373065Z  selecting dynamic shared memory implementation ... posix
Populated Postgres Upgrade	Stop containers	2026-10-05T23:03:49.7373479Z  selecting default max_connections ... 100
Populated Postgres Upgrade	Stop containers	2026-10-05T23:03:49.7373864Z  selecting default shared_buffers ... 128MB
Populated Postgres Upgrade	Stop containers	2026-10-05T23:03:49.7374236Z  selecting default time zone ... UTC
Populated Postgres Upgrade	Stop containers	2026-10-05T23:03:49.7374629Z  creating configuration files ... ok
Populated Postgres Upgrade	Stop containers	2026-10-05T23:03:49.7375043Z  running bootstrap script ... ok
Populated Postgres Upgrade	Stop containers	2026-10-05T23:03:49.7375418Z  performing post-bootstrap initialization ... ok
Populated Postgres Upgrade	Stop containers	2026-10-05T23:03:49.7375851Z  syncing data to disk ... ok
Populated Postgres Upgrade	Stop containers	2026-10-05T23:03:49.7376159Z  
Populated Postgres Upgrade	Stop containers	2026-10-05T23:03:49.7376434Z  
Populated Postgres Upgrade	Stop containers	2026-10-05T23:03:49.7376816Z  Success. You can now start the database server using:
Populated Postgres Upgrade	Stop containers	2026-10-05T23:03:49.7377167Z  
Populated Postgres Upgrade	Stop containers	2026-10-05T23:03:49.7377513Z      pg_ctl -D /var/lib/postgresql/data -l logfile start
Populated Postgres Upgrade	Stop containers	2026-10-05T23:03:49.7377920Z  
Populated Postgres Upgrade	Stop containers	2026-10-05T23:03:49.7378538Z  waiting for server to start....2026-10-05 23:03:22.997 UTC [41] LOG:  starting PostgreSQL 15.19 on x86_64-pc-linux-musl, compiled by gcc (Alpine 15.2.0) 15.2.0, 64-bit
Populated Postgres Upgrade	Stop containers	2026-10-05T23:03:49.7379514Z  2026-10-05 23:03:22.997 UTC [41] LOG:  listening on Unix socket "/var/run/postgresql/.s.PGSQL.5432"
Populated Postgres Upgrade	Stop containers	2026-10-05T23:03:49.7380146Z  2026-10-05 23:03:23.000 UTC [44] LOG:  database system was shut down at 2026-10-05 23:03:22 UTC
Populated Postgres Upgrade	Stop containers	2026-10-05T23:03:49.7380702Z  2026-10-05 23:03:23.004 UTC [41] LOG:  database system is ready to accept connections
Populated Postgres Upgrade	Stop containers	2026-10-05T23:03:49.7381134Z   done
Populated Postgres Upgrade	Stop containers	2026-10-05T23:03:49.7381486Z  server started
Populated Postgres Upgrade	Stop containers	2026-10-05T23:03:49.7381786Z  CREATE DATABASE
Populated Postgres Upgrade	Stop containers	2026-10-05T23:03:49.7382079Z  
Populated Postgres Upgrade	Stop containers	2026-10-05T23:03:49.7382344Z  
Populated Postgres Upgrade	Stop containers	2026-10-05T23:03:49.7382760Z  /usr/local/bin/docker-entrypoint.sh: ignoring /docker-entrypoint-initdb.d/*
Populated Postgres Upgrade	Stop containers	2026-10-05T23:03:49.7383260Z  
Populated Postgres Upgrade	Stop containers	2026-10-05T23:03:49.7383673Z  waiting for server to shut down....2026-10-05 23:03:23.140 UTC [41] LOG:  received fast shutdown request
Populated Postgres Upgrade	Stop containers	2026-10-05T23:03:49.7384292Z  2026-10-05 23:03:23.141 UTC [41] LOG:  aborting any active transactions
Populated Postgres Upgrade	Stop containers	2026-10-05T23:03:49.7384895Z  2026-10-05 23:03:23.145 UTC [41] LOG:  background worker "logical replication launcher" (PID 47) exited with exit code 1
Populated Postgres Upgrade	Stop containers	2026-10-05T23:03:49.7385453Z  2026-10-05 23:03:23.145 UTC [42] LOG:  shutting down
Populated Postgres Upgrade	Stop containers	2026-10-05T23:03:49.7385987Z  2026-10-05 23:03:23.146 UTC [42] LOG:  checkpoint starting: shutdown immediate
Populated Postgres Upgrade	Stop containers	2026-10-05T23:03:49.7386945Z  2026-10-05 23:03:23.248 UTC [42] LOG:  checkpoint complete: wrote 922 buffers (5.6%); 0 WAL file(s) added, 0 removed, 0 recycled; write=0.073 s, sync=0.028 s, total=0.103 s; sync files=301, longest=0.016 s, average=0.001 s; distance=4249 kB, estimate=4249 kB
Populated Postgres Upgrade	Stop containers	2026-10-05T23:03:49.7388016Z  2026-10-05 23:03:23.253 UTC [41] LOG:  database system is shut down
Populated Postgres Upgrade	Stop containers	2026-10-05T23:03:49.7388411Z   done
Populated Postgres Upgrade	Stop containers	2026-10-05T23:03:49.7388856Z  server stopped
Populated Postgres Upgrade	Stop containers	2026-10-05T23:03:49.7389191Z  
Populated Postgres Upgrade	Stop containers	2026-10-05T23:03:49.7389497Z  PostgreSQL init process complete; ready for start up.
Populated Postgres Upgrade	Stop containers	2026-10-05T23:03:49.7389898Z  
Populated Postgres Upgrade	Stop containers	2026-10-05T23:03:49.7395735Z Stop and remove container: e5b1a405bc534f84805ed49dfff04155_postgres15alpine_37e2b9
Populated Postgres Upgrade	Stop containers	2026-10-05T23:03:49.7400855Z ##[command]/usr/bin/docker rm --force 44dbcd434fdaa749734257c6faebfcaf990c16d821e8a82280ca6d0b7cc07d0c
Populated Postgres Upgrade	Stop containers	2026-10-05T23:03:54.5499626Z 44dbcd434fdaa749734257c6faebfcaf990c16d821e8a82280ca6d0b7cc07d0c
Populated Postgres Upgrade	Stop containers	2026-10-05T23:03:54.5523834Z Remove container network: github_network_e1d3f6d8c7724a49905023b1ffcf891d
Populated Postgres Upgrade	Stop containers	2026-10-05T23:03:54.5527997Z ##[command]/usr/bin/docker network rm github_network_e1d3f6d8c7724a49905023b1ffcf891d
Populated Postgres Upgrade	Stop containers	2026-10-05T23:03:54.6499372Z github_network_e1d3f6d8c7724a49905023b1ffcf891d
Populated Postgres Upgrade	Complete job	﻿2026-10-05T23:03:54.6574961Z Cleaning up orphan processes
Populated Postgres Upgrade	Complete job	2026-10-05T23:03:54.7095384Z ##[warning]Node.js 20 is deprecated. The following actions target Node.js 20 but are being forced to run on Node.js 24: actions/checkout@v4, actions/setup-node@v4. For more information see: https://github.blog/changelog/2025-09-19-deprecation-of-node-20-on-github-actions-runners/
v0.14.0 Upgrade and Encrypted Rollback	Set up job	﻿2026-10-05T23:03:14.8579554Z Current runner version: '2.337.0'
v0.14.0 Upgrade and Encrypted Rollback	Set up job	2026-10-05T23:03:14.8605412Z ##[group]Runner Image Provisioner
v0.14.0 Upgrade and Encrypted Rollback	Set up job	2026-10-05T23:03:14.8606330Z Hosted Compute Agent
v0.14.0 Upgrade and Encrypted Rollback	Set up job	2026-10-05T23:03:14.8606956Z Version: 20260901.588
v0.14.0 Upgrade and Encrypted Rollback	Set up job	2026-10-05T23:03:14.8607604Z Commit: f88ec8081b781fac6c440065ac7ff9e710ce3d0b
v0.14.0 Upgrade and Encrypted Rollback	Set up job	2026-10-05T23:03:14.8608704Z Build Date: 2026-09-01T19:56:44Z
v0.14.0 Upgrade and Encrypted Rollback	Set up job	2026-10-05T23:03:14.8609423Z Worker ID: {53406ef2-b730-4494-b366-9b0cb92adb82}
v0.14.0 Upgrade and Encrypted Rollback	Set up job	2026-10-05T23:03:14.8610231Z Azure Region: eastus
v0.14.0 Upgrade and Encrypted Rollback	Set up job	2026-10-05T23:03:14.8610807Z ##[endgroup]
v0.14.0 Upgrade and Encrypted Rollback	Set up job	2026-10-05T23:03:14.8612285Z ##[group]Operating System
v0.14.0 Upgrade and Encrypted Rollback	Set up job	2026-10-05T23:03:14.8613092Z Ubuntu
v0.14.0 Upgrade and Encrypted Rollback	Set up job	2026-10-05T23:03:14.8613612Z 24.04.5
v0.14.0 Upgrade and Encrypted Rollback	Set up job	2026-10-05T23:03:14.8614180Z LTS
v0.14.0 Upgrade and Encrypted Rollback	Set up job	2026-10-05T23:03:14.8614719Z ##[endgroup]
v0.14.0 Upgrade and Encrypted Rollback	Set up job	2026-10-05T23:03:14.8615259Z ##[group]Runner Image
v0.14.0 Upgrade and Encrypted Rollback	Set up job	2026-10-05T23:03:14.8616030Z Image: ubuntu-24.04
v0.14.0 Upgrade and Encrypted Rollback	Set up job	2026-10-05T23:03:14.8616605Z Version: 20260927.320.1
v0.14.0 Upgrade and Encrypted Rollback	Set up job	2026-10-05T23:03:14.8617709Z Included Software: https://github.com/actions/runner-images/blob/ubuntu24/20260927.320/images/ubuntu/Ubuntu2404-Readme.md
v0.14.0 Upgrade and Encrypted Rollback	Set up job	2026-10-05T23:03:14.8620116Z Image Release: https://github.com/actions/runner-images/releases/tag/ubuntu24%2F20260927.320
v0.14.0 Upgrade and Encrypted Rollback	Set up job	2026-10-05T23:03:14.8621125Z ##[endgroup]
v0.14.0 Upgrade and Encrypted Rollback	Set up job	2026-10-05T23:03:14.8622239Z ##[group]GITHUB_TOKEN Permissions
v0.14.0 Upgrade and Encrypted Rollback	Set up job	2026-10-05T23:03:14.8624184Z Contents: read
v0.14.0 Upgrade and Encrypted Rollback	Set up job	2026-10-05T23:03:14.8624804Z Metadata: read
v0.14.0 Upgrade and Encrypted Rollback	Set up job	2026-10-05T23:03:14.8625499Z ##[endgroup]
v0.14.0 Upgrade and Encrypted Rollback	Set up job	2026-10-05T23:03:14.8628058Z Secret source: Actions
v0.14.0 Upgrade and Encrypted Rollback	Set up job	2026-10-05T23:03:14.8629387Z Cache mode: write
v0.14.0 Upgrade and Encrypted Rollback	Set up job	2026-10-05T23:03:14.8630310Z Prepare workflow directory
v0.14.0 Upgrade and Encrypted Rollback	Set up job	2026-10-05T23:03:14.9164290Z Prepare all required actions
v0.14.0 Upgrade and Encrypted Rollback	Set up job	2026-10-05T23:03:14.9215064Z Getting action download info
v0.14.0 Upgrade and Encrypted Rollback	Set up job	2026-10-05T23:03:15.2091328Z Download action repository 'actions/checkout@v4' (SHA:11d5960a326750d5838078e36cf38b85af677262)
v0.14.0 Upgrade and Encrypted Rollback	Set up job	2026-10-05T23:03:15.3487809Z Download action repository 'actions/setup-node@v4' (SHA:49933ea5288caeca8642d1e84afbd3f7d6820020)
v0.14.0 Upgrade and Encrypted Rollback	Set up job	2026-10-05T23:03:15.5201683Z Complete job name: v0.14.0 Upgrade and Encrypted Rollback
v0.14.0 Upgrade and Encrypted Rollback	Checkout candidate C with immutable base tag	﻿2026-10-05T23:03:15.5915993Z ##[group]Run actions/checkout@v4
v0.14.0 Upgrade and Encrypted Rollback	Checkout candidate C with immutable base tag	2026-10-05T23:03:15.5916916Z with:
v0.14.0 Upgrade and Encrypted Rollback	Checkout candidate C with immutable base tag	2026-10-05T23:03:15.5917362Z   fetch-depth: 0
v0.14.0 Upgrade and Encrypted Rollback	Checkout candidate C with immutable base tag	2026-10-05T23:03:15.5917861Z   ref: 0651fdae64abefb6d9e74958e8dd3059c2db75cb
v0.14.0 Upgrade and Encrypted Rollback	Checkout candidate C with immutable base tag	2026-10-05T23:03:15.5918742Z   repository: MChartier/calibrate-health
v0.14.0 Upgrade and Encrypted Rollback	Checkout candidate C with immutable base tag	2026-10-05T23:03:15.5922583Z   token: ***
v0.14.0 Upgrade and Encrypted Rollback	Checkout candidate C with immutable base tag	2026-10-05T23:03:15.5923014Z   ssh-strict: true
v0.14.0 Upgrade and Encrypted Rollback	Checkout candidate C with immutable base tag	2026-10-05T23:03:15.5923444Z   ssh-user: git
v0.14.0 Upgrade and Encrypted Rollback	Checkout candidate C with immutable base tag	2026-10-05T23:03:15.5923889Z   persist-credentials: true
v0.14.0 Upgrade and Encrypted Rollback	Checkout candidate C with immutable base tag	2026-10-05T23:03:15.5924377Z   clean: true
v0.14.0 Upgrade and Encrypted Rollback	Checkout candidate C with immutable base tag	2026-10-05T23:03:15.5924829Z   sparse-checkout-cone-mode: true
v0.14.0 Upgrade and Encrypted Rollback	Checkout candidate C with immutable base tag	2026-10-05T23:03:15.5925347Z   fetch-tags: false
v0.14.0 Upgrade and Encrypted Rollback	Checkout candidate C with immutable base tag	2026-10-05T23:03:15.5925785Z   show-progress: true
v0.14.0 Upgrade and Encrypted Rollback	Checkout candidate C with immutable base tag	2026-10-05T23:03:15.5926228Z   lfs: false
v0.14.0 Upgrade and Encrypted Rollback	Checkout candidate C with immutable base tag	2026-10-05T23:03:15.5926628Z   submodules: false
v0.14.0 Upgrade and Encrypted Rollback	Checkout candidate C with immutable base tag	2026-10-05T23:03:15.5927068Z   set-safe-directory: true
v0.14.0 Upgrade and Encrypted Rollback	Checkout candidate C with immutable base tag	2026-10-05T23:03:15.5927567Z   allow-unsafe-pr-checkout: false
v0.14.0 Upgrade and Encrypted Rollback	Checkout candidate C with immutable base tag	2026-10-05T23:03:15.5928491Z env:
v0.14.0 Upgrade and Encrypted Rollback	Checkout candidate C with immutable base tag	2026-10-05T23:03:15.5929089Z   CALIBRATE_SOURCE_COMMIT: 0651fdae64abefb6d9e74958e8dd3059c2db75cb
v0.14.0 Upgrade and Encrypted Rollback	Checkout candidate C with immutable base tag	2026-10-05T23:03:15.5929829Z ##[endgroup]
v0.14.0 Upgrade and Encrypted Rollback	Checkout candidate C with immutable base tag	2026-10-05T23:03:15.6962390Z Syncing repository: MChartier/calibrate-health
v0.14.0 Upgrade and Encrypted Rollback	Checkout candidate C with immutable base tag	2026-10-05T23:03:15.6965069Z ##[group]Getting Git version info
v0.14.0 Upgrade and Encrypted Rollback	Checkout candidate C with immutable base tag	2026-10-05T23:03:15.6966347Z Working directory is '/home/runner/work/calibrate-health/calibrate-health'
v0.14.0 Upgrade and Encrypted Rollback	Checkout candidate C with immutable base tag	2026-10-05T23:03:15.6968122Z [command]/usr/bin/git version
v0.14.0 Upgrade and Encrypted Rollback	Checkout candidate C with immutable base tag	2026-10-05T23:03:15.7049837Z git version 2.55.0
v0.14.0 Upgrade and Encrypted Rollback	Checkout candidate C with immutable base tag	2026-10-05T23:03:15.7075810Z ##[endgroup]
v0.14.0 Upgrade and Encrypted Rollback	Checkout candidate C with immutable base tag	2026-10-05T23:03:15.7093202Z Temporarily overriding HOME='/home/runner/work/_temp/a6adbd4d-269a-4cb3-9f41-d971bb537d2c' before making global git config changes
v0.14.0 Upgrade and Encrypted Rollback	Checkout candidate C with immutable base tag	2026-10-05T23:03:15.7095828Z Adding repository directory to the temporary git global config as a safe directory
v0.14.0 Upgrade and Encrypted Rollback	Checkout candidate C with immutable base tag	2026-10-05T23:03:15.7099739Z [command]/usr/bin/git config --global --add safe.directory /home/runner/work/calibrate-health/calibrate-health
v0.14.0 Upgrade and Encrypted Rollback	Checkout candidate C with immutable base tag	2026-10-05T23:03:15.7161583Z Deleting the contents of '/home/runner/work/calibrate-health/calibrate-health'
v0.14.0 Upgrade and Encrypted Rollback	Checkout candidate C with immutable base tag	2026-10-05T23:03:15.7164608Z ##[group]Initializing the repository
v0.14.0 Upgrade and Encrypted Rollback	Checkout candidate C with immutable base tag	2026-10-05T23:03:15.7170102Z [command]/usr/bin/git init /home/runner/work/calibrate-health/calibrate-health
v0.14.0 Upgrade and Encrypted Rollback	Checkout candidate C with immutable base tag	2026-10-05T23:03:15.7274564Z hint: Using 'master' as the name for the initial branch. This default branch name
v0.14.0 Upgrade and Encrypted Rollback	Checkout candidate C with immutable base tag	2026-10-05T23:03:15.7276814Z hint: will change to "main" in Git 3.0. To configure the initial branch name
v0.14.0 Upgrade and Encrypted Rollback	Checkout candidate C with immutable base tag	2026-10-05T23:03:15.7278813Z hint: to use in all of your new repositories, which will suppress this warning,
v0.14.0 Upgrade and Encrypted Rollback	Checkout candidate C with immutable base tag	2026-10-05T23:03:15.7280385Z hint: call:
v0.14.0 Upgrade and Encrypted Rollback	Checkout candidate C with immutable base tag	2026-10-05T23:03:15.7281394Z hint:
v0.14.0 Upgrade and Encrypted Rollback	Checkout candidate C with immutable base tag	2026-10-05T23:03:15.7282363Z hint: 	git config --global init.defaultBranch <name>
v0.14.0 Upgrade and Encrypted Rollback	Checkout candidate C with immutable base tag	2026-10-05T23:03:15.7283436Z hint:
v0.14.0 Upgrade and Encrypted Rollback	Checkout candidate C with immutable base tag	2026-10-05T23:03:15.7284434Z hint: Names commonly chosen instead of 'master' are 'main', 'trunk' and
v0.14.0 Upgrade and Encrypted Rollback	Checkout candidate C with immutable base tag	2026-10-05T23:03:15.7285844Z hint: 'development'. The just-created branch can be renamed via this command:
v0.14.0 Upgrade and Encrypted Rollback	Checkout candidate C with immutable base tag	2026-10-05T23:03:15.7287358Z hint:
v0.14.0 Upgrade and Encrypted Rollback	Checkout candidate C with immutable base tag	2026-10-05T23:03:15.7288038Z hint: 	git branch -m <name>
v0.14.0 Upgrade and Encrypted Rollback	Checkout candidate C with immutable base tag	2026-10-05T23:03:15.7291567Z hint:
v0.14.0 Upgrade and Encrypted Rollback	Checkout candidate C with immutable base tag	2026-10-05T23:03:15.7292662Z hint: Disable this message with "git config set advice.defaultBranchName false"
v0.14.0 Upgrade and Encrypted Rollback	Checkout candidate C with immutable base tag	2026-10-05T23:03:15.7294547Z Initialized empty Git repository in /home/runner/work/calibrate-health/calibrate-health/.git/
v0.14.0 Upgrade and Encrypted Rollback	Checkout candidate C with immutable base tag	2026-10-05T23:03:15.7296723Z [command]/usr/bin/git remote add origin https://github.com/MChartier/calibrate-health
v0.14.0 Upgrade and Encrypted Rollback	Checkout candidate C with immutable base tag	2026-10-05T23:03:15.7346686Z ##[endgroup]
v0.14.0 Upgrade and Encrypted Rollback	Checkout candidate C with immutable base tag	2026-10-05T23:03:15.7348015Z ##[group]Disabling automatic garbage collection
v0.14.0 Upgrade and Encrypted Rollback	Checkout candidate C with immutable base tag	2026-10-05T23:03:15.7353574Z [command]/usr/bin/git config --local gc.auto 0
v0.14.0 Upgrade and Encrypted Rollback	Checkout candidate C with immutable base tag	2026-10-05T23:03:15.7385146Z ##[endgroup]
v0.14.0 Upgrade and Encrypted Rollback	Checkout candidate C with immutable base tag	2026-10-05T23:03:15.7386576Z ##[group]Setting up auth
v0.14.0 Upgrade and Encrypted Rollback	Checkout candidate C with immutable base tag	2026-10-05T23:03:15.7393810Z [command]/usr/bin/git config --local --name-only --get-regexp core\.sshCommand
v0.14.0 Upgrade and Encrypted Rollback	Checkout candidate C with immutable base tag	2026-10-05T23:03:15.7430779Z [command]/usr/bin/git submodule foreach --recursive sh -c "git config --local --name-only --get-regexp 'core\.sshCommand' && git config --local --unset-all 'core.sshCommand' || :"
v0.14.0 Upgrade and Encrypted Rollback	Checkout candidate C with immutable base tag	2026-10-05T23:03:15.7825147Z [command]/usr/bin/git config --local --name-only --get-regexp http\.https\:\/\/github\.com\/\.extraheader
v0.14.0 Upgrade and Encrypted Rollback	Checkout candidate C with immutable base tag	2026-10-05T23:03:15.7865842Z [command]/usr/bin/git submodule foreach --recursive sh -c "git config --local --name-only --get-regexp 'http\.https\:\/\/github\.com\/\.extraheader' && git config --local --unset-all 'http.https://github.com/.extraheader' || :"
v0.14.0 Upgrade and Encrypted Rollback	Checkout candidate C with immutable base tag	2026-10-05T23:03:15.8102370Z [command]/usr/bin/git config --local --name-only --get-regexp ^includeIf\.gitdir:
v0.14.0 Upgrade and Encrypted Rollback	Checkout candidate C with immutable base tag	2026-10-05T23:03:15.8141390Z [command]/usr/bin/git submodule foreach --recursive git config --local --show-origin --name-only --get-regexp remote.origin.url
v0.14.0 Upgrade and Encrypted Rollback	Checkout candidate C with immutable base tag	2026-10-05T23:03:15.8386246Z [command]/usr/bin/git config --local http.https://github.com/.extraheader AUTHORIZATION: basic ***
v0.14.0 Upgrade and Encrypted Rollback	Checkout candidate C with immutable base tag	2026-10-05T23:03:15.8430365Z ##[endgroup]
v0.14.0 Upgrade and Encrypted Rollback	Checkout candidate C with immutable base tag	2026-10-05T23:03:15.8431973Z ##[group]Fetching the repository
v0.14.0 Upgrade and Encrypted Rollback	Checkout candidate C with immutable base tag	2026-10-05T23:03:15.8442173Z [command]/usr/bin/git -c protocol.version=2 fetch --prune --no-recurse-submodules origin +refs/heads/*:refs/remotes/origin/* +refs/tags/*:refs/tags/*
v0.14.0 Upgrade and Encrypted Rollback	Checkout candidate C with immutable base tag	2026-10-05T23:03:18.3080922Z From https://github.com/MChartier/calibrate-health
v0.14.0 Upgrade and Encrypted Rollback	Checkout candidate C with immutable base tag	2026-10-05T23:03:18.3083120Z  * [new branch]        MChartier-patch-1       -> origin/MChartier-patch-1
v0.14.0 Upgrade and Encrypted Rollback	Checkout candidate C with immutable base tag	2026-10-05T23:03:18.3085047Z  * [new branch]        add-test-coverage       -> origin/add-test-coverage
v0.14.0 Upgrade and Encrypted Rollback	Checkout candidate C with immutable base tag	2026-10-05T23:03:18.3086681Z  * [new branch]        agents-md-update        -> origin/agents-md-update
v0.14.0 Upgrade and Encrypted Rollback	Checkout candidate C with immutable base tag	2026-10-05T23:03:18.3088418Z  * [new branch]        alpha                   -> origin/alpha
v0.14.0 Upgrade and Encrypted Rollback	Checkout candidate C with immutable base tag	2026-10-05T23:03:18.3090553Z  * [new branch]        archive/pr415-pre-scope-cleanup-ed4a2a7 -> origin/archive/pr415-pre-scope-cleanup-ed4a2a7
v0.14.0 Upgrade and Encrypted Rollback	Checkout candidate C with immutable base tag	2026-10-05T23:03:18.3093074Z  * [new branch]        athletic-data-theme     -> origin/athletic-data-theme
v0.14.0 Upgrade and Encrypted Rollback	Checkout candidate C with immutable base tag	2026-10-05T23:03:18.3094709Z  * [new branch]        auto-start-dev-server   -> origin/auto-start-dev-server
v0.14.0 Upgrade and Encrypted Rollback	Checkout candidate C with immutable base tag	2026-10-05T23:03:18.3095789Z  * [new branch]        aws-deploy-ec2-rds      -> origin/aws-deploy-ec2-rds
v0.14.0 Upgrade and Encrypted Rollback	Checkout candidate C with immutable base tag	2026-10-05T23:03:18.3098524Z  * [new branch]        barcode-scanner         -> origin/barcode-scanner
v0.14.0 Upgrade and Encrypted Rollback	Checkout candidate C with immutable base tag	2026-10-05T23:03:18.3100167Z  * [new branch]        barcode-scanner-fix     -> origin/barcode-scanner-fix
v0.14.0 Upgrade and Encrypted Rollback	Checkout candidate C with immutable base tag	2026-10-05T23:03:18.3101937Z  * [new branch]        beta                    -> origin/beta
v0.14.0 Upgrade and Encrypted Rollback	Checkout candidate C with immutable base tag	2026-10-05T23:03:18.3103103Z  * [new branch]        build-image-fix         -> origin/build-image-fix
v0.14.0 Upgrade and Encrypted Rollback	Checkout candidate C with immutable base tag	2026-10-05T23:03:18.3104370Z  * [new branch]        calorie-target-card-profile-autosave -> origin/calorie-target-card-profile-autosave
v0.14.0 Upgrade and Encrypted Rollback	Checkout candidate C with immutable base tag	2026-10-05T23:03:18.3105623Z  * [new branch]        ci-actions              -> origin/ci-actions
v0.14.0 Upgrade and Encrypted Rollback	Checkout candidate C with immutable base tag	2026-10-05T23:03:18.3106981Z  * [new branch]        ci-fix-prod-deploy-on-master -> origin/ci-fix-prod-deploy-on-master
v0.14.0 Upgrade and Encrypted Rollback	Checkout candidate C with immutable base tag	2026-10-05T23:03:18.3108940Z  * [new branch]        ci/build-deploy-release-trigger -> origin/ci/build-deploy-release-trigger
v0.14.0 Upgrade and Encrypted Rollback	Checkout candidate C with immutable base tag	2026-10-05T23:03:18.3110895Z  * [new branch]        ci/cut-release-tag-workflow -> origin/ci/cut-release-tag-workflow
v0.14.0 Upgrade and Encrypted Rollback	Checkout candidate C with immutable base tag	2026-10-05T23:03:18.3112841Z  * [new branch]        ci/ecs-wait-stable-longer -> origin/ci/ecs-wait-stable-longer
v0.14.0 Upgrade and Encrypted Rollback	Checkout candidate C with immutable base tag	2026-10-05T23:03:18.3114197Z  * [new branch]        ci/pr-only-lint-tests   -> origin/ci/pr-only-lint-tests
v0.14.0 Upgrade and Encrypted Rollback	Checkout candidate C with immutable base tag	2026-10-05T23:03:18.3115589Z  * [new branch]        ci/prod-smoke-tests     -> origin/ci/prod-smoke-tests
v0.14.0 Upgrade and Encrypted Rollback	Checkout candidate C with immutable base tag	2026-10-05T23:03:18.3116966Z  * [new branch]        ci/staging-oidc-branch-deploy -> origin/ci/staging-oidc-branch-deploy
v0.14.0 Upgrade and Encrypted Rollback	Checkout candidate C with immutable base tag	2026-10-05T23:03:18.3118723Z  * [new branch]        ci/staging-smoke-tests  -> origin/ci/staging-smoke-tests
v0.14.0 Upgrade and Encrypted Rollback	Checkout candidate C with immutable base tag	2026-10-05T23:03:18.3120098Z  * [new branch]        codex-devcontainer-auth -> origin/codex-devcontainer-auth
v0.14.0 Upgrade and Encrypted Rollback	Checkout candidate C with immutable base tag	2026-10-05T23:03:18.3121260Z  * [new branch]        codex-init              -> origin/codex-init
v0.14.0 Upgrade and Encrypted Rollback	Checkout candidate C with immutable base tag	2026-10-05T23:03:18.3123094Z  * [new branch]        codex/add-persisted-unit-preference-functionality -> origin/codex/add-persisted-unit-preference-functionality
v0.14.0 Upgrade and Encrypted Rollback	Checkout candidate C with immutable base tag	2026-10-05T23:03:18.3125384Z  * [new branch]        codex/dismiss-keyboard-after-food-input -> origin/codex/dismiss-keyboard-after-food-input
v0.14.0 Upgrade and Encrypted Rollback	Checkout candidate C with immutable base tag	2026-10-05T23:03:18.3127365Z  * [new branch]        codex/enforce-server-side-goal-deficit-validation -> origin/codex/enforce-server-side-goal-deficit-validation
v0.14.0 Upgrade and Encrypted Rollback	Checkout candidate C with immutable base tag	2026-10-05T23:03:18.3130699Z  * [new branch]        codex/enhance-log-page-with-daily-summary -> origin/codex/enhance-log-page-with-daily-summary
v0.14.0 Upgrade and Encrypted Rollback	Checkout candidate C with immutable base tag	2026-10-05T23:03:18.3133540Z  * [new branch]        codex/fix-frontend-audit-187 -> origin/codex/fix-frontend-audit-187
v0.14.0 Upgrade and Encrypted Rollback	Checkout candidate C with immutable base tag	2026-10-05T23:03:18.3135918Z  * [new branch]        codex/fix-open-github-issues -> origin/codex/fix-open-github-issues
v0.14.0 Upgrade and Encrypted Rollback	Checkout candidate C with immutable base tag	2026-10-05T23:03:18.3138088Z  * [new branch]        codex/fix-vite-build-warnings -> origin/codex/fix-vite-build-warnings
v0.14.0 Upgrade and Encrypted Rollback	Checkout candidate C with immutable base tag	2026-10-05T23:03:18.3141166Z  * [new branch]        codex/harden-authentication-and-session-storage -> origin/codex/harden-authentication-and-session-storage
v0.14.0 Upgrade and Encrypted Rollback	Checkout candidate C with immutable base tag	2026-10-05T23:03:18.3143760Z  * [new branch]        codex/notification-sse-stream -> origin/codex/notification-sse-stream
v0.14.0 Upgrade and Encrypted Rollback	Checkout candidate C with immutable base tag	2026-10-05T23:03:18.3145338Z  * [new branch]        codex/pr-assets-weight-trend-preview-axes -> origin/codex/pr-assets-weight-trend-preview-axes
v0.14.0 Upgrade and Encrypted Rollback	Checkout candidate C with immutable base tag	2026-10-05T23:03:18.3146789Z  * [new branch]        codex/ui-ux-improvements -> origin/codex/ui-ux-improvements
v0.14.0 Upgrade and Encrypted Rollback	Checkout candidate C with immutable base tag	2026-10-05T23:03:18.3147954Z  * [new branch]        coverage/add-c8-tooling -> origin/coverage/add-c8-tooling
v0.14.0 Upgrade and Encrypted Rollback	Checkout candidate C with immutable base tag	2026-10-05T23:03:18.3149377Z  * [new branch]        dark-mode               -> origin/dark-mode
v0.14.0 Upgrade and Encrypted Rollback	Checkout candidate C with immutable base tag	2026-10-05T23:03:18.3150487Z  * [new branch]        date-picker-padding-fixes -> origin/date-picker-padding-fixes
v0.14.0 Upgrade and Encrypted Rollback	Checkout candidate C with immutable base tag	2026-10-05T23:03:18.3151613Z  * [new branch]        db-push-reset           -> origin/db-push-reset
v0.14.0 Upgrade and Encrypted Rollback	Checkout candidate C with immutable base tag	2026-10-05T23:03:18.3152657Z  * [new branch]        default-meal-period     -> origin/default-meal-period
v0.14.0 Upgrade and Encrypted Rollback	Checkout candidate C with immutable base tag	2026-10-05T23:03:18.3153634Z  * [new branch]        delta                   -> origin/delta
v0.14.0 Upgrade and Encrypted Rollback	Checkout candidate C with immutable base tag	2026-10-05T23:03:18.3154972Z  * [new branch]        deploy-logging          -> origin/deploy-logging
v0.14.0 Upgrade and Encrypted Rollback	Checkout candidate C with immutable base tag	2026-10-05T23:03:18.3156730Z  * [new branch]        deploy-script-loading-fix -> origin/deploy-script-loading-fix
v0.14.0 Upgrade and Encrypted Rollback	Checkout candidate C with immutable base tag	2026-10-05T23:03:18.3158032Z  * [new branch]        dev-seed-varied-food-logs -> origin/dev-seed-varied-food-logs
v0.14.0 Upgrade and Encrypted Rollback	Checkout candidate C with immutable base tag	2026-10-05T23:03:18.3159696Z  * [new branch]        devcontainer-cli-scripts -> origin/devcontainer-cli-scripts
v0.14.0 Upgrade and Encrypted Rollback	Checkout candidate C with immutable base tag	2026-10-05T23:03:18.3161228Z  * [new branch]        devcontainer-import-skills -> origin/devcontainer-import-skills
v0.14.0 Upgrade and Encrypted Rollback	Checkout candidate C with immutable base tag	2026-10-05T23:03:18.3162755Z  * [new branch]        devcontainer-test-users-avatar-onboarding -> origin/devcontainer-test-users-avatar-onboarding
v0.14.0 Upgrade and Encrypted Rollback	Checkout candidate C with immutable base tag	2026-10-05T23:03:18.3164125Z  * [new branch]        ec2-deploy-fix          -> origin/ec2-deploy-fix
v0.14.0 Upgrade and Encrypted Rollback	Checkout candidate C with immutable base tag	2026-10-05T23:03:18.3165163Z  * [new branch]        edit-logged-entries     -> origin/edit-logged-entries
v0.14.0 Upgrade and Encrypted Rollback	Checkout candidate C with immutable base tag	2026-10-05T23:03:18.3166405Z  * [new branch]        evidence/issue412-master-c5f149a -> origin/evidence/issue412-master-c5f149a
v0.14.0 Upgrade and Encrypted Rollback	Checkout candidate C with immutable base tag	2026-10-05T23:03:18.3167792Z  * [new branch]        evidence/issue413-clean-1af6ca9 -> origin/evidence/issue413-clean-1af6ca9
v0.14.0 Upgrade and Encrypted Rollback	Checkout candidate C with immutable base tag	2026-10-05T23:03:18.3169465Z  * [new branch]        evidence/issue414-master-25e90e19 -> origin/evidence/issue414-master-25e90e19
v0.14.0 Upgrade and Encrypted Rollback	Checkout candidate C with immutable base tag	2026-10-05T23:03:18.3171000Z  * [new branch]        evidence/issue421-preparation-d8a2ac14 -> origin/evidence/issue421-preparation-d8a2ac14
v0.14.0 Upgrade and Encrypted Rollback	Checkout candidate C with immutable base tag	2026-10-05T23:03:18.3173497Z  * [new branch]        evidence/pr410-base-to-final-4728d4f -> origin/evidence/pr410-base-to-final-4728d4f
v0.14.0 Upgrade and Encrypted Rollback	Checkout candidate C with immutable base tag	2026-10-05T23:03:18.3176122Z  * [new branch]        evidence/pr410-integrated-4728d4f -> origin/evidence/pr410-integrated-4728d4f
v0.14.0 Upgrade and Encrypted Rollback	Checkout candidate C with immutable base tag	2026-10-05T23:03:18.3178834Z  * [new branch]        evidence/pr410-reviewed-d8e55c -> origin/evidence/pr410-reviewed-d8e55c
v0.14.0 Upgrade and Encrypted Rollback	Checkout candidate C with immutable base tag	2026-10-05T23:03:18.3181475Z  * [new branch]        evidence/pr415-rail-integration-oct05 -> origin/evidence/pr415-rail-integration-oct05
v0.14.0 Upgrade and Encrypted Rollback	Checkout candidate C with immutable base tag	2026-10-05T23:03:18.3184038Z  * [new branch]        evidence/pr415-reviewed-a1df146 -> origin/evidence/pr415-reviewed-a1df146
v0.14.0 Upgrade and Encrypted Rollback	Checkout candidate C with immutable base tag	2026-10-05T23:03:18.3186346Z  * [new branch]        evidence/pr416-reviewed-0406e96 -> origin/evidence/pr416-reviewed-0406e96
v0.14.0 Upgrade and Encrypted Rollback	Checkout candidate C with immutable base tag	2026-10-05T23:03:18.3190313Z  * [new branch]        evidence/pr417-guard-recovery-4dcad2c -> origin/evidence/pr417-guard-recovery-4dcad2c
v0.14.0 Upgrade and Encrypted Rollback	Checkout candidate C with immutable base tag	2026-10-05T23:03:18.3193051Z  * [new branch]        evidence/pr417-offline-recovery-3c743b4 -> origin/evidence/pr417-offline-recovery-3c743b4
v0.14.0 Upgrade and Encrypted Rollback	Checkout candidate C with immutable base tag	2026-10-05T23:03:18.3196206Z  * [new branch]        evidence/pr417-refresh-recovery-123bab9 -> origin/evidence/pr417-refresh-recovery-123bab9
v0.14.0 Upgrade and Encrypted Rollback	Checkout candidate C with immutable base tag	2026-10-05T23:03:18.3199280Z  * [new branch]        evidence/pr417-reviewed-736a86c -> origin/evidence/pr417-reviewed-736a86c
v0.14.0 Upgrade and Encrypted Rollback	Checkout candidate C with immutable base tag	2026-10-05T23:03:18.3201386Z  * [new branch]        evidence/pr418-reviewed-fbb74a9 -> origin/evidence/pr418-reviewed-fbb74a9
v0.14.0 Upgrade and Encrypted Rollback	Checkout candidate C with immutable base tag	2026-10-05T23:03:18.3202772Z  * [new branch]        evidence/pr419-reviewed-fba1baf -> origin/evidence/pr419-reviewed-fba1baf
v0.14.0 Upgrade and Encrypted Rollback	Checkout candidate C with immutable base tag	2026-10-05T23:03:18.3204213Z  * [new branch]        evidence/pr424-scope-cleanup-oct05 -> origin/evidence/pr424-scope-cleanup-oct05
v0.14.0 Upgrade and Encrypted Rollback	Checkout candidate C with immutable base tag	2026-10-05T23:03:18.3205456Z  * [new branch]        fab-space-on-log        -> origin/fab-space-on-log
v0.14.0 Upgrade and Encrypted Rollback	Checkout candidate C with immutable base tag	2026-10-05T23:03:18.3206517Z  * [new branch]        fatsecret-barcode-oauth -> origin/fatsecret-barcode-oauth
v0.14.0 Upgrade and Encrypted Rollback	Checkout candidate C with immutable base tag	2026-10-05T23:03:18.3207589Z  * [new branch]        fatsecret-provider      -> origin/fatsecret-provider
v0.14.0 Upgrade and Encrypted Rollback	Checkout candidate C with immutable base tag	2026-10-05T23:03:18.3209627Z  * [new branch]        feat/barcode-scanner-zxing-fallback -> origin/feat/barcode-scanner-zxing-fallback
v0.14.0 Upgrade and Encrypted Rollback	Checkout candidate C with immutable base tag	2026-10-05T23:03:18.3211671Z  * [new branch]        feat/birthday-emoji-log-summary -> origin/feat/birthday-emoji-log-summary
v0.14.0 Upgrade and Encrypted Rollback	Checkout candidate C with immutable base tag	2026-10-05T23:03:18.3213040Z  * [new branch]        feat/i18n-language-preference -> origin/feat/i18n-language-preference
v0.14.0 Upgrade and Encrypted Rollback	Checkout candidate C with immutable base tag	2026-10-05T23:03:18.3214215Z  * [new branch]        feat/my-foods-recipes   -> origin/feat/my-foods-recipes
v0.14.0 Upgrade and Encrypted Rollback	Checkout candidate C with immutable base tag	2026-10-05T23:03:18.3215332Z  * [new branch]        feat/profile-photo-avatar -> origin/feat/profile-photo-avatar
v0.14.0 Upgrade and Encrypted Rollback	Checkout candidate C with immutable base tag	2026-10-05T23:03:18.3216476Z  * [new branch]        feat/public-landing-page -> origin/feat/public-landing-page
v0.14.0 Upgrade and Encrypted Rollback	Checkout candidate C with immutable base tag	2026-10-05T23:03:18.3217626Z  * [new branch]        fix-broken-frontend-build -> origin/fix-broken-frontend-build
v0.14.0 Upgrade and Encrypted Rollback	Checkout candidate C with immutable base tag	2026-10-05T23:03:18.3219245Z  * [new branch]        fix/issue-84-pwa-backstack-login -> origin/fix/issue-84-pwa-backstack-login
v0.14.0 Upgrade and Encrypted Rollback	Checkout candidate C with immutable base tag	2026-10-05T23:03:18.3220587Z  * [new branch]        fix/mifflin-st-jeor-age-clamp -> origin/fix/mifflin-st-jeor-age-clamp
v0.14.0 Upgrade and Encrypted Rollback	Checkout candidate C with immutable base tag	2026-10-05T23:03:18.3222145Z  * [new branch]        fix/prisma-db-url-from-db-env -> origin/fix/prisma-db-url-from-db-env
v0.14.0 Upgrade and Encrypted Rollback	Checkout candidate C with immutable base tag	2026-10-05T23:03:18.3223534Z  * [new branch]        fix/pwa-session-persistence -> origin/fix/pwa-session-persistence
v0.14.0 Upgrade and Encrypted Rollback	Checkout candidate C with immutable base tag	2026-10-05T23:03:18.3224736Z  * [new branch]        fix/rds-sslmode-require -> origin/fix/rds-sslmode-require
v0.14.0 Upgrade and Encrypted Rollback	Checkout candidate C with immutable base tag	2026-10-05T23:03:18.3230369Z  * [new branch]        fix/rds-sslmode-require-2 -> origin/fix/rds-sslmode-require-2
v0.14.0 Upgrade and Encrypted Rollback	Checkout candidate C with immutable base tag	2026-10-05T23:03:18.3231637Z  * [new branch]        fixed-meal-categories   -> origin/fixed-meal-categories
v0.14.0 Upgrade and Encrypted Rollback	Checkout candidate C with immutable base tag	2026-10-05T23:03:18.3232753Z  * [new branch]        friendly-log-date       -> origin/friendly-log-date
v0.14.0 Upgrade and Encrypted Rollback	Checkout candidate C with immutable base tag	2026-10-05T23:03:18.3233775Z  * [new branch]        gh-auth                 -> origin/gh-auth
v0.14.0 Upgrade and Encrypted Rollback	Checkout candidate C with immutable base tag	2026-10-05T23:03:18.3234843Z  * [new branch]        goal-and-log-improvements -> origin/goal-and-log-improvements
v0.14.0 Upgrade and Encrypted Rollback	Checkout candidate C with immutable base tag	2026-10-05T23:03:18.3236098Z  * [new branch]        goal-tracker            -> origin/goal-tracker
v0.14.0 Upgrade and Encrypted Rollback	Checkout candidate C with immutable base tag	2026-10-05T23:03:18.3237314Z  * [new branch]        goals-compact-goal-tracker -> origin/goals-compact-goal-tracker
v0.14.0 Upgrade and Encrypted Rollback	Checkout candidate C with immutable base tag	2026-10-05T23:03:18.3239107Z  * [new branch]        goals-weight-history-legend -> origin/goals-weight-history-legend
v0.14.0 Upgrade and Encrypted Rollback	Checkout candidate C with immutable base tag	2026-10-05T23:03:18.3240374Z  * [new branch]        infra-ecs-fargate-alb   -> origin/infra-ecs-fargate-alb
v0.14.0 Upgrade and Encrypted Rollback	Checkout candidate C with immutable base tag	2026-10-05T23:03:18.3241403Z  * [new branch]        issue/162               -> origin/issue/162
v0.14.0 Upgrade and Encrypted Rollback	Checkout candidate C with immutable base tag	2026-10-05T23:03:18.3242562Z  * [new branch]        local-service-worker    -> origin/local-service-worker
v0.14.0 Upgrade and Encrypted Rollback	Checkout candidate C with immutable base tag	2026-10-05T23:03:18.3243699Z  * [new branch]        log-date-navigation-ux  -> origin/log-date-navigation-ux
v0.14.0 Upgrade and Encrypted Rollback	Checkout candidate C with immutable base tag	2026-10-05T23:03:18.3245105Z  * [new branch]        log-date-picker-overlay-button -> origin/log-date-picker-overlay-button
v0.14.0 Upgrade and Encrypted Rollback	Checkout candidate C with immutable base tag	2026-10-05T23:03:18.3246363Z  * [new branch]        log-summary-header      -> origin/log-summary-header
v0.14.0 Upgrade and Encrypted Rollback	Checkout candidate C with immutable base tag	2026-10-05T23:03:18.3247794Z  * [new branch]        log-weight-entry-ux     -> origin/log-weight-entry-ux
v0.14.0 Upgrade and Encrypted Rollback	Checkout candidate C with immutable base tag	2026-10-05T23:03:18.3250203Z  * [new branch]        lose-it-import          -> origin/lose-it-import
v0.14.0 Upgrade and Encrypted Rollback	Checkout candidate C with immutable base tag	2026-10-05T23:03:18.3252064Z  * [new branch]        lowercase-ghcr-image    -> origin/lowercase-ghcr-image
v0.14.0 Upgrade and Encrypted Rollback	Checkout candidate C with immutable base tag	2026-10-05T23:03:18.3253844Z  * [new branch]        master                  -> origin/master
v0.14.0 Upgrade and Encrypted Rollback	Checkout candidate C with immutable base tag	2026-10-05T23:03:18.3255452Z  * [new branch]        mchartier/dev           -> origin/mchartier/dev
v0.14.0 Upgrade and Encrypted Rollback	Checkout candidate C with immutable base tag	2026-10-05T23:03:18.3257206Z  * [new branch]        mchartier/dev2          -> origin/mchartier/dev2
v0.14.0 Upgrade and Encrypted Rollback	Checkout candidate C with immutable base tag	2026-10-05T23:03:18.3259782Z  * [new branch]        mchartier/devcontainer-key-setup -> origin/mchartier/devcontainer-key-setup
v0.14.0 Upgrade and Encrypted Rollback	Checkout candidate C with immutable base tag	2026-10-05T23:03:18.3262757Z  * [new branch]        mchartier/firebase-migration-preparation -> origin/mchartier/firebase-migration-preparation
v0.14.0 Upgrade and Encrypted Rollback	Checkout candidate C with immutable base tag	2026-10-05T23:03:18.3264679Z  * [new branch]        mchartier/goal-pace-continuity -> origin/mchartier/goal-pace-continuity
v0.14.0 Upgrade and Encrypted Rollback	Checkout candidate C with immutable base tag	2026-10-05T23:03:18.3266174Z  * [new branch]        mchartier/goal-pace-scope -> origin/mchartier/goal-pace-scope
v0.14.0 Upgrade and Encrypted Rollback	Checkout candidate C with immutable base tag	2026-10-05T23:03:18.3267698Z  * [new branch]        mchartier/local-release-scripts -> origin/mchartier/local-release-scripts
v0.14.0 Upgrade and Encrypted Rollback	Checkout candidate C with immutable base tag	2026-10-05T23:03:18.3270280Z  * [new branch]        mchartier/managed-self-hosting -> origin/mchartier/managed-self-hosting
v0.14.0 Upgrade and Encrypted Rollback	Checkout candidate C with immutable base tag	2026-10-05T23:03:18.3272749Z  * [new branch]        mchartier/paused-weigh-in-divider -> origin/mchartier/paused-weigh-in-divider
v0.14.0 Upgrade and Encrypted Rollback	Checkout candidate C with immutable base tag	2026-10-05T23:03:18.3275661Z  * [new branch]        mchartier/paused-weigh-in-divider-clean -> origin/mchartier/paused-weigh-in-divider-clean
v0.14.0 Upgrade and Encrypted Rollback	Checkout candidate C with immutable base tag	2026-10-05T23:03:18.3278807Z  * [new branch]        mchartier/pilot-query-diagnostics -> origin/mchartier/pilot-query-diagnostics
v0.14.0 Upgrade and Encrypted Rollback	Checkout candidate C with immutable base tag	2026-10-05T23:03:18.3281696Z  * [new branch]        mchartier/planned-pause-visibility -> origin/mchartier/planned-pause-visibility
v0.14.0 Upgrade and Encrypted Rollback	Checkout candidate C with immutable base tag	2026-10-05T23:03:18.3284825Z  * [new branch]        mchartier/planned-pause-visibility-clean -> origin/mchartier/planned-pause-visibility-clean
v0.14.0 Upgrade and Encrypted Rollback	Checkout candidate C with immutable base tag	2026-10-05T23:03:18.3288006Z  * [new branch]        mchartier/preserve-android-wip-20260711 -> origin/mchartier/preserve-android-wip-20260711
v0.14.0 Upgrade and Encrypted Rollback	Checkout candidate C with immutable base tag	2026-10-05T23:03:18.3292484Z  * [new branch]        mchartier/remove-instance-release-actions -> origin/mchartier/remove-instance-release-actions
v0.14.0 Upgrade and Encrypted Rollback	Checkout candidate C with immutable base tag	2026-10-05T23:03:18.3295681Z  * [new branch]        mchartier/remove-notification-history -> origin/mchartier/remove-notification-history
v0.14.0 Upgrade and Encrypted Rollback	Checkout candidate C with immutable base tag	2026-10-05T23:03:18.3299255Z  * [new branch]        mchartier/remove-notification-history-clean -> origin/mchartier/remove-notification-history-clean
v0.14.0 Upgrade and Encrypted Rollback	Checkout candidate C with immutable base tag	2026-10-05T23:03:18.3301221Z  * [new branch]        mchartier/simplify-repository -> origin/mchartier/simplify-repository
v0.14.0 Upgrade and Encrypted Rollback	Checkout candidate C with immutable base tag	2026-10-05T23:03:18.3393807Z  * [new branch]        mchartier/streamline-deployment -> origin/mchartier/streamline-deployment
v0.14.0 Upgrade and Encrypted Rollback	Checkout candidate C with immutable base tag	2026-10-05T23:03:18.3396473Z  * [new branch]        mobile-logout           -> origin/mobile-logout
v0.14.0 Upgrade and Encrypted Rollback	Checkout candidate C with immutable base tag	2026-10-05T23:03:18.3399091Z  * [new branch]        mobile-ui-compact       -> origin/mobile-ui-compact
v0.14.0 Upgrade and Encrypted Rollback	Checkout candidate C with immutable base tag	2026-10-05T23:03:18.3400918Z  * [new branch]        new-logo                -> origin/new-logo
v0.14.0 Upgrade and Encrypted Rollback	Checkout candidate C with immutable base tag	2026-10-05T23:03:18.3402564Z  * [new branch]        notif/126               -> origin/notif/126
v0.14.0 Upgrade and Encrypted Rollback	Checkout candidate C with immutable base tag	2026-10-05T23:03:18.3404303Z  * [new branch]        notif/127               -> origin/notif/127
v0.14.0 Upgrade and Encrypted Rollback	Checkout candidate C with immutable base tag	2026-10-05T23:03:18.3406058Z  * [new branch]        notif/128               -> origin/notif/128
v0.14.0 Upgrade and Encrypted Rollback	Checkout candidate C with immutable base tag	2026-10-05T23:03:18.3408039Z  * [new branch]        notif/131-dedupe-fixes  -> origin/notif/131-dedupe-fixes
v0.14.0 Upgrade and Encrypted Rollback	Checkout candidate C with immutable base tag	2026-10-05T23:03:18.3410862Z  * [new branch]        notif/132-endpoint-ownership-guard -> origin/notif/132-endpoint-ownership-guard
v0.14.0 Upgrade and Encrypted Rollback	Checkout candidate C with immutable base tag	2026-10-05T23:03:18.3413484Z  * [new branch]        notifications           -> origin/notifications
v0.14.0 Upgrade and Encrypted Rollback	Checkout candidate C with immutable base tag	2026-10-05T23:03:18.3415613Z  * [new branch]        onboarding-guided-wizard -> origin/onboarding-guided-wizard
v0.14.0 Upgrade and Encrypted Rollback	Checkout candidate C with immutable base tag	2026-10-05T23:03:18.3417718Z  * [new branch]        peacock-rainbow         -> origin/peacock-rainbow
v0.14.0 Upgrade and Encrypted Rollback	Checkout candidate C with immutable base tag	2026-10-05T23:03:18.3420243Z  * [new branch]        perf/landing-mobile-scroll -> origin/perf/landing-mobile-scroll
v0.14.0 Upgrade and Encrypted Rollback	Checkout candidate C with immutable base tag	2026-10-05T23:03:18.3422461Z  * [new branch]        persistent-fab          -> origin/persistent-fab
v0.14.0 Upgrade and Encrypted Rollback	Checkout candidate C with immutable base tag	2026-10-05T23:03:18.3424689Z  * [new branch]        privacy-policy          -> origin/privacy-policy
v0.14.0 Upgrade and Encrypted Rollback	Checkout candidate C with immutable base tag	2026-10-05T23:03:18.3427085Z  * [new branch]        profile-account-management -> origin/profile-account-management
v0.14.0 Upgrade and Encrypted Rollback	Checkout candidate C with immutable base tag	2026-10-05T23:03:18.3429818Z  * [new branch]        profile-icon            -> origin/profile-icon
v0.14.0 Upgrade and Encrypted Rollback	Checkout candidate C with immutable base tag	2026-10-05T23:03:18.3432437Z  * [new branch]        profile-settings-separation -> origin/profile-settings-separation
v0.14.0 Upgrade and Encrypted Rollback	Checkout candidate C with immutable base tag	2026-10-05T23:03:18.3435073Z  * [new branch]        public-readme           -> origin/public-readme
v0.14.0 Upgrade and Encrypted Rollback	Checkout candidate C with immutable base tag	2026-10-05T23:03:18.3437670Z  * [new branch]        pwa-action-navigate-existing -> origin/pwa-action-navigate-existing
v0.14.0 Upgrade and Encrypted Rollback	Checkout candidate C with immutable base tag	2026-10-05T23:03:18.3440598Z  * [new branch]        pwa-icon-fix            -> origin/pwa-icon-fix
v0.14.0 Upgrade and Encrypted Rollback	Checkout candidate C with immutable base tag	2026-10-05T23:03:18.3442900Z  * [new branch]        pwa-launch-actions      -> origin/pwa-launch-actions
v0.14.0 Upgrade and Encrypted Rollback	Checkout candidate C with immutable base tag	2026-10-05T23:03:18.3445477Z  * [new branch]        pwa-manifest-polish     -> origin/pwa-manifest-polish
v0.14.0 Upgrade and Encrypted Rollback	Checkout candidate C with immutable base tag	2026-10-05T23:03:18.3447838Z  * [new branch]        pwa-setup               -> origin/pwa-setup
v0.14.0 Upgrade and Encrypted Rollback	Checkout candidate C with immutable base tag	2026-10-05T23:03:18.3450361Z  * [new branch]        rebrand-calibrate       -> origin/rebrand-calibrate
v0.14.0 Upgrade and Encrypted Rollback	Checkout candidate C with immutable base tag	2026-10-05T23:03:18.3452742Z  * [new branch]        release/v0.34.0         -> origin/release/v0.34.0
v0.14.0 Upgrade and Encrypted Rollback	Checkout candidate C with immutable base tag	2026-10-05T23:03:18.3454991Z  * [new branch]        release/v0.34.1         -> origin/release/v0.34.1
v0.14.0 Upgrade and Encrypted Rollback	Checkout candidate C with immutable base tag	2026-10-05T23:03:18.3457257Z  * [new branch]        release/v0.35.0         -> origin/release/v0.35.0
v0.14.0 Upgrade and Encrypted Rollback	Checkout candidate C with immutable base tag	2026-10-05T23:03:18.3459953Z  * [new branch]        release/v0.36.0         -> origin/release/v0.36.0
v0.14.0 Upgrade and Encrypted Rollback	Checkout candidate C with immutable base tag	2026-10-05T23:03:18.3462391Z  * [new branch]        release/v0.37.0         -> origin/release/v0.37.0
v0.14.0 Upgrade and Encrypted Rollback	Checkout candidate C with immutable base tag	2026-10-05T23:03:18.3465270Z  * [new branch]        rolling-average-weight-log -> origin/rolling-average-weight-log
v0.14.0 Upgrade and Encrypted Rollback	Checkout candidate C with immutable base tag	2026-10-05T23:03:18.3468430Z  * [new branch]        safe-areas              -> origin/safe-areas
v0.14.0 Upgrade and Encrypted Rollback	Checkout candidate C with immutable base tag	2026-10-05T23:03:18.3470813Z  * [new branch]        search-results          -> origin/search-results
v0.14.0 Upgrade and Encrypted Rollback	Checkout candidate C with immutable base tag	2026-10-05T23:03:18.3473410Z  * [new branch]        session-store-model     -> origin/session-store-model
v0.14.0 Upgrade and Encrypted Rollback	Checkout candidate C with immutable base tag	2026-10-05T23:03:18.3476346Z  * [new branch]        sidebar-item-style      -> origin/sidebar-item-style
v0.14.0 Upgrade and Encrypted Rollback	Checkout candidate C with immutable base tag	2026-10-05T23:03:18.3479162Z  * [new branch]        store-timezone          -> origin/store-timezone
v0.14.0 Upgrade and Encrypted Rollback	Checkout candidate C with immutable base tag	2026-10-05T23:03:18.3481566Z  * [new branch]        terraform-fix           -> origin/terraform-fix
v0.14.0 Upgrade and Encrypted Rollback	Checkout candidate C with immutable base tag	2026-10-05T23:03:18.3483980Z  * [new branch]        terraform-fixes         -> origin/terraform-fixes
v0.14.0 Upgrade and Encrypted Rollback	Checkout candidate C with immutable base tag	2026-10-05T23:03:18.3486274Z  * [new branch]        test-user               -> origin/test-user
v0.14.0 Upgrade and Encrypted Rollback	Checkout candidate C with immutable base tag	2026-10-05T23:03:18.3489132Z  * [new branch]        test/backend-unit-coverage -> origin/test/backend-unit-coverage
v0.14.0 Upgrade and Encrypted Rollback	Checkout candidate C with immutable base tag	2026-10-05T23:03:18.3491946Z  * [new branch]        tf-rds-rotation         -> origin/tf-rds-rotation
v0.14.0 Upgrade and Encrypted Rollback	Checkout candidate C with immutable base tag	2026-10-05T23:03:18.3494379Z  * [new branch]        tf-repo-rename-fix      -> origin/tf-repo-rename-fix
v0.14.0 Upgrade and Encrypted Rollback	Checkout candidate C with immutable base tag	2026-10-05T23:03:18.3497613Z  * [new branch]        timezone-picker-mui-autocomplete -> origin/timezone-picker-mui-autocomplete
v0.14.0 Upgrade and Encrypted Rollback	Checkout candidate C with immutable base tag	2026-10-05T23:03:18.3502197Z  * [new branch]        units-separate-controls-inline-status -> origin/units-separate-controls-inline-status
v0.14.0 Upgrade and Encrypted Rollback	Checkout candidate C with immutable base tag	2026-10-05T23:03:18.3505756Z  * [new branch]        update-comments         -> origin/update-comments
v0.14.0 Upgrade and Encrypted Rollback	Checkout candidate C with immutable base tag	2026-10-05T23:03:18.3508093Z  * [new branch]        update-docs             -> origin/update-docs
v0.14.0 Upgrade and Encrypted Rollback	Checkout candidate C with immutable base tag	2026-10-05T23:03:18.3510842Z  * [new branch]        vertical-spacing-fixes  -> origin/vertical-spacing-fixes
v0.14.0 Upgrade and Encrypted Rollback	Checkout candidate C with immutable base tag	2026-10-05T23:03:18.3513555Z  * [new branch]        weight-history-scale    -> origin/weight-history-scale
v0.14.0 Upgrade and Encrypted Rollback	Checkout candidate C with immutable base tag	2026-10-05T23:03:18.3516090Z  * [new branch]        worktree-colors         -> origin/worktree-colors
v0.14.0 Upgrade and Encrypted Rollback	Checkout candidate C with immutable base tag	2026-10-05T23:03:18.3518691Z  * [new branch]        worktree-reset          -> origin/worktree-reset
v0.14.0 Upgrade and Encrypted Rollback	Checkout candidate C with immutable base tag	2026-10-05T23:03:18.3521071Z  * [new branch]        worktree-script         -> origin/worktree-script
v0.14.0 Upgrade and Encrypted Rollback	Checkout candidate C with immutable base tag	2026-10-05T23:03:18.3523206Z  * [new tag]           v0.1.0                  -> v0.1.0
v0.14.0 Upgrade and Encrypted Rollback	Checkout candidate C with immutable base tag	2026-10-05T23:03:18.3524894Z  * [new tag]           v0.10.0                 -> v0.10.0
v0.14.0 Upgrade and Encrypted Rollback	Checkout candidate C with immutable base tag	2026-10-05T23:03:18.3526754Z  * [new tag]           v0.11.0                 -> v0.11.0
v0.14.0 Upgrade and Encrypted Rollback	Checkout candidate C with immutable base tag	2026-10-05T23:03:18.3528620Z  * [new tag]           v0.12.0                 -> v0.12.0
v0.14.0 Upgrade and Encrypted Rollback	Checkout candidate C with immutable base tag	2026-10-05T23:03:18.3530291Z  * [new tag]           v0.12.1                 -> v0.12.1
v0.14.0 Upgrade and Encrypted Rollback	Checkout candidate C with immutable base tag	2026-10-05T23:03:18.3531968Z  * [new tag]           v0.12.10                -> v0.12.10
v0.14.0 Upgrade and Encrypted Rollback	Checkout candidate C with immutable base tag	2026-10-05T23:03:18.3533656Z  * [new tag]           v0.12.11                -> v0.12.11
v0.14.0 Upgrade and Encrypted Rollback	Checkout candidate C with immutable base tag	2026-10-05T23:03:18.3535388Z  * [new tag]           v0.12.12                -> v0.12.12
v0.14.0 Upgrade and Encrypted Rollback	Checkout candidate C with immutable base tag	2026-10-05T23:03:18.3537094Z  * [new tag]           v0.12.13                -> v0.12.13
v0.14.0 Upgrade and Encrypted Rollback	Checkout candidate C with immutable base tag	2026-10-05T23:03:18.3539035Z  * [new tag]           v0.12.14                -> v0.12.14
v0.14.0 Upgrade and Encrypted Rollback	Checkout candidate C with immutable base tag	2026-10-05T23:03:18.3540751Z  * [new tag]           v0.12.15                -> v0.12.15
v0.14.0 Upgrade and Encrypted Rollback	Checkout candidate C with immutable base tag	2026-10-05T23:03:18.3542423Z  * [new tag]           v0.12.16                -> v0.12.16
v0.14.0 Upgrade and Encrypted Rollback	Checkout candidate C with immutable base tag	2026-10-05T23:03:18.3544171Z  * [new tag]           v0.12.17                -> v0.12.17
v0.14.0 Upgrade and Encrypted Rollback	Checkout candidate C with immutable base tag	2026-10-05T23:03:18.3545896Z  * [new tag]           v0.12.18                -> v0.12.18
v0.14.0 Upgrade and Encrypted Rollback	Checkout candidate C with immutable base tag	2026-10-05T23:03:18.3547650Z  * [new tag]           v0.12.19                -> v0.12.19
v0.14.0 Upgrade and Encrypted Rollback	Checkout candidate C with immutable base tag	2026-10-05T23:03:18.3549568Z  * [new tag]           v0.12.2                 -> v0.12.2
v0.14.0 Upgrade and Encrypted Rollback	Checkout candidate C with immutable base tag	2026-10-05T23:03:18.3551236Z  * [new tag]           v0.12.3                 -> v0.12.3
v0.14.0 Upgrade and Encrypted Rollback	Checkout candidate C with immutable base tag	2026-10-05T23:03:18.3552916Z  * [new tag]           v0.12.4                 -> v0.12.4
v0.14.0 Upgrade and Encrypted Rollback	Checkout candidate C with immutable base tag	2026-10-05T23:03:18.3554566Z  * [new tag]           v0.12.5                 -> v0.12.5
v0.14.0 Upgrade and Encrypted Rollback	Checkout candidate C with immutable base tag	2026-10-05T23:03:18.3556228Z  * [new tag]           v0.12.6                 -> v0.12.6
v0.14.0 Upgrade and Encrypted Rollback	Checkout candidate C with immutable base tag	2026-10-05T23:03:18.3557900Z  * [new tag]           v0.12.7                 -> v0.12.7
v0.14.0 Upgrade and Encrypted Rollback	Checkout candidate C with immutable base tag	2026-10-05T23:03:18.3559766Z  * [new tag]           v0.12.8                 -> v0.12.8
v0.14.0 Upgrade and Encrypted Rollback	Checkout candidate C with immutable base tag	2026-10-05T23:03:18.3561427Z  * [new tag]           v0.12.9                 -> v0.12.9
v0.14.0 Upgrade and Encrypted Rollback	Checkout candidate C with immutable base tag	2026-10-05T23:03:18.3563080Z  * [new tag]           v0.13.0                 -> v0.13.0
v0.14.0 Upgrade and Encrypted Rollback	Checkout candidate C with immutable base tag	2026-10-05T23:03:18.3564743Z  * [new tag]           v0.13.1                 -> v0.13.1
v0.14.0 Upgrade and Encrypted Rollback	Checkout candidate C with immutable base tag	2026-10-05T23:03:18.3566413Z  * [new tag]           v0.13.2                 -> v0.13.2
v0.14.0 Upgrade and Encrypted Rollback	Checkout candidate C with immutable base tag	2026-10-05T23:03:18.3568518Z  * [new tag]           v0.13.3                 -> v0.13.3
v0.14.0 Upgrade and Encrypted Rollback	Checkout candidate C with immutable base tag	2026-10-05T23:03:18.3570192Z  * [new tag]           v0.14.0                 -> v0.14.0
v0.14.0 Upgrade and Encrypted Rollback	Checkout candidate C with immutable base tag	2026-10-05T23:03:18.3571831Z  * [new tag]           v0.2.0                  -> v0.2.0
v0.14.0 Upgrade and Encrypted Rollback	Checkout candidate C with immutable base tag	2026-10-05T23:03:18.3573461Z  * [new tag]           v0.2.1                  -> v0.2.1
v0.14.0 Upgrade and Encrypted Rollback	Checkout candidate C with immutable base tag	2026-10-05T23:03:18.3575088Z  * [new tag]           v0.2.2                  -> v0.2.2
v0.14.0 Upgrade and Encrypted Rollback	Checkout candidate C with immutable base tag	2026-10-05T23:03:18.3576750Z  * [new tag]           v0.2.3                  -> v0.2.3
v0.14.0 Upgrade and Encrypted Rollback	Checkout candidate C with immutable base tag	2026-10-05T23:03:18.3578690Z  * [new tag]           v0.2.4                  -> v0.2.4
v0.14.0 Upgrade and Encrypted Rollback	Checkout candidate C with immutable base tag	2026-10-05T23:03:18.3580348Z  * [new tag]           v0.3.0                  -> v0.3.0
v0.14.0 Upgrade and Encrypted Rollback	Checkout candidate C with immutable base tag	2026-10-05T23:03:18.3581936Z  * [new tag]           v0.3.1                  -> v0.3.1
v0.14.0 Upgrade and Encrypted Rollback	Checkout candidate C with immutable base tag	2026-10-05T23:03:18.3583543Z  * [new tag]           v0.33.10                -> v0.33.10
v0.14.0 Upgrade and Encrypted Rollback	Checkout candidate C with immutable base tag	2026-10-05T23:03:18.3585184Z  * [new tag]           v0.33.11                -> v0.33.11
v0.14.0 Upgrade and Encrypted Rollback	Checkout candidate C with immutable base tag	2026-10-05T23:03:18.3586815Z  * [new tag]           v0.33.5                 -> v0.33.5
v0.14.0 Upgrade and Encrypted Rollback	Checkout candidate C with immutable base tag	2026-10-05T23:03:18.3588645Z  * [new tag]           v0.33.6                 -> v0.33.6
v0.14.0 Upgrade and Encrypted Rollback	Checkout candidate C with immutable base tag	2026-10-05T23:03:18.3590264Z  * [new tag]           v0.33.9                 -> v0.33.9
v0.14.0 Upgrade and Encrypted Rollback	Checkout candidate C with immutable base tag	2026-10-05T23:03:18.3591845Z  * [new tag]           v0.34.0                 -> v0.34.0
v0.14.0 Upgrade and Encrypted Rollback	Checkout candidate C with immutable base tag	2026-10-05T23:03:18.3593432Z  * [new tag]           v0.34.1                 -> v0.34.1
v0.14.0 Upgrade and Encrypted Rollback	Checkout candidate C with immutable base tag	2026-10-05T23:03:18.3595027Z  * [new tag]           v0.35.0                 -> v0.35.0
v0.14.0 Upgrade and Encrypted Rollback	Checkout candidate C with immutable base tag	2026-10-05T23:03:18.3596658Z  * [new tag]           v0.36.0                 -> v0.36.0
v0.14.0 Upgrade and Encrypted Rollback	Checkout candidate C with immutable base tag	2026-10-05T23:03:18.3598504Z  * [new tag]           v0.37.0                 -> v0.37.0
v0.14.0 Upgrade and Encrypted Rollback	Checkout candidate C with immutable base tag	2026-10-05T23:03:18.3600195Z  * [new tag]           v0.4.0                  -> v0.4.0
v0.14.0 Upgrade and Encrypted Rollback	Checkout candidate C with immutable base tag	2026-10-05T23:03:18.3601837Z  * [new tag]           v0.4.1                  -> v0.4.1
v0.14.0 Upgrade and Encrypted Rollback	Checkout candidate C with immutable base tag	2026-10-05T23:03:18.3603493Z  * [new tag]           v0.4.2                  -> v0.4.2
v0.14.0 Upgrade and Encrypted Rollback	Checkout candidate C with immutable base tag	2026-10-05T23:03:18.3605156Z  * [new tag]           v0.5.0                  -> v0.5.0
v0.14.0 Upgrade and Encrypted Rollback	Checkout candidate C with immutable base tag	2026-10-05T23:03:18.3606958Z  * [new tag]           v0.6.0                  -> v0.6.0
v0.14.0 Upgrade and Encrypted Rollback	Checkout candidate C with immutable base tag	2026-10-05T23:03:18.3608804Z  * [new tag]           v0.7.0                  -> v0.7.0
v0.14.0 Upgrade and Encrypted Rollback	Checkout candidate C with immutable base tag	2026-10-05T23:03:18.3610481Z  * [new tag]           v0.7.1                  -> v0.7.1
v0.14.0 Upgrade and Encrypted Rollback	Checkout candidate C with immutable base tag	2026-10-05T23:03:18.3612167Z  * [new tag]           v0.7.2                  -> v0.7.2
v0.14.0 Upgrade and Encrypted Rollback	Checkout candidate C with immutable base tag	2026-10-05T23:03:18.3613845Z  * [new tag]           v0.7.3                  -> v0.7.3
v0.14.0 Upgrade and Encrypted Rollback	Checkout candidate C with immutable base tag	2026-10-05T23:03:18.3615524Z  * [new tag]           v0.8.0                  -> v0.8.0
v0.14.0 Upgrade and Encrypted Rollback	Checkout candidate C with immutable base tag	2026-10-05T23:03:18.3617204Z  * [new tag]           v0.9.0                  -> v0.9.0
v0.14.0 Upgrade and Encrypted Rollback	Checkout candidate C with immutable base tag	2026-10-05T23:03:18.3619221Z  * [new tag]           v0.9.1                  -> v0.9.1
v0.14.0 Upgrade and Encrypted Rollback	Checkout candidate C with immutable base tag	2026-10-05T23:03:18.3623726Z [command]/usr/bin/git rev-parse --verify --quiet 0651fdae64abefb6d9e74958e8dd3059c2db75cb^{object}
v0.14.0 Upgrade and Encrypted Rollback	Checkout candidate C with immutable base tag	2026-10-05T23:03:18.3626543Z 0651fdae64abefb6d9e74958e8dd3059c2db75cb
v0.14.0 Upgrade and Encrypted Rollback	Checkout candidate C with immutable base tag	2026-10-05T23:03:18.3630432Z ##[endgroup]
v0.14.0 Upgrade and Encrypted Rollback	Checkout candidate C with immutable base tag	2026-10-05T23:03:18.3632168Z ##[group]Determining the checkout info
v0.14.0 Upgrade and Encrypted Rollback	Checkout candidate C with immutable base tag	2026-10-05T23:03:18.3634237Z ##[endgroup]
v0.14.0 Upgrade and Encrypted Rollback	Checkout candidate C with immutable base tag	2026-10-05T23:03:18.3635319Z [command]/usr/bin/git sparse-checkout disable
v0.14.0 Upgrade and Encrypted Rollback	Checkout candidate C with immutable base tag	2026-10-05T23:03:18.3639168Z [command]/usr/bin/git config --local --unset-all extensions.worktreeConfig
v0.14.0 Upgrade and Encrypted Rollback	Checkout candidate C with immutable base tag	2026-10-05T23:03:18.3643488Z ##[group]Checking out the ref
v0.14.0 Upgrade and Encrypted Rollback	Checkout candidate C with immutable base tag	2026-10-05T23:03:18.3645675Z [command]/usr/bin/git checkout --progress --force 0651fdae64abefb6d9e74958e8dd3059c2db75cb
v0.14.0 Upgrade and Encrypted Rollback	Checkout candidate C with immutable base tag	2026-10-05T23:03:18.5495115Z Note: switching to '0651fdae64abefb6d9e74958e8dd3059c2db75cb'.
v0.14.0 Upgrade and Encrypted Rollback	Checkout candidate C with immutable base tag	2026-10-05T23:03:18.5496959Z 
v0.14.0 Upgrade and Encrypted Rollback	Checkout candidate C with immutable base tag	2026-10-05T23:03:18.5498360Z You are in 'detached HEAD' state. You can look around, make experimental
v0.14.0 Upgrade and Encrypted Rollback	Checkout candidate C with immutable base tag	2026-10-05T23:03:18.5501636Z changes and commit them, and you can discard any commits you make in this
v0.14.0 Upgrade and Encrypted Rollback	Checkout candidate C with immutable base tag	2026-10-05T23:03:18.5504352Z state without impacting any branches by switching back to a branch.
v0.14.0 Upgrade and Encrypted Rollback	Checkout candidate C with immutable base tag	2026-10-05T23:03:18.5505921Z 
v0.14.0 Upgrade and Encrypted Rollback	Checkout candidate C with immutable base tag	2026-10-05T23:03:18.5506933Z If you want to create a new branch to retain commits you create, you may
v0.14.0 Upgrade and Encrypted Rollback	Checkout candidate C with immutable base tag	2026-10-05T23:03:18.5509917Z do so (now or later) by using -c with the switch command. Example:
v0.14.0 Upgrade and Encrypted Rollback	Checkout candidate C with immutable base tag	2026-10-05T23:03:18.5511506Z 
v0.14.0 Upgrade and Encrypted Rollback	Checkout candidate C with immutable base tag	2026-10-05T23:03:18.5512334Z   git switch -c <new-branch-name>
v0.14.0 Upgrade and Encrypted Rollback	Checkout candidate C with immutable base tag	2026-10-05T23:03:18.5513316Z 
v0.14.0 Upgrade and Encrypted Rollback	Checkout candidate C with immutable base tag	2026-10-05T23:03:18.5513817Z Or undo this operation with:
v0.14.0 Upgrade and Encrypted Rollback	Checkout candidate C with immutable base tag	2026-10-05T23:03:18.5514695Z 
v0.14.0 Upgrade and Encrypted Rollback	Checkout candidate C with immutable base tag	2026-10-05T23:03:18.5515135Z   git switch -
v0.14.0 Upgrade and Encrypted Rollback	Checkout candidate C with immutable base tag	2026-10-05T23:03:18.5515762Z 
v0.14.0 Upgrade and Encrypted Rollback	Checkout candidate C with immutable base tag	2026-10-05T23:03:18.5516913Z Turn off this advice by setting config variable advice.detachedHead to false
v0.14.0 Upgrade and Encrypted Rollback	Checkout candidate C with immutable base tag	2026-10-05T23:03:18.5518840Z 
v0.14.0 Upgrade and Encrypted Rollback	Checkout candidate C with immutable base tag	2026-10-05T23:03:18.5519913Z HEAD is now at 0651fdae Reconcile ordinary pause reads with durable control receipts
v0.14.0 Upgrade and Encrypted Rollback	Checkout candidate C with immutable base tag	2026-10-05T23:03:18.5527044Z ##[endgroup]
v0.14.0 Upgrade and Encrypted Rollback	Checkout candidate C with immutable base tag	2026-10-05T23:03:18.5584005Z [command]/usr/bin/git log -1 --format=%H
v0.14.0 Upgrade and Encrypted Rollback	Checkout candidate C with immutable base tag	2026-10-05T23:03:18.5619155Z 0651fdae64abefb6d9e74958e8dd3059c2db75cb
v0.14.0 Upgrade and Encrypted Rollback	Setup Node	﻿2026-10-05T23:03:18.6004536Z ##[group]Run actions/setup-node@v4
v0.14.0 Upgrade and Encrypted Rollback	Setup Node	2026-10-05T23:03:18.6005807Z with:
v0.14.0 Upgrade and Encrypted Rollback	Setup Node	2026-10-05T23:03:18.6006708Z   node-version: 20
v0.14.0 Upgrade and Encrypted Rollback	Setup Node	2026-10-05T23:03:18.6007691Z   cache: npm
v0.14.0 Upgrade and Encrypted Rollback	Setup Node	2026-10-05T23:03:18.6008966Z   cache-dependency-path: backend/package-lock.json
v0.14.0 Upgrade and Encrypted Rollback	Setup Node	2026-10-05T23:03:18.6010394Z   always-auth: false
v0.14.0 Upgrade and Encrypted Rollback	Setup Node	2026-10-05T23:03:18.6011400Z   check-latest: false
v0.14.0 Upgrade and Encrypted Rollback	Setup Node	2026-10-05T23:03:18.6021423Z   token: ***
v0.14.0 Upgrade and Encrypted Rollback	Setup Node	2026-10-05T23:03:18.6022404Z env:
v0.14.0 Upgrade and Encrypted Rollback	Setup Node	2026-10-05T23:03:18.6023640Z   CALIBRATE_SOURCE_COMMIT: 0651fdae64abefb6d9e74958e8dd3059c2db75cb
v0.14.0 Upgrade and Encrypted Rollback	Setup Node	2026-10-05T23:03:18.6025263Z ##[endgroup]
v0.14.0 Upgrade and Encrypted Rollback	Setup Node	2026-10-05T23:03:18.7514220Z Attempting to download 20...
v0.14.0 Upgrade and Encrypted Rollback	Setup Node	2026-10-05T23:03:18.7622601Z (node:2275) [DEP0040] DeprecationWarning: The `punycode` module is deprecated. Please use a userland alternative instead.
v0.14.0 Upgrade and Encrypted Rollback	Setup Node	2026-10-05T23:03:18.7625815Z (Use `node --trace-deprecation ...` to show where the warning was created)
v0.14.0 Upgrade and Encrypted Rollback	Setup Node	2026-10-05T23:03:19.2320685Z Acquiring 20.20.2 - x64 from https://github.com/actions/node-versions/releases/download/20.20.2-23521894959/node-20.20.2-linux-x64.tar.gz
v0.14.0 Upgrade and Encrypted Rollback	Setup Node	2026-10-05T23:03:19.5950058Z Extracting ...
v0.14.0 Upgrade and Encrypted Rollback	Setup Node	2026-10-05T23:03:19.6076845Z [command]/usr/bin/tar xz --strip 1 --warning=no-unknown-keyword --overwrite -C /home/runner/work/_temp/914a4e75-c321-4536-b1e2-257ac8b94995 -f /home/runner/work/_temp/af70309c-960a-48b0-874d-ee2c6ba3d35b
v0.14.0 Upgrade and Encrypted Rollback	Setup Node	2026-10-05T23:03:20.6899552Z Adding to the cache ...
v0.14.0 Upgrade and Encrypted Rollback	Setup Node	2026-10-05T23:03:22.5177258Z ##[group]Environment details
v0.14.0 Upgrade and Encrypted Rollback	Setup Node	2026-10-05T23:03:22.7510905Z node: v20.20.2
v0.14.0 Upgrade and Encrypted Rollback	Setup Node	2026-10-05T23:03:22.7511647Z npm: 10.8.2
v0.14.0 Upgrade and Encrypted Rollback	Setup Node	2026-10-05T23:03:22.7512063Z yarn: 1.22.22
v0.14.0 Upgrade and Encrypted Rollback	Setup Node	2026-10-05T23:03:22.7513037Z ##[endgroup]
v0.14.0 Upgrade and Encrypted Rollback	Setup Node	2026-10-05T23:03:22.7535954Z [command]/opt/hostedtoolcache/node/20.20.2/x64/bin/npm config get cache
v0.14.0 Upgrade and Encrypted Rollback	Setup Node	2026-10-05T23:03:22.8633218Z /home/runner/.npm
v0.14.0 Upgrade and Encrypted Rollback	Setup Node	2026-10-05T23:03:22.9284090Z Cache hit for: node-cache-Linux-x64-npm-9ad1fc3d02200f097d647c965e5a2c426e45ead6e22fb282009302d8eeb7a3d3
v0.14.0 Upgrade and Encrypted Rollback	Setup Node	2026-10-05T23:03:22.9449459Z (node:2275) [DEP0169] DeprecationWarning: `url.parse()` behavior is not standardized and prone to errors that have security implications. Use the WHATWG URL API instead. CVEs are not issued for `url.parse()` vulnerabilities.
v0.14.0 Upgrade and Encrypted Rollback	Setup Node	2026-10-05T23:03:23.7244861Z Received 142506313 of 142506313 (100.0%), 184.4 MBs/sec
v0.14.0 Upgrade and Encrypted Rollback	Setup Node	2026-10-05T23:03:23.7245828Z Cache Size: ~136 MB (142506313 B)
v0.14.0 Upgrade and Encrypted Rollback	Setup Node	2026-10-05T23:03:23.7368618Z [command]/usr/bin/tar -xf /home/runner/work/_temp/a929fef1-adac-48b0-8d92-34a6f0a972d1/cache.tzst -P -C /home/runner/work/calibrate-health/calibrate-health --use-compress-program unzstd
v0.14.0 Upgrade and Encrypted Rollback	Setup Node	2026-10-05T23:03:24.0185192Z Cache restored successfully
v0.14.0 Upgrade and Encrypted Rollback	Setup Node	2026-10-05T23:03:24.0259252Z Cache restored from key: node-cache-Linux-x64-npm-9ad1fc3d02200f097d647c965e5a2c426e45ead6e22fb282009302d8eeb7a3d3
v0.14.0 Upgrade and Encrypted Rollback	Install backend dependencies	﻿2026-10-05T23:03:24.0549821Z ##[group]Run npm --prefix backend ci --no-audit --fund=false
v0.14.0 Upgrade and Encrypted Rollback	Install backend dependencies	2026-10-05T23:03:24.0550457Z ^[[36;1mnpm --prefix backend ci --no-audit --fund=false^[[0m
v0.14.0 Upgrade and Encrypted Rollback	Install backend dependencies	2026-10-05T23:03:24.0917089Z shell: /usr/bin/bash -e {0}
v0.14.0 Upgrade and Encrypted Rollback	Install backend dependencies	2026-10-05T23:03:24.0917526Z env:
v0.14.0 Upgrade and Encrypted Rollback	Install backend dependencies	2026-10-05T23:03:24.0917948Z   CALIBRATE_SOURCE_COMMIT: 0651fdae64abefb6d9e74958e8dd3059c2db75cb
v0.14.0 Upgrade and Encrypted Rollback	Install backend dependencies	2026-10-05T23:03:24.0918665Z ##[endgroup]
v0.14.0 Upgrade and Encrypted Rollback	Install backend dependencies	2026-10-05T23:03:24.5662741Z npm warn EBADENGINE Unsupported engine {
v0.14.0 Upgrade and Encrypted Rollback	Install backend dependencies	2026-10-05T23:03:24.5663827Z npm warn EBADENGINE   package: '@prisma/streams-local@0.1.11',
v0.14.0 Upgrade and Encrypted Rollback	Install backend dependencies	2026-10-05T23:03:24.5665094Z npm warn EBADENGINE   required: { bun: '>=1.2.0', node: '>=22.0.0' },
v0.14.0 Upgrade and Encrypted Rollback	Install backend dependencies	2026-10-05T23:03:24.5666390Z npm warn EBADENGINE   current: { node: 'v20.20.2', npm: '10.8.2' }
v0.14.0 Upgrade and Encrypted Rollback	Install backend dependencies	2026-10-05T23:03:24.5667937Z npm warn EBADENGINE }
v0.14.0 Upgrade and Encrypted Rollback	Install backend dependencies	2026-10-05T23:03:31.0993924Z 
v0.14.0 Upgrade and Encrypted Rollback	Install backend dependencies	2026-10-05T23:03:31.0994567Z added 430 packages in 7s
v0.14.0 Upgrade and Encrypted Rollback	Validate rollback rehearsal helpers	﻿2026-10-05T23:03:31.1620182Z ##[group]Run npm run test:db:rollback:unit
v0.14.0 Upgrade and Encrypted Rollback	Validate rollback rehearsal helpers	2026-10-05T23:03:31.1620794Z ^[[36;1mnpm run test:db:rollback:unit^[[0m
v0.14.0 Upgrade and Encrypted Rollback	Validate rollback rehearsal helpers	2026-10-05T23:03:31.1710278Z shell: /usr/bin/bash -e {0}
v0.14.0 Upgrade and Encrypted Rollback	Validate rollback rehearsal helpers	2026-10-05T23:03:31.1710717Z env:
v0.14.0 Upgrade and Encrypted Rollback	Validate rollback rehearsal helpers	2026-10-05T23:03:31.1711233Z   CALIBRATE_SOURCE_COMMIT: 0651fdae64abefb6d9e74958e8dd3059c2db75cb
v0.14.0 Upgrade and Encrypted Rollback	Validate rollback rehearsal helpers	2026-10-05T23:03:31.1711865Z ##[endgroup]
v0.14.0 Upgrade and Encrypted Rollback	Validate rollback rehearsal helpers	2026-10-05T23:03:31.2970033Z 
v0.14.0 Upgrade and Encrypted Rollback	Validate rollback rehearsal helpers	2026-10-05T23:03:31.2970905Z > cal-io@0.37.0 test:db:rollback:unit
v0.14.0 Upgrade and Encrypted Rollback	Validate rollback rehearsal helpers	2026-10-05T23:03:31.2971818Z > node --test scripts/postgres-rollback-smoke.test.mjs
v0.14.0 Upgrade and Encrypted Rollback	Validate rollback rehearsal helpers	2026-10-05T23:03:31.2972329Z 
v0.14.0 Upgrade and Encrypted Rollback	Validate rollback rehearsal helpers	2026-10-05T23:03:31.3442615Z TAP version 13
v0.14.0 Upgrade and Encrypted Rollback	Validate rollback rehearsal helpers	2026-10-05T23:03:31.4210072Z # Subtest: resource plan owns only generated Docker and database names
v0.14.0 Upgrade and Encrypted Rollback	Validate rollback rehearsal helpers	2026-10-05T23:03:31.4211876Z ok 1 - resource plan owns only generated Docker and database names
v0.14.0 Upgrade and Encrypted Rollback	Validate rollback rehearsal helpers	2026-10-05T23:03:31.4238925Z   ---
v0.14.0 Upgrade and Encrypted Rollback	Validate rollback rehearsal helpers	2026-10-05T23:03:31.4269092Z   duration_ms: 5.568292
v0.14.0 Upgrade and Encrypted Rollback	Validate rollback rehearsal helpers	2026-10-05T23:03:31.4298970Z   ...
v0.14.0 Upgrade and Encrypted Rollback	Validate rollback rehearsal helpers	2026-10-05T23:03:31.4300219Z # Subtest: published database ports must be loopback-only and singular
v0.14.0 Upgrade and Encrypted Rollback	Validate rollback rehearsal helpers	2026-10-05T23:03:31.4314069Z ok 2 - published database ports must be loopback-only and singular
v0.14.0 Upgrade and Encrypted Rollback	Validate rollback rehearsal helpers	2026-10-05T23:03:31.4314937Z   ---
v0.14.0 Upgrade and Encrypted Rollback	Validate rollback rehearsal helpers	2026-10-05T23:03:31.4315431Z   duration_ms: 0.354474
v0.14.0 Upgrade and Encrypted Rollback	Validate rollback rehearsal helpers	2026-10-05T23:03:31.4315960Z   ...
v0.14.0 Upgrade and Encrypted Rollback	Validate rollback rehearsal helpers	2026-10-05T23:03:31.4316759Z # Subtest: database URLs cannot escape the generated loopback target
v0.14.0 Upgrade and Encrypted Rollback	Validate rollback rehearsal helpers	2026-10-05T23:03:31.4318058Z ok 3 - database URLs cannot escape the generated loopback target
v0.14.0 Upgrade and Encrypted Rollback	Validate rollback rehearsal helpers	2026-10-05T23:03:31.4319333Z   ---
v0.14.0 Upgrade and Encrypted Rollback	Validate rollback rehearsal helpers	2026-10-05T23:03:31.4319978Z   duration_ms: 1.501654
v0.14.0 Upgrade and Encrypted Rollback	Validate rollback rehearsal helpers	2026-10-05T23:03:31.4320652Z   ...
v0.14.0 Upgrade and Encrypted Rollback	Validate rollback rehearsal helpers	2026-10-05T23:03:31.4321750Z # Subtest: Postgres launch is private, disposable, labeled, and loopback-published
v0.14.0 Upgrade and Encrypted Rollback	Validate rollback rehearsal helpers	2026-10-05T23:03:31.4323286Z ok 4 - Postgres launch is private, disposable, labeled, and loopback-published
v0.14.0 Upgrade and Encrypted Rollback	Validate rollback rehearsal helpers	2026-10-05T23:03:31.4324406Z   ---
v0.14.0 Upgrade and Encrypted Rollback	Validate rollback rehearsal helpers	2026-10-05T23:03:31.4325082Z   duration_ms: 0.341399
v0.14.0 Upgrade and Encrypted Rollback	Validate rollback rehearsal helpers	2026-10-05T23:03:31.4325780Z   ...
v0.14.0 Upgrade and Encrypted Rollback	Validate rollback rehearsal helpers	2026-10-05T23:03:31.4326762Z # Subtest: migration contract pins exact v0.14.0 and candidate ledgers
v0.14.0 Upgrade and Encrypted Rollback	Validate rollback rehearsal helpers	2026-10-05T23:03:31.4328105Z ok 5 - migration contract pins exact v0.14.0 and candidate ledgers
v0.14.0 Upgrade and Encrypted Rollback	Validate rollback rehearsal helpers	2026-10-05T23:03:31.4329313Z   ---
v0.14.0 Upgrade and Encrypted Rollback	Validate rollback rehearsal helpers	2026-10-05T23:03:31.4329955Z   duration_ms: 8.957201
v0.14.0 Upgrade and Encrypted Rollback	Validate rollback rehearsal helpers	2026-10-05T23:03:31.4330634Z   ...
v0.14.0 Upgrade and Encrypted Rollback	Validate rollback rehearsal helpers	2026-10-05T23:03:31.4331754Z # Subtest: hosted source binding accepts only the checked-out lowercase full SHA
v0.14.0 Upgrade and Encrypted Rollback	Validate rollback rehearsal helpers	2026-10-05T23:03:31.4333213Z ok 6 - hosted source binding accepts only the checked-out lowercase full SHA
v0.14.0 Upgrade and Encrypted Rollback	Validate rollback rehearsal helpers	2026-10-05T23:03:31.4334200Z   ---
v0.14.0 Upgrade and Encrypted Rollback	Validate rollback rehearsal helpers	2026-10-05T23:03:31.4334816Z   duration_ms: 0.366577
v0.14.0 Upgrade and Encrypted Rollback	Validate rollback rehearsal helpers	2026-10-05T23:03:31.4335481Z   ...
v0.14.0 Upgrade and Encrypted Rollback	Validate rollback rehearsal helpers	2026-10-05T23:03:31.4336471Z # Subtest: source resolver binds the actual checkout to the workflow candidate
v0.14.0 Upgrade and Encrypted Rollback	Validate rollback rehearsal helpers	2026-10-05T23:03:31.4337880Z ok 7 - source resolver binds the actual checkout to the workflow candidate
v0.14.0 Upgrade and Encrypted Rollback	Validate rollback rehearsal helpers	2026-10-05T23:03:31.4339302Z   ---
v0.14.0 Upgrade and Encrypted Rollback	Validate rollback rehearsal helpers	2026-10-05T23:03:31.4339923Z   duration_ms: 0.296856
v0.14.0 Upgrade and Encrypted Rollback	Validate rollback rehearsal helpers	2026-10-05T23:03:31.4340601Z   ...
v0.14.0 Upgrade and Encrypted Rollback	Validate rollback rehearsal helpers	2026-10-05T23:03:31.4341771Z # Subtest: representative snapshots distinguish base from the intentional candidate transform
v0.14.0 Upgrade and Encrypted Rollback	Validate rollback rehearsal helpers	2026-10-05T23:03:31.4343503Z ok 8 - representative snapshots distinguish base from the intentional candidate transform
v0.14.0 Upgrade and Encrypted Rollback	Validate rollback rehearsal helpers	2026-10-05T23:03:31.4344682Z   ---
v0.14.0 Upgrade and Encrypted Rollback	Validate rollback rehearsal helpers	2026-10-05T23:03:31.4345306Z   duration_ms: 0.398667
v0.14.0 Upgrade and Encrypted Rollback	Validate rollback rehearsal helpers	2026-10-05T23:03:31.4345963Z   ...
v0.14.0 Upgrade and Encrypted Rollback	Validate rollback rehearsal helpers	2026-10-05T23:03:31.4346847Z # Subtest: diagnostics redact credentials and absolute host paths
v0.14.0 Upgrade and Encrypted Rollback	Validate rollback rehearsal helpers	2026-10-05T23:03:31.4348061Z ok 9 - diagnostics redact credentials and absolute host paths
v0.14.0 Upgrade and Encrypted Rollback	Validate rollback rehearsal helpers	2026-10-05T23:03:31.4349369Z   ---
v0.14.0 Upgrade and Encrypted Rollback	Validate rollback rehearsal helpers	2026-10-05T23:03:31.4349981Z   duration_ms: 0.63996
v0.14.0 Upgrade and Encrypted Rollback	Validate rollback rehearsal helpers	2026-10-05T23:03:31.4350633Z   ...
v0.14.0 Upgrade and Encrypted Rollback	Validate rollback rehearsal helpers	2026-10-05T23:03:31.4351649Z # Subtest: success evidence is sanitized, exact, and contains no resource target
v0.14.0 Upgrade and Encrypted Rollback	Validate rollback rehearsal helpers	2026-10-05T23:03:31.4353063Z ok 10 - success evidence is sanitized, exact, and contains no resource target
v0.14.0 Upgrade and Encrypted Rollback	Validate rollback rehearsal helpers	2026-10-05T23:03:31.4354072Z   ---
v0.14.0 Upgrade and Encrypted Rollback	Validate rollback rehearsal helpers	2026-10-05T23:03:31.4354665Z   duration_ms: 0.559157
v0.14.0 Upgrade and Encrypted Rollback	Validate rollback rehearsal helpers	2026-10-05T23:03:31.4355618Z   ...
v0.14.0 Upgrade and Encrypted Rollback	Validate rollback rehearsal helpers	2026-10-05T23:03:31.4356391Z # Subtest: failed evidence remains bound to the checked-out candidate
v0.14.0 Upgrade and Encrypted Rollback	Validate rollback rehearsal helpers	2026-10-05T23:03:31.4357503Z ok 11 - failed evidence remains bound to the checked-out candidate
v0.14.0 Upgrade and Encrypted Rollback	Validate rollback rehearsal helpers	2026-10-05T23:03:31.4359033Z   ---
v0.14.0 Upgrade and Encrypted Rollback	Validate rollback rehearsal helpers	2026-10-05T23:03:31.4389329Z   duration_ms: 0.291166
v0.14.0 Upgrade and Encrypted Rollback	Validate rollback rehearsal helpers	2026-10-05T23:03:31.4396191Z   ...
v0.14.0 Upgrade and Encrypted Rollback	Validate rollback rehearsal helpers	2026-10-05T23:03:31.4397209Z # Subtest: schema names, arguments, and evidence path are fixed and guarded
v0.14.0 Upgrade and Encrypted Rollback	Validate rollback rehearsal helpers	2026-10-05T23:03:31.4398978Z ok 12 - schema names, arguments, and evidence path are fixed and guarded
v0.14.0 Upgrade and Encrypted Rollback	Validate rollback rehearsal helpers	2026-10-05T23:03:31.4399985Z   ---
v0.14.0 Upgrade and Encrypted Rollback	Validate rollback rehearsal helpers	2026-10-05T23:03:31.4400604Z   duration_ms: 0.307286
v0.14.0 Upgrade and Encrypted Rollback	Validate rollback rehearsal helpers	2026-10-05T23:03:31.4401240Z   ...
v0.14.0 Upgrade and Encrypted Rollback	Validate rollback rehearsal helpers	2026-10-05T23:03:31.4402284Z # Subtest: command encoding defaults to text while preserving explicit spawn encodings
v0.14.0 Upgrade and Encrypted Rollback	Validate rollback rehearsal helpers	2026-10-05T23:03:31.4403849Z ok 13 - command encoding defaults to text while preserving explicit spawn encodings
v0.14.0 Upgrade and Encrypted Rollback	Validate rollback rehearsal helpers	2026-10-05T23:03:31.4404954Z   ---
v0.14.0 Upgrade and Encrypted Rollback	Validate rollback rehearsal helpers	2026-10-05T23:03:31.4405549Z   duration_ms: 0.163025
v0.14.0 Upgrade and Encrypted Rollback	Validate rollback rehearsal helpers	2026-10-05T23:03:31.4406166Z   ...
v0.14.0 Upgrade and Encrypted Rollback	Validate rollback rehearsal helpers	2026-10-05T23:03:31.4407352Z # Subtest: script contract uses production backup/restore and cleanup without external DATABASE_URL
v0.14.0 Upgrade and Encrypted Rollback	Validate rollback rehearsal helpers	2026-10-05T23:03:31.4409325Z ok 14 - script contract uses production backup/restore and cleanup without external DATABASE_URL
v0.14.0 Upgrade and Encrypted Rollback	Validate rollback rehearsal helpers	2026-10-05T23:03:31.4410540Z   ---
v0.14.0 Upgrade and Encrypted Rollback	Validate rollback rehearsal helpers	2026-10-05T23:03:31.4411148Z   duration_ms: 0.729507
v0.14.0 Upgrade and Encrypted Rollback	Validate rollback rehearsal helpers	2026-10-05T23:03:31.4411783Z   ...
v0.14.0 Upgrade and Encrypted Rollback	Validate rollback rehearsal helpers	2026-10-05T23:03:31.4449509Z 1..14
v0.14.0 Upgrade and Encrypted Rollback	Validate rollback rehearsal helpers	2026-10-05T23:03:31.4453133Z # tests 14
v0.14.0 Upgrade and Encrypted Rollback	Validate rollback rehearsal helpers	2026-10-05T23:03:31.4453827Z # suites 0
v0.14.0 Upgrade and Encrypted Rollback	Validate rollback rehearsal helpers	2026-10-05T23:03:31.4454706Z # pass 14
v0.14.0 Upgrade and Encrypted Rollback	Validate rollback rehearsal helpers	2026-10-05T23:03:31.4455617Z # fail 0
v0.14.0 Upgrade and Encrypted Rollback	Validate rollback rehearsal helpers	2026-10-05T23:03:31.4456250Z # cancelled 0
v0.14.0 Upgrade and Encrypted Rollback	Validate rollback rehearsal helpers	2026-10-05T23:03:31.4456907Z # skipped 0
v0.14.0 Upgrade and Encrypted Rollback	Validate rollback rehearsal helpers	2026-10-05T23:03:31.4457549Z # todo 0
v0.14.0 Upgrade and Encrypted Rollback	Validate rollback rehearsal helpers	2026-10-05T23:03:31.4458871Z # duration_ms 110.300756
v0.14.0 Upgrade and Encrypted Rollback	Upgrade from v0.14.0, restore, and re-upgrade	﻿2026-10-05T23:03:31.4592030Z ##[group]Run npm run test:db:rollback
v0.14.0 Upgrade and Encrypted Rollback	Upgrade from v0.14.0, restore, and re-upgrade	2026-10-05T23:03:31.4592401Z ^[[36;1mnpm run test:db:rollback^[[0m
v0.14.0 Upgrade and Encrypted Rollback	Upgrade from v0.14.0, restore, and re-upgrade	2026-10-05T23:03:31.4657330Z shell: /usr/bin/bash -e {0}
v0.14.0 Upgrade and Encrypted Rollback	Upgrade from v0.14.0, restore, and re-upgrade	2026-10-05T23:03:31.4657622Z env:
v0.14.0 Upgrade and Encrypted Rollback	Upgrade from v0.14.0, restore, and re-upgrade	2026-10-05T23:03:31.4657959Z   CALIBRATE_SOURCE_COMMIT: 0651fdae64abefb6d9e74958e8dd3059c2db75cb
v0.14.0 Upgrade and Encrypted Rollback	Upgrade from v0.14.0, restore, and re-upgrade	2026-10-05T23:03:31.4658654Z ##[endgroup]
v0.14.0 Upgrade and Encrypted Rollback	Upgrade from v0.14.0, restore, and re-upgrade	2026-10-05T23:03:31.5914818Z 
v0.14.0 Upgrade and Encrypted Rollback	Upgrade from v0.14.0, restore, and re-upgrade	2026-10-05T23:03:31.5915872Z > cal-io@0.37.0 test:db:rollback
v0.14.0 Upgrade and Encrypted Rollback	Upgrade from v0.14.0, restore, and re-upgrade	2026-10-05T23:03:31.5917315Z > node scripts/postgres-rollback-smoke.mjs
v0.14.0 Upgrade and Encrypted Rollback	Upgrade from v0.14.0, restore, and re-upgrade	2026-10-05T23:03:31.5918122Z 
v0.14.0 Upgrade and Encrypted Rollback	Upgrade from v0.14.0, restore, and re-upgrade	2026-10-05T23:03:44.6185929Z [postgres-rollback-smoke] Applying immutable v0.14.0 migration ledger.
v0.14.0 Upgrade and Encrypted Rollback	Upgrade from v0.14.0, restore, and re-upgrade	2026-10-05T23:03:48.0804457Z [postgres-rollback-smoke] Applying candidate migrations through 0045_firebase_identity_foundation.
v0.14.0 Upgrade and Encrypted Rollback	Upgrade from v0.14.0, restore, and re-upgrade	2026-10-05T23:03:49.9534758Z [postgres-rollback-smoke] Restoring the encrypted predecessor backup into the owned empty target.
v0.14.0 Upgrade and Encrypted Rollback	Upgrade from v0.14.0, restore, and re-upgrade	2026-10-05T23:03:50.4832198Z [postgres-rollback-smoke] Re-applying the candidate ledger to the restored predecessor data.
v0.14.0 Upgrade and Encrypted Rollback	Upgrade from v0.14.0, restore, and re-upgrade	2026-10-05T23:03:52.4965760Z [postgres-rollback-smoke] PASS: restored v0.14.0, verified its exact data/ledger, and re-upgraded through 0045_firebase_identity_foundation.
v0.14.0 Upgrade and Encrypted Rollback	Post Setup Node	﻿2026-10-05T23:03:52.5161570Z Post job cleanup.
v0.14.0 Upgrade and Encrypted Rollback	Post Setup Node	2026-10-05T23:03:52.6447186Z (node:4509) [DEP0040] DeprecationWarning: The `punycode` module is deprecated. Please use a userland alternative instead.
v0.14.0 Upgrade and Encrypted Rollback	Post Setup Node	2026-10-05T23:03:52.6448689Z (Use `node --trace-deprecation ...` to show where the warning was created)
v0.14.0 Upgrade and Encrypted Rollback	Post Setup Node	2026-10-05T23:03:52.6452351Z Cache hit occurred on the primary key node-cache-Linux-x64-npm-9ad1fc3d02200f097d647c965e5a2c426e45ead6e22fb282009302d8eeb7a3d3, not saving cache.
v0.14.0 Upgrade and Encrypted Rollback	Post Checkout candidate C with immutable base tag	﻿2026-10-05T23:03:52.6613367Z Post job cleanup.
v0.14.0 Upgrade and Encrypted Rollback	Post Checkout candidate C with immutable base tag	2026-10-05T23:03:52.7496653Z [command]/usr/bin/git version
v0.14.0 Upgrade and Encrypted Rollback	Post Checkout candidate C with immutable base tag	2026-10-05T23:03:52.7542950Z git version 2.55.0
v0.14.0 Upgrade and Encrypted Rollback	Post Checkout candidate C with immutable base tag	2026-10-05T23:03:52.7583663Z Temporarily overriding HOME='/home/runner/work/_temp/565429c6-f83a-484f-a373-4b3c205d23f4' before making global git config changes
v0.14.0 Upgrade and Encrypted Rollback	Post Checkout candidate C with immutable base tag	2026-10-05T23:03:52.7585186Z Adding repository directory to the temporary git global config as a safe directory
v0.14.0 Upgrade and Encrypted Rollback	Post Checkout candidate C with immutable base tag	2026-10-05T23:03:52.7590545Z [command]/usr/bin/git config --global --add safe.directory /home/runner/work/calibrate-health/calibrate-health
v0.14.0 Upgrade and Encrypted Rollback	Post Checkout candidate C with immutable base tag	2026-10-05T23:03:52.7630635Z [command]/usr/bin/git config --local --name-only --get-regexp core\.sshCommand
v0.14.0 Upgrade and Encrypted Rollback	Post Checkout candidate C with immutable base tag	2026-10-05T23:03:52.7667612Z [command]/usr/bin/git submodule foreach --recursive sh -c "git config --local --name-only --get-regexp 'core\.sshCommand' && git config --local --unset-all 'core.sshCommand' || :"
v0.14.0 Upgrade and Encrypted Rollback	Post Checkout candidate C with immutable base tag	2026-10-05T23:03:52.7930732Z [command]/usr/bin/git config --local --name-only --get-regexp http\.https\:\/\/github\.com\/\.extraheader
v0.14.0 Upgrade and Encrypted Rollback	Post Checkout candidate C with immutable base tag	2026-10-05T23:03:52.7960838Z http.https://github.com/.extraheader
v0.14.0 Upgrade and Encrypted Rollback	Post Checkout candidate C with immutable base tag	2026-10-05T23:03:52.7984107Z [command]/usr/bin/git config --local --unset-all http.https://github.com/.extraheader
v0.14.0 Upgrade and Encrypted Rollback	Post Checkout candidate C with immutable base tag	2026-10-05T23:03:52.8013554Z [command]/usr/bin/git submodule foreach --recursive sh -c "git config --local --name-only --get-regexp 'http\.https\:\/\/github\.com\/\.extraheader' && git config --local --unset-all 'http.https://github.com/.extraheader' || :"
v0.14.0 Upgrade and Encrypted Rollback	Post Checkout candidate C with immutable base tag	2026-10-05T23:03:52.8309626Z [command]/usr/bin/git config --local --name-only --get-regexp ^includeIf\.gitdir:
v0.14.0 Upgrade and Encrypted Rollback	Post Checkout candidate C with immutable base tag	2026-10-05T23:03:52.8371154Z [command]/usr/bin/git submodule foreach --recursive git config --local --show-origin --name-only --get-regexp remote.origin.url
v0.14.0 Upgrade and Encrypted Rollback	Complete job	﻿2026-10-05T23:03:52.8816089Z Cleaning up orphan processes
v0.14.0 Upgrade and Encrypted Rollback	Complete job	2026-10-05T23:03:52.9417830Z ##[warning]Node.js 20 is deprecated. The following actions target Node.js 20 but are being forced to run on Node.js 24: actions/checkout@v4, actions/setup-node@v4. For more information see: https://github.blog/changelog/2025-09-19-deprecation-of-node-20-on-github-actions-runners/
