Classify Database Inputs	Set up job	∩╗┐2026-10-05T21:34:15.7264524Z Current runner version: '2.337.0'
Classify Database Inputs	Set up job	2026-10-05T21:34:15.7298943Z ##[group]Runner Image Provisioner
Classify Database Inputs	Set up job	2026-10-05T21:34:15.7299979Z Hosted Compute Agent
Classify Database Inputs	Set up job	2026-10-05T21:34:15.7300580Z Version: 20260901.588
Classify Database Inputs	Set up job	2026-10-05T21:34:15.7301306Z Commit: f88ec8081b781fac6c440065ac7ff9e710ce3d0b
Classify Database Inputs	Set up job	2026-10-05T21:34:15.7302053Z Build Date: 2026-09-01T19:56:44Z
Classify Database Inputs	Set up job	2026-10-05T21:34:15.7302728Z Worker ID: {08163454-1ed7-4c8d-a441-fb53965e78dd}
Classify Database Inputs	Set up job	2026-10-05T21:34:15.7303521Z Azure Region: centralus
Classify Database Inputs	Set up job	2026-10-05T21:34:15.7304143Z ##[endgroup]
Classify Database Inputs	Set up job	2026-10-05T21:34:15.7305747Z ##[group]Operating System
Classify Database Inputs	Set up job	2026-10-05T21:34:15.7306463Z Ubuntu
Classify Database Inputs	Set up job	2026-10-05T21:34:15.7306985Z 24.04.5
Classify Database Inputs	Set up job	2026-10-05T21:34:15.7307589Z LTS
Classify Database Inputs	Set up job	2026-10-05T21:34:15.7308106Z ##[endgroup]
Classify Database Inputs	Set up job	2026-10-05T21:34:15.7309012Z ##[group]Runner Image
Classify Database Inputs	Set up job	2026-10-05T21:34:15.7309691Z Image: ubuntu-24.04
Classify Database Inputs	Set up job	2026-10-05T21:34:15.7310250Z Version: 20260927.320.1
Classify Database Inputs	Set up job	2026-10-05T21:34:15.7311374Z Included Software: https://github.com/actions/runner-images/blob/ubuntu24/20260927.320/images/ubuntu/Ubuntu2404-Readme.md
Classify Database Inputs	Set up job	2026-10-05T21:34:15.7313200Z Image Release: https://github.com/actions/runner-images/releases/tag/ubuntu24%2F20260927.320
Classify Database Inputs	Set up job	2026-10-05T21:34:15.7314197Z ##[endgroup]
Classify Database Inputs	Set up job	2026-10-05T21:34:15.7315467Z ##[group]GITHUB_TOKEN Permissions
Classify Database Inputs	Set up job	2026-10-05T21:34:15.7317331Z Contents: read
Classify Database Inputs	Set up job	2026-10-05T21:34:15.7317952Z Metadata: read
Classify Database Inputs	Set up job	2026-10-05T21:34:15.7318969Z PullRequests: read
Classify Database Inputs	Set up job	2026-10-05T21:34:15.7319559Z ##[endgroup]
Classify Database Inputs	Set up job	2026-10-05T21:34:15.7321649Z Secret source: Actions
Classify Database Inputs	Set up job	2026-10-05T21:34:15.7322734Z Cache mode: write
Classify Database Inputs	Set up job	2026-10-05T21:34:15.7323446Z Prepare workflow directory
Classify Database Inputs	Set up job	2026-10-05T21:34:15.7696880Z Prepare all required actions
Classify Database Inputs	Set up job	2026-10-05T21:34:15.7768687Z Getting action download info
Classify Database Inputs	Set up job	2026-10-05T21:34:16.0400248Z Download action repository 'dorny/paths-filter@v3' (SHA:0e4a8c6effa4802afeda77dc8d303f8176d7dfad)
Classify Database Inputs	Set up job	2026-10-05T21:34:16.5542470Z Complete job name: Classify Database Inputs
Classify Database Inputs	Detect affected database surfaces	∩╗┐2026-10-05T21:34:16.6290877Z ##[group]Run dorny/paths-filter@v3
Classify Database Inputs	Detect affected database surfaces	2026-10-05T21:34:16.6291824Z with:
Classify Database Inputs	Detect affected database surfaces	2026-10-05T21:34:16.6295958Z   filters: database:
Classify Database Inputs	Detect affected database surfaces	  - '.github/workflows/database-upgrade.yml'
Classify Database Inputs	Detect affected database surfaces	  - 'backend/package.json'
Classify Database Inputs	Detect affected database surfaces	  - 'backend/package-lock.json'
Classify Database Inputs	Detect affected database surfaces	  - 'backend/prisma.config.ts'
Classify Database Inputs	Detect affected database surfaces	  - 'backend/prisma/**'
Classify Database Inputs	Detect affected database surfaces	  - 'backend/src/config/database.ts'
Classify Database Inputs	Detect affected database surfaces	  - 'backend/src/config/databaseUtils.ts'
Classify Database Inputs	Detect affected database surfaces	  - 'backend/src/observability.ts'
Classify Database Inputs	Detect affected database surfaces	  - 'backend/src/services/materializedWeightTrend.ts'
Classify Database Inputs	Detect affected database surfaces	  - 'backend/src/services/weightTrend*.ts'
Classify Database Inputs	Detect affected database surfaces	  - 'backend/src/utils/date.ts'
Classify Database Inputs	Detect affected database surfaces	  - 'backend/tsconfig.json'
Classify Database Inputs	Detect affected database surfaces	  - 'deploy/backup/**'
Classify Database Inputs	Detect affected database surfaces	  - 'scripts/postgres-*.mjs'
Classify Database Inputs	Detect affected database surfaces	  - 'shared/weightTrend*.ts'
Classify Database Inputs	Detect affected database surfaces	migrations:
Classify Database Inputs	Detect affected database surfaces	  - '.github/workflows/database-upgrade.yml'
Classify Database Inputs	Detect affected database surfaces	  - 'backend/prisma/migrations/**'
Classify Database Inputs	Detect affected database surfaces	  - 'scripts/postgres-rollback-smoke.mjs'
Classify Database Inputs	Detect affected database surfaces	  - 'scripts/postgres-rollback-smoke.test.mjs'
Classify Database Inputs	Detect affected database surfaces	
Classify Database Inputs	Detect affected database surfaces	2026-10-05T21:34:16.6303791Z   token: ***
Classify Database Inputs	Detect affected database surfaces	2026-10-05T21:34:16.6304247Z   list-files: none
Classify Database Inputs	Detect affected database surfaces	2026-10-05T21:34:16.6304721Z   initial-fetch-depth: 100
Classify Database Inputs	Detect affected database surfaces	2026-10-05T21:34:16.6305239Z   predicate-quantifier: some
Classify Database Inputs	Detect affected database surfaces	2026-10-05T21:34:16.6306113Z ##[endgroup]
Classify Database Inputs	Detect affected database surfaces	2026-10-05T21:34:16.7297158Z ##[group]Fetching list of changed files for PR#423 from Github API
Classify Database Inputs	Detect affected database surfaces	2026-10-05T21:34:16.7298702Z Invoking listFiles(pull_number: 423, per_page: 100)
Classify Database Inputs	Detect affected database surfaces	2026-10-05T21:34:17.2754586Z Received 88 items
Classify Database Inputs	Detect affected database surfaces	2026-10-05T21:34:17.2757160Z [added] backend/prisma/migrations/0045_firebase_identity_foundation/migration.sql
Classify Database Inputs	Detect affected database surfaces	2026-10-05T21:34:17.2759451Z [modified] backend/prisma/schema.prisma
Classify Database Inputs	Detect affected database surfaces	2026-10-05T21:34:17.2761221Z [added] backend/scripts/firebase-migration-plan.js
Classify Database Inputs	Detect affected database surfaces	2026-10-05T21:34:17.2763135Z [added] backend/scripts/lib/credentialProvider.ts
Classify Database Inputs	Detect affected database surfaces	2026-10-05T21:34:17.2765093Z [added] backend/scripts/lib/firebaseMigration.ts
Classify Database Inputs	Detect affected database surfaces	2026-10-05T21:34:17.2766926Z [added] backend/scripts/lib/migrationJournal.ts
Classify Database Inputs	Detect affected database surfaces	2026-10-05T21:34:17.2768733Z [added] backend/src/config/credentialProvider.ts
Classify Database Inputs	Detect affected database surfaces	2026-10-05T21:34:17.2770127Z [modified] backend/src/index.ts
Classify Database Inputs	Detect affected database surfaces	2026-10-05T21:34:17.2771755Z [modified] backend/src/services/mcpOAuth.ts
Classify Database Inputs	Detect affected database surfaces	2026-10-05T21:34:17.2773447Z [added] backend/test/config-credential-provider.test.js
Classify Database Inputs	Detect affected database surfaces	2026-10-05T21:34:17.2775475Z [added] backend/test/credential-provider.test.js
Classify Database Inputs	Detect affected database surfaces	2026-10-05T21:34:17.2778822Z [added] backend/test/firebase-migration-cli.test.js
Classify Database Inputs	Detect affected database surfaces	2026-10-05T21:34:17.2781293Z [added] backend/test/firebase-migration.test.js
Classify Database Inputs	Detect affected database surfaces	2026-10-05T21:34:17.2783339Z [modified] backend/test/mcp-oauth.test.js
Classify Database Inputs	Detect affected database surfaces	2026-10-05T21:34:17.2785386Z [added] backend/test/migration-journal.test.js
Classify Database Inputs	Detect affected database surfaces	2026-10-05T21:34:17.2787330Z [added] docs/firebase-migration-preparation.md
Classify Database Inputs	Detect affected database surfaces	2026-10-05T21:34:17.2789809Z [modified] e2e/expo-web/launch-19-hosted-pwa-trust.spec.ts
Classify Database Inputs	Detect affected database surfaces	2026-10-05T21:34:17.2791926Z [added] e2e/expo-web/offline-workspace.spec.ts
Classify Database Inputs	Detect affected database surfaces	2026-10-05T21:34:17.2793833Z [modified] e2e/expo-web/release-smoke.spec.ts
Classify Database Inputs	Detect affected database surfaces	2026-10-05T21:34:17.2795647Z [modified] mobile/app/(tabs)/(progress)/progress.tsx
Classify Database Inputs	Detect affected database surfaces	2026-10-05T21:34:17.2797441Z [modified] mobile/app/(tabs)/(today)/today.tsx
Classify Database Inputs	Detect affected database surfaces	2026-10-05T21:34:17.2799509Z [modified] mobile/app/_layout.tsx
Classify Database Inputs	Detect affected database surfaces	2026-10-05T21:34:17.2801129Z [modified] mobile/app/_layout.web.tsx
Classify Database Inputs	Detect affected database surfaces	2026-10-05T21:34:17.2802963Z [modified] mobile/public/sw.js
Classify Database Inputs	Detect affected database surfaces	2026-10-05T21:34:17.2804689Z [modified] mobile/src/auth/AuthContext.test.tsx
Classify Database Inputs	Detect affected database surfaces	2026-10-05T21:34:17.2806334Z [modified] mobile/src/auth/AuthContext.tsx
Classify Database Inputs	Detect affected database surfaces	2026-10-05T21:34:17.2807818Z [modified] mobile/src/auth/AuthContext.web.test.tsx
Classify Database Inputs	Detect affected database surfaces	2026-10-05T21:34:17.2809946Z [modified] mobile/src/auth/AuthContext.web.tsx
Classify Database Inputs	Detect affected database surfaces	2026-10-05T21:34:17.2811906Z [modified] mobile/src/auth/apiClientAuth.test.ts
Classify Database Inputs	Detect affected database surfaces	2026-10-05T21:34:17.2813664Z [added] mobile/src/auth/logoutIntent.ts
Classify Database Inputs	Detect affected database surfaces	2026-10-05T21:34:17.2815347Z [added] mobile/src/auth/logoutIntent.web.ts
Classify Database Inputs	Detect affected database surfaces	2026-10-05T21:34:17.2817118Z [added] mobile/src/auth/logoutIntentStore.test.ts
Classify Database Inputs	Detect affected database surfaces	2026-10-05T21:34:17.2819505Z [added] mobile/src/auth/logoutIntentStore.ts
Classify Database Inputs	Detect affected database surfaces	2026-10-05T21:34:17.2821465Z [added] mobile/src/auth/offlineWorkspace.test.ts
Classify Database Inputs	Detect affected database surfaces	2026-10-05T21:34:17.2823264Z [added] mobile/src/auth/offlineWorkspace.ts
Classify Database Inputs	Detect affected database surfaces	2026-10-05T21:34:17.2824955Z [added] mobile/src/auth/storage.test.ts
Classify Database Inputs	Detect affected database surfaces	2026-10-05T21:34:17.2826555Z [modified] mobile/src/auth/storage.ts
Classify Database Inputs	Detect affected database surfaces	2026-10-05T21:34:17.2828849Z [added] mobile/src/auth/usePendingLogoutRetry.ts
Classify Database Inputs	Detect affected database surfaces	2026-10-05T21:34:17.2830738Z [modified] mobile/src/barcode/BarcodeScreen.tsx
Classify Database Inputs	Detect affected database surfaces	2026-10-05T21:34:17.2832545Z [modified] mobile/src/components/AddFoodSheet.tsx
Classify Database Inputs	Detect affected database surfaces	2026-10-05T21:34:17.2834419Z [modified] mobile/src/components/FoodTrackingStatus.test.tsx
Classify Database Inputs	Detect affected database surfaces	2026-10-05T21:34:17.2836443Z [modified] mobile/src/components/FoodTrackingStatus.tsx
Classify Database Inputs	Detect affected database surfaces	2026-10-05T21:34:17.2838742Z [modified] mobile/src/components/WeightEntrySheet.test.tsx
Classify Database Inputs	Detect affected database surfaces	2026-10-05T21:34:17.2840659Z [modified] mobile/src/components/WeightEntrySheet.tsx
Classify Database Inputs	Detect affected database surfaces	2026-10-05T21:34:17.2842262Z [modified] mobile/src/food/FoodLogContent.tsx
Classify Database Inputs	Detect affected database surfaces	2026-10-05T21:34:17.2844220Z [modified] mobile/src/food/useFoodDeleteRecovery.ts
Classify Database Inputs	Detect affected database surfaces	2026-10-05T21:34:17.2846374Z [modified] mobile/src/hooks/usePrefetchPreviousFoodLog.ts
Classify Database Inputs	Detect affected database surfaces	2026-10-05T21:34:17.2848094Z [added] mobile/src/offline/FailedChangeRecoveryPanel.tsx
Classify Database Inputs	Detect affected database surfaces	2026-10-05T21:34:17.2849927Z [added] mobile/src/offline/OfflineWorkspaceStatus.tsx
Classify Database Inputs	Detect affected database surfaces	2026-10-05T21:34:17.2851335Z [added] mobile/src/offline/failedCreation.test.ts
Classify Database Inputs	Detect affected database surfaces	2026-10-05T21:34:17.2852707Z [added] mobile/src/offline/failedCreation.ts
Classify Database Inputs	Detect affected database surfaces	2026-10-05T21:34:17.2854121Z [added] mobile/src/offline/failedMutationRecovery.test.ts
Classify Database Inputs	Detect affected database surfaces	2026-10-05T21:34:17.2855242Z [added] mobile/src/offline/failedMutationRecovery.ts
Classify Database Inputs	Detect affected database surfaces	2026-10-05T21:34:17.2857224Z [modified] mobile/src/offline/indexedDbOutbox.web.test.ts
Classify Database Inputs	Detect affected database surfaces	2026-10-05T21:34:17.2859181Z [modified] mobile/src/offline/indexedDbOutbox.web.ts
Classify Database Inputs	Detect affected database surfaces	2026-10-05T21:34:17.2860732Z [added] mobile/src/offline/mutationDispatch.test.ts
Classify Database Inputs	Detect affected database surfaces	2026-10-05T21:34:17.2862179Z [added] mobile/src/offline/mutationDispatch.ts
Classify Database Inputs	Detect affected database surfaces	2026-10-05T21:34:17.2863522Z [added] mobile/src/offline/mutationKinds.ts
Classify Database Inputs	Detect affected database surfaces	2026-10-05T21:34:17.2864833Z [added] mobile/src/offline/mutationLock.ts
Classify Database Inputs	Detect affected database surfaces	2026-10-05T21:34:17.2866192Z [added] mobile/src/offline/mutationLock.web.test.ts
Classify Database Inputs	Detect affected database surfaces	2026-10-05T21:34:17.2867652Z [added] mobile/src/offline/mutationLock.web.ts
Classify Database Inputs	Detect affected database surfaces	2026-10-05T21:34:17.2869328Z [modified] mobile/src/offline/operations.test.ts
Classify Database Inputs	Detect affected database surfaces	2026-10-05T21:34:17.2870354Z [modified] mobile/src/offline/operations.ts
Classify Database Inputs	Detect affected database surfaces	2026-10-05T21:34:17.2871131Z [modified] mobile/src/offline/outbox.test.ts
Classify Database Inputs	Detect affected database surfaces	2026-10-05T21:34:17.2872075Z [modified] mobile/src/offline/outbox.ts
Classify Database Inputs	Detect affected database surfaces	2026-10-05T21:34:17.2872905Z [added] mobile/src/offline/pendingChangePresentation.test.ts
Classify Database Inputs	Detect affected database surfaces	2026-10-05T21:34:17.2873785Z [added] mobile/src/offline/pendingChangePresentation.ts
Classify Database Inputs	Detect affected database surfaces	2026-10-05T21:34:17.2874584Z [modified] mobile/src/offline/provider.test.tsx
Classify Database Inputs	Detect affected database surfaces	2026-10-05T21:34:17.2875304Z [modified] mobile/src/offline/provider.tsx
Classify Database Inputs	Detect affected database surfaces	2026-10-05T21:34:17.2876036Z [modified] mobile/src/offline/provider.web.test.tsx
Classify Database Inputs	Detect affected database surfaces	2026-10-05T21:34:17.2876780Z [modified] mobile/src/offline/provider.web.tsx
Classify Database Inputs	Detect affected database surfaces	2026-10-05T21:34:17.2877545Z [added] mobile/src/offline/trackingProjection.test.ts
Classify Database Inputs	Detect affected database surfaces	2026-10-05T21:34:17.2878609Z [added] mobile/src/offline/trackingProjection.ts
Classify Database Inputs	Detect affected database surfaces	2026-10-05T21:34:17.2879433Z [added] mobile/src/offline/trackingReceipts.test.ts
Classify Database Inputs	Detect affected database surfaces	2026-10-05T21:34:17.2880214Z [added] mobile/src/offline/trackingReceipts.ts
Classify Database Inputs	Detect affected database surfaces	2026-10-05T21:34:17.2880998Z [added] mobile/src/offline/useOfflineReplayExecutor.ts
Classify Database Inputs	Detect affected database surfaces	2026-10-05T21:34:17.2881827Z [added] mobile/src/offline/useTrackingQueries.test.tsx
Classify Database Inputs	Detect affected database surfaces	2026-10-05T21:34:17.2882647Z [added] mobile/src/offline/useTrackingQueries.ts
Classify Database Inputs	Detect affected database surfaces	2026-10-05T21:34:17.2883433Z [modified] mobile/src/progress/ProgressScreen.test.tsx
Classify Database Inputs	Detect affected database surfaces	2026-10-05T21:34:17.2884245Z [modified] mobile/src/pwa/PwaStatusBanner.web.test.ts
Classify Database Inputs	Detect affected database surfaces	2026-10-05T21:34:17.2885035Z [modified] mobile/src/pwa/PwaStatusBanner.web.tsx
Classify Database Inputs	Detect affected database surfaces	2026-10-05T21:34:17.2885829Z [modified] mobile/src/pwa/serviceWorkerSecurity.test.ts
Classify Database Inputs	Detect affected database surfaces	2026-10-05T21:34:17.2886611Z [modified] packages/api-client/src/client.ts
Classify Database Inputs	Detect affected database surfaces	2026-10-05T21:34:17.2887308Z [modified] scripts/expo-web-release.mjs
Classify Database Inputs	Detect affected database surfaces	2026-10-05T21:34:17.2888001Z [modified] scripts/expo-web-release.test.mjs
Classify Database Inputs	Detect affected database surfaces	2026-10-05T21:34:17.2889103Z [modified] scripts/postgres-populated-upgrade-smoke.mjs
Classify Database Inputs	Detect affected database surfaces	2026-10-05T21:34:17.2889962Z [modified] scripts/postgres-rollback-smoke.mjs
Classify Database Inputs	Detect affected database surfaces	2026-10-05T21:34:17.2891409Z [modified] scripts/postgres-rollback-smoke.test.mjs
Classify Database Inputs	Detect affected database surfaces	2026-10-05T21:34:17.2894167Z ##[endgroup]
Classify Database Inputs	Detect affected database surfaces	2026-10-05T21:34:17.2895028Z Detected 88 changed files
Classify Database Inputs	Detect affected database surfaces	2026-10-05T21:34:17.2895603Z Results:
Classify Database Inputs	Detect affected database surfaces	2026-10-05T21:34:17.2896792Z ##[group]Filter database = true
Classify Database Inputs	Detect affected database surfaces	2026-10-05T21:34:17.2897374Z Matching files:
Classify Database Inputs	Detect affected database surfaces	2026-10-05T21:34:17.2898154Z backend/prisma/migrations/0045_firebase_identity_foundation/migration.sql [added]
Classify Database Inputs	Detect affected database surfaces	2026-10-05T21:34:17.2899493Z backend/prisma/schema.prisma [modified]
Classify Database Inputs	Detect affected database surfaces	2026-10-05T21:34:17.2900279Z scripts/postgres-populated-upgrade-smoke.mjs [modified]
Classify Database Inputs	Detect affected database surfaces	2026-10-05T21:34:17.2901102Z scripts/postgres-rollback-smoke.mjs [modified]
Classify Database Inputs	Detect affected database surfaces	2026-10-05T21:34:17.2901883Z scripts/postgres-rollback-smoke.test.mjs [modified]
Classify Database Inputs	Detect affected database surfaces	2026-10-05T21:34:17.2903237Z ##[endgroup]
Classify Database Inputs	Detect affected database surfaces	2026-10-05T21:34:17.2904350Z ##[group]Filter migrations = true
Classify Database Inputs	Detect affected database surfaces	2026-10-05T21:34:17.2904933Z Matching files:
Classify Database Inputs	Detect affected database surfaces	2026-10-05T21:34:17.2905715Z backend/prisma/migrations/0045_firebase_identity_foundation/migration.sql [added]
Classify Database Inputs	Detect affected database surfaces	2026-10-05T21:34:17.2906724Z scripts/postgres-rollback-smoke.mjs [modified]
Classify Database Inputs	Detect affected database surfaces	2026-10-05T21:34:17.2907500Z scripts/postgres-rollback-smoke.test.mjs [modified]
Classify Database Inputs	Detect affected database surfaces	2026-10-05T21:34:17.2909086Z ##[endgroup]
Classify Database Inputs	Detect affected database surfaces	2026-10-05T21:34:17.2909681Z Changes output set to ["database","migrations"]
Classify Database Inputs	Select database execution	∩╗┐2026-10-05T21:34:17.3080841Z ##[group]Run echo "database=${DATABASE_CHANGED}" >> "${GITHUB_OUTPUT}"
Classify Database Inputs	Select database execution	2026-10-05T21:34:17.3081926Z ^[[36;1mecho "database=${DATABASE_CHANGED}" >> "${GITHUB_OUTPUT}"^[[0m
Classify Database Inputs	Select database execution	2026-10-05T21:34:17.3082872Z ^[[36;1mecho "migrations=${MIGRATIONS_CHANGED}" >> "${GITHUB_OUTPUT}"^[[0m
Classify Database Inputs	Select database execution	2026-10-05T21:34:17.3342290Z shell: /usr/bin/bash --noprofile --norc -e -o pipefail {0}
Classify Database Inputs	Select database execution	2026-10-05T21:34:17.3343098Z env:
Classify Database Inputs	Select database execution	2026-10-05T21:34:17.3343626Z   DATABASE_CHANGED: true
Classify Database Inputs	Select database execution	2026-10-05T21:34:17.3344160Z   MIGRATIONS_CHANGED: true
Classify Database Inputs	Select database execution	2026-10-05T21:34:17.3344682Z ##[endgroup]
Classify Database Inputs	Complete job	∩╗┐2026-10-05T21:34:17.3546726Z Evaluate and set job outputs
Classify Database Inputs	Complete job	2026-10-05T21:34:17.3553793Z Set output 'database'
Classify Database Inputs	Complete job	2026-10-05T21:34:17.3555854Z Set output 'migrations'
Classify Database Inputs	Complete job	2026-10-05T21:34:17.3557601Z Cleaning up orphan processes
Classify Database Inputs	Complete job	2026-10-05T21:34:17.3920017Z ##[warning]Node.js 20 is deprecated. The following actions target Node.js 20 but are being forced to run on Node.js 24: dorny/paths-filter@v3. For more information see: https://github.blog/changelog/2025-09-19-deprecation-of-node-20-on-github-actions-runners/
v0.14.0 Upgrade and Encrypted Rollback	Set up job	∩╗┐2026-10-05T21:34:22.6303529Z Current runner version: '2.337.0'
v0.14.0 Upgrade and Encrypted Rollback	Set up job	2026-10-05T21:34:22.6328091Z ##[group]Runner Image Provisioner
v0.14.0 Upgrade and Encrypted Rollback	Set up job	2026-10-05T21:34:22.6328970Z Hosted Compute Agent
v0.14.0 Upgrade and Encrypted Rollback	Set up job	2026-10-05T21:34:22.6329669Z Version: 20260901.588
v0.14.0 Upgrade and Encrypted Rollback	Set up job	2026-10-05T21:34:22.6330335Z Commit: f88ec8081b781fac6c440065ac7ff9e710ce3d0b
v0.14.0 Upgrade and Encrypted Rollback	Set up job	2026-10-05T21:34:22.6331079Z Build Date: 2026-09-01T19:56:44Z
v0.14.0 Upgrade and Encrypted Rollback	Set up job	2026-10-05T21:34:22.6332158Z Worker ID: {137f51f2-cf71-49d5-a9ce-8ff980a88e89}
v0.14.0 Upgrade and Encrypted Rollback	Set up job	2026-10-05T21:34:22.6332901Z Azure Region: westus3
v0.14.0 Upgrade and Encrypted Rollback	Set up job	2026-10-05T21:34:22.6333553Z ##[endgroup]
v0.14.0 Upgrade and Encrypted Rollback	Set up job	2026-10-05T21:34:22.6334995Z ##[group]Operating System
v0.14.0 Upgrade and Encrypted Rollback	Set up job	2026-10-05T21:34:22.6335644Z Ubuntu
v0.14.0 Upgrade and Encrypted Rollback	Set up job	2026-10-05T21:34:22.6336239Z 24.04.5
v0.14.0 Upgrade and Encrypted Rollback	Set up job	2026-10-05T21:34:22.6336750Z LTS
v0.14.0 Upgrade and Encrypted Rollback	Set up job	2026-10-05T21:34:22.6337297Z ##[endgroup]
v0.14.0 Upgrade and Encrypted Rollback	Set up job	2026-10-05T21:34:22.6337921Z ##[group]Runner Image
v0.14.0 Upgrade and Encrypted Rollback	Set up job	2026-10-05T21:34:22.6338528Z Image: ubuntu-24.04
v0.14.0 Upgrade and Encrypted Rollback	Set up job	2026-10-05T21:34:22.6339179Z Version: 20260927.320.1
v0.14.0 Upgrade and Encrypted Rollback	Set up job	2026-10-05T21:34:22.6340270Z Included Software: https://github.com/actions/runner-images/blob/ubuntu24/20260927.320/images/ubuntu/Ubuntu2404-Readme.md
v0.14.0 Upgrade and Encrypted Rollback	Set up job	2026-10-05T21:34:22.6342369Z Image Release: https://github.com/actions/runner-images/releases/tag/ubuntu24%2F20260927.320
v0.14.0 Upgrade and Encrypted Rollback	Set up job	2026-10-05T21:34:22.6343416Z ##[endgroup]
v0.14.0 Upgrade and Encrypted Rollback	Set up job	2026-10-05T21:34:22.6344608Z ##[group]GITHUB_TOKEN Permissions
v0.14.0 Upgrade and Encrypted Rollback	Set up job	2026-10-05T21:34:22.6346517Z Contents: read
v0.14.0 Upgrade and Encrypted Rollback	Set up job	2026-10-05T21:34:22.6347225Z Metadata: read
v0.14.0 Upgrade and Encrypted Rollback	Set up job	2026-10-05T21:34:22.6347798Z ##[endgroup]
v0.14.0 Upgrade and Encrypted Rollback	Set up job	2026-10-05T21:34:22.6349756Z Secret source: Actions
v0.14.0 Upgrade and Encrypted Rollback	Set up job	2026-10-05T21:34:22.6350881Z Cache mode: write
v0.14.0 Upgrade and Encrypted Rollback	Set up job	2026-10-05T21:34:22.6351845Z Prepare workflow directory
v0.14.0 Upgrade and Encrypted Rollback	Set up job	2026-10-05T21:34:22.6881643Z Prepare all required actions
v0.14.0 Upgrade and Encrypted Rollback	Set up job	2026-10-05T21:34:22.6928466Z Getting action download info
v0.14.0 Upgrade and Encrypted Rollback	Set up job	2026-10-05T21:34:23.0289957Z Download action repository 'actions/checkout@v4' (SHA:11d5960a326750d5838078e36cf38b85af677262)
v0.14.0 Upgrade and Encrypted Rollback	Set up job	2026-10-05T21:34:23.1375882Z Download action repository 'actions/setup-node@v4' (SHA:49933ea5288caeca8642d1e84afbd3f7d6820020)
v0.14.0 Upgrade and Encrypted Rollback	Set up job	2026-10-05T21:34:23.3116233Z Complete job name: v0.14.0 Upgrade and Encrypted Rollback
v0.14.0 Upgrade and Encrypted Rollback	Checkout candidate C with immutable base tag	∩╗┐2026-10-05T21:34:23.3833897Z ##[group]Run actions/checkout@v4
v0.14.0 Upgrade and Encrypted Rollback	Checkout candidate C with immutable base tag	2026-10-05T21:34:23.3834833Z with:
v0.14.0 Upgrade and Encrypted Rollback	Checkout candidate C with immutable base tag	2026-10-05T21:34:23.3835274Z   fetch-depth: 0
v0.14.0 Upgrade and Encrypted Rollback	Checkout candidate C with immutable base tag	2026-10-05T21:34:23.3835786Z   ref: ed170e7e8a716e6a1b71b726bb49a0a184c01ad6
v0.14.0 Upgrade and Encrypted Rollback	Checkout candidate C with immutable base tag	2026-10-05T21:34:23.3836431Z   repository: MChartier/calibrate-health
v0.14.0 Upgrade and Encrypted Rollback	Checkout candidate C with immutable base tag	2026-10-05T21:34:23.3840413Z   token: ***
v0.14.0 Upgrade and Encrypted Rollback	Checkout candidate C with immutable base tag	2026-10-05T21:34:23.3840860Z   ssh-strict: true
v0.14.0 Upgrade and Encrypted Rollback	Checkout candidate C with immutable base tag	2026-10-05T21:34:23.3841581Z   ssh-user: git
v0.14.0 Upgrade and Encrypted Rollback	Checkout candidate C with immutable base tag	2026-10-05T21:34:23.3842065Z   persist-credentials: true
v0.14.0 Upgrade and Encrypted Rollback	Checkout candidate C with immutable base tag	2026-10-05T21:34:23.3842569Z   clean: true
v0.14.0 Upgrade and Encrypted Rollback	Checkout candidate C with immutable base tag	2026-10-05T21:34:23.3843033Z   sparse-checkout-cone-mode: true
v0.14.0 Upgrade and Encrypted Rollback	Checkout candidate C with immutable base tag	2026-10-05T21:34:23.3843570Z   fetch-tags: false
v0.14.0 Upgrade and Encrypted Rollback	Checkout candidate C with immutable base tag	2026-10-05T21:34:23.3844028Z   show-progress: true
v0.14.0 Upgrade and Encrypted Rollback	Checkout candidate C with immutable base tag	2026-10-05T21:34:23.3844487Z   lfs: false
v0.14.0 Upgrade and Encrypted Rollback	Checkout candidate C with immutable base tag	2026-10-05T21:34:23.3844910Z   submodules: false
v0.14.0 Upgrade and Encrypted Rollback	Checkout candidate C with immutable base tag	2026-10-05T21:34:23.3845376Z   set-safe-directory: true
v0.14.0 Upgrade and Encrypted Rollback	Checkout candidate C with immutable base tag	2026-10-05T21:34:23.3845897Z   allow-unsafe-pr-checkout: false
v0.14.0 Upgrade and Encrypted Rollback	Checkout candidate C with immutable base tag	2026-10-05T21:34:23.3846677Z env:
v0.14.0 Upgrade and Encrypted Rollback	Checkout candidate C with immutable base tag	2026-10-05T21:34:23.3847263Z   CALIBRATE_SOURCE_COMMIT: ed170e7e8a716e6a1b71b726bb49a0a184c01ad6
v0.14.0 Upgrade and Encrypted Rollback	Checkout candidate C with immutable base tag	2026-10-05T21:34:23.3848001Z ##[endgroup]
v0.14.0 Upgrade and Encrypted Rollback	Checkout candidate C with immutable base tag	2026-10-05T21:34:23.4896748Z Syncing repository: MChartier/calibrate-health
v0.14.0 Upgrade and Encrypted Rollback	Checkout candidate C with immutable base tag	2026-10-05T21:34:23.4899400Z ##[group]Getting Git version info
v0.14.0 Upgrade and Encrypted Rollback	Checkout candidate C with immutable base tag	2026-10-05T21:34:23.4900804Z Working directory is '/home/runner/work/calibrate-health/calibrate-health'
v0.14.0 Upgrade and Encrypted Rollback	Checkout candidate C with immutable base tag	2026-10-05T21:34:23.4902818Z [command]/usr/bin/git version
v0.14.0 Upgrade and Encrypted Rollback	Checkout candidate C with immutable base tag	2026-10-05T21:34:23.4957995Z git version 2.55.0
v0.14.0 Upgrade and Encrypted Rollback	Checkout candidate C with immutable base tag	2026-10-05T21:34:23.4980532Z ##[endgroup]
v0.14.0 Upgrade and Encrypted Rollback	Checkout candidate C with immutable base tag	2026-10-05T21:34:23.4996023Z Temporarily overriding HOME='/home/runner/work/_temp/cec432d0-674a-4589-a949-6bcfb002e7ac' before making global git config changes
v0.14.0 Upgrade and Encrypted Rollback	Checkout candidate C with immutable base tag	2026-10-05T21:34:23.4998470Z Adding repository directory to the temporary git global config as a safe directory
v0.14.0 Upgrade and Encrypted Rollback	Checkout candidate C with immutable base tag	2026-10-05T21:34:23.5001791Z [command]/usr/bin/git config --global --add safe.directory /home/runner/work/calibrate-health/calibrate-health
v0.14.0 Upgrade and Encrypted Rollback	Checkout candidate C with immutable base tag	2026-10-05T21:34:23.5064747Z Deleting the contents of '/home/runner/work/calibrate-health/calibrate-health'
v0.14.0 Upgrade and Encrypted Rollback	Checkout candidate C with immutable base tag	2026-10-05T21:34:23.5070735Z ##[group]Initializing the repository
v0.14.0 Upgrade and Encrypted Rollback	Checkout candidate C with immutable base tag	2026-10-05T21:34:23.5072253Z [command]/usr/bin/git init /home/runner/work/calibrate-health/calibrate-health
v0.14.0 Upgrade and Encrypted Rollback	Checkout candidate C with immutable base tag	2026-10-05T21:34:23.5181904Z hint: Using 'master' as the name for the initial branch. This default branch name
v0.14.0 Upgrade and Encrypted Rollback	Checkout candidate C with immutable base tag	2026-10-05T21:34:23.5183583Z hint: will change to "main" in Git 3.0. To configure the initial branch name
v0.14.0 Upgrade and Encrypted Rollback	Checkout candidate C with immutable base tag	2026-10-05T21:34:23.5185085Z hint: to use in all of your new repositories, which will suppress this warning,
v0.14.0 Upgrade and Encrypted Rollback	Checkout candidate C with immutable base tag	2026-10-05T21:34:23.5186264Z hint: call:
v0.14.0 Upgrade and Encrypted Rollback	Checkout candidate C with immutable base tag	2026-10-05T21:34:23.5186886Z hint:
v0.14.0 Upgrade and Encrypted Rollback	Checkout candidate C with immutable base tag	2026-10-05T21:34:23.5187670Z hint: 	git config --global init.defaultBranch <name>
v0.14.0 Upgrade and Encrypted Rollback	Checkout candidate C with immutable base tag	2026-10-05T21:34:23.5188636Z hint:
v0.14.0 Upgrade and Encrypted Rollback	Checkout candidate C with immutable base tag	2026-10-05T21:34:23.5189545Z hint: Names commonly chosen instead of 'master' are 'main', 'trunk' and
v0.14.0 Upgrade and Encrypted Rollback	Checkout candidate C with immutable base tag	2026-10-05T21:34:23.5191037Z hint: 'development'. The just-created branch can be renamed via this command:
v0.14.0 Upgrade and Encrypted Rollback	Checkout candidate C with immutable base tag	2026-10-05T21:34:23.5192400Z hint:
v0.14.0 Upgrade and Encrypted Rollback	Checkout candidate C with immutable base tag	2026-10-05T21:34:23.5193044Z hint: 	git branch -m <name>
v0.14.0 Upgrade and Encrypted Rollback	Checkout candidate C with immutable base tag	2026-10-05T21:34:23.5193781Z hint:
v0.14.0 Upgrade and Encrypted Rollback	Checkout candidate C with immutable base tag	2026-10-05T21:34:23.5194827Z hint: Disable this message with "git config set advice.defaultBranchName false"
v0.14.0 Upgrade and Encrypted Rollback	Checkout candidate C with immutable base tag	2026-10-05T21:34:23.5196665Z Initialized empty Git repository in /home/runner/work/calibrate-health/calibrate-health/.git/
v0.14.0 Upgrade and Encrypted Rollback	Checkout candidate C with immutable base tag	2026-10-05T21:34:23.5203978Z [command]/usr/bin/git remote add origin https://github.com/MChartier/calibrate-health
v0.14.0 Upgrade and Encrypted Rollback	Checkout candidate C with immutable base tag	2026-10-05T21:34:23.5259364Z ##[endgroup]
v0.14.0 Upgrade and Encrypted Rollback	Checkout candidate C with immutable base tag	2026-10-05T21:34:23.5260561Z ##[group]Disabling automatic garbage collection
v0.14.0 Upgrade and Encrypted Rollback	Checkout candidate C with immutable base tag	2026-10-05T21:34:23.5263311Z [command]/usr/bin/git config --local gc.auto 0
v0.14.0 Upgrade and Encrypted Rollback	Checkout candidate C with immutable base tag	2026-10-05T21:34:23.5294356Z ##[endgroup]
v0.14.0 Upgrade and Encrypted Rollback	Checkout candidate C with immutable base tag	2026-10-05T21:34:23.5295552Z ##[group]Setting up auth
v0.14.0 Upgrade and Encrypted Rollback	Checkout candidate C with immutable base tag	2026-10-05T21:34:23.5301032Z [command]/usr/bin/git config --local --name-only --get-regexp core\.sshCommand
v0.14.0 Upgrade and Encrypted Rollback	Checkout candidate C with immutable base tag	2026-10-05T21:34:23.5337122Z [command]/usr/bin/git submodule foreach --recursive sh -c "git config --local --name-only --get-regexp 'core\.sshCommand' && git config --local --unset-all 'core.sshCommand' || :"
v0.14.0 Upgrade and Encrypted Rollback	Checkout candidate C with immutable base tag	2026-10-05T21:34:23.5706087Z [command]/usr/bin/git config --local --name-only --get-regexp http\.https\:\/\/github\.com\/\.extraheader
v0.14.0 Upgrade and Encrypted Rollback	Checkout candidate C with immutable base tag	2026-10-05T21:34:23.5745981Z [command]/usr/bin/git submodule foreach --recursive sh -c "git config --local --name-only --get-regexp 'http\.https\:\/\/github\.com\/\.extraheader' && git config --local --unset-all 'http.https://github.com/.extraheader' || :"
v0.14.0 Upgrade and Encrypted Rollback	Checkout candidate C with immutable base tag	2026-10-05T21:34:23.5980959Z [command]/usr/bin/git config --local --name-only --get-regexp ^includeIf\.gitdir:
v0.14.0 Upgrade and Encrypted Rollback	Checkout candidate C with immutable base tag	2026-10-05T21:34:23.6024608Z [command]/usr/bin/git submodule foreach --recursive git config --local --show-origin --name-only --get-regexp remote.origin.url
v0.14.0 Upgrade and Encrypted Rollback	Checkout candidate C with immutable base tag	2026-10-05T21:34:23.6260926Z [command]/usr/bin/git config --local http.https://github.com/.extraheader AUTHORIZATION: basic ***
v0.14.0 Upgrade and Encrypted Rollback	Checkout candidate C with immutable base tag	2026-10-05T21:34:23.6301744Z ##[endgroup]
v0.14.0 Upgrade and Encrypted Rollback	Checkout candidate C with immutable base tag	2026-10-05T21:34:23.6302787Z ##[group]Fetching the repository
v0.14.0 Upgrade and Encrypted Rollback	Checkout candidate C with immutable base tag	2026-10-05T21:34:23.6312052Z [command]/usr/bin/git -c protocol.version=2 fetch --prune --no-recurse-submodules origin +refs/heads/*:refs/remotes/origin/* +refs/tags/*:refs/tags/*
v0.14.0 Upgrade and Encrypted Rollback	Checkout candidate C with immutable base tag	2026-10-05T21:34:27.1873991Z From https://github.com/MChartier/calibrate-health
v0.14.0 Upgrade and Encrypted Rollback	Checkout candidate C with immutable base tag	2026-10-05T21:34:27.1876674Z  * [new branch]        MChartier-patch-1       -> origin/MChartier-patch-1
v0.14.0 Upgrade and Encrypted Rollback	Checkout candidate C with immutable base tag	2026-10-05T21:34:27.1878107Z  * [new branch]        add-test-coverage       -> origin/add-test-coverage
v0.14.0 Upgrade and Encrypted Rollback	Checkout candidate C with immutable base tag	2026-10-05T21:34:27.1879737Z  * [new branch]        agents-md-update        -> origin/agents-md-update
v0.14.0 Upgrade and Encrypted Rollback	Checkout candidate C with immutable base tag	2026-10-05T21:34:27.1881965Z  * [new branch]        alpha                   -> origin/alpha
v0.14.0 Upgrade and Encrypted Rollback	Checkout candidate C with immutable base tag	2026-10-05T21:34:27.1884230Z  * [new branch]        archive/pr415-pre-scope-cleanup-ed4a2a7 -> origin/archive/pr415-pre-scope-cleanup-ed4a2a7
v0.14.0 Upgrade and Encrypted Rollback	Checkout candidate C with immutable base tag	2026-10-05T21:34:27.1886610Z  * [new branch]        athletic-data-theme     -> origin/athletic-data-theme
v0.14.0 Upgrade and Encrypted Rollback	Checkout candidate C with immutable base tag	2026-10-05T21:34:27.1888599Z  * [new branch]        auto-start-dev-server   -> origin/auto-start-dev-server
v0.14.0 Upgrade and Encrypted Rollback	Checkout candidate C with immutable base tag	2026-10-05T21:34:27.1890550Z  * [new branch]        aws-deploy-ec2-rds      -> origin/aws-deploy-ec2-rds
v0.14.0 Upgrade and Encrypted Rollback	Checkout candidate C with immutable base tag	2026-10-05T21:34:27.1892781Z  * [new branch]        barcode-scanner         -> origin/barcode-scanner
v0.14.0 Upgrade and Encrypted Rollback	Checkout candidate C with immutable base tag	2026-10-05T21:34:27.1894733Z  * [new branch]        barcode-scanner-fix     -> origin/barcode-scanner-fix
v0.14.0 Upgrade and Encrypted Rollback	Checkout candidate C with immutable base tag	2026-10-05T21:34:27.1897051Z  * [new branch]        beta                    -> origin/beta
v0.14.0 Upgrade and Encrypted Rollback	Checkout candidate C with immutable base tag	2026-10-05T21:34:27.1898895Z  * [new branch]        build-image-fix         -> origin/build-image-fix
v0.14.0 Upgrade and Encrypted Rollback	Checkout candidate C with immutable base tag	2026-10-05T21:34:27.1901023Z  * [new branch]        calorie-target-card-profile-autosave -> origin/calorie-target-card-profile-autosave
v0.14.0 Upgrade and Encrypted Rollback	Checkout candidate C with immutable base tag	2026-10-05T21:34:27.1903901Z  * [new branch]        ci-actions              -> origin/ci-actions
v0.14.0 Upgrade and Encrypted Rollback	Checkout candidate C with immutable base tag	2026-10-05T21:34:27.1905712Z  * [new branch]        ci-fix-prod-deploy-on-master -> origin/ci-fix-prod-deploy-on-master
v0.14.0 Upgrade and Encrypted Rollback	Checkout candidate C with immutable base tag	2026-10-05T21:34:27.1908170Z  * [new branch]        ci/build-deploy-release-trigger -> origin/ci/build-deploy-release-trigger
v0.14.0 Upgrade and Encrypted Rollback	Checkout candidate C with immutable base tag	2026-10-05T21:34:27.1909416Z  * [new branch]        ci/cut-release-tag-workflow -> origin/ci/cut-release-tag-workflow
v0.14.0 Upgrade and Encrypted Rollback	Checkout candidate C with immutable base tag	2026-10-05T21:34:27.1910482Z  * [new branch]        ci/ecs-wait-stable-longer -> origin/ci/ecs-wait-stable-longer
v0.14.0 Upgrade and Encrypted Rollback	Checkout candidate C with immutable base tag	2026-10-05T21:34:27.1911956Z  * [new branch]        ci/pr-only-lint-tests   -> origin/ci/pr-only-lint-tests
v0.14.0 Upgrade and Encrypted Rollback	Checkout candidate C with immutable base tag	2026-10-05T21:34:27.1913270Z  * [new branch]        ci/prod-smoke-tests     -> origin/ci/prod-smoke-tests
v0.14.0 Upgrade and Encrypted Rollback	Checkout candidate C with immutable base tag	2026-10-05T21:34:27.1914348Z  * [new branch]        ci/staging-oidc-branch-deploy -> origin/ci/staging-oidc-branch-deploy
v0.14.0 Upgrade and Encrypted Rollback	Checkout candidate C with immutable base tag	2026-10-05T21:34:27.1915428Z  * [new branch]        ci/staging-smoke-tests  -> origin/ci/staging-smoke-tests
v0.14.0 Upgrade and Encrypted Rollback	Checkout candidate C with immutable base tag	2026-10-05T21:34:27.1916441Z  * [new branch]        codex-devcontainer-auth -> origin/codex-devcontainer-auth
v0.14.0 Upgrade and Encrypted Rollback	Checkout candidate C with immutable base tag	2026-10-05T21:34:27.1918249Z  * [new branch]        codex-init              -> origin/codex-init
v0.14.0 Upgrade and Encrypted Rollback	Checkout candidate C with immutable base tag	2026-10-05T21:34:27.1920744Z  * [new branch]        codex/add-persisted-unit-preference-functionality -> origin/codex/add-persisted-unit-preference-functionality
v0.14.0 Upgrade and Encrypted Rollback	Checkout candidate C with immutable base tag	2026-10-05T21:34:27.1924285Z  * [new branch]        codex/dismiss-keyboard-after-food-input -> origin/codex/dismiss-keyboard-after-food-input
v0.14.0 Upgrade and Encrypted Rollback	Checkout candidate C with immutable base tag	2026-10-05T21:34:27.1927168Z  * [new branch]        codex/enforce-server-side-goal-deficit-validation -> origin/codex/enforce-server-side-goal-deficit-validation
v0.14.0 Upgrade and Encrypted Rollback	Checkout candidate C with immutable base tag	2026-10-05T21:34:27.1931668Z  * [new branch]        codex/enhance-log-page-with-daily-summary -> origin/codex/enhance-log-page-with-daily-summary
v0.14.0 Upgrade and Encrypted Rollback	Checkout candidate C with immutable base tag	2026-10-05T21:34:27.1933918Z  * [new branch]        codex/fix-frontend-audit-187 -> origin/codex/fix-frontend-audit-187
v0.14.0 Upgrade and Encrypted Rollback	Checkout candidate C with immutable base tag	2026-10-05T21:34:27.1935936Z  * [new branch]        codex/fix-open-github-issues -> origin/codex/fix-open-github-issues
v0.14.0 Upgrade and Encrypted Rollback	Checkout candidate C with immutable base tag	2026-10-05T21:34:27.1937591Z  * [new branch]        codex/fix-vite-build-warnings -> origin/codex/fix-vite-build-warnings
v0.14.0 Upgrade and Encrypted Rollback	Checkout candidate C with immutable base tag	2026-10-05T21:34:27.1939942Z  * [new branch]        codex/harden-authentication-and-session-storage -> origin/codex/harden-authentication-and-session-storage
v0.14.0 Upgrade and Encrypted Rollback	Checkout candidate C with immutable base tag	2026-10-05T21:34:27.1942183Z  * [new branch]        codex/notification-sse-stream -> origin/codex/notification-sse-stream
v0.14.0 Upgrade and Encrypted Rollback	Checkout candidate C with immutable base tag	2026-10-05T21:34:27.1943633Z  * [new branch]        codex/pr-assets-weight-trend-preview-axes -> origin/codex/pr-assets-weight-trend-preview-axes
v0.14.0 Upgrade and Encrypted Rollback	Checkout candidate C with immutable base tag	2026-10-05T21:34:27.1945427Z  * [new branch]        codex/ui-ux-improvements -> origin/codex/ui-ux-improvements
v0.14.0 Upgrade and Encrypted Rollback	Checkout candidate C with immutable base tag	2026-10-05T21:34:27.1946615Z  * [new branch]        coverage/add-c8-tooling -> origin/coverage/add-c8-tooling
v0.14.0 Upgrade and Encrypted Rollback	Checkout candidate C with immutable base tag	2026-10-05T21:34:27.1947576Z  * [new branch]        dark-mode               -> origin/dark-mode
v0.14.0 Upgrade and Encrypted Rollback	Checkout candidate C with immutable base tag	2026-10-05T21:34:27.1948571Z  * [new branch]        date-picker-padding-fixes -> origin/date-picker-padding-fixes
v0.14.0 Upgrade and Encrypted Rollback	Checkout candidate C with immutable base tag	2026-10-05T21:34:27.1949588Z  * [new branch]        db-push-reset           -> origin/db-push-reset
v0.14.0 Upgrade and Encrypted Rollback	Checkout candidate C with immutable base tag	2026-10-05T21:34:27.1950534Z  * [new branch]        default-meal-period     -> origin/default-meal-period
v0.14.0 Upgrade and Encrypted Rollback	Checkout candidate C with immutable base tag	2026-10-05T21:34:27.1951826Z  * [new branch]        delta                   -> origin/delta
v0.14.0 Upgrade and Encrypted Rollback	Checkout candidate C with immutable base tag	2026-10-05T21:34:27.1952811Z  * [new branch]        deploy-logging          -> origin/deploy-logging
v0.14.0 Upgrade and Encrypted Rollback	Checkout candidate C with immutable base tag	2026-10-05T21:34:27.1953845Z  * [new branch]        deploy-script-loading-fix -> origin/deploy-script-loading-fix
v0.14.0 Upgrade and Encrypted Rollback	Checkout candidate C with immutable base tag	2026-10-05T21:34:27.1954946Z  * [new branch]        dev-seed-varied-food-logs -> origin/dev-seed-varied-food-logs
v0.14.0 Upgrade and Encrypted Rollback	Checkout candidate C with immutable base tag	2026-10-05T21:34:27.1956031Z  * [new branch]        devcontainer-cli-scripts -> origin/devcontainer-cli-scripts
v0.14.0 Upgrade and Encrypted Rollback	Checkout candidate C with immutable base tag	2026-10-05T21:34:27.1957396Z  * [new branch]        devcontainer-import-skills -> origin/devcontainer-import-skills
v0.14.0 Upgrade and Encrypted Rollback	Checkout candidate C with immutable base tag	2026-10-05T21:34:27.1958979Z  * [new branch]        devcontainer-test-users-avatar-onboarding -> origin/devcontainer-test-users-avatar-onboarding
v0.14.0 Upgrade and Encrypted Rollback	Checkout candidate C with immutable base tag	2026-10-05T21:34:27.1960262Z  * [new branch]        ec2-deploy-fix          -> origin/ec2-deploy-fix
v0.14.0 Upgrade and Encrypted Rollback	Checkout candidate C with immutable base tag	2026-10-05T21:34:27.1961363Z  * [new branch]        edit-logged-entries     -> origin/edit-logged-entries
v0.14.0 Upgrade and Encrypted Rollback	Checkout candidate C with immutable base tag	2026-10-05T21:34:27.1962624Z  * [new branch]        evidence/issue421-preparation-d8a2ac14 -> origin/evidence/issue421-preparation-d8a2ac14
v0.14.0 Upgrade and Encrypted Rollback	Checkout candidate C with immutable base tag	2026-10-05T21:34:27.1964064Z  * [new branch]        evidence/pr410-base-to-final-4728d4f -> origin/evidence/pr410-base-to-final-4728d4f
v0.14.0 Upgrade and Encrypted Rollback	Checkout candidate C with immutable base tag	2026-10-05T21:34:27.1965407Z  * [new branch]        evidence/pr410-integrated-4728d4f -> origin/evidence/pr410-integrated-4728d4f
v0.14.0 Upgrade and Encrypted Rollback	Checkout candidate C with immutable base tag	2026-10-05T21:34:27.1966662Z  * [new branch]        evidence/pr410-reviewed-d8e55c -> origin/evidence/pr410-reviewed-d8e55c
v0.14.0 Upgrade and Encrypted Rollback	Checkout candidate C with immutable base tag	2026-10-05T21:34:27.1968010Z  * [new branch]        evidence/pr415-rail-integration-oct05 -> origin/evidence/pr415-rail-integration-oct05
v0.14.0 Upgrade and Encrypted Rollback	Checkout candidate C with immutable base tag	2026-10-05T21:34:27.1969341Z  * [new branch]        evidence/pr415-reviewed-a1df146 -> origin/evidence/pr415-reviewed-a1df146
v0.14.0 Upgrade and Encrypted Rollback	Checkout candidate C with immutable base tag	2026-10-05T21:34:27.1970574Z  * [new branch]        evidence/pr416-reviewed-0406e96 -> origin/evidence/pr416-reviewed-0406e96
v0.14.0 Upgrade and Encrypted Rollback	Checkout candidate C with immutable base tag	2026-10-05T21:34:27.1972045Z  * [new branch]        evidence/pr417-guard-recovery-4dcad2c -> origin/evidence/pr417-guard-recovery-4dcad2c
v0.14.0 Upgrade and Encrypted Rollback	Checkout candidate C with immutable base tag	2026-10-05T21:34:27.1973516Z  * [new branch]        evidence/pr417-offline-recovery-3c743b4 -> origin/evidence/pr417-offline-recovery-3c743b4
v0.14.0 Upgrade and Encrypted Rollback	Checkout candidate C with immutable base tag	2026-10-05T21:34:27.1974994Z  * [new branch]        evidence/pr417-refresh-recovery-123bab9 -> origin/evidence/pr417-refresh-recovery-123bab9
v0.14.0 Upgrade and Encrypted Rollback	Checkout candidate C with immutable base tag	2026-10-05T21:34:27.1976350Z  * [new branch]        evidence/pr417-reviewed-736a86c -> origin/evidence/pr417-reviewed-736a86c
v0.14.0 Upgrade and Encrypted Rollback	Checkout candidate C with immutable base tag	2026-10-05T21:34:27.1977580Z  * [new branch]        evidence/pr418-reviewed-fbb74a9 -> origin/evidence/pr418-reviewed-fbb74a9
v0.14.0 Upgrade and Encrypted Rollback	Checkout candidate C with immutable base tag	2026-10-05T21:34:27.1979081Z  * [new branch]        evidence/pr419-reviewed-fba1baf -> origin/evidence/pr419-reviewed-fba1baf
v0.14.0 Upgrade and Encrypted Rollback	Checkout candidate C with immutable base tag	2026-10-05T21:34:27.1980602Z  * [new branch]        evidence/pr424-scope-cleanup-oct05 -> origin/evidence/pr424-scope-cleanup-oct05
v0.14.0 Upgrade and Encrypted Rollback	Checkout candidate C with immutable base tag	2026-10-05T21:34:27.1981902Z  * [new branch]        fab-space-on-log        -> origin/fab-space-on-log
v0.14.0 Upgrade and Encrypted Rollback	Checkout candidate C with immutable base tag	2026-10-05T21:34:27.1982927Z  * [new branch]        fatsecret-barcode-oauth -> origin/fatsecret-barcode-oauth
v0.14.0 Upgrade and Encrypted Rollback	Checkout candidate C with immutable base tag	2026-10-05T21:34:27.1984041Z  * [new branch]        fatsecret-provider      -> origin/fatsecret-provider
v0.14.0 Upgrade and Encrypted Rollback	Checkout candidate C with immutable base tag	2026-10-05T21:34:27.1985215Z  * [new branch]        feat/barcode-scanner-zxing-fallback -> origin/feat/barcode-scanner-zxing-fallback
v0.14.0 Upgrade and Encrypted Rollback	Checkout candidate C with immutable base tag	2026-10-05T21:34:27.1986549Z  * [new branch]        feat/birthday-emoji-log-summary -> origin/feat/birthday-emoji-log-summary
v0.14.0 Upgrade and Encrypted Rollback	Checkout candidate C with immutable base tag	2026-10-05T21:34:27.1987875Z  * [new branch]        feat/i18n-language-preference -> origin/feat/i18n-language-preference
v0.14.0 Upgrade and Encrypted Rollback	Checkout candidate C with immutable base tag	2026-10-05T21:34:27.1988993Z  * [new branch]        feat/my-foods-recipes   -> origin/feat/my-foods-recipes
v0.14.0 Upgrade and Encrypted Rollback	Checkout candidate C with immutable base tag	2026-10-05T21:34:27.1990253Z  * [new branch]        feat/profile-photo-avatar -> origin/feat/profile-photo-avatar
v0.14.0 Upgrade and Encrypted Rollback	Checkout candidate C with immutable base tag	2026-10-05T21:34:27.1991447Z  * [new branch]        feat/public-landing-page -> origin/feat/public-landing-page
v0.14.0 Upgrade and Encrypted Rollback	Checkout candidate C with immutable base tag	2026-10-05T21:34:27.1992526Z  * [new branch]        fix-broken-frontend-build -> origin/fix-broken-frontend-build
v0.14.0 Upgrade and Encrypted Rollback	Checkout candidate C with immutable base tag	2026-10-05T21:34:27.1993696Z  * [new branch]        fix/issue-84-pwa-backstack-login -> origin/fix/issue-84-pwa-backstack-login
v0.14.0 Upgrade and Encrypted Rollback	Checkout candidate C with immutable base tag	2026-10-05T21:34:27.1995082Z  * [new branch]        fix/mifflin-st-jeor-age-clamp -> origin/fix/mifflin-st-jeor-age-clamp
v0.14.0 Upgrade and Encrypted Rollback	Checkout candidate C with immutable base tag	2026-10-05T21:34:27.1996344Z  * [new branch]        fix/prisma-db-url-from-db-env -> origin/fix/prisma-db-url-from-db-env
v0.14.0 Upgrade and Encrypted Rollback	Checkout candidate C with immutable base tag	2026-10-05T21:34:27.1997495Z  * [new branch]        fix/pwa-session-persistence -> origin/fix/pwa-session-persistence
v0.14.0 Upgrade and Encrypted Rollback	Checkout candidate C with immutable base tag	2026-10-05T21:34:27.1998549Z  * [new branch]        fix/rds-sslmode-require -> origin/fix/rds-sslmode-require
v0.14.0 Upgrade and Encrypted Rollback	Checkout candidate C with immutable base tag	2026-10-05T21:34:27.2000038Z  * [new branch]        fix/rds-sslmode-require-2 -> origin/fix/rds-sslmode-require-2
v0.14.0 Upgrade and Encrypted Rollback	Checkout candidate C with immutable base tag	2026-10-05T21:34:27.2001718Z  * [new branch]        fixed-meal-categories   -> origin/fixed-meal-categories
v0.14.0 Upgrade and Encrypted Rollback	Checkout candidate C with immutable base tag	2026-10-05T21:34:27.2002754Z  * [new branch]        friendly-log-date       -> origin/friendly-log-date
v0.14.0 Upgrade and Encrypted Rollback	Checkout candidate C with immutable base tag	2026-10-05T21:34:27.2003641Z  * [new branch]        gh-auth                 -> origin/gh-auth
v0.14.0 Upgrade and Encrypted Rollback	Checkout candidate C with immutable base tag	2026-10-05T21:34:27.2005364Z  * [new branch]        goal-and-log-improvements -> origin/goal-and-log-improvements
v0.14.0 Upgrade and Encrypted Rollback	Checkout candidate C with immutable base tag	2026-10-05T21:34:27.2006921Z  * [new branch]        goal-tracker            -> origin/goal-tracker
v0.14.0 Upgrade and Encrypted Rollback	Checkout candidate C with immutable base tag	2026-10-05T21:34:27.2007924Z  * [new branch]        goals-compact-goal-tracker -> origin/goals-compact-goal-tracker
v0.14.0 Upgrade and Encrypted Rollback	Checkout candidate C with immutable base tag	2026-10-05T21:34:27.2009065Z  * [new branch]        goals-weight-history-legend -> origin/goals-weight-history-legend
v0.14.0 Upgrade and Encrypted Rollback	Checkout candidate C with immutable base tag	2026-10-05T21:34:27.2010128Z  * [new branch]        infra-ecs-fargate-alb   -> origin/infra-ecs-fargate-alb
v0.14.0 Upgrade and Encrypted Rollback	Checkout candidate C with immutable base tag	2026-10-05T21:34:27.2011068Z  * [new branch]        issue/162               -> origin/issue/162
v0.14.0 Upgrade and Encrypted Rollback	Checkout candidate C with immutable base tag	2026-10-05T21:34:27.2012321Z  * [new branch]        local-service-worker    -> origin/local-service-worker
v0.14.0 Upgrade and Encrypted Rollback	Checkout candidate C with immutable base tag	2026-10-05T21:34:27.2013322Z  * [new branch]        log-date-navigation-ux  -> origin/log-date-navigation-ux
v0.14.0 Upgrade and Encrypted Rollback	Checkout candidate C with immutable base tag	2026-10-05T21:34:27.2014419Z  * [new branch]        log-date-picker-overlay-button -> origin/log-date-picker-overlay-button
v0.14.0 Upgrade and Encrypted Rollback	Checkout candidate C with immutable base tag	2026-10-05T21:34:27.2015487Z  * [new branch]        log-summary-header      -> origin/log-summary-header
v0.14.0 Upgrade and Encrypted Rollback	Checkout candidate C with immutable base tag	2026-10-05T21:34:27.2016431Z  * [new branch]        log-weight-entry-ux     -> origin/log-weight-entry-ux
v0.14.0 Upgrade and Encrypted Rollback	Checkout candidate C with immutable base tag	2026-10-05T21:34:27.2017348Z  * [new branch]        lose-it-import          -> origin/lose-it-import
v0.14.0 Upgrade and Encrypted Rollback	Checkout candidate C with immutable base tag	2026-10-05T21:34:27.2018299Z  * [new branch]        lowercase-ghcr-image    -> origin/lowercase-ghcr-image
v0.14.0 Upgrade and Encrypted Rollback	Checkout candidate C with immutable base tag	2026-10-05T21:34:27.2019182Z  * [new branch]        master                  -> origin/master
v0.14.0 Upgrade and Encrypted Rollback	Checkout candidate C with immutable base tag	2026-10-05T21:34:27.2020018Z  * [new branch]        mchartier/dev           -> origin/mchartier/dev
v0.14.0 Upgrade and Encrypted Rollback	Checkout candidate C with immutable base tag	2026-10-05T21:34:27.2021112Z  * [new branch]        mchartier/dev2          -> origin/mchartier/dev2
v0.14.0 Upgrade and Encrypted Rollback	Checkout candidate C with immutable base tag	2026-10-05T21:34:27.2022336Z  * [new branch]        mchartier/devcontainer-key-setup -> origin/mchartier/devcontainer-key-setup
v0.14.0 Upgrade and Encrypted Rollback	Checkout candidate C with immutable base tag	2026-10-05T21:34:27.2023719Z  * [new branch]        mchartier/firebase-migration-preparation -> origin/mchartier/firebase-migration-preparation
v0.14.0 Upgrade and Encrypted Rollback	Checkout candidate C with immutable base tag	2026-10-05T21:34:27.2025073Z  * [new branch]        mchartier/goal-pace-continuity -> origin/mchartier/goal-pace-continuity
v0.14.0 Upgrade and Encrypted Rollback	Checkout candidate C with immutable base tag	2026-10-05T21:34:27.2026195Z  * [new branch]        mchartier/goal-pace-scope -> origin/mchartier/goal-pace-scope
v0.14.0 Upgrade and Encrypted Rollback	Checkout candidate C with immutable base tag	2026-10-05T21:34:27.2027333Z  * [new branch]        mchartier/local-release-scripts -> origin/mchartier/local-release-scripts
v0.14.0 Upgrade and Encrypted Rollback	Checkout candidate C with immutable base tag	2026-10-05T21:34:27.2028528Z  * [new branch]        mchartier/managed-self-hosting -> origin/mchartier/managed-self-hosting
v0.14.0 Upgrade and Encrypted Rollback	Checkout candidate C with immutable base tag	2026-10-05T21:34:27.2029797Z  * [new branch]        mchartier/paused-weigh-in-divider -> origin/mchartier/paused-weigh-in-divider
v0.14.0 Upgrade and Encrypted Rollback	Checkout candidate C with immutable base tag	2026-10-05T21:34:27.2031102Z  * [new branch]        mchartier/pilot-query-diagnostics -> origin/mchartier/pilot-query-diagnostics
v0.14.0 Upgrade and Encrypted Rollback	Checkout candidate C with immutable base tag	2026-10-05T21:34:27.2032770Z  * [new branch]        mchartier/planned-pause-visibility -> origin/mchartier/planned-pause-visibility
v0.14.0 Upgrade and Encrypted Rollback	Checkout candidate C with immutable base tag	2026-10-05T21:34:27.2034162Z  * [new branch]        mchartier/preserve-android-wip-20260711 -> origin/mchartier/preserve-android-wip-20260711
v0.14.0 Upgrade and Encrypted Rollback	Checkout candidate C with immutable base tag	2026-10-05T21:34:27.2035673Z  * [new branch]        mchartier/remove-instance-release-actions -> origin/mchartier/remove-instance-release-actions
v0.14.0 Upgrade and Encrypted Rollback	Checkout candidate C with immutable base tag	2026-10-05T21:34:27.2037775Z  * [new branch]        mchartier/remove-notification-history -> origin/mchartier/remove-notification-history
v0.14.0 Upgrade and Encrypted Rollback	Checkout candidate C with immutable base tag	2026-10-05T21:34:27.2039088Z  * [new branch]        mchartier/simplify-repository -> origin/mchartier/simplify-repository
v0.14.0 Upgrade and Encrypted Rollback	Checkout candidate C with immutable base tag	2026-10-05T21:34:27.2040308Z  * [new branch]        mchartier/streamline-deployment -> origin/mchartier/streamline-deployment
v0.14.0 Upgrade and Encrypted Rollback	Checkout candidate C with immutable base tag	2026-10-05T21:34:27.2042231Z  * [new branch]        mobile-logout           -> origin/mobile-logout
v0.14.0 Upgrade and Encrypted Rollback	Checkout candidate C with immutable base tag	2026-10-05T21:34:27.2043193Z  * [new branch]        mobile-ui-compact       -> origin/mobile-ui-compact
v0.14.0 Upgrade and Encrypted Rollback	Checkout candidate C with immutable base tag	2026-10-05T21:34:27.2044268Z  * [new branch]        new-logo                -> origin/new-logo
v0.14.0 Upgrade and Encrypted Rollback	Checkout candidate C with immutable base tag	2026-10-05T21:34:27.2045088Z  * [new branch]        notif/126               -> origin/notif/126
v0.14.0 Upgrade and Encrypted Rollback	Checkout candidate C with immutable base tag	2026-10-05T21:34:27.2045906Z  * [new branch]        notif/127               -> origin/notif/127
v0.14.0 Upgrade and Encrypted Rollback	Checkout candidate C with immutable base tag	2026-10-05T21:34:27.2046723Z  * [new branch]        notif/128               -> origin/notif/128
v0.14.0 Upgrade and Encrypted Rollback	Checkout candidate C with immutable base tag	2026-10-05T21:34:27.2047734Z  * [new branch]        notif/131-dedupe-fixes  -> origin/notif/131-dedupe-fixes
v0.14.0 Upgrade and Encrypted Rollback	Checkout candidate C with immutable base tag	2026-10-05T21:34:27.2116670Z  * [new branch]        notif/132-endpoint-ownership-guard -> origin/notif/132-endpoint-ownership-guard
v0.14.0 Upgrade and Encrypted Rollback	Checkout candidate C with immutable base tag	2026-10-05T21:34:27.2118153Z  * [new branch]        notifications           -> origin/notifications
v0.14.0 Upgrade and Encrypted Rollback	Checkout candidate C with immutable base tag	2026-10-05T21:34:27.2119298Z  * [new branch]        onboarding-guided-wizard -> origin/onboarding-guided-wizard
v0.14.0 Upgrade and Encrypted Rollback	Checkout candidate C with immutable base tag	2026-10-05T21:34:27.2120391Z  * [new branch]        peacock-rainbow         -> origin/peacock-rainbow
v0.14.0 Upgrade and Encrypted Rollback	Checkout candidate C with immutable base tag	2026-10-05T21:34:27.2121623Z  * [new branch]        perf/landing-mobile-scroll -> origin/perf/landing-mobile-scroll
v0.14.0 Upgrade and Encrypted Rollback	Checkout candidate C with immutable base tag	2026-10-05T21:34:27.2122681Z  * [new branch]        persistent-fab          -> origin/persistent-fab
v0.14.0 Upgrade and Encrypted Rollback	Checkout candidate C with immutable base tag	2026-10-05T21:34:27.2123615Z  * [new branch]        privacy-policy          -> origin/privacy-policy
v0.14.0 Upgrade and Encrypted Rollback	Checkout candidate C with immutable base tag	2026-10-05T21:34:27.2124616Z  * [new branch]        profile-account-management -> origin/profile-account-management
v0.14.0 Upgrade and Encrypted Rollback	Checkout candidate C with immutable base tag	2026-10-05T21:34:27.2125627Z  * [new branch]        profile-icon            -> origin/profile-icon
v0.14.0 Upgrade and Encrypted Rollback	Checkout candidate C with immutable base tag	2026-10-05T21:34:27.2126647Z  * [new branch]        profile-settings-separation -> origin/profile-settings-separation
v0.14.0 Upgrade and Encrypted Rollback	Checkout candidate C with immutable base tag	2026-10-05T21:34:27.2127664Z  * [new branch]        public-readme           -> origin/public-readme
v0.14.0 Upgrade and Encrypted Rollback	Checkout candidate C with immutable base tag	2026-10-05T21:34:27.2128685Z  * [new branch]        pwa-action-navigate-existing -> origin/pwa-action-navigate-existing
v0.14.0 Upgrade and Encrypted Rollback	Checkout candidate C with immutable base tag	2026-10-05T21:34:27.2129739Z  * [new branch]        pwa-icon-fix            -> origin/pwa-icon-fix
v0.14.0 Upgrade and Encrypted Rollback	Checkout candidate C with immutable base tag	2026-10-05T21:34:27.2130674Z  * [new branch]        pwa-launch-actions      -> origin/pwa-launch-actions
v0.14.0 Upgrade and Encrypted Rollback	Checkout candidate C with immutable base tag	2026-10-05T21:34:27.2132220Z  * [new branch]        pwa-manifest-polish     -> origin/pwa-manifest-polish
v0.14.0 Upgrade and Encrypted Rollback	Checkout candidate C with immutable base tag	2026-10-05T21:34:27.2133186Z  * [new branch]        pwa-setup               -> origin/pwa-setup
v0.14.0 Upgrade and Encrypted Rollback	Checkout candidate C with immutable base tag	2026-10-05T21:34:27.2134102Z  * [new branch]        rebrand-calibrate       -> origin/rebrand-calibrate
v0.14.0 Upgrade and Encrypted Rollback	Checkout candidate C with immutable base tag	2026-10-05T21:34:27.2135007Z  * [new branch]        release/v0.34.0         -> origin/release/v0.34.0
v0.14.0 Upgrade and Encrypted Rollback	Checkout candidate C with immutable base tag	2026-10-05T21:34:27.2135872Z  * [new branch]        release/v0.34.1         -> origin/release/v0.34.1
v0.14.0 Upgrade and Encrypted Rollback	Checkout candidate C with immutable base tag	2026-10-05T21:34:27.2136742Z  * [new branch]        release/v0.35.0         -> origin/release/v0.35.0
v0.14.0 Upgrade and Encrypted Rollback	Checkout candidate C with immutable base tag	2026-10-05T21:34:27.2137612Z  * [new branch]        release/v0.36.0         -> origin/release/v0.36.0
v0.14.0 Upgrade and Encrypted Rollback	Checkout candidate C with immutable base tag	2026-10-05T21:34:27.2138483Z  * [new branch]        release/v0.37.0         -> origin/release/v0.37.0
v0.14.0 Upgrade and Encrypted Rollback	Checkout candidate C with immutable base tag	2026-10-05T21:34:27.2139463Z  * [new branch]        rolling-average-weight-log -> origin/rolling-average-weight-log
v0.14.0 Upgrade and Encrypted Rollback	Checkout candidate C with immutable base tag	2026-10-05T21:34:27.2140429Z  * [new branch]        safe-areas              -> origin/safe-areas
v0.14.0 Upgrade and Encrypted Rollback	Checkout candidate C with immutable base tag	2026-10-05T21:34:27.2141490Z  * [new branch]        search-results          -> origin/search-results
v0.14.0 Upgrade and Encrypted Rollback	Checkout candidate C with immutable base tag	2026-10-05T21:34:27.2142509Z  * [new branch]        session-store-model     -> origin/session-store-model
v0.14.0 Upgrade and Encrypted Rollback	Checkout candidate C with immutable base tag	2026-10-05T21:34:27.2143454Z  * [new branch]        sidebar-item-style      -> origin/sidebar-item-style
v0.14.0 Upgrade and Encrypted Rollback	Checkout candidate C with immutable base tag	2026-10-05T21:34:27.2144367Z  * [new branch]        store-timezone          -> origin/store-timezone
v0.14.0 Upgrade and Encrypted Rollback	Checkout candidate C with immutable base tag	2026-10-05T21:34:27.2145265Z  * [new branch]        terraform-fix           -> origin/terraform-fix
v0.14.0 Upgrade and Encrypted Rollback	Checkout candidate C with immutable base tag	2026-10-05T21:34:27.2146149Z  * [new branch]        terraform-fixes         -> origin/terraform-fixes
v0.14.0 Upgrade and Encrypted Rollback	Checkout candidate C with immutable base tag	2026-10-05T21:34:27.2147005Z  * [new branch]        test-user               -> origin/test-user
v0.14.0 Upgrade and Encrypted Rollback	Checkout candidate C with immutable base tag	2026-10-05T21:34:27.2147944Z  * [new branch]        test/backend-unit-coverage -> origin/test/backend-unit-coverage
v0.14.0 Upgrade and Encrypted Rollback	Checkout candidate C with immutable base tag	2026-10-05T21:34:27.2148926Z  * [new branch]        tf-rds-rotation         -> origin/tf-rds-rotation
v0.14.0 Upgrade and Encrypted Rollback	Checkout candidate C with immutable base tag	2026-10-05T21:34:27.2149821Z  * [new branch]        tf-repo-rename-fix      -> origin/tf-repo-rename-fix
v0.14.0 Upgrade and Encrypted Rollback	Checkout candidate C with immutable base tag	2026-10-05T21:34:27.2151104Z  * [new branch]        timezone-picker-mui-autocomplete -> origin/timezone-picker-mui-autocomplete
v0.14.0 Upgrade and Encrypted Rollback	Checkout candidate C with immutable base tag	2026-10-05T21:34:27.2152621Z  * [new branch]        units-separate-controls-inline-status -> origin/units-separate-controls-inline-status
v0.14.0 Upgrade and Encrypted Rollback	Checkout candidate C with immutable base tag	2026-10-05T21:34:27.2153795Z  * [new branch]        update-comments         -> origin/update-comments
v0.14.0 Upgrade and Encrypted Rollback	Checkout candidate C with immutable base tag	2026-10-05T21:34:27.2154677Z  * [new branch]        update-docs             -> origin/update-docs
v0.14.0 Upgrade and Encrypted Rollback	Checkout candidate C with immutable base tag	2026-10-05T21:34:27.2155599Z  * [new branch]        vertical-spacing-fixes  -> origin/vertical-spacing-fixes
v0.14.0 Upgrade and Encrypted Rollback	Checkout candidate C with immutable base tag	2026-10-05T21:34:27.2156583Z  * [new branch]        weight-history-scale    -> origin/weight-history-scale
v0.14.0 Upgrade and Encrypted Rollback	Checkout candidate C with immutable base tag	2026-10-05T21:34:27.2157498Z  * [new branch]        worktree-colors         -> origin/worktree-colors
v0.14.0 Upgrade and Encrypted Rollback	Checkout candidate C with immutable base tag	2026-10-05T21:34:27.2158370Z  * [new branch]        worktree-reset          -> origin/worktree-reset
v0.14.0 Upgrade and Encrypted Rollback	Checkout candidate C with immutable base tag	2026-10-05T21:34:27.2159246Z  * [new branch]        worktree-script         -> origin/worktree-script
v0.14.0 Upgrade and Encrypted Rollback	Checkout candidate C with immutable base tag	2026-10-05T21:34:27.2160064Z  * [new tag]           v0.1.0                  -> v0.1.0
v0.14.0 Upgrade and Encrypted Rollback	Checkout candidate C with immutable base tag	2026-10-05T21:34:27.2160781Z  * [new tag]           v0.10.0                 -> v0.10.0
v0.14.0 Upgrade and Encrypted Rollback	Checkout candidate C with immutable base tag	2026-10-05T21:34:27.2161604Z  * [new tag]           v0.11.0                 -> v0.11.0
v0.14.0 Upgrade and Encrypted Rollback	Checkout candidate C with immutable base tag	2026-10-05T21:34:27.2162315Z  * [new tag]           v0.12.0                 -> v0.12.0
v0.14.0 Upgrade and Encrypted Rollback	Checkout candidate C with immutable base tag	2026-10-05T21:34:27.2163014Z  * [new tag]           v0.12.1                 -> v0.12.1
v0.14.0 Upgrade and Encrypted Rollback	Checkout candidate C with immutable base tag	2026-10-05T21:34:27.2163719Z  * [new tag]           v0.12.10                -> v0.12.10
v0.14.0 Upgrade and Encrypted Rollback	Checkout candidate C with immutable base tag	2026-10-05T21:34:27.2164439Z  * [new tag]           v0.12.11                -> v0.12.11
v0.14.0 Upgrade and Encrypted Rollback	Checkout candidate C with immutable base tag	2026-10-05T21:34:27.2165173Z  * [new tag]           v0.12.12                -> v0.12.12
v0.14.0 Upgrade and Encrypted Rollback	Checkout candidate C with immutable base tag	2026-10-05T21:34:27.2165902Z  * [new tag]           v0.12.13                -> v0.12.13
v0.14.0 Upgrade and Encrypted Rollback	Checkout candidate C with immutable base tag	2026-10-05T21:34:27.2166616Z  * [new tag]           v0.12.14                -> v0.12.14
v0.14.0 Upgrade and Encrypted Rollback	Checkout candidate C with immutable base tag	2026-10-05T21:34:27.2167335Z  * [new tag]           v0.12.15                -> v0.12.15
v0.14.0 Upgrade and Encrypted Rollback	Checkout candidate C with immutable base tag	2026-10-05T21:34:27.2168050Z  * [new tag]           v0.12.16                -> v0.12.16
v0.14.0 Upgrade and Encrypted Rollback	Checkout candidate C with immutable base tag	2026-10-05T21:34:27.2168922Z  * [new tag]           v0.12.17                -> v0.12.17
v0.14.0 Upgrade and Encrypted Rollback	Checkout candidate C with immutable base tag	2026-10-05T21:34:27.2169630Z  * [new tag]           v0.12.18                -> v0.12.18
v0.14.0 Upgrade and Encrypted Rollback	Checkout candidate C with immutable base tag	2026-10-05T21:34:27.2170328Z  * [new tag]           v0.12.19                -> v0.12.19
v0.14.0 Upgrade and Encrypted Rollback	Checkout candidate C with immutable base tag	2026-10-05T21:34:27.2171034Z  * [new tag]           v0.12.2                 -> v0.12.2
v0.14.0 Upgrade and Encrypted Rollback	Checkout candidate C with immutable base tag	2026-10-05T21:34:27.2172041Z  * [new tag]           v0.12.3                 -> v0.12.3
v0.14.0 Upgrade and Encrypted Rollback	Checkout candidate C with immutable base tag	2026-10-05T21:34:27.2172760Z  * [new tag]           v0.12.4                 -> v0.12.4
v0.14.0 Upgrade and Encrypted Rollback	Checkout candidate C with immutable base tag	2026-10-05T21:34:27.2173465Z  * [new tag]           v0.12.5                 -> v0.12.5
v0.14.0 Upgrade and Encrypted Rollback	Checkout candidate C with immutable base tag	2026-10-05T21:34:27.2174158Z  * [new tag]           v0.12.6                 -> v0.12.6
v0.14.0 Upgrade and Encrypted Rollback	Checkout candidate C with immutable base tag	2026-10-05T21:34:27.2174852Z  * [new tag]           v0.12.7                 -> v0.12.7
v0.14.0 Upgrade and Encrypted Rollback	Checkout candidate C with immutable base tag	2026-10-05T21:34:27.2175545Z  * [new tag]           v0.12.8                 -> v0.12.8
v0.14.0 Upgrade and Encrypted Rollback	Checkout candidate C with immutable base tag	2026-10-05T21:34:27.2176236Z  * [new tag]           v0.12.9                 -> v0.12.9
v0.14.0 Upgrade and Encrypted Rollback	Checkout candidate C with immutable base tag	2026-10-05T21:34:27.2176939Z  * [new tag]           v0.13.0                 -> v0.13.0
v0.14.0 Upgrade and Encrypted Rollback	Checkout candidate C with immutable base tag	2026-10-05T21:34:27.2177638Z  * [new tag]           v0.13.1                 -> v0.13.1
v0.14.0 Upgrade and Encrypted Rollback	Checkout candidate C with immutable base tag	2026-10-05T21:34:27.2178344Z  * [new tag]           v0.13.2                 -> v0.13.2
v0.14.0 Upgrade and Encrypted Rollback	Checkout candidate C with immutable base tag	2026-10-05T21:34:27.2179038Z  * [new tag]           v0.13.3                 -> v0.13.3
v0.14.0 Upgrade and Encrypted Rollback	Checkout candidate C with immutable base tag	2026-10-05T21:34:27.2179795Z  * [new tag]           v0.14.0                 -> v0.14.0
v0.14.0 Upgrade and Encrypted Rollback	Checkout candidate C with immutable base tag	2026-10-05T21:34:27.2180545Z  * [new tag]           v0.2.0                  -> v0.2.0
v0.14.0 Upgrade and Encrypted Rollback	Checkout candidate C with immutable base tag	2026-10-05T21:34:27.2181405Z  * [new tag]           v0.2.1                  -> v0.2.1
v0.14.0 Upgrade and Encrypted Rollback	Checkout candidate C with immutable base tag	2026-10-05T21:34:27.2182197Z  * [new tag]           v0.2.2                  -> v0.2.2
v0.14.0 Upgrade and Encrypted Rollback	Checkout candidate C with immutable base tag	2026-10-05T21:34:27.2182918Z  * [new tag]           v0.2.3                  -> v0.2.3
v0.14.0 Upgrade and Encrypted Rollback	Checkout candidate C with immutable base tag	2026-10-05T21:34:27.2183638Z  * [new tag]           v0.2.4                  -> v0.2.4
v0.14.0 Upgrade and Encrypted Rollback	Checkout candidate C with immutable base tag	2026-10-05T21:34:27.2184346Z  * [new tag]           v0.3.0                  -> v0.3.0
v0.14.0 Upgrade and Encrypted Rollback	Checkout candidate C with immutable base tag	2026-10-05T21:34:27.2185051Z  * [new tag]           v0.3.1                  -> v0.3.1
v0.14.0 Upgrade and Encrypted Rollback	Checkout candidate C with immutable base tag	2026-10-05T21:34:27.2185769Z  * [new tag]           v0.33.10                -> v0.33.10
v0.14.0 Upgrade and Encrypted Rollback	Checkout candidate C with immutable base tag	2026-10-05T21:34:27.2186641Z  * [new tag]           v0.33.11                -> v0.33.11
v0.14.0 Upgrade and Encrypted Rollback	Checkout candidate C with immutable base tag	2026-10-05T21:34:27.2187351Z  * [new tag]           v0.33.5                 -> v0.33.5
v0.14.0 Upgrade and Encrypted Rollback	Checkout candidate C with immutable base tag	2026-10-05T21:34:27.2188057Z  * [new tag]           v0.33.6                 -> v0.33.6
v0.14.0 Upgrade and Encrypted Rollback	Checkout candidate C with immutable base tag	2026-10-05T21:34:27.2188772Z  * [new tag]           v0.33.9                 -> v0.33.9
v0.14.0 Upgrade and Encrypted Rollback	Checkout candidate C with immutable base tag	2026-10-05T21:34:27.2189474Z  * [new tag]           v0.34.0                 -> v0.34.0
v0.14.0 Upgrade and Encrypted Rollback	Checkout candidate C with immutable base tag	2026-10-05T21:34:27.2190173Z  * [new tag]           v0.34.1                 -> v0.34.1
v0.14.0 Upgrade and Encrypted Rollback	Checkout candidate C with immutable base tag	2026-10-05T21:34:27.2190869Z  * [new tag]           v0.35.0                 -> v0.35.0
v0.14.0 Upgrade and Encrypted Rollback	Checkout candidate C with immutable base tag	2026-10-05T21:34:27.2191717Z  * [new tag]           v0.36.0                 -> v0.36.0
v0.14.0 Upgrade and Encrypted Rollback	Checkout candidate C with immutable base tag	2026-10-05T21:34:27.2192404Z  * [new tag]           v0.37.0                 -> v0.37.0
v0.14.0 Upgrade and Encrypted Rollback	Checkout candidate C with immutable base tag	2026-10-05T21:34:27.2193096Z  * [new tag]           v0.4.0                  -> v0.4.0
v0.14.0 Upgrade and Encrypted Rollback	Checkout candidate C with immutable base tag	2026-10-05T21:34:27.2193798Z  * [new tag]           v0.4.1                  -> v0.4.1
v0.14.0 Upgrade and Encrypted Rollback	Checkout candidate C with immutable base tag	2026-10-05T21:34:27.2194507Z  * [new tag]           v0.4.2                  -> v0.4.2
v0.14.0 Upgrade and Encrypted Rollback	Checkout candidate C with immutable base tag	2026-10-05T21:34:27.2195203Z  * [new tag]           v0.5.0                  -> v0.5.0
v0.14.0 Upgrade and Encrypted Rollback	Checkout candidate C with immutable base tag	2026-10-05T21:34:27.2195899Z  * [new tag]           v0.6.0                  -> v0.6.0
v0.14.0 Upgrade and Encrypted Rollback	Checkout candidate C with immutable base tag	2026-10-05T21:34:27.2196588Z  * [new tag]           v0.7.0                  -> v0.7.0
v0.14.0 Upgrade and Encrypted Rollback	Checkout candidate C with immutable base tag	2026-10-05T21:34:27.2197275Z  * [new tag]           v0.7.1                  -> v0.7.1
v0.14.0 Upgrade and Encrypted Rollback	Checkout candidate C with immutable base tag	2026-10-05T21:34:27.2197962Z  * [new tag]           v0.7.2                  -> v0.7.2
v0.14.0 Upgrade and Encrypted Rollback	Checkout candidate C with immutable base tag	2026-10-05T21:34:27.2198665Z  * [new tag]           v0.7.3                  -> v0.7.3
v0.14.0 Upgrade and Encrypted Rollback	Checkout candidate C with immutable base tag	2026-10-05T21:34:27.2199358Z  * [new tag]           v0.8.0                  -> v0.8.0
v0.14.0 Upgrade and Encrypted Rollback	Checkout candidate C with immutable base tag	2026-10-05T21:34:27.2200068Z  * [new tag]           v0.9.0                  -> v0.9.0
v0.14.0 Upgrade and Encrypted Rollback	Checkout candidate C with immutable base tag	2026-10-05T21:34:27.2200767Z  * [new tag]           v0.9.1                  -> v0.9.1
v0.14.0 Upgrade and Encrypted Rollback	Checkout candidate C with immutable base tag	2026-10-05T21:34:27.2202752Z [command]/usr/bin/git rev-parse --verify --quiet ed170e7e8a716e6a1b71b726bb49a0a184c01ad6^{object}
v0.14.0 Upgrade and Encrypted Rollback	Checkout candidate C with immutable base tag	2026-10-05T21:34:27.2203895Z ed170e7e8a716e6a1b71b726bb49a0a184c01ad6
v0.14.0 Upgrade and Encrypted Rollback	Checkout candidate C with immutable base tag	2026-10-05T21:34:27.2205509Z ##[endgroup]
v0.14.0 Upgrade and Encrypted Rollback	Checkout candidate C with immutable base tag	2026-10-05T21:34:27.2206297Z ##[group]Determining the checkout info
v0.14.0 Upgrade and Encrypted Rollback	Checkout candidate C with immutable base tag	2026-10-05T21:34:27.2207166Z ##[endgroup]
v0.14.0 Upgrade and Encrypted Rollback	Checkout candidate C with immutable base tag	2026-10-05T21:34:27.2207694Z [command]/usr/bin/git sparse-checkout disable
v0.14.0 Upgrade and Encrypted Rollback	Checkout candidate C with immutable base tag	2026-10-05T21:34:27.2209129Z [command]/usr/bin/git config --local --unset-all extensions.worktreeConfig
v0.14.0 Upgrade and Encrypted Rollback	Checkout candidate C with immutable base tag	2026-10-05T21:34:27.2210833Z ##[group]Checking out the ref
v0.14.0 Upgrade and Encrypted Rollback	Checkout candidate C with immutable base tag	2026-10-05T21:34:27.2212062Z [command]/usr/bin/git checkout --progress --force ed170e7e8a716e6a1b71b726bb49a0a184c01ad6
v0.14.0 Upgrade and Encrypted Rollback	Checkout candidate C with immutable base tag	2026-10-05T21:34:27.4104424Z Note: switching to 'ed170e7e8a716e6a1b71b726bb49a0a184c01ad6'.
v0.14.0 Upgrade and Encrypted Rollback	Checkout candidate C with immutable base tag	2026-10-05T21:34:27.4105313Z 
v0.14.0 Upgrade and Encrypted Rollback	Checkout candidate C with immutable base tag	2026-10-05T21:34:27.4105840Z You are in 'detached HEAD' state. You can look around, make experimental
v0.14.0 Upgrade and Encrypted Rollback	Checkout candidate C with immutable base tag	2026-10-05T21:34:27.4107100Z changes and commit them, and you can discard any commits you make in this
v0.14.0 Upgrade and Encrypted Rollback	Checkout candidate C with immutable base tag	2026-10-05T21:34:27.4108374Z state without impacting any branches by switching back to a branch.
v0.14.0 Upgrade and Encrypted Rollback	Checkout candidate C with immutable base tag	2026-10-05T21:34:27.4109119Z 
v0.14.0 Upgrade and Encrypted Rollback	Checkout candidate C with immutable base tag	2026-10-05T21:34:27.4109667Z If you want to create a new branch to retain commits you create, you may
v0.14.0 Upgrade and Encrypted Rollback	Checkout candidate C with immutable base tag	2026-10-05T21:34:27.4110850Z do so (now or later) by using -c with the switch command. Example:
v0.14.0 Upgrade and Encrypted Rollback	Checkout candidate C with immutable base tag	2026-10-05T21:34:27.4111841Z 
v0.14.0 Upgrade and Encrypted Rollback	Checkout candidate C with immutable base tag	2026-10-05T21:34:27.4112148Z   git switch -c <new-branch-name>
v0.14.0 Upgrade and Encrypted Rollback	Checkout candidate C with immutable base tag	2026-10-05T21:34:27.4112610Z 
v0.14.0 Upgrade and Encrypted Rollback	Checkout candidate C with immutable base tag	2026-10-05T21:34:27.4112896Z Or undo this operation with:
v0.14.0 Upgrade and Encrypted Rollback	Checkout candidate C with immutable base tag	2026-10-05T21:34:27.4113318Z 
v0.14.0 Upgrade and Encrypted Rollback	Checkout candidate C with immutable base tag	2026-10-05T21:34:27.4113576Z   git switch -
v0.14.0 Upgrade and Encrypted Rollback	Checkout candidate C with immutable base tag	2026-10-05T21:34:27.4113904Z 
v0.14.0 Upgrade and Encrypted Rollback	Checkout candidate C with immutable base tag	2026-10-05T21:34:27.4114445Z Turn off this advice by setting config variable advice.detachedHead to false
v0.14.0 Upgrade and Encrypted Rollback	Checkout candidate C with immutable base tag	2026-10-05T21:34:27.4115242Z 
v0.14.0 Upgrade and Encrypted Rollback	Checkout candidate C with immutable base tag	2026-10-05T21:34:27.4116031Z HEAD is now at ed170e7e Serialize durable tracking dispatch and continue logout through storage failure
v0.14.0 Upgrade and Encrypted Rollback	Checkout candidate C with immutable base tag	2026-10-05T21:34:27.4126335Z ##[endgroup]
v0.14.0 Upgrade and Encrypted Rollback	Checkout candidate C with immutable base tag	2026-10-05T21:34:27.4172753Z [command]/usr/bin/git log -1 --format=%H
v0.14.0 Upgrade and Encrypted Rollback	Checkout candidate C with immutable base tag	2026-10-05T21:34:27.4200207Z ed170e7e8a716e6a1b71b726bb49a0a184c01ad6
v0.14.0 Upgrade and Encrypted Rollback	Setup Node	∩╗┐2026-10-05T21:34:27.4491808Z ##[group]Run actions/setup-node@v4
v0.14.0 Upgrade and Encrypted Rollback	Setup Node	2026-10-05T21:34:27.4492521Z with:
v0.14.0 Upgrade and Encrypted Rollback	Setup Node	2026-10-05T21:34:27.4493011Z   node-version: 20
v0.14.0 Upgrade and Encrypted Rollback	Setup Node	2026-10-05T21:34:27.4493687Z   cache: npm
v0.14.0 Upgrade and Encrypted Rollback	Setup Node	2026-10-05T21:34:27.4494237Z   cache-dependency-path: backend/package-lock.json
v0.14.0 Upgrade and Encrypted Rollback	Setup Node	2026-10-05T21:34:27.4494905Z   always-auth: false
v0.14.0 Upgrade and Encrypted Rollback	Setup Node	2026-10-05T21:34:27.4495399Z   check-latest: false
v0.14.0 Upgrade and Encrypted Rollback	Setup Node	2026-10-05T21:34:27.4499462Z   token: ***
v0.14.0 Upgrade and Encrypted Rollback	Setup Node	2026-10-05T21:34:27.4499924Z env:
v0.14.0 Upgrade and Encrypted Rollback	Setup Node	2026-10-05T21:34:27.4500521Z   CALIBRATE_SOURCE_COMMIT: ed170e7e8a716e6a1b71b726bb49a0a184c01ad6
v0.14.0 Upgrade and Encrypted Rollback	Setup Node	2026-10-05T21:34:27.4501485Z ##[endgroup]
v0.14.0 Upgrade and Encrypted Rollback	Setup Node	2026-10-05T21:34:27.6082449Z Attempting to download 20...
v0.14.0 Upgrade and Encrypted Rollback	Setup Node	2026-10-05T21:34:27.6192646Z (node:2311) [DEP0040] DeprecationWarning: The `punycode` module is deprecated. Please use a userland alternative instead.
v0.14.0 Upgrade and Encrypted Rollback	Setup Node	2026-10-05T21:34:27.6195607Z (Use `node --trace-deprecation ...` to show where the warning was created)
v0.14.0 Upgrade and Encrypted Rollback	Setup Node	2026-10-05T21:34:28.6431181Z Acquiring 20.20.2 - x64 from https://github.com/actions/node-versions/releases/download/20.20.2-23521894959/node-20.20.2-linux-x64.tar.gz
v0.14.0 Upgrade and Encrypted Rollback	Setup Node	2026-10-05T21:34:29.2030927Z Extracting ...
v0.14.0 Upgrade and Encrypted Rollback	Setup Node	2026-10-05T21:34:29.2154516Z [command]/usr/bin/tar xz --strip 1 --warning=no-unknown-keyword --overwrite -C /home/runner/work/_temp/ef327c76-bdea-4489-8af2-4e14b9248c3f -f /home/runner/work/_temp/33d0871d-a48e-4bd7-ac42-5a86766401af
v0.14.0 Upgrade and Encrypted Rollback	Setup Node	2026-10-05T21:34:30.2248279Z Adding to the cache ...
v0.14.0 Upgrade and Encrypted Rollback	Setup Node	2026-10-05T21:34:32.0529098Z ##[group]Environment details
v0.14.0 Upgrade and Encrypted Rollback	Setup Node	2026-10-05T21:34:32.2789006Z node: v20.20.2
v0.14.0 Upgrade and Encrypted Rollback	Setup Node	2026-10-05T21:34:32.2789633Z npm: 10.8.2
v0.14.0 Upgrade and Encrypted Rollback	Setup Node	2026-10-05T21:34:32.2789952Z yarn: 1.22.22
v0.14.0 Upgrade and Encrypted Rollback	Setup Node	2026-10-05T21:34:32.2790640Z ##[endgroup]
v0.14.0 Upgrade and Encrypted Rollback	Setup Node	2026-10-05T21:34:32.2814843Z [command]/opt/hostedtoolcache/node/20.20.2/x64/bin/npm config get cache
v0.14.0 Upgrade and Encrypted Rollback	Setup Node	2026-10-05T21:34:32.3824972Z /home/runner/.npm
v0.14.0 Upgrade and Encrypted Rollback	Setup Node	2026-10-05T21:34:32.6066330Z Cache hit for: node-cache-Linux-x64-npm-9ad1fc3d02200f097d647c965e5a2c426e45ead6e22fb282009302d8eeb7a3d3
v0.14.0 Upgrade and Encrypted Rollback	Setup Node	2026-10-05T21:34:32.6237182Z (node:2311) [DEP0169] DeprecationWarning: `url.parse()` behavior is not standardized and prone to errors that have security implications. Use the WHATWG URL API instead. CVEs are not issued for `url.parse()` vulnerabilities.
v0.14.0 Upgrade and Encrypted Rollback	Setup Node	2026-10-05T21:34:33.8262839Z Received 37748736 of 142506313 (26.5%), 36.0 MBs/sec
v0.14.0 Upgrade and Encrypted Rollback	Setup Node	2026-10-05T21:34:34.6545354Z Received 142506313 of 142506313 (100.0%), 74.2 MBs/sec
v0.14.0 Upgrade and Encrypted Rollback	Setup Node	2026-10-05T21:34:34.6546752Z Cache Size: ~136 MB (142506313 B)
v0.14.0 Upgrade and Encrypted Rollback	Setup Node	2026-10-05T21:34:34.6675369Z [command]/usr/bin/tar -xf /home/runner/work/_temp/3fa9a71d-9874-4d1d-b1ca-8b98313b2a02/cache.tzst -P -C /home/runner/work/calibrate-health/calibrate-health --use-compress-program unzstd
v0.14.0 Upgrade and Encrypted Rollback	Setup Node	2026-10-05T21:34:35.1179713Z Cache restored successfully
v0.14.0 Upgrade and Encrypted Rollback	Setup Node	2026-10-05T21:34:35.1249960Z Cache restored from key: node-cache-Linux-x64-npm-9ad1fc3d02200f097d647c965e5a2c426e45ead6e22fb282009302d8eeb7a3d3
v0.14.0 Upgrade and Encrypted Rollback	Install backend dependencies	∩╗┐2026-10-05T21:34:35.1488848Z ##[group]Run npm --prefix backend ci --no-audit --fund=false
v0.14.0 Upgrade and Encrypted Rollback	Install backend dependencies	2026-10-05T21:34:35.1489405Z ^[[36;1mnpm --prefix backend ci --no-audit --fund=false^[[0m
v0.14.0 Upgrade and Encrypted Rollback	Install backend dependencies	2026-10-05T21:34:35.1791025Z shell: /usr/bin/bash -e {0}
v0.14.0 Upgrade and Encrypted Rollback	Install backend dependencies	2026-10-05T21:34:35.1791623Z env:
v0.14.0 Upgrade and Encrypted Rollback	Install backend dependencies	2026-10-05T21:34:35.1792010Z   CALIBRATE_SOURCE_COMMIT: ed170e7e8a716e6a1b71b726bb49a0a184c01ad6
v0.14.0 Upgrade and Encrypted Rollback	Install backend dependencies	2026-10-05T21:34:35.1792498Z ##[endgroup]
v0.14.0 Upgrade and Encrypted Rollback	Install backend dependencies	2026-10-05T21:34:35.6226421Z npm warn EBADENGINE Unsupported engine {
v0.14.0 Upgrade and Encrypted Rollback	Install backend dependencies	2026-10-05T21:34:35.6227480Z npm warn EBADENGINE   package: '@prisma/streams-local@0.1.11',
v0.14.0 Upgrade and Encrypted Rollback	Install backend dependencies	2026-10-05T21:34:35.6228552Z npm warn EBADENGINE   required: { bun: '>=1.2.0', node: '>=22.0.0' },
v0.14.0 Upgrade and Encrypted Rollback	Install backend dependencies	2026-10-05T21:34:35.6229605Z npm warn EBADENGINE   current: { node: 'v20.20.2', npm: '10.8.2' }
v0.14.0 Upgrade and Encrypted Rollback	Install backend dependencies	2026-10-05T21:34:35.6230361Z npm warn EBADENGINE }
v0.14.0 Upgrade and Encrypted Rollback	Install backend dependencies	2026-10-05T21:34:41.6093386Z 
v0.14.0 Upgrade and Encrypted Rollback	Install backend dependencies	2026-10-05T21:34:41.6532924Z added 430 packages in 6s
v0.14.0 Upgrade and Encrypted Rollback	Validate rollback rehearsal helpers	∩╗┐2026-10-05T21:34:41.6569459Z ##[group]Run npm run test:db:rollback:unit
v0.14.0 Upgrade and Encrypted Rollback	Validate rollback rehearsal helpers	2026-10-05T21:34:41.6569822Z ^[[36;1mnpm run test:db:rollback:unit^[[0m
v0.14.0 Upgrade and Encrypted Rollback	Validate rollback rehearsal helpers	2026-10-05T21:34:41.6638614Z shell: /usr/bin/bash -e {0}
v0.14.0 Upgrade and Encrypted Rollback	Validate rollback rehearsal helpers	2026-10-05T21:34:41.6638883Z env:
v0.14.0 Upgrade and Encrypted Rollback	Validate rollback rehearsal helpers	2026-10-05T21:34:41.6639195Z   CALIBRATE_SOURCE_COMMIT: ed170e7e8a716e6a1b71b726bb49a0a184c01ad6
v0.14.0 Upgrade and Encrypted Rollback	Validate rollback rehearsal helpers	2026-10-05T21:34:41.6639582Z ##[endgroup]
v0.14.0 Upgrade and Encrypted Rollback	Validate rollback rehearsal helpers	2026-10-05T21:34:41.7835709Z 
v0.14.0 Upgrade and Encrypted Rollback	Validate rollback rehearsal helpers	2026-10-05T21:34:41.7836796Z > cal-io@0.37.0 test:db:rollback:unit
v0.14.0 Upgrade and Encrypted Rollback	Validate rollback rehearsal helpers	2026-10-05T21:34:41.7837926Z > node --test scripts/postgres-rollback-smoke.test.mjs
v0.14.0 Upgrade and Encrypted Rollback	Validate rollback rehearsal helpers	2026-10-05T21:34:41.7839124Z 
v0.14.0 Upgrade and Encrypted Rollback	Validate rollback rehearsal helpers	2026-10-05T21:34:41.8293229Z TAP version 13
v0.14.0 Upgrade and Encrypted Rollback	Validate rollback rehearsal helpers	2026-10-05T21:34:41.8955660Z # Subtest: resource plan owns only generated Docker and database names
v0.14.0 Upgrade and Encrypted Rollback	Validate rollback rehearsal helpers	2026-10-05T21:34:41.8968789Z ok 1 - resource plan owns only generated Docker and database names
v0.14.0 Upgrade and Encrypted Rollback	Validate rollback rehearsal helpers	2026-10-05T21:34:41.8969619Z   ---
v0.14.0 Upgrade and Encrypted Rollback	Validate rollback rehearsal helpers	2026-10-05T21:34:41.8970431Z   duration_ms: 5.242236
v0.14.0 Upgrade and Encrypted Rollback	Validate rollback rehearsal helpers	2026-10-05T21:34:41.8971066Z   ...
v0.14.0 Upgrade and Encrypted Rollback	Validate rollback rehearsal helpers	2026-10-05T21:34:41.8978988Z # Subtest: published database ports must be loopback-only and singular
v0.14.0 Upgrade and Encrypted Rollback	Validate rollback rehearsal helpers	2026-10-05T21:34:41.8980262Z ok 2 - published database ports must be loopback-only and singular
v0.14.0 Upgrade and Encrypted Rollback	Validate rollback rehearsal helpers	2026-10-05T21:34:41.8981100Z   ---
v0.14.0 Upgrade and Encrypted Rollback	Validate rollback rehearsal helpers	2026-10-05T21:34:41.8981860Z   duration_ms: 0.381415
v0.14.0 Upgrade and Encrypted Rollback	Validate rollback rehearsal helpers	2026-10-05T21:34:41.8982421Z   ...
v0.14.0 Upgrade and Encrypted Rollback	Validate rollback rehearsal helpers	2026-10-05T21:34:41.8984786Z # Subtest: database URLs cannot escape the generated loopback target
v0.14.0 Upgrade and Encrypted Rollback	Validate rollback rehearsal helpers	2026-10-05T21:34:41.8986537Z ok 3 - database URLs cannot escape the generated loopback target
v0.14.0 Upgrade and Encrypted Rollback	Validate rollback rehearsal helpers	2026-10-05T21:34:41.8987353Z   ---
v0.14.0 Upgrade and Encrypted Rollback	Validate rollback rehearsal helpers	2026-10-05T21:34:41.8987853Z   duration_ms: 1.403673
v0.14.0 Upgrade and Encrypted Rollback	Validate rollback rehearsal helpers	2026-10-05T21:34:41.8988413Z   ...
v0.14.0 Upgrade and Encrypted Rollback	Validate rollback rehearsal helpers	2026-10-05T21:34:41.8990036Z # Subtest: Postgres launch is private, disposable, labeled, and loopback-published
v0.14.0 Upgrade and Encrypted Rollback	Validate rollback rehearsal helpers	2026-10-05T21:34:41.8991837Z ok 4 - Postgres launch is private, disposable, labeled, and loopback-published
v0.14.0 Upgrade and Encrypted Rollback	Validate rollback rehearsal helpers	2026-10-05T21:34:41.8992782Z   ---
v0.14.0 Upgrade and Encrypted Rollback	Validate rollback rehearsal helpers	2026-10-05T21:34:41.8993335Z   duration_ms: 0.331172
v0.14.0 Upgrade and Encrypted Rollback	Validate rollback rehearsal helpers	2026-10-05T21:34:41.8993892Z   ...
v0.14.0 Upgrade and Encrypted Rollback	Validate rollback rehearsal helpers	2026-10-05T21:34:41.8999600Z # Subtest: migration contract pins exact v0.14.0 and candidate ledgers
v0.14.0 Upgrade and Encrypted Rollback	Validate rollback rehearsal helpers	2026-10-05T21:34:41.9001427Z ok 5 - migration contract pins exact v0.14.0 and candidate ledgers
v0.14.0 Upgrade and Encrypted Rollback	Validate rollback rehearsal helpers	2026-10-05T21:34:41.9002480Z   ---
v0.14.0 Upgrade and Encrypted Rollback	Validate rollback rehearsal helpers	2026-10-05T21:34:41.9003174Z   duration_ms: 8.568016
v0.14.0 Upgrade and Encrypted Rollback	Validate rollback rehearsal helpers	2026-10-05T21:34:41.9003755Z   ...
v0.14.0 Upgrade and Encrypted Rollback	Validate rollback rehearsal helpers	2026-10-05T21:34:41.9042209Z # Subtest: hosted source binding accepts only the checked-out lowercase full SHA
v0.14.0 Upgrade and Encrypted Rollback	Validate rollback rehearsal helpers	2026-10-05T21:34:41.9077086Z ok 6 - hosted source binding accepts only the checked-out lowercase full SHA
v0.14.0 Upgrade and Encrypted Rollback	Validate rollback rehearsal helpers	2026-10-05T21:34:41.9078277Z   ---
v0.14.0 Upgrade and Encrypted Rollback	Validate rollback rehearsal helpers	2026-10-05T21:34:41.9078865Z   duration_ms: 0.297228
v0.14.0 Upgrade and Encrypted Rollback	Validate rollback rehearsal helpers	2026-10-05T21:34:41.9079430Z   ...
v0.14.0 Upgrade and Encrypted Rollback	Validate rollback rehearsal helpers	2026-10-05T21:34:41.9080365Z # Subtest: source resolver binds the actual checkout to the workflow candidate
v0.14.0 Upgrade and Encrypted Rollback	Validate rollback rehearsal helpers	2026-10-05T21:34:41.9081863Z ok 7 - source resolver binds the actual checkout to the workflow candidate
v0.14.0 Upgrade and Encrypted Rollback	Validate rollback rehearsal helpers	2026-10-05T21:34:41.9082740Z   ---
v0.14.0 Upgrade and Encrypted Rollback	Validate rollback rehearsal helpers	2026-10-05T21:34:41.9083251Z   duration_ms: 0.326142
v0.14.0 Upgrade and Encrypted Rollback	Validate rollback rehearsal helpers	2026-10-05T21:34:41.9083891Z   ...
v0.14.0 Upgrade and Encrypted Rollback	Validate rollback rehearsal helpers	2026-10-05T21:34:41.9084946Z # Subtest: representative snapshots distinguish base from the intentional candidate transform
v0.14.0 Upgrade and Encrypted Rollback	Validate rollback rehearsal helpers	2026-10-05T21:34:41.9086467Z ok 8 - representative snapshots distinguish base from the intentional candidate transform
v0.14.0 Upgrade and Encrypted Rollback	Validate rollback rehearsal helpers	2026-10-05T21:34:41.9087446Z   ---
v0.14.0 Upgrade and Encrypted Rollback	Validate rollback rehearsal helpers	2026-10-05T21:34:41.9087948Z   duration_ms: 0.316975
v0.14.0 Upgrade and Encrypted Rollback	Validate rollback rehearsal helpers	2026-10-05T21:34:41.9088492Z   ...
v0.14.0 Upgrade and Encrypted Rollback	Validate rollback rehearsal helpers	2026-10-05T21:34:41.9089298Z # Subtest: diagnostics redact credentials and absolute host paths
v0.14.0 Upgrade and Encrypted Rollback	Validate rollback rehearsal helpers	2026-10-05T21:34:41.9090366Z ok 9 - diagnostics redact credentials and absolute host paths
v0.14.0 Upgrade and Encrypted Rollback	Validate rollback rehearsal helpers	2026-10-05T21:34:41.9091115Z   ---
v0.14.0 Upgrade and Encrypted Rollback	Validate rollback rehearsal helpers	2026-10-05T21:34:41.9091836Z   duration_ms: 0.620684
v0.14.0 Upgrade and Encrypted Rollback	Validate rollback rehearsal helpers	2026-10-05T21:34:41.9092388Z   ...
v0.14.0 Upgrade and Encrypted Rollback	Validate rollback rehearsal helpers	2026-10-05T21:34:41.9093339Z # Subtest: success evidence is sanitized, exact, and contains no resource target
v0.14.0 Upgrade and Encrypted Rollback	Validate rollback rehearsal helpers	2026-10-05T21:34:41.9094633Z ok 10 - success evidence is sanitized, exact, and contains no resource target
v0.14.0 Upgrade and Encrypted Rollback	Validate rollback rehearsal helpers	2026-10-05T21:34:41.9095474Z   ---
v0.14.0 Upgrade and Encrypted Rollback	Validate rollback rehearsal helpers	2026-10-05T21:34:41.9095968Z   duration_ms: 0.542338
v0.14.0 Upgrade and Encrypted Rollback	Validate rollback rehearsal helpers	2026-10-05T21:34:41.9096508Z   ...
v0.14.0 Upgrade and Encrypted Rollback	Validate rollback rehearsal helpers	2026-10-05T21:34:41.9097327Z # Subtest: failed evidence remains bound to the checked-out candidate
v0.14.0 Upgrade and Encrypted Rollback	Validate rollback rehearsal helpers	2026-10-05T21:34:41.9098436Z ok 11 - failed evidence remains bound to the checked-out candidate
v0.14.0 Upgrade and Encrypted Rollback	Validate rollback rehearsal helpers	2026-10-05T21:34:41.9099684Z   ---
v0.14.0 Upgrade and Encrypted Rollback	Validate rollback rehearsal helpers	2026-10-05T21:34:41.9100191Z   duration_ms: 0.280736
v0.14.0 Upgrade and Encrypted Rollback	Validate rollback rehearsal helpers	2026-10-05T21:34:41.9100736Z   ...
v0.14.0 Upgrade and Encrypted Rollback	Validate rollback rehearsal helpers	2026-10-05T21:34:41.9101802Z # Subtest: schema names, arguments, and evidence path are fixed and guarded
v0.14.0 Upgrade and Encrypted Rollback	Validate rollback rehearsal helpers	2026-10-05T21:34:41.9103037Z ok 12 - schema names, arguments, and evidence path are fixed and guarded
v0.14.0 Upgrade and Encrypted Rollback	Validate rollback rehearsal helpers	2026-10-05T21:34:41.9103849Z   ---
v0.14.0 Upgrade and Encrypted Rollback	Validate rollback rehearsal helpers	2026-10-05T21:34:41.9104346Z   duration_ms: 0.269666
v0.14.0 Upgrade and Encrypted Rollback	Validate rollback rehearsal helpers	2026-10-05T21:34:41.9104879Z   ...
v0.14.0 Upgrade and Encrypted Rollback	Validate rollback rehearsal helpers	2026-10-05T21:34:41.9105841Z # Subtest: command encoding defaults to text while preserving explicit spawn encodings
v0.14.0 Upgrade and Encrypted Rollback	Validate rollback rehearsal helpers	2026-10-05T21:34:41.9107432Z ok 13 - command encoding defaults to text while preserving explicit spawn encodings
v0.14.0 Upgrade and Encrypted Rollback	Validate rollback rehearsal helpers	2026-10-05T21:34:41.9108328Z   ---
v0.14.0 Upgrade and Encrypted Rollback	Validate rollback rehearsal helpers	2026-10-05T21:34:41.9108838Z   duration_ms: 0.151815
v0.14.0 Upgrade and Encrypted Rollback	Validate rollback rehearsal helpers	2026-10-05T21:34:41.9109377Z   ...
v0.14.0 Upgrade and Encrypted Rollback	Validate rollback rehearsal helpers	2026-10-05T21:34:41.9110459Z # Subtest: script contract uses production backup/restore and cleanup without external DATABASE_URL
v0.14.0 Upgrade and Encrypted Rollback	Validate rollback rehearsal helpers	2026-10-05T21:34:41.9112253Z ok 14 - script contract uses production backup/restore and cleanup without external DATABASE_URL
v0.14.0 Upgrade and Encrypted Rollback	Validate rollback rehearsal helpers	2026-10-05T21:34:41.9113256Z   ---
v0.14.0 Upgrade and Encrypted Rollback	Validate rollback rehearsal helpers	2026-10-05T21:34:41.9143770Z   duration_ms: 0.673724
v0.14.0 Upgrade and Encrypted Rollback	Validate rollback rehearsal helpers	2026-10-05T21:34:41.9144209Z   ...
v0.14.0 Upgrade and Encrypted Rollback	Validate rollback rehearsal helpers	2026-10-05T21:34:41.9175059Z 1..14
v0.14.0 Upgrade and Encrypted Rollback	Validate rollback rehearsal helpers	2026-10-05T21:34:41.9175493Z # tests 14
v0.14.0 Upgrade and Encrypted Rollback	Validate rollback rehearsal helpers	2026-10-05T21:34:41.9175963Z # suites 0
v0.14.0 Upgrade and Encrypted Rollback	Validate rollback rehearsal helpers	2026-10-05T21:34:41.9176575Z # pass 14
v0.14.0 Upgrade and Encrypted Rollback	Validate rollback rehearsal helpers	2026-10-05T21:34:41.9177111Z # fail 0
v0.14.0 Upgrade and Encrypted Rollback	Validate rollback rehearsal helpers	2026-10-05T21:34:41.9182226Z # cancelled 0
v0.14.0 Upgrade and Encrypted Rollback	Validate rollback rehearsal helpers	2026-10-05T21:34:41.9186689Z # skipped 0
v0.14.0 Upgrade and Encrypted Rollback	Validate rollback rehearsal helpers	2026-10-05T21:34:41.9187137Z # todo 0
v0.14.0 Upgrade and Encrypted Rollback	Validate rollback rehearsal helpers	2026-10-05T21:34:41.9187561Z # duration_ms 98.152172
v0.14.0 Upgrade and Encrypted Rollback	Upgrade from v0.14.0, restore, and re-upgrade	∩╗┐2026-10-05T21:34:41.9302876Z ##[group]Run npm run test:db:rollback
v0.14.0 Upgrade and Encrypted Rollback	Upgrade from v0.14.0, restore, and re-upgrade	2026-10-05T21:34:41.9303228Z ^[[36;1mnpm run test:db:rollback^[[0m
v0.14.0 Upgrade and Encrypted Rollback	Upgrade from v0.14.0, restore, and re-upgrade	2026-10-05T21:34:41.9368973Z shell: /usr/bin/bash -e {0}
v0.14.0 Upgrade and Encrypted Rollback	Upgrade from v0.14.0, restore, and re-upgrade	2026-10-05T21:34:41.9369256Z env:
v0.14.0 Upgrade and Encrypted Rollback	Upgrade from v0.14.0, restore, and re-upgrade	2026-10-05T21:34:41.9369580Z   CALIBRATE_SOURCE_COMMIT: ed170e7e8a716e6a1b71b726bb49a0a184c01ad6
v0.14.0 Upgrade and Encrypted Rollback	Upgrade from v0.14.0, restore, and re-upgrade	2026-10-05T21:34:41.9370002Z ##[endgroup]
v0.14.0 Upgrade and Encrypted Rollback	Upgrade from v0.14.0, restore, and re-upgrade	2026-10-05T21:34:42.0553148Z 
v0.14.0 Upgrade and Encrypted Rollback	Upgrade from v0.14.0, restore, and re-upgrade	2026-10-05T21:34:42.0554143Z > cal-io@0.37.0 test:db:rollback
v0.14.0 Upgrade and Encrypted Rollback	Upgrade from v0.14.0, restore, and re-upgrade	2026-10-05T21:34:42.0555214Z > node scripts/postgres-rollback-smoke.mjs
v0.14.0 Upgrade and Encrypted Rollback	Upgrade from v0.14.0, restore, and re-upgrade	2026-10-05T21:34:42.0555816Z 
v0.14.0 Upgrade and Encrypted Rollback	Upgrade from v0.14.0, restore, and re-upgrade	2026-10-05T21:34:56.4227759Z [postgres-rollback-smoke] Applying immutable v0.14.0 migration ledger.
v0.14.0 Upgrade and Encrypted Rollback	Upgrade from v0.14.0, restore, and re-upgrade	2026-10-05T21:34:59.7376731Z [postgres-rollback-smoke] Applying candidate migrations through 0045_firebase_identity_foundation.
v0.14.0 Upgrade and Encrypted Rollback	Upgrade from v0.14.0, restore, and re-upgrade	2026-10-05T21:35:01.5725073Z [postgres-rollback-smoke] Restoring the encrypted predecessor backup into the owned empty target.
v0.14.0 Upgrade and Encrypted Rollback	Upgrade from v0.14.0, restore, and re-upgrade	2026-10-05T21:35:02.0802090Z [postgres-rollback-smoke] Re-applying the candidate ledger to the restored predecessor data.
v0.14.0 Upgrade and Encrypted Rollback	Upgrade from v0.14.0, restore, and re-upgrade	2026-10-05T21:35:04.0339302Z [postgres-rollback-smoke] PASS: restored v0.14.0, verified its exact data/ledger, and re-upgraded through 0045_firebase_identity_foundation.
v0.14.0 Upgrade and Encrypted Rollback	Post Setup Node	∩╗┐2026-10-05T21:35:04.0527624Z Post job cleanup.
v0.14.0 Upgrade and Encrypted Rollback	Post Setup Node	2026-10-05T21:35:04.1759106Z (node:4514) [DEP0040] DeprecationWarning: The `punycode` module is deprecated. Please use a userland alternative instead.
v0.14.0 Upgrade and Encrypted Rollback	Post Setup Node	2026-10-05T21:35:04.1760769Z (Use `node --trace-deprecation ...` to show where the warning was created)
v0.14.0 Upgrade and Encrypted Rollback	Post Setup Node	2026-10-05T21:35:04.1763917Z Cache hit occurred on the primary key node-cache-Linux-x64-npm-9ad1fc3d02200f097d647c965e5a2c426e45ead6e22fb282009302d8eeb7a3d3, not saving cache.
v0.14.0 Upgrade and Encrypted Rollback	Post Checkout candidate C with immutable base tag	∩╗┐2026-10-05T21:35:04.1919791Z Post job cleanup.
v0.14.0 Upgrade and Encrypted Rollback	Post Checkout candidate C with immutable base tag	2026-10-05T21:35:04.2795471Z [command]/usr/bin/git version
v0.14.0 Upgrade and Encrypted Rollback	Post Checkout candidate C with immutable base tag	2026-10-05T21:35:04.2842255Z git version 2.55.0
v0.14.0 Upgrade and Encrypted Rollback	Post Checkout candidate C with immutable base tag	2026-10-05T21:35:04.2887420Z Temporarily overriding HOME='/home/runner/work/_temp/0636aed6-648c-4c7a-b5fe-84a253afeaf7' before making global git config changes
v0.14.0 Upgrade and Encrypted Rollback	Post Checkout candidate C with immutable base tag	2026-10-05T21:35:04.2888650Z Adding repository directory to the temporary git global config as a safe directory
v0.14.0 Upgrade and Encrypted Rollback	Post Checkout candidate C with immutable base tag	2026-10-05T21:35:04.2894334Z [command]/usr/bin/git config --global --add safe.directory /home/runner/work/calibrate-health/calibrate-health
v0.14.0 Upgrade and Encrypted Rollback	Post Checkout candidate C with immutable base tag	2026-10-05T21:35:04.2933330Z [command]/usr/bin/git config --local --name-only --get-regexp core\.sshCommand
v0.14.0 Upgrade and Encrypted Rollback	Post Checkout candidate C with immutable base tag	2026-10-05T21:35:04.2967018Z [command]/usr/bin/git submodule foreach --recursive sh -c "git config --local --name-only --get-regexp 'core\.sshCommand' && git config --local --unset-all 'core.sshCommand' || :"
v0.14.0 Upgrade and Encrypted Rollback	Post Checkout candidate C with immutable base tag	2026-10-05T21:35:04.3226259Z [command]/usr/bin/git config --local --name-only --get-regexp http\.https\:\/\/github\.com\/\.extraheader
v0.14.0 Upgrade and Encrypted Rollback	Post Checkout candidate C with immutable base tag	2026-10-05T21:35:04.3250046Z http.https://github.com/.extraheader
v0.14.0 Upgrade and Encrypted Rollback	Post Checkout candidate C with immutable base tag	2026-10-05T21:35:04.3262076Z [command]/usr/bin/git config --local --unset-all http.https://github.com/.extraheader
v0.14.0 Upgrade and Encrypted Rollback	Post Checkout candidate C with immutable base tag	2026-10-05T21:35:04.3296974Z [command]/usr/bin/git submodule foreach --recursive sh -c "git config --local --name-only --get-regexp 'http\.https\:\/\/github\.com\/\.extraheader' && git config --local --unset-all 'http.https://github.com/.extraheader' || :"
v0.14.0 Upgrade and Encrypted Rollback	Post Checkout candidate C with immutable base tag	2026-10-05T21:35:04.3553653Z [command]/usr/bin/git config --local --name-only --get-regexp ^includeIf\.gitdir:
v0.14.0 Upgrade and Encrypted Rollback	Post Checkout candidate C with immutable base tag	2026-10-05T21:35:04.3591068Z [command]/usr/bin/git submodule foreach --recursive git config --local --show-origin --name-only --get-regexp remote.origin.url
v0.14.0 Upgrade and Encrypted Rollback	Complete job	∩╗┐2026-10-05T21:35:04.4014749Z Cleaning up orphan processes
v0.14.0 Upgrade and Encrypted Rollback	Complete job	2026-10-05T21:35:04.4394429Z ##[warning]Node.js 20 is deprecated. The following actions target Node.js 20 but are being forced to run on Node.js 24: actions/checkout@v4, actions/setup-node@v4. For more information see: https://github.blog/changelog/2025-09-19-deprecation-of-node-20-on-github-actions-runners/
Populated Postgres Upgrade	Set up job	∩╗┐2026-10-05T21:34:22.0338141Z Current runner version: '2.337.0'
Populated Postgres Upgrade	Set up job	2026-10-05T21:34:22.0357631Z ##[group]Runner Image Provisioner
Populated Postgres Upgrade	Set up job	2026-10-05T21:34:22.0358342Z Hosted Compute Agent
Populated Postgres Upgrade	Set up job	2026-10-05T21:34:22.0358835Z Version: 20260901.588
Populated Postgres Upgrade	Set up job	2026-10-05T21:34:22.0359333Z Commit: f88ec8081b781fac6c440065ac7ff9e710ce3d0b
Populated Postgres Upgrade	Set up job	2026-10-05T21:34:22.0359819Z Build Date: 2026-09-01T19:56:44Z
Populated Postgres Upgrade	Set up job	2026-10-05T21:34:22.0360454Z Worker ID: {f9cd45d2-64d6-49a1-becd-9c4fe50d74ea}
Populated Postgres Upgrade	Set up job	2026-10-05T21:34:22.0360965Z Azure Region: centralus
Populated Postgres Upgrade	Set up job	2026-10-05T21:34:22.0361364Z ##[endgroup]
Populated Postgres Upgrade	Set up job	2026-10-05T21:34:22.0362344Z ##[group]Operating System
Populated Postgres Upgrade	Set up job	2026-10-05T21:34:22.0362863Z Ubuntu
Populated Postgres Upgrade	Set up job	2026-10-05T21:34:22.0363535Z 24.04.5
Populated Postgres Upgrade	Set up job	2026-10-05T21:34:22.0363990Z LTS
Populated Postgres Upgrade	Set up job	2026-10-05T21:34:22.0364374Z ##[endgroup]
Populated Postgres Upgrade	Set up job	2026-10-05T21:34:22.0364817Z ##[group]Runner Image
Populated Postgres Upgrade	Set up job	2026-10-05T21:34:22.0365258Z Image: ubuntu-24.04
Populated Postgres Upgrade	Set up job	2026-10-05T21:34:22.0365670Z Version: 20260927.320.1
Populated Postgres Upgrade	Set up job	2026-10-05T21:34:22.0366396Z Included Software: https://github.com/actions/runner-images/blob/ubuntu24/20260927.320/images/ubuntu/Ubuntu2404-Readme.md
Populated Postgres Upgrade	Set up job	2026-10-05T21:34:22.0367734Z Image Release: https://github.com/actions/runner-images/releases/tag/ubuntu24%2F20260927.320
Populated Postgres Upgrade	Set up job	2026-10-05T21:34:22.0368499Z ##[endgroup]
Populated Postgres Upgrade	Set up job	2026-10-05T21:34:22.0369248Z ##[group]GITHUB_TOKEN Permissions
Populated Postgres Upgrade	Set up job	2026-10-05T21:34:22.0370830Z Contents: read
Populated Postgres Upgrade	Set up job	2026-10-05T21:34:22.0371245Z Metadata: read
Populated Postgres Upgrade	Set up job	2026-10-05T21:34:22.0371621Z ##[endgroup]
Populated Postgres Upgrade	Set up job	2026-10-05T21:34:22.0373110Z Secret source: Actions
Populated Postgres Upgrade	Set up job	2026-10-05T21:34:22.0374189Z Cache mode: write
Populated Postgres Upgrade	Set up job	2026-10-05T21:34:22.0374746Z Prepare workflow directory
Populated Postgres Upgrade	Set up job	2026-10-05T21:34:22.1050766Z Prepare all required actions
Populated Postgres Upgrade	Set up job	2026-10-05T21:34:22.1087270Z Getting action download info
Populated Postgres Upgrade	Set up job	2026-10-05T21:34:22.3628564Z Download action repository 'actions/checkout@v4' (SHA:11d5960a326750d5838078e36cf38b85af677262)
Populated Postgres Upgrade	Set up job	2026-10-05T21:34:22.7670950Z Download action repository 'actions/setup-node@v4' (SHA:49933ea5288caeca8642d1e84afbd3f7d6820020)
Populated Postgres Upgrade	Set up job	2026-10-05T21:34:22.9497947Z Complete job name: Populated Postgres Upgrade
Populated Postgres Upgrade	Initialize containers	∩╗┐2026-10-05T21:34:22.9837843Z ##[group]Checking docker version
Populated Postgres Upgrade	Initialize containers	2026-10-05T21:34:22.9847076Z ##[command]/usr/bin/docker version --format '{{.Server.APIVersion}}'
Populated Postgres Upgrade	Initialize containers	2026-10-05T21:34:23.0924696Z '1.48'
Populated Postgres Upgrade	Initialize containers	2026-10-05T21:34:23.0935242Z Docker daemon API version: '1.48'
Populated Postgres Upgrade	Initialize containers	2026-10-05T21:34:23.0935956Z ##[command]/usr/bin/docker version --format '{{.Client.APIVersion}}'
Populated Postgres Upgrade	Initialize containers	2026-10-05T21:34:23.1087080Z '1.48'
Populated Postgres Upgrade	Initialize containers	2026-10-05T21:34:23.1097820Z Docker client API version: '1.48'
Populated Postgres Upgrade	Initialize containers	2026-10-05T21:34:23.1101818Z ##[endgroup]
Populated Postgres Upgrade	Initialize containers	2026-10-05T21:34:23.1103730Z ##[group]Clean up resources from previous jobs
Populated Postgres Upgrade	Initialize containers	2026-10-05T21:34:23.1107237Z ##[command]/usr/bin/docker ps --all --quiet --no-trunc --filter "label=d92c90"
Populated Postgres Upgrade	Initialize containers	2026-10-05T21:34:23.1225559Z ##[command]/usr/bin/docker network prune --force --filter "label=d92c90"
Populated Postgres Upgrade	Initialize containers	2026-10-05T21:34:23.1333462Z ##[endgroup]
Populated Postgres Upgrade	Initialize containers	2026-10-05T21:34:23.1334051Z ##[group]Create local container network
Populated Postgres Upgrade	Initialize containers	2026-10-05T21:34:23.1341043Z ##[command]/usr/bin/docker network create --label d92c90 github_network_0388c8e697ca40939aa16dcb5d7d836b
Populated Postgres Upgrade	Initialize containers	2026-10-05T21:34:23.1903490Z 915d5b04ea2510a3db0a79fb2395ac37b5fbfb93d3b0f978f2114b56856bee16
Populated Postgres Upgrade	Initialize containers	2026-10-05T21:34:23.1915191Z ##[endgroup]
Populated Postgres Upgrade	Initialize containers	2026-10-05T21:34:23.1935882Z ##[group]Starting postgres service container
Populated Postgres Upgrade	Initialize containers	2026-10-05T21:34:23.1955193Z ##[command]/usr/bin/docker pull postgres:15-alpine
Populated Postgres Upgrade	Initialize containers	2026-10-05T21:34:23.7301734Z 15-alpine: Pulling from library/postgres
Populated Postgres Upgrade	Initialize containers	2026-10-05T21:34:23.8884404Z e2de96513ba9: Already exists
Populated Postgres Upgrade	Initialize containers	2026-10-05T21:34:23.8916155Z 2c2e40dd947e: Pulling fs layer
Populated Postgres Upgrade	Initialize containers	2026-10-05T21:34:23.8917654Z 2e9987a42d41: Pulling fs layer
Populated Postgres Upgrade	Initialize containers	2026-10-05T21:34:23.8918490Z 3f49193fd82d: Pulling fs layer
Populated Postgres Upgrade	Initialize containers	2026-10-05T21:34:23.8919626Z bc2205dd5a3a: Pulling fs layer
Populated Postgres Upgrade	Initialize containers	2026-10-05T21:34:23.8920593Z e9516be90840: Pulling fs layer
Populated Postgres Upgrade	Initialize containers	2026-10-05T21:34:23.8921342Z 4f83103187f5: Pulling fs layer
Populated Postgres Upgrade	Initialize containers	2026-10-05T21:34:23.8922092Z c020dab2e853: Pulling fs layer
Populated Postgres Upgrade	Initialize containers	2026-10-05T21:34:23.8922868Z 0976f43b012c: Pulling fs layer
Populated Postgres Upgrade	Initialize containers	2026-10-05T21:34:23.8923777Z 6ba2251a51ae: Pulling fs layer
Populated Postgres Upgrade	Initialize containers	2026-10-05T21:34:23.8924503Z 277e2289225f: Pulling fs layer
Populated Postgres Upgrade	Initialize containers	2026-10-05T21:34:23.8925193Z 0976f43b012c: Waiting
Populated Postgres Upgrade	Initialize containers	2026-10-05T21:34:23.8926163Z bc2205dd5a3a: Waiting
Populated Postgres Upgrade	Initialize containers	2026-10-05T21:34:23.8926873Z e9516be90840: Waiting
Populated Postgres Upgrade	Initialize containers	2026-10-05T21:34:23.8927563Z 4f83103187f5: Waiting
Populated Postgres Upgrade	Initialize containers	2026-10-05T21:34:23.8928228Z 6ba2251a51ae: Waiting
Populated Postgres Upgrade	Initialize containers	2026-10-05T21:34:23.8928902Z c020dab2e853: Waiting
Populated Postgres Upgrade	Initialize containers	2026-10-05T21:34:23.8929549Z 277e2289225f: Waiting
Populated Postgres Upgrade	Initialize containers	2026-10-05T21:34:24.0208239Z 3f49193fd82d: Verifying Checksum
Populated Postgres Upgrade	Initialize containers	2026-10-05T21:34:24.0209733Z 3f49193fd82d: Download complete
Populated Postgres Upgrade	Initialize containers	2026-10-05T21:34:24.0242578Z 2c2e40dd947e: Download complete
Populated Postgres Upgrade	Initialize containers	2026-10-05T21:34:24.0671137Z 2e9987a42d41: Verifying Checksum
Populated Postgres Upgrade	Initialize containers	2026-10-05T21:34:24.0672647Z 2e9987a42d41: Download complete
Populated Postgres Upgrade	Initialize containers	2026-10-05T21:34:24.1485964Z bc2205dd5a3a: Verifying Checksum
Populated Postgres Upgrade	Initialize containers	2026-10-05T21:34:24.1978329Z 4f83103187f5: Verifying Checksum
Populated Postgres Upgrade	Initialize containers	2026-10-05T21:34:24.1979849Z 4f83103187f5: Download complete
Populated Postgres Upgrade	Initialize containers	2026-10-05T21:34:24.3003740Z c020dab2e853: Verifying Checksum
Populated Postgres Upgrade	Initialize containers	2026-10-05T21:34:24.3006190Z c020dab2e853: Download complete
Populated Postgres Upgrade	Initialize containers	2026-10-05T21:34:24.3343719Z 0976f43b012c: Verifying Checksum
Populated Postgres Upgrade	Initialize containers	2026-10-05T21:34:24.3344584Z 0976f43b012c: Download complete
Populated Postgres Upgrade	Initialize containers	2026-10-05T21:34:24.4265894Z 6ba2251a51ae: Verifying Checksum
Populated Postgres Upgrade	Initialize containers	2026-10-05T21:34:24.4266871Z 6ba2251a51ae: Download complete
Populated Postgres Upgrade	Initialize containers	2026-10-05T21:34:24.4704629Z 277e2289225f: Verifying Checksum
Populated Postgres Upgrade	Initialize containers	2026-10-05T21:34:24.4705190Z 277e2289225f: Download complete
Populated Postgres Upgrade	Initialize containers	2026-10-05T21:34:24.6576479Z e9516be90840: Verifying Checksum
Populated Postgres Upgrade	Initialize containers	2026-10-05T21:34:24.6577346Z e9516be90840: Download complete
Populated Postgres Upgrade	Initialize containers	2026-10-05T21:34:29.8014950Z 2c2e40dd947e: Pull complete
Populated Postgres Upgrade	Initialize containers	2026-10-05T21:34:29.8498132Z 2e9987a42d41: Pull complete
Populated Postgres Upgrade	Initialize containers	2026-10-05T21:34:29.8605775Z 3f49193fd82d: Pull complete
Populated Postgres Upgrade	Initialize containers	2026-10-05T21:34:29.8851063Z bc2205dd5a3a: Pull complete
Populated Postgres Upgrade	Initialize containers	2026-10-05T21:34:33.1316961Z e9516be90840: Pull complete
Populated Postgres Upgrade	Initialize containers	2026-10-05T21:34:33.1427587Z 4f83103187f5: Pull complete
Populated Postgres Upgrade	Initialize containers	2026-10-05T21:34:33.1523119Z c020dab2e853: Pull complete
Populated Postgres Upgrade	Initialize containers	2026-10-05T21:34:33.1795672Z 0976f43b012c: Pull complete
Populated Postgres Upgrade	Initialize containers	2026-10-05T21:34:33.1886004Z 6ba2251a51ae: Pull complete
Populated Postgres Upgrade	Initialize containers	2026-10-05T21:34:33.1974684Z 277e2289225f: Pull complete
Populated Postgres Upgrade	Initialize containers	2026-10-05T21:34:33.2015914Z Digest: sha256:f7d23353e1b15400d22ebe31189f4d314b87a4c129cc400c8c2d8d4ca127bf81
Populated Postgres Upgrade	Initialize containers	2026-10-05T21:34:33.2034608Z Status: Downloaded newer image for postgres:15-alpine
Populated Postgres Upgrade	Initialize containers	2026-10-05T21:34:33.2044162Z docker.io/library/postgres:15-alpine
Populated Postgres Upgrade	Initialize containers	2026-10-05T21:34:33.2119624Z ##[command]/usr/bin/docker create --name 3643a3afca48432588a0d3952ae9c1e5_postgres15alpine_6b55a1 --label d92c90 --network github_network_0388c8e697ca40939aa16dcb5d7d836b --network-alias postgres -p 5432:5432 --health-cmd "pg_isready -U calibrate -d calibrate" --health-interval 2s --health-timeout 5s --health-retries 10 -e "POSTGRES_USER=calibrate" -e "POSTGRES_PASSWORD=calibrate" -e "POSTGRES_DB=calibrate" -e GITHUB_ACTIONS=true -e CI=true postgres:15-alpine
Populated Postgres Upgrade	Initialize containers	2026-10-05T21:34:33.2379731Z 2963dbd72fc5970881387868fd119d190e2c57e96f4d3f96f42fc658ac6bc32a
Populated Postgres Upgrade	Initialize containers	2026-10-05T21:34:33.2392099Z ##[command]/usr/bin/docker start 2963dbd72fc5970881387868fd119d190e2c57e96f4d3f96f42fc658ac6bc32a
Populated Postgres Upgrade	Initialize containers	2026-10-05T21:34:33.4115346Z 2963dbd72fc5970881387868fd119d190e2c57e96f4d3f96f42fc658ac6bc32a
Populated Postgres Upgrade	Initialize containers	2026-10-05T21:34:33.4130810Z ##[command]/usr/bin/docker ps --all --filter id=2963dbd72fc5970881387868fd119d190e2c57e96f4d3f96f42fc658ac6bc32a --filter status=running --no-trunc --format "{{.ID}} {{.Status}}"
Populated Postgres Upgrade	Initialize containers	2026-10-05T21:34:33.4243129Z 2963dbd72fc5970881387868fd119d190e2c57e96f4d3f96f42fc658ac6bc32a Up Less than a second (health: starting)
Populated Postgres Upgrade	Initialize containers	2026-10-05T21:34:33.4358326Z ##[command]/usr/bin/docker port 2963dbd72fc5970881387868fd119d190e2c57e96f4d3f96f42fc658ac6bc32a
Populated Postgres Upgrade	Initialize containers	2026-10-05T21:34:33.4473192Z 5432/tcp -> 0.0.0.0:5432
Populated Postgres Upgrade	Initialize containers	2026-10-05T21:34:33.4473639Z 5432/tcp -> [::]:5432
Populated Postgres Upgrade	Initialize containers	2026-10-05T21:34:33.4504269Z ##[endgroup]
Populated Postgres Upgrade	Initialize containers	2026-10-05T21:34:33.4510819Z ##[group]Waiting for all services to be ready
Populated Postgres Upgrade	Initialize containers	2026-10-05T21:34:33.4521357Z ##[command]/usr/bin/docker inspect --format="{{if .Config.Healthcheck}}{{print .State.Health.Status}}{{end}}" 2963dbd72fc5970881387868fd119d190e2c57e96f4d3f96f42fc658ac6bc32a
Populated Postgres Upgrade	Initialize containers	2026-10-05T21:34:33.4628151Z starting
Populated Postgres Upgrade	Initialize containers	2026-10-05T21:34:33.4642815Z postgres service is starting, waiting 2 seconds before checking again.
Populated Postgres Upgrade	Initialize containers	2026-10-05T21:34:35.4649933Z ##[command]/usr/bin/docker inspect --format="{{if .Config.Healthcheck}}{{print .State.Health.Status}}{{end}}" 2963dbd72fc5970881387868fd119d190e2c57e96f4d3f96f42fc658ac6bc32a
Populated Postgres Upgrade	Initialize containers	2026-10-05T21:34:35.4771594Z healthy
Populated Postgres Upgrade	Initialize containers	2026-10-05T21:34:35.4782524Z postgres service is healthy.
Populated Postgres Upgrade	Initialize containers	2026-10-05T21:34:35.4783435Z ##[endgroup]
Populated Postgres Upgrade	Checkout	∩╗┐2026-10-05T21:34:35.5062804Z ##[group]Run actions/checkout@v4
Populated Postgres Upgrade	Checkout	2026-10-05T21:34:35.5063217Z with:
Populated Postgres Upgrade	Checkout	2026-10-05T21:34:35.5063802Z   ref: ed170e7e8a716e6a1b71b726bb49a0a184c01ad6
Populated Postgres Upgrade	Checkout	2026-10-05T21:34:35.5064108Z   repository: MChartier/calibrate-health
Populated Postgres Upgrade	Checkout	2026-10-05T21:34:35.5065713Z   token: ***
Populated Postgres Upgrade	Checkout	2026-10-05T21:34:35.5065970Z   ssh-strict: true
Populated Postgres Upgrade	Checkout	2026-10-05T21:34:35.5066176Z   ssh-user: git
Populated Postgres Upgrade	Checkout	2026-10-05T21:34:35.5066404Z   persist-credentials: true
Populated Postgres Upgrade	Checkout	2026-10-05T21:34:35.5066659Z   clean: true
Populated Postgres Upgrade	Checkout	2026-10-05T21:34:35.5066877Z   sparse-checkout-cone-mode: true
Populated Postgres Upgrade	Checkout	2026-10-05T21:34:35.5067124Z   fetch-depth: 1
Populated Postgres Upgrade	Checkout	2026-10-05T21:34:35.5067328Z   fetch-tags: false
Populated Postgres Upgrade	Checkout	2026-10-05T21:34:35.5067539Z   show-progress: true
Populated Postgres Upgrade	Checkout	2026-10-05T21:34:35.5067766Z   lfs: false
Populated Postgres Upgrade	Checkout	2026-10-05T21:34:35.5067973Z   submodules: false
Populated Postgres Upgrade	Checkout	2026-10-05T21:34:35.5068221Z   set-safe-directory: true
Populated Postgres Upgrade	Checkout	2026-10-05T21:34:35.5068462Z   allow-unsafe-pr-checkout: false
Populated Postgres Upgrade	Checkout	2026-10-05T21:34:35.5068841Z env:
Populated Postgres Upgrade	Checkout	2026-10-05T21:34:35.5069243Z   DATABASE_URL: ***localhost:5432/calibrate?schema=public
Populated Postgres Upgrade	Checkout	2026-10-05T21:34:35.5069509Z ##[endgroup]
Populated Postgres Upgrade	Checkout	2026-10-05T21:34:35.5805046Z Syncing repository: MChartier/calibrate-health
Populated Postgres Upgrade	Checkout	2026-10-05T21:34:35.5806623Z ##[group]Getting Git version info
Populated Postgres Upgrade	Checkout	2026-10-05T21:34:35.5807004Z Working directory is '/home/runner/work/calibrate-health/calibrate-health'
Populated Postgres Upgrade	Checkout	2026-10-05T21:34:35.5807532Z [command]/usr/bin/git version
Populated Postgres Upgrade	Checkout	2026-10-05T21:34:35.5876423Z git version 2.55.0
Populated Postgres Upgrade	Checkout	2026-10-05T21:34:35.5899691Z ##[endgroup]
Populated Postgres Upgrade	Checkout	2026-10-05T21:34:35.5912375Z Temporarily overriding HOME='/home/runner/work/_temp/2a3bb5d2-b043-42ed-bc6a-c6e03d27b816' before making global git config changes
Populated Postgres Upgrade	Checkout	2026-10-05T21:34:35.5913210Z Adding repository directory to the temporary git global config as a safe directory
Populated Postgres Upgrade	Checkout	2026-10-05T21:34:35.5918567Z [command]/usr/bin/git config --global --add safe.directory /home/runner/work/calibrate-health/calibrate-health
Populated Postgres Upgrade	Checkout	2026-10-05T21:34:35.5994379Z Deleting the contents of '/home/runner/work/calibrate-health/calibrate-health'
Populated Postgres Upgrade	Checkout	2026-10-05T21:34:35.5999356Z ##[group]Initializing the repository
Populated Postgres Upgrade	Checkout	2026-10-05T21:34:35.6001766Z [command]/usr/bin/git init /home/runner/work/calibrate-health/calibrate-health
Populated Postgres Upgrade	Checkout	2026-10-05T21:34:35.6091975Z hint: Using 'master' as the name for the initial branch. This default branch name
Populated Postgres Upgrade	Checkout	2026-10-05T21:34:35.6092746Z hint: will change to "main" in Git 3.0. To configure the initial branch name
Populated Postgres Upgrade	Checkout	2026-10-05T21:34:35.6093160Z hint: to use in all of your new repositories, which will suppress this warning,
Populated Postgres Upgrade	Checkout	2026-10-05T21:34:35.6093706Z hint: call:
Populated Postgres Upgrade	Checkout	2026-10-05T21:34:35.6094149Z hint:
Populated Postgres Upgrade	Checkout	2026-10-05T21:34:35.6094607Z hint: 	git config --global init.defaultBranch <name>
Populated Postgres Upgrade	Checkout	2026-10-05T21:34:35.6095089Z hint:
Populated Postgres Upgrade	Checkout	2026-10-05T21:34:35.6095534Z hint: Names commonly chosen instead of 'master' are 'main', 'trunk' and
Populated Postgres Upgrade	Checkout	2026-10-05T21:34:35.6096094Z hint: 'development'. The just-created branch can be renamed via this command:
Populated Postgres Upgrade	Checkout	2026-10-05T21:34:35.6096560Z hint:
Populated Postgres Upgrade	Checkout	2026-10-05T21:34:35.6096816Z hint: 	git branch -m <name>
Populated Postgres Upgrade	Checkout	2026-10-05T21:34:35.6097164Z hint:
Populated Postgres Upgrade	Checkout	2026-10-05T21:34:35.6097560Z hint: Disable this message with "git config set advice.defaultBranchName false"
Populated Postgres Upgrade	Checkout	2026-10-05T21:34:35.6098155Z Initialized empty Git repository in /home/runner/work/calibrate-health/calibrate-health/.git/
Populated Postgres Upgrade	Checkout	2026-10-05T21:34:35.6106460Z [command]/usr/bin/git remote add origin https://github.com/MChartier/calibrate-health
Populated Postgres Upgrade	Checkout	2026-10-05T21:34:35.6145784Z ##[endgroup]
Populated Postgres Upgrade	Checkout	2026-10-05T21:34:35.6146277Z ##[group]Disabling automatic garbage collection
Populated Postgres Upgrade	Checkout	2026-10-05T21:34:35.6149410Z [command]/usr/bin/git config --local gc.auto 0
Populated Postgres Upgrade	Checkout	2026-10-05T21:34:35.6177452Z ##[endgroup]
Populated Postgres Upgrade	Checkout	2026-10-05T21:34:35.6177942Z ##[group]Setting up auth
Populated Postgres Upgrade	Checkout	2026-10-05T21:34:35.6184900Z [command]/usr/bin/git config --local --name-only --get-regexp core\.sshCommand
Populated Postgres Upgrade	Checkout	2026-10-05T21:34:35.6210473Z [command]/usr/bin/git submodule foreach --recursive sh -c "git config --local --name-only --get-regexp 'core\.sshCommand' && git config --local --unset-all 'core.sshCommand' || :"
Populated Postgres Upgrade	Checkout	2026-10-05T21:34:35.6493769Z [command]/usr/bin/git config --local --name-only --get-regexp http\.https\:\/\/github\.com\/\.extraheader
Populated Postgres Upgrade	Checkout	2026-10-05T21:34:35.6515657Z [command]/usr/bin/git submodule foreach --recursive sh -c "git config --local --name-only --get-regexp 'http\.https\:\/\/github\.com\/\.extraheader' && git config --local --unset-all 'http.https://github.com/.extraheader' || :"
Populated Postgres Upgrade	Checkout	2026-10-05T21:34:35.6654482Z [command]/usr/bin/git config --local --name-only --get-regexp ^includeIf\.gitdir:
Populated Postgres Upgrade	Checkout	2026-10-05T21:34:35.6677074Z [command]/usr/bin/git submodule foreach --recursive git config --local --show-origin --name-only --get-regexp remote.origin.url
Populated Postgres Upgrade	Checkout	2026-10-05T21:34:35.6817852Z [command]/usr/bin/git config --local http.https://github.com/.extraheader AUTHORIZATION: basic ***
Populated Postgres Upgrade	Checkout	2026-10-05T21:34:35.6866435Z ##[endgroup]
Populated Postgres Upgrade	Checkout	2026-10-05T21:34:35.6866910Z ##[group]Fetching the repository
Populated Postgres Upgrade	Checkout	2026-10-05T21:34:35.6873699Z [command]/usr/bin/git -c protocol.version=2 fetch --no-tags --prune --no-recurse-submodules --depth=1 origin ed170e7e8a716e6a1b71b726bb49a0a184c01ad6
Populated Postgres Upgrade	Checkout	2026-10-05T21:34:37.3937790Z From https://github.com/MChartier/calibrate-health
Populated Postgres Upgrade	Checkout	2026-10-05T21:34:37.3938578Z  * branch            ed170e7e8a716e6a1b71b726bb49a0a184c01ad6 -> FETCH_HEAD
Populated Postgres Upgrade	Checkout	2026-10-05T21:34:37.3942645Z ##[endgroup]
Populated Postgres Upgrade	Checkout	2026-10-05T21:34:37.3943452Z ##[group]Determining the checkout info
Populated Postgres Upgrade	Checkout	2026-10-05T21:34:37.3945275Z ##[endgroup]
Populated Postgres Upgrade	Checkout	2026-10-05T21:34:37.3951265Z [command]/usr/bin/git sparse-checkout disable
Populated Postgres Upgrade	Checkout	2026-10-05T21:34:37.3995777Z [command]/usr/bin/git config --local --unset-all extensions.worktreeConfig
Populated Postgres Upgrade	Checkout	2026-10-05T21:34:37.4032382Z ##[group]Checking out the ref
Populated Postgres Upgrade	Checkout	2026-10-05T21:34:37.4035819Z [command]/usr/bin/git checkout --progress --force ed170e7e8a716e6a1b71b726bb49a0a184c01ad6
Populated Postgres Upgrade	Checkout	2026-10-05T21:34:37.5548118Z Note: switching to 'ed170e7e8a716e6a1b71b726bb49a0a184c01ad6'.
Populated Postgres Upgrade	Checkout	2026-10-05T21:34:37.5548544Z 
Populated Postgres Upgrade	Checkout	2026-10-05T21:34:37.5548838Z You are in 'detached HEAD' state. You can look around, make experimental
Populated Postgres Upgrade	Checkout	2026-10-05T21:34:37.5549390Z changes and commit them, and you can discard any commits you make in this
Populated Postgres Upgrade	Checkout	2026-10-05T21:34:37.5549869Z state without impacting any branches by switching back to a branch.
Populated Postgres Upgrade	Checkout	2026-10-05T21:34:37.5550155Z 
Populated Postgres Upgrade	Checkout	2026-10-05T21:34:37.5550373Z If you want to create a new branch to retain commits you create, you may
Populated Postgres Upgrade	Checkout	2026-10-05T21:34:37.5550723Z do so (now or later) by using -c with the switch command. Example:
Populated Postgres Upgrade	Checkout	2026-10-05T21:34:37.5550938Z 
Populated Postgres Upgrade	Checkout	2026-10-05T21:34:37.5551025Z   git switch -c <new-branch-name>
Populated Postgres Upgrade	Checkout	2026-10-05T21:34:37.5551215Z 
Populated Postgres Upgrade	Checkout	2026-10-05T21:34:37.5551329Z Or undo this operation with:
Populated Postgres Upgrade	Checkout	2026-10-05T21:34:37.5551456Z 
Populated Postgres Upgrade	Checkout	2026-10-05T21:34:37.5551578Z   git switch -
Populated Postgres Upgrade	Checkout	2026-10-05T21:34:37.5551676Z 
Populated Postgres Upgrade	Checkout	2026-10-05T21:34:37.5551880Z Turn off this advice by setting config variable advice.detachedHead to false
Populated Postgres Upgrade	Checkout	2026-10-05T21:34:37.5552092Z 
Populated Postgres Upgrade	Checkout	2026-10-05T21:34:37.5552330Z HEAD is now at ed170e7 Serialize durable tracking dispatch and continue logout through storage failure
Populated Postgres Upgrade	Checkout	2026-10-05T21:34:37.5557840Z ##[endgroup]
Populated Postgres Upgrade	Checkout	2026-10-05T21:34:37.5590180Z [command]/usr/bin/git log -1 --format=%H
Populated Postgres Upgrade	Checkout	2026-10-05T21:34:37.5607382Z ed170e7e8a716e6a1b71b726bb49a0a184c01ad6
Populated Postgres Upgrade	Setup Node	∩╗┐2026-10-05T21:34:37.5797781Z ##[group]Run actions/setup-node@v4
Populated Postgres Upgrade	Setup Node	2026-10-05T21:34:37.5798076Z with:
Populated Postgres Upgrade	Setup Node	2026-10-05T21:34:37.5798276Z   node-version: 20
Populated Postgres Upgrade	Setup Node	2026-10-05T21:34:37.5798472Z   cache: npm
Populated Postgres Upgrade	Setup Node	2026-10-05T21:34:37.5798730Z   cache-dependency-path: backend/package-lock.json
Populated Postgres Upgrade	Setup Node	2026-10-05T21:34:37.5799001Z   always-auth: false
Populated Postgres Upgrade	Setup Node	2026-10-05T21:34:37.5799211Z   check-latest: false
Populated Postgres Upgrade	Setup Node	2026-10-05T21:34:37.5800811Z   token: ***
Populated Postgres Upgrade	Setup Node	2026-10-05T21:34:37.5800995Z env:
Populated Postgres Upgrade	Setup Node	2026-10-05T21:34:37.5801412Z   DATABASE_URL: ***localhost:5432/calibrate?schema=public
Populated Postgres Upgrade	Setup Node	2026-10-05T21:34:37.5801709Z ##[endgroup]
Populated Postgres Upgrade	Setup Node	2026-10-05T21:34:37.6829596Z Attempting to download 20...
Populated Postgres Upgrade	Setup Node	2026-10-05T21:34:37.6905344Z (node:2485) [DEP0040] DeprecationWarning: The `punycode` module is deprecated. Please use a userland alternative instead.
Populated Postgres Upgrade	Setup Node	2026-10-05T21:34:37.6906263Z (Use `node --trace-deprecation ...` to show where the warning was created)
Populated Postgres Upgrade	Setup Node	2026-10-05T21:34:38.4048651Z Acquiring 20.20.2 - x64 from https://github.com/actions/node-versions/releases/download/20.20.2-23521894959/node-20.20.2-linux-x64.tar.gz
Populated Postgres Upgrade	Setup Node	2026-10-05T21:34:38.8690539Z Extracting ...
Populated Postgres Upgrade	Setup Node	2026-10-05T21:34:38.8780523Z [command]/usr/bin/tar xz --strip 1 --warning=no-unknown-keyword --overwrite -C /home/runner/work/_temp/e1e0c4f8-b2c7-4a1e-bae9-ba7a2218a541 -f /home/runner/work/_temp/2145a8f7-d36d-4224-992b-8b10b6f6de07
Populated Postgres Upgrade	Setup Node	2026-10-05T21:34:39.7626154Z Adding to the cache ...
Populated Postgres Upgrade	Setup Node	2026-10-05T21:34:41.5252626Z ##[group]Environment details
Populated Postgres Upgrade	Setup Node	2026-10-05T21:34:41.6860014Z node: v20.20.2
Populated Postgres Upgrade	Setup Node	2026-10-05T21:34:41.6860383Z npm: 10.8.2
Populated Postgres Upgrade	Setup Node	2026-10-05T21:34:41.6860589Z yarn: 1.22.22
Populated Postgres Upgrade	Setup Node	2026-10-05T21:34:41.6861150Z ##[endgroup]
Populated Postgres Upgrade	Setup Node	2026-10-05T21:34:41.6876302Z [command]/opt/hostedtoolcache/node/20.20.2/x64/bin/npm config get cache
Populated Postgres Upgrade	Setup Node	2026-10-05T21:34:41.7578901Z /home/runner/.npm
Populated Postgres Upgrade	Setup Node	2026-10-05T21:34:41.9088719Z Cache hit for: node-cache-Linux-x64-npm-9ad1fc3d02200f097d647c965e5a2c426e45ead6e22fb282009302d8eeb7a3d3
Populated Postgres Upgrade	Setup Node	2026-10-05T21:34:41.9167825Z (node:2485) [DEP0169] DeprecationWarning: `url.parse()` behavior is not standardized and prone to errors that have security implications. Use the WHATWG URL API instead. CVEs are not issued for `url.parse()` vulnerabilities.
Populated Postgres Upgrade	Setup Node	2026-10-05T21:34:43.2902966Z Received 79691776 of 142506313 (55.9%), 76.0 MBs/sec
Populated Postgres Upgrade	Setup Node	2026-10-05T21:34:43.8597222Z Received 142506313 of 142506313 (100.0%), 86.6 MBs/sec
Populated Postgres Upgrade	Setup Node	2026-10-05T21:34:43.8598115Z Cache Size: ~136 MB (142506313 B)
Populated Postgres Upgrade	Setup Node	2026-10-05T21:34:43.8714536Z [command]/usr/bin/tar -xf /home/runner/work/_temp/4e8d7707-bd97-4942-818d-0f13eef849e8/cache.tzst -P -C /home/runner/work/calibrate-health/calibrate-health --use-compress-program unzstd
Populated Postgres Upgrade	Setup Node	2026-10-05T21:34:44.0042736Z Cache restored successfully
Populated Postgres Upgrade	Setup Node	2026-10-05T21:34:44.0093400Z Cache restored from key: node-cache-Linux-x64-npm-9ad1fc3d02200f097d647c965e5a2c426e45ead6e22fb282009302d8eeb7a3d3
Populated Postgres Upgrade	Install backend dependencies	∩╗┐2026-10-05T21:34:44.0220656Z ##[group]Run npm --prefix backend ci --no-audit --fund=false
Populated Postgres Upgrade	Install backend dependencies	2026-10-05T21:34:44.0221089Z ^[[36;1mnpm --prefix backend ci --no-audit --fund=false^[[0m
Populated Postgres Upgrade	Install backend dependencies	2026-10-05T21:34:44.0355466Z shell: /usr/bin/bash -e {0}
Populated Postgres Upgrade	Install backend dependencies	2026-10-05T21:34:44.0355859Z env:
Populated Postgres Upgrade	Install backend dependencies	2026-10-05T21:34:44.0356540Z   DATABASE_URL: ***localhost:5432/calibrate?schema=public
Populated Postgres Upgrade	Install backend dependencies	2026-10-05T21:34:44.0356908Z ##[endgroup]
Populated Postgres Upgrade	Install backend dependencies	2026-10-05T21:34:44.3269718Z npm warn EBADENGINE Unsupported engine {
Populated Postgres Upgrade	Install backend dependencies	2026-10-05T21:34:44.3270302Z npm warn EBADENGINE   package: '@prisma/streams-local@0.1.11',
Populated Postgres Upgrade	Install backend dependencies	2026-10-05T21:34:44.3270833Z npm warn EBADENGINE   required: { bun: '>=1.2.0', node: '>=22.0.0' },
Populated Postgres Upgrade	Install backend dependencies	2026-10-05T21:34:44.3271262Z npm warn EBADENGINE   current: { node: 'v20.20.2', npm: '10.8.2' }
Populated Postgres Upgrade	Install backend dependencies	2026-10-05T21:34:44.3271614Z npm warn EBADENGINE }
Populated Postgres Upgrade	Install backend dependencies	2026-10-05T21:34:48.6443652Z 
Populated Postgres Upgrade	Install backend dependencies	2026-10-05T21:34:48.6444965Z added 430 packages in 5s
Populated Postgres Upgrade	Generate Prisma client	∩╗┐2026-10-05T21:34:48.6698493Z ##[group]Run npm run prisma:generate
Populated Postgres Upgrade	Generate Prisma client	2026-10-05T21:34:48.6699252Z ^[[36;1mnpm run prisma:generate^[[0m
Populated Postgres Upgrade	Generate Prisma client	2026-10-05T21:34:48.6740412Z shell: /usr/bin/bash -e {0}
Populated Postgres Upgrade	Generate Prisma client	2026-10-05T21:34:48.6740869Z env:
Populated Postgres Upgrade	Generate Prisma client	2026-10-05T21:34:48.6741533Z   DATABASE_URL: ***localhost:5432/calibrate?schema=public
Populated Postgres Upgrade	Generate Prisma client	2026-10-05T21:34:48.6741873Z ##[endgroup]
Populated Postgres Upgrade	Generate Prisma client	2026-10-05T21:34:48.7575291Z 
Populated Postgres Upgrade	Generate Prisma client	2026-10-05T21:34:48.7576022Z > cal-io@0.37.0 prisma:generate
Populated Postgres Upgrade	Generate Prisma client	2026-10-05T21:34:48.7576582Z > npm --prefix backend run prisma:generate
Populated Postgres Upgrade	Generate Prisma client	2026-10-05T21:34:48.7576934Z 
Populated Postgres Upgrade	Generate Prisma client	2026-10-05T21:34:48.8361233Z 
Populated Postgres Upgrade	Generate Prisma client	2026-10-05T21:34:48.8361944Z > backend@0.37.0 prisma:generate
Populated Postgres Upgrade	Generate Prisma client	2026-10-05T21:34:48.8362574Z > prisma generate
Populated Postgres Upgrade	Generate Prisma client	2026-10-05T21:34:48.8362951Z 
Populated Postgres Upgrade	Generate Prisma client	2026-10-05T21:34:49.5045009Z Loaded Prisma config from prisma.config.ts.
Populated Postgres Upgrade	Generate Prisma client	2026-10-05T21:34:49.5045500Z 
Populated Postgres Upgrade	Generate Prisma client	2026-10-05T21:34:49.6445289Z Prisma schema loaded from prisma/schema.prisma.
Populated Postgres Upgrade	Generate Prisma client	2026-10-05T21:34:50.2126699Z 
Populated Postgres Upgrade	Generate Prisma client	2026-10-05T21:34:50.2128279Z Γ£ö Generated Prisma Client (v7.9.0) to ./node_modules/@prisma/client in 343ms
Populated Postgres Upgrade	Generate Prisma client	2026-10-05T21:34:50.2128971Z 
Populated Postgres Upgrade	Generate Prisma client	2026-10-05T21:34:50.2129324Z Start by importing your Prisma Client (See: https://pris.ly/d/importing-client)
Populated Postgres Upgrade	Generate Prisma client	2026-10-05T21:34:50.2129906Z 
Populated Postgres Upgrade	Generate Prisma client	2026-10-05T21:34:50.2129911Z 
Populated Postgres Upgrade	Validate upgrade-smoke helpers	∩╗┐2026-10-05T21:34:50.2384416Z ##[group]Run node --test scripts/postgres-populated-upgrade-smoke.test.mjs
Populated Postgres Upgrade	Validate upgrade-smoke helpers	2026-10-05T21:34:50.2385123Z ^[[36;1mnode --test scripts/postgres-populated-upgrade-smoke.test.mjs^[[0m
Populated Postgres Upgrade	Validate upgrade-smoke helpers	2026-10-05T21:34:50.2431814Z shell: /usr/bin/bash -e {0}
Populated Postgres Upgrade	Validate upgrade-smoke helpers	2026-10-05T21:34:50.2432139Z env:
Populated Postgres Upgrade	Validate upgrade-smoke helpers	2026-10-05T21:34:50.2432764Z   DATABASE_URL: ***localhost:5432/calibrate?schema=public
Populated Postgres Upgrade	Validate upgrade-smoke helpers	2026-10-05T21:34:50.2433098Z ##[endgroup]
Populated Postgres Upgrade	Validate upgrade-smoke helpers	2026-10-05T21:34:50.2738817Z TAP version 13
Populated Postgres Upgrade	Validate upgrade-smoke helpers	2026-10-05T21:34:50.3274016Z # Subtest: migrationOrdinal accepts tracked ordinal names and rejects malformed names
Populated Postgres Upgrade	Validate upgrade-smoke helpers	2026-10-05T21:34:50.3279167Z ok 1 - migrationOrdinal accepts tracked ordinal names and rejects malformed names
Populated Postgres Upgrade	Validate upgrade-smoke helpers	2026-10-05T21:34:50.3280182Z   ---
Populated Postgres Upgrade	Validate upgrade-smoke helpers	2026-10-05T21:34:50.3280797Z   duration_ms: 0.980965
Populated Postgres Upgrade	Validate upgrade-smoke helpers	2026-10-05T21:34:50.3281422Z   ...
Populated Postgres Upgrade	Validate upgrade-smoke helpers	2026-10-05T21:34:50.3285647Z # Subtest: databaseUrlForSchema preserves connection options while replacing schema
Populated Postgres Upgrade	Validate upgrade-smoke helpers	2026-10-05T21:34:50.3286420Z ok 2 - databaseUrlForSchema preserves connection options while replacing schema
Populated Postgres Upgrade	Validate upgrade-smoke helpers	2026-10-05T21:34:50.3290655Z   ---
Populated Postgres Upgrade	Validate upgrade-smoke helpers	2026-10-05T21:34:50.3291012Z   duration_ms: 0.730256
Populated Postgres Upgrade	Validate upgrade-smoke helpers	2026-10-05T21:34:50.3291458Z   ...
Populated Postgres Upgrade	Validate upgrade-smoke helpers	2026-10-05T21:34:50.3292052Z # Subtest: legacy migration tree includes every migration through 0020 and no native migrations
Populated Postgres Upgrade	Validate upgrade-smoke helpers	2026-10-05T21:34:50.3292836Z ok 3 - legacy migration tree includes every migration through 0020 and no native migrations
Populated Postgres Upgrade	Validate upgrade-smoke helpers	2026-10-05T21:34:50.3293469Z   ---
Populated Postgres Upgrade	Validate upgrade-smoke helpers	2026-10-05T21:34:50.3293845Z   duration_ms: 20.558088
Populated Postgres Upgrade	Validate upgrade-smoke helpers	2026-10-05T21:34:50.3294203Z   ...
Populated Postgres Upgrade	Validate upgrade-smoke helpers	2026-10-05T21:34:50.3332075Z 1..3
Populated Postgres Upgrade	Validate upgrade-smoke helpers	2026-10-05T21:34:50.3332507Z # tests 3
Populated Postgres Upgrade	Validate upgrade-smoke helpers	2026-10-05T21:34:50.3332768Z # suites 0
Populated Postgres Upgrade	Validate upgrade-smoke helpers	2026-10-05T21:34:50.3333048Z # pass 3
Populated Postgres Upgrade	Validate upgrade-smoke helpers	2026-10-05T21:34:50.3333504Z # fail 0
Populated Postgres Upgrade	Validate upgrade-smoke helpers	2026-10-05T21:34:50.3333750Z # cancelled 0
Populated Postgres Upgrade	Validate upgrade-smoke helpers	2026-10-05T21:34:50.3344406Z # skipped 0
Populated Postgres Upgrade	Validate upgrade-smoke helpers	2026-10-05T21:34:50.3347029Z # todo 0
Populated Postgres Upgrade	Validate upgrade-smoke helpers	2026-10-05T21:34:50.3347409Z # duration_ms 64.972528
Populated Postgres Upgrade	Upgrade populated schema from 0020 through current	∩╗┐2026-10-05T21:34:50.3403483Z ##[group]Run node scripts/postgres-populated-upgrade-smoke.mjs
Populated Postgres Upgrade	Upgrade populated schema from 0020 through current	2026-10-05T21:34:50.3403907Z ^[[36;1mnode scripts/postgres-populated-upgrade-smoke.mjs^[[0m
Populated Postgres Upgrade	Upgrade populated schema from 0020 through current	2026-10-05T21:34:50.3433201Z shell: /usr/bin/bash -e {0}
Populated Postgres Upgrade	Upgrade populated schema from 0020 through current	2026-10-05T21:34:50.3433624Z env:
Populated Postgres Upgrade	Upgrade populated schema from 0020 through current	2026-10-05T21:34:50.3434115Z   DATABASE_URL: ***localhost:5432/calibrate?schema=public
Populated Postgres Upgrade	Upgrade populated schema from 0020 through current	2026-10-05T21:34:50.3434424Z ##[endgroup]
Populated Postgres Upgrade	Upgrade populated schema from 0020 through current	2026-10-05T21:34:50.4255006Z [db-upgrade-smoke] Applying 24 migrations through 0020.
Populated Postgres Upgrade	Upgrade populated schema from 0020 through current	2026-10-05T21:34:50.9375892Z Loaded Prisma config from prisma.config.ts.
Populated Postgres Upgrade	Upgrade populated schema from 0020 through current	2026-10-05T21:34:50.9376524Z 
Populated Postgres Upgrade	Upgrade populated schema from 0020 through current	2026-10-05T21:34:51.0169915Z Prisma schema loaded from ../../../../../../tmp/calibrate-upgrade-qpdJJU/prisma/schema.prisma.
Populated Postgres Upgrade	Upgrade populated schema from 0020 through current	2026-10-05T21:34:51.0234859Z Datasource "db": PostgreSQL database "calibrate", schema "calibrate_upgrade_smoke_2763_0b7111262bfd" at "localhost:5432"
Populated Postgres Upgrade	Upgrade populated schema from 0020 through current	2026-10-05T21:34:51.0760536Z 
Populated Postgres Upgrade	Upgrade populated schema from 0020 through current	2026-10-05T21:34:51.0761112Z 24 migrations found in prisma/migrations
Populated Postgres Upgrade	Upgrade populated schema from 0020 through current	2026-10-05T21:34:51.0761427Z 
Populated Postgres Upgrade	Upgrade populated schema from 0020 through current	2026-10-05T21:34:51.1821202Z Applying migration `0001_init`
Populated Postgres Upgrade	Upgrade populated schema from 0020 through current	2026-10-05T21:34:51.2029549Z Applying migration `0002_weight_units_grams`
Populated Postgres Upgrade	Upgrade populated schema from 0020 through current	2026-10-05T21:34:51.2127614Z Applying migration `0003_bodymetric_date_only`
Populated Postgres Upgrade	Upgrade populated schema from 0020 through current	2026-10-05T21:34:51.2230396Z Applying migration `0004_add_profile_fields`
Populated Postgres Upgrade	Upgrade populated schema from 0020 through current	2026-10-05T21:34:51.2264613Z Applying migration `0005_add_user_timezone`
Populated Postgres Upgrade	Upgrade populated schema from 0020 through current	2026-10-05T21:34:51.2291290Z Applying migration `0006_foodlog_local_date`
Populated Postgres Upgrade	Upgrade populated schema from 0020 through current	2026-10-05T21:34:51.2336092Z Applying migration `0007_height_unit_preference`
Populated Postgres Upgrade	Upgrade populated schema from 0020 through current	2026-10-05T21:34:51.2377446Z Applying migration `0008_meal_period_enum`
Populated Postgres Upgrade	Upgrade populated schema from 0020 through current	2026-10-05T21:34:51.2467233Z Applying migration `0009_add_user_profile_image`
Populated Postgres Upgrade	Upgrade populated schema from 0020 through current	2026-10-05T21:34:51.2490092Z Applying migration `0010_my_foods`
Populated Postgres Upgrade	Upgrade populated schema from 0020 through current	2026-10-05T21:34:51.2671244Z Applying migration `0011_add_user_language`
Populated Postgres Upgrade	Upgrade populated schema from 0020 through current	2026-10-05T21:34:51.2696791Z Applying migration `0012_session_store`
Populated Postgres Upgrade	Upgrade populated schema from 0020 through current	2026-10-05T21:34:51.2752889Z Applying migration `0013_food_log_day_completion`
Populated Postgres Upgrade	Upgrade populated schema from 0020 through current	2026-10-05T21:34:51.2821565Z Applying migration `0013_push_subscriptions`
Populated Postgres Upgrade	Upgrade populated schema from 0020 through current	2026-10-05T21:34:51.2906790Z Applying migration `0014_push_subscription_reminders`
Populated Postgres Upgrade	Upgrade populated schema from 0020 through current	2026-10-05T21:34:51.2929585Z Applying migration `0014_push_subscription_user_endpoint_uniqueness`
Populated Postgres Upgrade	Upgrade populated schema from 0020 through current	2026-10-05T21:34:51.2969823Z Applying migration `0015_reminder_preference_flags`
Populated Postgres Upgrade	Upgrade populated schema from 0020 through current	2026-10-05T21:34:51.2999364Z Applying migration `0016_bodymetric_trend_precompute`
Populated Postgres Upgrade	Upgrade populated schema from 0020 through current	2026-10-05T21:34:51.3065503Z Applying migration `0016_in_app_notifications`
Populated Postgres Upgrade	Upgrade populated schema from 0020 through current	2026-10-05T21:34:51.3174258Z Applying migration `0017_haptics_preference`
Populated Postgres Upgrade	Upgrade populated schema from 0020 through current	2026-10-05T21:34:51.3204279Z Applying migration `0017_notification_delivery_channels`
Populated Postgres Upgrade	Upgrade populated schema from 0020 through current	2026-10-05T21:34:51.3269146Z Applying migration `0018_food_log_external_snapshots`
Populated Postgres Upgrade	Upgrade populated schema from 0020 through current	2026-10-05T21:34:51.3308434Z Applying migration `0019_backend_server_audit_indexes`
Populated Postgres Upgrade	Upgrade populated schema from 0020 through current	2026-10-05T21:34:51.3339900Z Applying migration `0020_goal_active_lookup_index`
Populated Postgres Upgrade	Upgrade populated schema from 0020 through current	2026-10-05T21:34:51.3378009Z 
Populated Postgres Upgrade	Upgrade populated schema from 0020 through current	2026-10-05T21:34:51.3385248Z The following migration(s) have been applied:
Populated Postgres Upgrade	Upgrade populated schema from 0020 through current	2026-10-05T21:34:51.3385804Z 
Populated Postgres Upgrade	Upgrade populated schema from 0020 through current	2026-10-05T21:34:51.3386426Z migrations/
Populated Postgres Upgrade	Upgrade populated schema from 0020 through current	2026-10-05T21:34:51.3387308Z   ΓööΓöÇ 0001_init/
Populated Postgres Upgrade	Upgrade populated schema from 0020 through current	2026-10-05T21:34:51.3387830Z     ΓööΓöÇ migration.sql
Populated Postgres Upgrade	Upgrade populated schema from 0020 through current	2026-10-05T21:34:51.3388425Z   ΓööΓöÇ 0002_weight_units_grams/
Populated Postgres Upgrade	Upgrade populated schema from 0020 through current	2026-10-05T21:34:51.3388893Z     ΓööΓöÇ migration.sql
Populated Postgres Upgrade	Upgrade populated schema from 0020 through current	2026-10-05T21:34:51.3389473Z   ΓööΓöÇ 0003_bodymetric_date_only/
Populated Postgres Upgrade	Upgrade populated schema from 0020 through current	2026-10-05T21:34:51.3389951Z     ΓööΓöÇ migration.sql
Populated Postgres Upgrade	Upgrade populated schema from 0020 through current	2026-10-05T21:34:51.3390395Z   ΓööΓöÇ 0004_add_profile_fields/
Populated Postgres Upgrade	Upgrade populated schema from 0020 through current	2026-10-05T21:34:51.3390879Z     ΓööΓöÇ migration.sql
Populated Postgres Upgrade	Upgrade populated schema from 0020 through current	2026-10-05T21:34:51.3391303Z   ΓööΓöÇ 0005_add_user_timezone/
Populated Postgres Upgrade	Upgrade populated schema from 0020 through current	2026-10-05T21:34:51.3391742Z     ΓööΓöÇ migration.sql
Populated Postgres Upgrade	Upgrade populated schema from 0020 through current	2026-10-05T21:34:51.3392232Z   ΓööΓöÇ 0006_foodlog_local_date/
Populated Postgres Upgrade	Upgrade populated schema from 0020 through current	2026-10-05T21:34:51.3392680Z     ΓööΓöÇ migration.sql
Populated Postgres Upgrade	Upgrade populated schema from 0020 through current	2026-10-05T21:34:51.3393138Z   ΓööΓöÇ 0007_height_unit_preference/
Populated Postgres Upgrade	Upgrade populated schema from 0020 through current	2026-10-05T21:34:51.3393847Z     ΓööΓöÇ migration.sql
Populated Postgres Upgrade	Upgrade populated schema from 0020 through current	2026-10-05T21:34:51.3394288Z   ΓööΓöÇ 0008_meal_period_enum/
Populated Postgres Upgrade	Upgrade populated schema from 0020 through current	2026-10-05T21:34:51.3394749Z     ΓööΓöÇ migration.sql
Populated Postgres Upgrade	Upgrade populated schema from 0020 through current	2026-10-05T21:34:51.3395223Z   ΓööΓöÇ 0009_add_user_profile_image/
Populated Postgres Upgrade	Upgrade populated schema from 0020 through current	2026-10-05T21:34:51.3395628Z     ΓööΓöÇ migration.sql
Populated Postgres Upgrade	Upgrade populated schema from 0020 through current	2026-10-05T21:34:51.3395991Z   ΓööΓöÇ 0010_my_foods/
Populated Postgres Upgrade	Upgrade populated schema from 0020 through current	2026-10-05T21:34:51.3396413Z     ΓööΓöÇ migration.sql
Populated Postgres Upgrade	Upgrade populated schema from 0020 through current	2026-10-05T21:34:51.3396825Z   ΓööΓöÇ 0011_add_user_language/
Populated Postgres Upgrade	Upgrade populated schema from 0020 through current	2026-10-05T21:34:51.3397466Z     ΓööΓöÇ migration.sql
Populated Postgres Upgrade	Upgrade populated schema from 0020 through current	2026-10-05T21:34:51.3397886Z   ΓööΓöÇ 0012_session_store/
Populated Postgres Upgrade	Upgrade populated schema from 0020 through current	2026-10-05T21:34:51.3398282Z     ΓööΓöÇ migration.sql
Populated Postgres Upgrade	Upgrade populated schema from 0020 through current	2026-10-05T21:34:51.3398730Z   ΓööΓöÇ 0013_food_log_day_completion/
Populated Postgres Upgrade	Upgrade populated schema from 0020 through current	2026-10-05T21:34:51.3399127Z     ΓööΓöÇ migration.sql
Populated Postgres Upgrade	Upgrade populated schema from 0020 through current	2026-10-05T21:34:51.3399504Z   ΓööΓöÇ 0013_push_subscriptions/
Populated Postgres Upgrade	Upgrade populated schema from 0020 through current	2026-10-05T21:34:51.3399912Z     ΓööΓöÇ migration.sql
Populated Postgres Upgrade	Upgrade populated schema from 0020 through current	2026-10-05T21:34:51.3400494Z   ΓööΓöÇ 0014_push_subscription_reminders/
Populated Postgres Upgrade	Upgrade populated schema from 0020 through current	2026-10-05T21:34:51.3400930Z     ΓööΓöÇ migration.sql
Populated Postgres Upgrade	Upgrade populated schema from 0020 through current	2026-10-05T21:34:51.3401452Z   ΓööΓöÇ 0014_push_subscription_user_endpoint_uniqueness/
Populated Postgres Upgrade	Upgrade populated schema from 0020 through current	2026-10-05T21:34:51.3402054Z     ΓööΓöÇ migration.sql
Populated Postgres Upgrade	Upgrade populated schema from 0020 through current	2026-10-05T21:34:51.3402473Z   ΓööΓöÇ 0015_reminder_preference_flags/
Populated Postgres Upgrade	Upgrade populated schema from 0020 through current	2026-10-05T21:34:51.3403017Z     ΓööΓöÇ migration.sql
Populated Postgres Upgrade	Upgrade populated schema from 0020 through current	2026-10-05T21:34:51.3403590Z   ΓööΓöÇ 0016_bodymetric_trend_precompute/
Populated Postgres Upgrade	Upgrade populated schema from 0020 through current	2026-10-05T21:34:51.3404113Z     ΓööΓöÇ migration.sql
Populated Postgres Upgrade	Upgrade populated schema from 0020 through current	2026-10-05T21:34:51.3404534Z   ΓööΓöÇ 0016_in_app_notifications/
Populated Postgres Upgrade	Upgrade populated schema from 0020 through current	2026-10-05T21:34:51.3404913Z     ΓööΓöÇ migration.sql
Populated Postgres Upgrade	Upgrade populated schema from 0020 through current	2026-10-05T21:34:51.3405347Z   ΓööΓöÇ 0017_haptics_preference/
Populated Postgres Upgrade	Upgrade populated schema from 0020 through current	2026-10-05T21:34:51.3405741Z     ΓööΓöÇ migration.sql
Populated Postgres Upgrade	Upgrade populated schema from 0020 through current	2026-10-05T21:34:51.3406168Z   ΓööΓöÇ 0017_notification_delivery_channels/
Populated Postgres Upgrade	Upgrade populated schema from 0020 through current	2026-10-05T21:34:51.3406612Z     ΓööΓöÇ migration.sql
Populated Postgres Upgrade	Upgrade populated schema from 0020 through current	2026-10-05T21:34:51.3407013Z   ΓööΓöÇ 0018_food_log_external_snapshots/
Populated Postgres Upgrade	Upgrade populated schema from 0020 through current	2026-10-05T21:34:51.3407533Z     ΓööΓöÇ migration.sql
Populated Postgres Upgrade	Upgrade populated schema from 0020 through current	2026-10-05T21:34:51.3407982Z   ΓööΓöÇ 0019_backend_server_audit_indexes/
Populated Postgres Upgrade	Upgrade populated schema from 0020 through current	2026-10-05T21:34:51.3408448Z     ΓööΓöÇ migration.sql
Populated Postgres Upgrade	Upgrade populated schema from 0020 through current	2026-10-05T21:34:51.3408889Z   ΓööΓöÇ 0020_goal_active_lookup_index/
Populated Postgres Upgrade	Upgrade populated schema from 0020 through current	2026-10-05T21:34:51.3409390Z     ΓööΓöÇ migration.sql
Populated Postgres Upgrade	Upgrade populated schema from 0020 through current	2026-10-05T21:34:51.3409630Z 
Populated Postgres Upgrade	Upgrade populated schema from 0020 through current	2026-10-05T21:34:51.3409959Z All migrations have been successfully applied.
Populated Postgres Upgrade	Upgrade populated schema from 0020 through current	2026-10-05T21:34:51.3596968Z [db-upgrade-smoke] Applying migrations 0021-0045 to populated data.
Populated Postgres Upgrade	Upgrade populated schema from 0020 through current	2026-10-05T21:34:51.8635017Z Loaded Prisma config from prisma.config.ts.
Populated Postgres Upgrade	Upgrade populated schema from 0020 through current	2026-10-05T21:34:51.8635332Z 
Populated Postgres Upgrade	Upgrade populated schema from 0020 through current	2026-10-05T21:34:51.9809341Z Prisma schema loaded from prisma/schema.prisma.
Populated Postgres Upgrade	Upgrade populated schema from 0020 through current	2026-10-05T21:34:51.9855402Z Datasource "db": PostgreSQL database "calibrate", schema "calibrate_upgrade_smoke_2763_0b7111262bfd" at "localhost:5432"
Populated Postgres Upgrade	Upgrade populated schema from 0020 through current	2026-10-05T21:34:52.0357487Z 
Populated Postgres Upgrade	Upgrade populated schema from 0020 through current	2026-10-05T21:34:52.0358335Z 47 migrations found in prisma/migrations
Populated Postgres Upgrade	Upgrade populated schema from 0020 through current	2026-10-05T21:34:52.0358727Z 
Populated Postgres Upgrade	Upgrade populated schema from 0020 through current	2026-10-05T21:34:52.0874299Z Applying migration `0021_mobile_native_client`
Populated Postgres Upgrade	Upgrade populated schema from 0020 through current	2026-10-05T21:34:52.1141026Z Applying migration `0022_bind_native_push_to_mobile_session`
Populated Postgres Upgrade	Upgrade populated schema from 0020 through current	2026-10-05T21:34:52.1234187Z Applying migration `0023_client_sync_foundation`
Populated Postgres Upgrade	Upgrade populated schema from 0020 through current	2026-10-05T21:34:52.1406756Z Applying migration `0024_account_lifecycle`
Populated Postgres Upgrade	Upgrade populated schema from 0020 through current	2026-10-05T21:34:52.1586959Z Applying migration `0025_my_food_pinning`
Populated Postgres Upgrade	Upgrade populated schema from 0020 through current	2026-10-05T21:34:52.1629768Z Applying migration `0026_health_connect_activity`
Populated Postgres Upgrade	Upgrade populated schema from 0020 through current	2026-10-05T21:34:52.1942376Z Applying migration `0027_wear_os_pairing`
Populated Postgres Upgrade	Upgrade populated schema from 0020 through current	2026-10-05T21:34:52.2092146Z Applying migration `0028_watch_operation_provenance`
Populated Postgres Upgrade	Upgrade populated schema from 0020 through current	2026-10-05T21:34:52.2141577Z Applying migration `0029_push_subscription_endpoint_ownership`
Populated Postgres Upgrade	Upgrade populated schema from 0020 through current	2026-10-05T21:34:52.2211688Z Applying migration `0030_day_resolution_and_tracking_pauses`
Populated Postgres Upgrade	Upgrade populated schema from 0020 through current	2026-10-05T21:34:52.2336678Z Applying migration `0031_calibration_insights`
Populated Postgres Upgrade	Upgrade populated schema from 0020 through current	2026-10-05T21:34:52.2528746Z Applying migration `0032_weight_trend_v2`
Populated Postgres Upgrade	Upgrade populated schema from 0020 through current	2026-10-05T21:34:52.2558828Z Applying migration `0033_weight_trend_source_revision`
Populated Postgres Upgrade	Upgrade populated schema from 0020 through current	2026-10-05T21:34:52.2584386Z Applying migration `0034_calorie_safety_policy`
Populated Postgres Upgrade	Upgrade populated schema from 0020 through current	2026-10-05T21:34:52.3105882Z Applying migration `0035_account_verification_and_legal_consent`
Populated Postgres Upgrade	Upgrade populated schema from 0020 through current	2026-10-05T21:34:52.3345260Z Applying migration `0036_atomic_onboarding`
Populated Postgres Upgrade	Upgrade populated schema from 0020 through current	2026-10-05T21:34:52.3376746Z Applying migration `0037_saved_foods_library`
Populated Postgres Upgrade	Upgrade populated schema from 0020 through current	2026-10-05T21:34:52.3408041Z Applying migration `0038_settings_trust_center`
Populated Postgres Upgrade	Upgrade populated schema from 0020 through current	2026-10-05T21:34:52.3644811Z Applying migration `0039_mcp_oauth`
Populated Postgres Upgrade	Upgrade populated schema from 0020 through current	2026-10-05T21:34:52.4053496Z Applying migration `0040_ios_native_support`
Populated Postgres Upgrade	Upgrade populated schema from 0020 through current	2026-10-05T21:34:52.4078304Z Applying migration `0041_server_settings`
Populated Postgres Upgrade	Upgrade populated schema from 0020 through current	2026-10-05T21:34:52.4117231Z Applying migration `0043_food_day_comparison`
Populated Postgres Upgrade	Upgrade populated schema from 0020 through current	2026-10-05T21:34:52.4145287Z Applying migration `0045_firebase_identity_foundation`
Populated Postgres Upgrade	Upgrade populated schema from 0020 through current	2026-10-05T21:34:52.4276080Z 
Populated Postgres Upgrade	Upgrade populated schema from 0020 through current	2026-10-05T21:34:52.4297013Z ΓöîΓöÇΓöÇΓöÇΓöÇΓöÇΓöÇΓöÇΓöÇΓöÇΓöÇΓöÇΓöÇΓöÇΓöÇΓöÇΓöÇΓöÇΓöÇΓöÇΓöÇΓöÇΓöÇΓöÇΓöÇΓöÇΓöÇΓöÇΓöÇΓöÇΓöÇΓöÇΓöÇΓöÇΓöÇΓöÇΓöÇΓöÇΓöÇΓöÇΓöÇΓöÇΓöÇΓöÇΓöÇΓöÇΓöÇΓöÇΓöÇΓöÇΓöÇΓöÇΓöÇΓöÇΓöÇΓöÇΓöÇΓöÇΓöÉ
Populated Postgres Upgrade	Upgrade populated schema from 0020 through current	2026-10-05T21:34:52.4297797Z Γöé  Update available 7.9.0 -> 8.0.0-rc.20                  Γöé
Populated Postgres Upgrade	Upgrade populated schema from 0020 through current	2026-10-05T21:34:52.4298254Z Γöé                                                         Γöé
Populated Postgres Upgrade	Upgrade populated schema from 0020 through current	2026-10-05T21:34:52.4298811Z Γöé  This is a major update - please follow the guide at    Γöé
Populated Postgres Upgrade	Upgrade populated schema from 0020 through current	2026-10-05T21:34:52.4299377Z Γöé  https://pris.ly/d/major-version-upgrade                Γöé
Populated Postgres Upgrade	Upgrade populated schema from 0020 through current	2026-10-05T21:34:52.4299761Z Γöé                                                         Γöé
Populated Postgres Upgrade	Upgrade populated schema from 0020 through current	2026-10-05T21:34:52.4300106Z Γöé  Run the following to update                            Γöé
Populated Postgres Upgrade	Upgrade populated schema from 0020 through current	2026-10-05T21:34:52.4300508Z Γöé    npm i --save-dev prisma@latest                       Γöé
Populated Postgres Upgrade	Upgrade populated schema from 0020 through current	2026-10-05T21:34:52.4300897Z Γöé    npm i @prisma/client@latest                          Γöé
Populated Postgres Upgrade	Upgrade populated schema from 0020 through current	2026-10-05T21:34:52.4301265Z ΓööΓöÇΓöÇΓöÇΓöÇΓöÇΓöÇΓöÇΓöÇΓöÇΓöÇΓöÇΓöÇΓöÇΓöÇΓöÇΓöÇΓöÇΓöÇΓöÇΓöÇΓöÇΓöÇΓöÇΓöÇΓöÇΓöÇΓöÇΓöÇΓöÇΓöÇΓöÇΓöÇΓöÇΓöÇΓöÇΓöÇΓöÇΓöÇΓöÇΓöÇΓöÇΓöÇΓöÇΓöÇΓöÇΓöÇΓöÇΓöÇΓöÇΓöÇΓöÇΓöÇΓöÇΓöÇΓöÇΓöÇΓöÇΓöÿ
Populated Postgres Upgrade	Upgrade populated schema from 0020 through current	2026-10-05T21:34:52.4301641Z The following migration(s) have been applied:
Populated Postgres Upgrade	Upgrade populated schema from 0020 through current	2026-10-05T21:34:52.4301799Z 
Populated Postgres Upgrade	Upgrade populated schema from 0020 through current	2026-10-05T21:34:52.4301913Z migrations/
Populated Postgres Upgrade	Upgrade populated schema from 0020 through current	2026-10-05T21:34:52.4302179Z   ΓööΓöÇ 0021_mobile_native_client/
Populated Postgres Upgrade	Upgrade populated schema from 0020 through current	2026-10-05T21:34:52.4302487Z     ΓööΓöÇ migration.sql
Populated Postgres Upgrade	Upgrade populated schema from 0020 through current	2026-10-05T21:34:52.4302760Z   ΓööΓöÇ 0022_bind_native_push_to_mobile_session/
Populated Postgres Upgrade	Upgrade populated schema from 0020 through current	2026-10-05T21:34:52.4303055Z     ΓööΓöÇ migration.sql
Populated Postgres Upgrade	Upgrade populated schema from 0020 through current	2026-10-05T21:34:52.4303472Z   ΓööΓöÇ 0023_client_sync_foundation/
Populated Postgres Upgrade	Upgrade populated schema from 0020 through current	2026-10-05T21:34:52.4303776Z     ΓööΓöÇ migration.sql
Populated Postgres Upgrade	Upgrade populated schema from 0020 through current	2026-10-05T21:34:52.4304019Z   ΓööΓöÇ 0024_account_lifecycle/
Populated Postgres Upgrade	Upgrade populated schema from 0020 through current	2026-10-05T21:34:52.4304280Z     ΓööΓöÇ migration.sql
Populated Postgres Upgrade	Upgrade populated schema from 0020 through current	2026-10-05T21:34:52.4304523Z   ΓööΓöÇ 0025_my_food_pinning/
Populated Postgres Upgrade	Upgrade populated schema from 0020 through current	2026-10-05T21:34:52.4304757Z     ΓööΓöÇ migration.sql
Populated Postgres Upgrade	Upgrade populated schema from 0020 through current	2026-10-05T21:34:52.4305054Z   ΓööΓöÇ 0026_health_connect_activity/
Populated Postgres Upgrade	Upgrade populated schema from 0020 through current	2026-10-05T21:34:52.4305300Z     ΓööΓöÇ migration.sql
Populated Postgres Upgrade	Upgrade populated schema from 0020 through current	2026-10-05T21:34:52.4305526Z   ΓööΓöÇ 0027_wear_os_pairing/
Populated Postgres Upgrade	Upgrade populated schema from 0020 through current	2026-10-05T21:34:52.4305794Z     ΓööΓöÇ migration.sql
Populated Postgres Upgrade	Upgrade populated schema from 0020 through current	2026-10-05T21:34:52.4306039Z   ΓööΓöÇ 0028_watch_operation_provenance/
Populated Postgres Upgrade	Upgrade populated schema from 0020 through current	2026-10-05T21:34:52.4306344Z     ΓööΓöÇ migration.sql
Populated Postgres Upgrade	Upgrade populated schema from 0020 through current	2026-10-05T21:34:52.4306625Z   ΓööΓöÇ 0029_push_subscription_endpoint_ownership/
Populated Postgres Upgrade	Upgrade populated schema from 0020 through current	2026-10-05T21:34:52.4306941Z     ΓööΓöÇ migration.sql
Populated Postgres Upgrade	Upgrade populated schema from 0020 through current	2026-10-05T21:34:52.4307281Z   ΓööΓöÇ 0030_day_resolution_and_tracking_pauses/
Populated Postgres Upgrade	Upgrade populated schema from 0020 through current	2026-10-05T21:34:52.4307774Z     ΓööΓöÇ migration.sql
Populated Postgres Upgrade	Upgrade populated schema from 0020 through current	2026-10-05T21:34:52.4308078Z   ΓööΓöÇ 0031_calibration_insights/
Populated Postgres Upgrade	Upgrade populated schema from 0020 through current	2026-10-05T21:34:52.4308328Z     ΓööΓöÇ migration.sql
Populated Postgres Upgrade	Upgrade populated schema from 0020 through current	2026-10-05T21:34:52.4308567Z   ΓööΓöÇ 0032_weight_trend_v2/
Populated Postgres Upgrade	Upgrade populated schema from 0020 through current	2026-10-05T21:34:52.4308845Z     ΓööΓöÇ migration.sql
Populated Postgres Upgrade	Upgrade populated schema from 0020 through current	2026-10-05T21:34:52.4309105Z   ΓööΓöÇ 0033_weight_trend_source_revision/
Populated Postgres Upgrade	Upgrade populated schema from 0020 through current	2026-10-05T21:34:52.4309370Z     ΓööΓöÇ migration.sql
Populated Postgres Upgrade	Upgrade populated schema from 0020 through current	2026-10-05T21:34:52.4309638Z   ΓööΓöÇ 0034_calorie_safety_policy/
Populated Postgres Upgrade	Upgrade populated schema from 0020 through current	2026-10-05T21:34:52.4309903Z     ΓööΓöÇ migration.sql
Populated Postgres Upgrade	Upgrade populated schema from 0020 through current	2026-10-05T21:34:52.4310196Z   ΓööΓöÇ 0035_account_verification_and_legal_consent/
Populated Postgres Upgrade	Upgrade populated schema from 0020 through current	2026-10-05T21:34:52.4310502Z     ΓööΓöÇ migration.sql
Populated Postgres Upgrade	Upgrade populated schema from 0020 through current	2026-10-05T21:34:52.4310734Z   ΓööΓöÇ 0036_atomic_onboarding/
Populated Postgres Upgrade	Upgrade populated schema from 0020 through current	2026-10-05T21:34:52.4310961Z     ΓööΓöÇ migration.sql
Populated Postgres Upgrade	Upgrade populated schema from 0020 through current	2026-10-05T21:34:52.4311246Z   ΓööΓöÇ 0037_saved_foods_library/
Populated Postgres Upgrade	Upgrade populated schema from 0020 through current	2026-10-05T21:34:52.4311500Z     ΓööΓöÇ migration.sql
Populated Postgres Upgrade	Upgrade populated schema from 0020 through current	2026-10-05T21:34:52.4311760Z   ΓööΓöÇ 0038_settings_trust_center/
Populated Postgres Upgrade	Upgrade populated schema from 0020 through current	2026-10-05T21:34:52.4312032Z     ΓööΓöÇ migration.sql
Populated Postgres Upgrade	Upgrade populated schema from 0020 through current	2026-10-05T21:34:52.4312266Z   ΓööΓöÇ 0039_mcp_oauth/
Populated Postgres Upgrade	Upgrade populated schema from 0020 through current	2026-10-05T21:34:52.4312494Z     ΓööΓöÇ migration.sql
Populated Postgres Upgrade	Upgrade populated schema from 0020 through current	2026-10-05T21:34:52.4312756Z   ΓööΓöÇ 0040_ios_native_support/
Populated Postgres Upgrade	Upgrade populated schema from 0020 through current	2026-10-05T21:34:52.4313034Z     ΓööΓöÇ migration.sql
Populated Postgres Upgrade	Upgrade populated schema from 0020 through current	2026-10-05T21:34:52.4313399Z   ΓööΓöÇ 0041_server_settings/
Populated Postgres Upgrade	Upgrade populated schema from 0020 through current	2026-10-05T21:34:52.4313670Z     ΓööΓöÇ migration.sql
Populated Postgres Upgrade	Upgrade populated schema from 0020 through current	2026-10-05T21:34:52.4313972Z   ΓööΓöÇ 0043_food_day_comparison/
Populated Postgres Upgrade	Upgrade populated schema from 0020 through current	2026-10-05T21:34:52.4314211Z     ΓööΓöÇ migration.sql
Populated Postgres Upgrade	Upgrade populated schema from 0020 through current	2026-10-05T21:34:52.4314670Z   ΓööΓöÇ 0045_firebase_identity_foundation/
Populated Postgres Upgrade	Upgrade populated schema from 0020 through current	2026-10-05T21:34:52.4314948Z     ΓööΓöÇ migration.sql
Populated Postgres Upgrade	Upgrade populated schema from 0020 through current	2026-10-05T21:34:52.4315075Z 
Populated Postgres Upgrade	Upgrade populated schema from 0020 through current	2026-10-05T21:34:52.4315229Z All migrations have been successfully applied.
Populated Postgres Upgrade	Upgrade populated schema from 0020 through current	2026-10-05T21:34:52.4780384Z [db-upgrade-smoke] PASS: immutable mapping, local deletion cascade and monotonic credential security version.
Populated Postgres Upgrade	Upgrade populated schema from 0020 through current	2026-10-05T21:34:52.4782372Z [db-upgrade-smoke] PASS: retained core data across 47 migrations.
Populated Postgres Upgrade	Serialize concurrent weight-trend materialization	∩╗┐2026-10-05T21:34:52.6226232Z ##[group]Run node scripts/postgres-weight-trend-concurrency-smoke.mjs
Populated Postgres Upgrade	Serialize concurrent weight-trend materialization	2026-10-05T21:34:52.6226680Z ^[[36;1mnode scripts/postgres-weight-trend-concurrency-smoke.mjs^[[0m
Populated Postgres Upgrade	Serialize concurrent weight-trend materialization	2026-10-05T21:34:52.6261841Z shell: /usr/bin/bash -e {0}
Populated Postgres Upgrade	Serialize concurrent weight-trend materialization	2026-10-05T21:34:52.6262247Z env:
Populated Postgres Upgrade	Serialize concurrent weight-trend materialization	2026-10-05T21:34:52.6262780Z   DATABASE_URL: ***localhost:5432/calibrate?schema=public
Populated Postgres Upgrade	Serialize concurrent weight-trend materialization	2026-10-05T21:34:52.6263136Z ##[endgroup]
Populated Postgres Upgrade	Serialize concurrent weight-trend materialization	2026-10-05T21:34:53.2459453Z Loaded Prisma config from prisma.config.ts.
Populated Postgres Upgrade	Serialize concurrent weight-trend materialization	2026-10-05T21:34:53.2459760Z 
Populated Postgres Upgrade	Serialize concurrent weight-trend materialization	2026-10-05T21:34:53.3420917Z Prisma schema loaded from prisma/schema.prisma.
Populated Postgres Upgrade	Serialize concurrent weight-trend materialization	2026-10-05T21:34:53.3489590Z Datasource "db": PostgreSQL database "calibrate", schema "calibrate_upgrade_smoke_weight_trend_2873_85b375a7a40a" at "localhost:5432"
Populated Postgres Upgrade	Serialize concurrent weight-trend materialization	2026-10-05T21:34:53.3974740Z 
Populated Postgres Upgrade	Serialize concurrent weight-trend materialization	2026-10-05T21:34:53.3975558Z 47 migrations found in prisma/migrations
Populated Postgres Upgrade	Serialize concurrent weight-trend materialization	2026-10-05T21:34:53.3975930Z 
Populated Postgres Upgrade	Serialize concurrent weight-trend materialization	2026-10-05T21:34:53.4540557Z Applying migration `0001_init`
Populated Postgres Upgrade	Serialize concurrent weight-trend materialization	2026-10-05T21:34:53.4757358Z Applying migration `0002_weight_units_grams`
Populated Postgres Upgrade	Serialize concurrent weight-trend materialization	2026-10-05T21:34:53.4843608Z Applying migration `0003_bodymetric_date_only`
Populated Postgres Upgrade	Serialize concurrent weight-trend materialization	2026-10-05T21:34:53.4933056Z Applying migration `0004_add_profile_fields`
Populated Postgres Upgrade	Serialize concurrent weight-trend materialization	2026-10-05T21:34:53.4970623Z Applying migration `0005_add_user_timezone`
Populated Postgres Upgrade	Serialize concurrent weight-trend materialization	2026-10-05T21:34:53.4994947Z Applying migration `0006_foodlog_local_date`
Populated Postgres Upgrade	Serialize concurrent weight-trend materialization	2026-10-05T21:34:53.5039706Z Applying migration `0007_height_unit_preference`
Populated Postgres Upgrade	Serialize concurrent weight-trend materialization	2026-10-05T21:34:53.5076628Z Applying migration `0008_meal_period_enum`
Populated Postgres Upgrade	Serialize concurrent weight-trend materialization	2026-10-05T21:34:53.5163405Z Applying migration `0009_add_user_profile_image`
Populated Postgres Upgrade	Serialize concurrent weight-trend materialization	2026-10-05T21:34:53.5189891Z Applying migration `0010_my_foods`
Populated Postgres Upgrade	Serialize concurrent weight-trend materialization	2026-10-05T21:34:53.7992093Z Applying migration `0011_add_user_language`
Populated Postgres Upgrade	Serialize concurrent weight-trend materialization	2026-10-05T21:34:53.8026023Z Applying migration `0012_session_store`
Populated Postgres Upgrade	Serialize concurrent weight-trend materialization	2026-10-05T21:34:53.8086341Z Applying migration `0013_food_log_day_completion`
Populated Postgres Upgrade	Serialize concurrent weight-trend materialization	2026-10-05T21:34:53.8154746Z Applying migration `0013_push_subscriptions`
Populated Postgres Upgrade	Serialize concurrent weight-trend materialization	2026-10-05T21:34:53.8270024Z Applying migration `0014_push_subscription_reminders`
Populated Postgres Upgrade	Serialize concurrent weight-trend materialization	2026-10-05T21:34:53.8298081Z Applying migration `0014_push_subscription_user_endpoint_uniqueness`
Populated Postgres Upgrade	Serialize concurrent weight-trend materialization	2026-10-05T21:34:53.8365900Z Applying migration `0015_reminder_preference_flags`
Populated Postgres Upgrade	Serialize concurrent weight-trend materialization	2026-10-05T21:34:53.8393106Z Applying migration `0016_bodymetric_trend_precompute`
Populated Postgres Upgrade	Serialize concurrent weight-trend materialization	2026-10-05T21:34:53.8458861Z Applying migration `0016_in_app_notifications`
Populated Postgres Upgrade	Serialize concurrent weight-trend materialization	2026-10-05T21:34:53.8556003Z Applying migration `0017_haptics_preference`
Populated Postgres Upgrade	Serialize concurrent weight-trend materialization	2026-10-05T21:34:53.8583453Z Applying migration `0017_notification_delivery_channels`
Populated Postgres Upgrade	Serialize concurrent weight-trend materialization	2026-10-05T21:34:53.8653967Z Applying migration `0018_food_log_external_snapshots`
Populated Postgres Upgrade	Serialize concurrent weight-trend materialization	2026-10-05T21:34:53.8682421Z Applying migration `0019_backend_server_audit_indexes`
Populated Postgres Upgrade	Serialize concurrent weight-trend materialization	2026-10-05T21:34:53.8716645Z Applying migration `0020_goal_active_lookup_index`
Populated Postgres Upgrade	Serialize concurrent weight-trend materialization	2026-10-05T21:34:53.8738478Z Applying migration `0021_mobile_native_client`
Populated Postgres Upgrade	Serialize concurrent weight-trend materialization	2026-10-05T21:34:53.8958149Z Applying migration `0022_bind_native_push_to_mobile_session`
Populated Postgres Upgrade	Serialize concurrent weight-trend materialization	2026-10-05T21:34:53.9041584Z Applying migration `0023_client_sync_foundation`
Populated Postgres Upgrade	Serialize concurrent weight-trend materialization	2026-10-05T21:34:53.9202715Z Applying migration `0024_account_lifecycle`
Populated Postgres Upgrade	Serialize concurrent weight-trend materialization	2026-10-05T21:34:53.9380924Z Applying migration `0025_my_food_pinning`
Populated Postgres Upgrade	Serialize concurrent weight-trend materialization	2026-10-05T21:34:53.9421382Z Applying migration `0026_health_connect_activity`
Populated Postgres Upgrade	Serialize concurrent weight-trend materialization	2026-10-05T21:34:53.9724100Z Applying migration `0027_wear_os_pairing`
Populated Postgres Upgrade	Serialize concurrent weight-trend materialization	2026-10-05T21:34:53.9860016Z Applying migration `0028_watch_operation_provenance`
Populated Postgres Upgrade	Serialize concurrent weight-trend materialization	2026-10-05T21:34:53.9907604Z Applying migration `0029_push_subscription_endpoint_ownership`
Populated Postgres Upgrade	Serialize concurrent weight-trend materialization	2026-10-05T21:34:53.9965703Z Applying migration `0030_day_resolution_and_tracking_pauses`
Populated Postgres Upgrade	Serialize concurrent weight-trend materialization	2026-10-05T21:34:54.0077621Z Applying migration `0031_calibration_insights`
Populated Postgres Upgrade	Serialize concurrent weight-trend materialization	2026-10-05T21:34:54.0261036Z Applying migration `0032_weight_trend_v2`
Populated Postgres Upgrade	Serialize concurrent weight-trend materialization	2026-10-05T21:34:54.0286868Z Applying migration `0033_weight_trend_source_revision`
Populated Postgres Upgrade	Serialize concurrent weight-trend materialization	2026-10-05T21:34:54.0309692Z Applying migration `0034_calorie_safety_policy`
Populated Postgres Upgrade	Serialize concurrent weight-trend materialization	2026-10-05T21:34:54.0497248Z Applying migration `0035_account_verification_and_legal_consent`
Populated Postgres Upgrade	Serialize concurrent weight-trend materialization	2026-10-05T21:34:54.0661914Z Applying migration `0036_atomic_onboarding`
Populated Postgres Upgrade	Serialize concurrent weight-trend materialization	2026-10-05T21:34:54.0694183Z Applying migration `0037_saved_foods_library`
Populated Postgres Upgrade	Serialize concurrent weight-trend materialization	2026-10-05T21:34:54.0725991Z Applying migration `0038_settings_trust_center`
Populated Postgres Upgrade	Serialize concurrent weight-trend materialization	2026-10-05T21:34:54.2014306Z Applying migration `0039_mcp_oauth`
Populated Postgres Upgrade	Serialize concurrent weight-trend materialization	2026-10-05T21:34:54.9749465Z Applying migration `0040_ios_native_support`
Populated Postgres Upgrade	Serialize concurrent weight-trend materialization	2026-10-05T21:34:54.9774077Z Applying migration `0041_server_settings`
Populated Postgres Upgrade	Serialize concurrent weight-trend materialization	2026-10-05T21:34:54.9819802Z Applying migration `0043_food_day_comparison`
Populated Postgres Upgrade	Serialize concurrent weight-trend materialization	2026-10-05T21:34:54.9852193Z Applying migration `0045_firebase_identity_foundation`
Populated Postgres Upgrade	Serialize concurrent weight-trend materialization	2026-10-05T21:34:54.9982161Z 
Populated Postgres Upgrade	Serialize concurrent weight-trend materialization	2026-10-05T21:34:54.9991062Z The following migration(s) have been applied:
Populated Postgres Upgrade	Serialize concurrent weight-trend materialization	2026-10-05T21:34:54.9991683Z 
Populated Postgres Upgrade	Serialize concurrent weight-trend materialization	2026-10-05T21:34:54.9991838Z migrations/
Populated Postgres Upgrade	Serialize concurrent weight-trend materialization	2026-10-05T21:34:54.9992710Z   ΓööΓöÇ 0001_init/
Populated Postgres Upgrade	Serialize concurrent weight-trend materialization	2026-10-05T21:34:54.9993153Z     ΓööΓöÇ migration.sql
Populated Postgres Upgrade	Serialize concurrent weight-trend materialization	2026-10-05T21:34:54.9993767Z   ΓööΓöÇ 0002_weight_units_grams/
Populated Postgres Upgrade	Serialize concurrent weight-trend materialization	2026-10-05T21:34:54.9994254Z     ΓööΓöÇ migration.sql
Populated Postgres Upgrade	Serialize concurrent weight-trend materialization	2026-10-05T21:34:54.9994680Z   ΓööΓöÇ 0003_bodymetric_date_only/
Populated Postgres Upgrade	Serialize concurrent weight-trend materialization	2026-10-05T21:34:54.9995176Z     ΓööΓöÇ migration.sql
Populated Postgres Upgrade	Serialize concurrent weight-trend materialization	2026-10-05T21:34:54.9995639Z   ΓööΓöÇ 0004_add_profile_fields/
Populated Postgres Upgrade	Serialize concurrent weight-trend materialization	2026-10-05T21:34:54.9996059Z     ΓööΓöÇ migration.sql
Populated Postgres Upgrade	Serialize concurrent weight-trend materialization	2026-10-05T21:34:54.9996525Z   ΓööΓöÇ 0005_add_user_timezone/
Populated Postgres Upgrade	Serialize concurrent weight-trend materialization	2026-10-05T21:34:54.9996952Z     ΓööΓöÇ migration.sql
Populated Postgres Upgrade	Serialize concurrent weight-trend materialization	2026-10-05T21:34:54.9997338Z   ΓööΓöÇ 0006_foodlog_local_date/
Populated Postgres Upgrade	Serialize concurrent weight-trend materialization	2026-10-05T21:34:54.9997722Z     ΓööΓöÇ migration.sql
Populated Postgres Upgrade	Serialize concurrent weight-trend materialization	2026-10-05T21:34:54.9998187Z   ΓööΓöÇ 0007_height_unit_preference/
Populated Postgres Upgrade	Serialize concurrent weight-trend materialization	2026-10-05T21:34:54.9998605Z     ΓööΓöÇ migration.sql
Populated Postgres Upgrade	Serialize concurrent weight-trend materialization	2026-10-05T21:34:54.9998947Z   ΓööΓöÇ 0008_meal_period_enum/
Populated Postgres Upgrade	Serialize concurrent weight-trend materialization	2026-10-05T21:34:54.9999411Z     ΓööΓöÇ migration.sql
Populated Postgres Upgrade	Serialize concurrent weight-trend materialization	2026-10-05T21:34:54.9999789Z   ΓööΓöÇ 0009_add_user_profile_image/
Populated Postgres Upgrade	Serialize concurrent weight-trend materialization	2026-10-05T21:34:55.0000176Z     ΓööΓöÇ migration.sql
Populated Postgres Upgrade	Serialize concurrent weight-trend materialization	2026-10-05T21:34:55.0000584Z   ΓööΓöÇ 0010_my_foods/
Populated Postgres Upgrade	Serialize concurrent weight-trend materialization	2026-10-05T21:34:55.0001021Z     ΓööΓöÇ migration.sql
Populated Postgres Upgrade	Serialize concurrent weight-trend materialization	2026-10-05T21:34:55.0001393Z   ΓööΓöÇ 0011_add_user_language/
Populated Postgres Upgrade	Serialize concurrent weight-trend materialization	2026-10-05T21:34:55.0001748Z     ΓööΓöÇ migration.sql
Populated Postgres Upgrade	Serialize concurrent weight-trend materialization	2026-10-05T21:34:55.0002119Z   ΓööΓöÇ 0012_session_store/
Populated Postgres Upgrade	Serialize concurrent weight-trend materialization	2026-10-05T21:34:55.0002450Z     ΓööΓöÇ migration.sql
Populated Postgres Upgrade	Serialize concurrent weight-trend materialization	2026-10-05T21:34:55.0002832Z   ΓööΓöÇ 0013_food_log_day_completion/
Populated Postgres Upgrade	Serialize concurrent weight-trend materialization	2026-10-05T21:34:55.0003465Z     ΓööΓöÇ migration.sql
Populated Postgres Upgrade	Serialize concurrent weight-trend materialization	2026-10-05T21:34:55.0003841Z   ΓööΓöÇ 0013_push_subscriptions/
Populated Postgres Upgrade	Serialize concurrent weight-trend materialization	2026-10-05T21:34:55.0004244Z     ΓööΓöÇ migration.sql
Populated Postgres Upgrade	Serialize concurrent weight-trend materialization	2026-10-05T21:34:55.0004656Z   ΓööΓöÇ 0014_push_subscription_reminders/
Populated Postgres Upgrade	Serialize concurrent weight-trend materialization	2026-10-05T21:34:55.0005034Z     ΓööΓöÇ migration.sql
Populated Postgres Upgrade	Serialize concurrent weight-trend materialization	2026-10-05T21:34:55.0005479Z   ΓööΓöÇ 0014_push_subscription_user_endpoint_uniqueness/
Populated Postgres Upgrade	Serialize concurrent weight-trend materialization	2026-10-05T21:34:55.0006265Z     ΓööΓöÇ migration.sql
Populated Postgres Upgrade	Serialize concurrent weight-trend materialization	2026-10-05T21:34:55.0006680Z   ΓööΓöÇ 0015_reminder_preference_flags/
Populated Postgres Upgrade	Serialize concurrent weight-trend materialization	2026-10-05T21:34:55.0007060Z     ΓööΓöÇ migration.sql
Populated Postgres Upgrade	Serialize concurrent weight-trend materialization	2026-10-05T21:34:55.0007462Z   ΓööΓöÇ 0016_bodymetric_trend_precompute/
Populated Postgres Upgrade	Serialize concurrent weight-trend materialization	2026-10-05T21:34:55.0007813Z     ΓööΓöÇ migration.sql
Populated Postgres Upgrade	Serialize concurrent weight-trend materialization	2026-10-05T21:34:55.0008147Z   ΓööΓöÇ 0016_in_app_notifications/
Populated Postgres Upgrade	Serialize concurrent weight-trend materialization	2026-10-05T21:34:55.0008557Z     ΓööΓöÇ migration.sql
Populated Postgres Upgrade	Serialize concurrent weight-trend materialization	2026-10-05T21:34:55.0008997Z   ΓööΓöÇ 0017_haptics_preference/
Populated Postgres Upgrade	Serialize concurrent weight-trend materialization	2026-10-05T21:34:55.0009383Z     ΓööΓöÇ migration.sql
Populated Postgres Upgrade	Serialize concurrent weight-trend materialization	2026-10-05T21:34:55.0009768Z   ΓööΓöÇ 0017_notification_delivery_channels/
Populated Postgres Upgrade	Serialize concurrent weight-trend materialization	2026-10-05T21:34:55.0010194Z     ΓööΓöÇ migration.sql
Populated Postgres Upgrade	Serialize concurrent weight-trend materialization	2026-10-05T21:34:55.0010737Z   ΓööΓöÇ 0018_food_log_external_snapshots/
Populated Postgres Upgrade	Serialize concurrent weight-trend materialization	2026-10-05T21:34:55.0011138Z     ΓööΓöÇ migration.sql
Populated Postgres Upgrade	Serialize concurrent weight-trend materialization	2026-10-05T21:34:55.0011544Z   ΓööΓöÇ 0019_backend_server_audit_indexes/
Populated Postgres Upgrade	Serialize concurrent weight-trend materialization	2026-10-05T21:34:55.0012036Z     ΓööΓöÇ migration.sql
Populated Postgres Upgrade	Serialize concurrent weight-trend materialization	2026-10-05T21:34:55.0012403Z   ΓööΓöÇ 0020_goal_active_lookup_index/
Populated Postgres Upgrade	Serialize concurrent weight-trend materialization	2026-10-05T21:34:55.0012828Z     ΓööΓöÇ migration.sql
Populated Postgres Upgrade	Serialize concurrent weight-trend materialization	2026-10-05T21:34:55.0013176Z   ΓööΓöÇ 0021_mobile_native_client/
Populated Postgres Upgrade	Serialize concurrent weight-trend materialization	2026-10-05T21:34:55.0013734Z     ΓööΓöÇ migration.sql
Populated Postgres Upgrade	Serialize concurrent weight-trend materialization	2026-10-05T21:34:55.0014177Z   ΓööΓöÇ 0022_bind_native_push_to_mobile_session/
Populated Postgres Upgrade	Serialize concurrent weight-trend materialization	2026-10-05T21:34:55.0014611Z     ΓööΓöÇ migration.sql
Populated Postgres Upgrade	Serialize concurrent weight-trend materialization	2026-10-05T21:34:55.0015016Z   ΓööΓöÇ 0023_client_sync_foundation/
Populated Postgres Upgrade	Serialize concurrent weight-trend materialization	2026-10-05T21:34:55.0015443Z     ΓööΓöÇ migration.sql
Populated Postgres Upgrade	Serialize concurrent weight-trend materialization	2026-10-05T21:34:55.0015876Z   ΓööΓöÇ 0024_account_lifecycle/
Populated Postgres Upgrade	Serialize concurrent weight-trend materialization	2026-10-05T21:34:55.0016261Z     ΓööΓöÇ migration.sql
Populated Postgres Upgrade	Serialize concurrent weight-trend materialization	2026-10-05T21:34:55.0016698Z   ΓööΓöÇ 0025_my_food_pinning/
Populated Postgres Upgrade	Serialize concurrent weight-trend materialization	2026-10-05T21:34:55.0017071Z     ΓööΓöÇ migration.sql
Populated Postgres Upgrade	Serialize concurrent weight-trend materialization	2026-10-05T21:34:55.0017468Z   ΓööΓöÇ 0026_health_connect_activity/
Populated Postgres Upgrade	Serialize concurrent weight-trend materialization	2026-10-05T21:34:55.0017882Z     ΓööΓöÇ migration.sql
Populated Postgres Upgrade	Serialize concurrent weight-trend materialization	2026-10-05T21:34:55.0018270Z   ΓööΓöÇ 0027_wear_os_pairing/
Populated Postgres Upgrade	Serialize concurrent weight-trend materialization	2026-10-05T21:34:55.0018694Z     ΓööΓöÇ migration.sql
Populated Postgres Upgrade	Serialize concurrent weight-trend materialization	2026-10-05T21:34:55.0019083Z   ΓööΓöÇ 0028_watch_operation_provenance/
Populated Postgres Upgrade	Serialize concurrent weight-trend materialization	2026-10-05T21:34:55.0019950Z     ΓööΓöÇ migration.sql
Populated Postgres Upgrade	Serialize concurrent weight-trend materialization	2026-10-05T21:34:55.0020356Z   ΓööΓöÇ 0029_push_subscription_endpoint_ownership/
Populated Postgres Upgrade	Serialize concurrent weight-trend materialization	2026-10-05T21:34:55.0020742Z     ΓööΓöÇ migration.sql
Populated Postgres Upgrade	Serialize concurrent weight-trend materialization	2026-10-05T21:34:55.0021236Z   ΓööΓöÇ 0030_day_resolution_and_tracking_pauses/
Populated Postgres Upgrade	Serialize concurrent weight-trend materialization	2026-10-05T21:34:55.0021628Z     ΓööΓöÇ migration.sql
Populated Postgres Upgrade	Serialize concurrent weight-trend materialization	2026-10-05T21:34:55.0021991Z   ΓööΓöÇ 0031_calibration_insights/
Populated Postgres Upgrade	Serialize concurrent weight-trend materialization	2026-10-05T21:34:55.0022375Z     ΓööΓöÇ migration.sql
Populated Postgres Upgrade	Serialize concurrent weight-trend materialization	2026-10-05T21:34:55.0022723Z   ΓööΓöÇ 0032_weight_trend_v2/
Populated Postgres Upgrade	Serialize concurrent weight-trend materialization	2026-10-05T21:34:55.0023083Z     ΓööΓöÇ migration.sql
Populated Postgres Upgrade	Serialize concurrent weight-trend materialization	2026-10-05T21:34:55.0023771Z   ΓööΓöÇ 0033_weight_trend_source_revision/
Populated Postgres Upgrade	Serialize concurrent weight-trend materialization	2026-10-05T21:34:55.0024188Z     ΓööΓöÇ migration.sql
Populated Postgres Upgrade	Serialize concurrent weight-trend materialization	2026-10-05T21:34:55.0024554Z   ΓööΓöÇ 0034_calorie_safety_policy/
Populated Postgres Upgrade	Serialize concurrent weight-trend materialization	2026-10-05T21:34:55.0025032Z     ΓööΓöÇ migration.sql
Populated Postgres Upgrade	Serialize concurrent weight-trend materialization	2026-10-05T21:34:55.0025438Z   ΓööΓöÇ 0035_account_verification_and_legal_consent/
Populated Postgres Upgrade	Serialize concurrent weight-trend materialization	2026-10-05T21:34:55.0026368Z     ΓööΓöÇ migration.sql
Populated Postgres Upgrade	Serialize concurrent weight-trend materialization	2026-10-05T21:34:55.0026834Z   ΓööΓöÇ 0036_atomic_onboarding/
Populated Postgres Upgrade	Serialize concurrent weight-trend materialization	2026-10-05T21:34:55.0027356Z     ΓööΓöÇ migration.sql
Populated Postgres Upgrade	Serialize concurrent weight-trend materialization	2026-10-05T21:34:55.0028063Z   ΓööΓöÇ 0037_saved_foods_library/
Populated Postgres Upgrade	Serialize concurrent weight-trend materialization	2026-10-05T21:34:55.0028570Z     ΓööΓöÇ migration.sql
Populated Postgres Upgrade	Serialize concurrent weight-trend materialization	2026-10-05T21:34:55.0029092Z   ΓööΓöÇ 0038_settings_trust_center/
Populated Postgres Upgrade	Serialize concurrent weight-trend materialization	2026-10-05T21:34:55.0029581Z     ΓööΓöÇ migration.sql
Populated Postgres Upgrade	Serialize concurrent weight-trend materialization	2026-10-05T21:34:55.0030037Z   ΓööΓöÇ 0039_mcp_oauth/
Populated Postgres Upgrade	Serialize concurrent weight-trend materialization	2026-10-05T21:34:55.0030523Z     ΓööΓöÇ migration.sql
Populated Postgres Upgrade	Serialize concurrent weight-trend materialization	2026-10-05T21:34:55.0030980Z   ΓööΓöÇ 0040_ios_native_support/
Populated Postgres Upgrade	Serialize concurrent weight-trend materialization	2026-10-05T21:34:55.0031378Z     ΓööΓöÇ migration.sql
Populated Postgres Upgrade	Serialize concurrent weight-trend materialization	2026-10-05T21:34:55.0031888Z   ΓööΓöÇ 0041_server_settings/
Populated Postgres Upgrade	Serialize concurrent weight-trend materialization	2026-10-05T21:34:55.0032334Z     ΓööΓöÇ migration.sql
Populated Postgres Upgrade	Serialize concurrent weight-trend materialization	2026-10-05T21:34:55.0032867Z   ΓööΓöÇ 0043_food_day_comparison/
Populated Postgres Upgrade	Serialize concurrent weight-trend materialization	2026-10-05T21:34:55.0033699Z     ΓööΓöÇ migration.sql
Populated Postgres Upgrade	Serialize concurrent weight-trend materialization	2026-10-05T21:34:55.0034109Z   ΓööΓöÇ 0045_firebase_identity_foundation/
Populated Postgres Upgrade	Serialize concurrent weight-trend materialization	2026-10-05T21:34:55.0034555Z     ΓööΓöÇ migration.sql
Populated Postgres Upgrade	Serialize concurrent weight-trend materialization	2026-10-05T21:34:55.0034774Z 
Populated Postgres Upgrade	Serialize concurrent weight-trend materialization	2026-10-05T21:34:55.0035071Z All migrations have been successfully applied.
Populated Postgres Upgrade	Serialize concurrent weight-trend materialization	2026-10-05T21:34:55.6782291Z [weight-trend-concurrency-smoke] PASS: two same-user recomputations queued on the advisory lock and produced one 12-row source revision.
Populated Postgres Upgrade	Post Setup Node	∩╗┐2026-10-05T21:34:55.8589381Z Post job cleanup.
Populated Postgres Upgrade	Post Setup Node	2026-10-05T21:34:55.9430168Z (node:2965) [DEP0040] DeprecationWarning: The `punycode` module is deprecated. Please use a userland alternative instead.
Populated Postgres Upgrade	Post Setup Node	2026-10-05T21:34:55.9431152Z (Use `node --trace-deprecation ...` to show where the warning was created)
Populated Postgres Upgrade	Post Setup Node	2026-10-05T21:34:55.9432288Z Cache hit occurred on the primary key node-cache-Linux-x64-npm-9ad1fc3d02200f097d647c965e5a2c426e45ead6e22fb282009302d8eeb7a3d3, not saving cache.
Populated Postgres Upgrade	Post Checkout	∩╗┐2026-10-05T21:34:55.9524752Z Post job cleanup.
Populated Postgres Upgrade	Post Checkout	2026-10-05T21:34:56.0096025Z [command]/usr/bin/git version
Populated Postgres Upgrade	Post Checkout	2026-10-05T21:34:56.0124238Z git version 2.55.0
Populated Postgres Upgrade	Post Checkout	2026-10-05T21:34:56.0146809Z Temporarily overriding HOME='/home/runner/work/_temp/1f9828dd-3def-4689-8c26-aa743f1dfbd7' before making global git config changes
Populated Postgres Upgrade	Post Checkout	2026-10-05T21:34:56.0148061Z Adding repository directory to the temporary git global config as a safe directory
Populated Postgres Upgrade	Post Checkout	2026-10-05T21:34:56.0149564Z [command]/usr/bin/git config --global --add safe.directory /home/runner/work/calibrate-health/calibrate-health
Populated Postgres Upgrade	Post Checkout	2026-10-05T21:34:56.0177077Z [command]/usr/bin/git config --local --name-only --get-regexp core\.sshCommand
Populated Postgres Upgrade	Post Checkout	2026-10-05T21:34:56.0200140Z [command]/usr/bin/git submodule foreach --recursive sh -c "git config --local --name-only --get-regexp 'core\.sshCommand' && git config --local --unset-all 'core.sshCommand' || :"
Populated Postgres Upgrade	Post Checkout	2026-10-05T21:34:56.0360491Z [command]/usr/bin/git config --local --name-only --get-regexp http\.https\:\/\/github\.com\/\.extraheader
Populated Postgres Upgrade	Post Checkout	2026-10-05T21:34:56.0380545Z http.https://github.com/.extraheader
Populated Postgres Upgrade	Post Checkout	2026-10-05T21:34:56.0388792Z [command]/usr/bin/git config --local --unset-all http.https://github.com/.extraheader
Populated Postgres Upgrade	Post Checkout	2026-10-05T21:34:56.0414585Z [command]/usr/bin/git submodule foreach --recursive sh -c "git config --local --name-only --get-regexp 'http\.https\:\/\/github\.com\/\.extraheader' && git config --local --unset-all 'http.https://github.com/.extraheader' || :"
Populated Postgres Upgrade	Post Checkout	2026-10-05T21:34:56.0584745Z [command]/usr/bin/git config --local --name-only --get-regexp ^includeIf\.gitdir:
Populated Postgres Upgrade	Post Checkout	2026-10-05T21:34:56.0628039Z [command]/usr/bin/git submodule foreach --recursive git config --local --show-origin --name-only --get-regexp remote.origin.url
Populated Postgres Upgrade	Stop containers	∩╗┐2026-10-05T21:34:56.0938732Z Print service container logs: 3643a3afca48432588a0d3952ae9c1e5_postgres15alpine_6b55a1
Populated Postgres Upgrade	Stop containers	2026-10-05T21:34:56.0942191Z ##[command]/usr/bin/docker logs --details 2963dbd72fc5970881387868fd119d190e2c57e96f4d3f96f42fc658ac6bc32a
Populated Postgres Upgrade	Stop containers	2026-10-05T21:34:56.1051034Z  The files belonging to this database system will be owned by user "postgres".
Populated Postgres Upgrade	Stop containers	2026-10-05T21:34:56.1052479Z  sh: locale: not found
Populated Postgres Upgrade	Stop containers	2026-10-05T21:34:56.1052837Z  2026-10-05 21:34:33.702 UTC [35] WARNING:  no usable system locales were found
Populated Postgres Upgrade	Stop containers	2026-10-05T21:34:56.1053578Z  initdb: warning: enabling "trust" authentication for local connections
Populated Postgres Upgrade	Stop containers	2026-10-05T21:34:56.1054204Z  initdb: hint: You can change this by editing pg_hba.conf or using the option -A, or --auth-local and --auth-host, the next time you run initdb.
Populated Postgres Upgrade	Stop containers	2026-10-05T21:34:56.1054962Z  2026-10-05 21:34:34.456 UTC [1] LOG:  starting PostgreSQL 15.19 on x86_64-pc-linux-musl, compiled by gcc (Alpine 15.2.0) 15.2.0, 64-bit
Populated Postgres Upgrade	Stop containers	2026-10-05T21:34:56.1055553Z  2026-10-05 21:34:34.456 UTC [1] LOG:  listening on IPv4 address "0.0.0.0", port 5432
Populated Postgres Upgrade	Stop containers	2026-10-05T21:34:56.1056300Z  2026-10-05 21:34:34.456 UTC [1] LOG:  listening on IPv6 address "::", port 5432
Populated Postgres Upgrade	Stop containers	2026-10-05T21:34:56.1056794Z  2026-10-05 21:34:34.457 UTC [1] LOG:  listening on Unix socket "/var/run/postgresql/.s.PGSQL.5432"
Populated Postgres Upgrade	Stop containers	2026-10-05T21:34:56.1057312Z  2026-10-05 21:34:34.459 UTC [57] LOG:  database system was shut down at 2026-10-05 21:34:34 UTC
Populated Postgres Upgrade	Stop containers	2026-10-05T21:34:56.1057786Z  2026-10-05 21:34:34.462 UTC [1] LOG:  database system is ready to accept connections
Populated Postgres Upgrade	Stop containers	2026-10-05T21:34:56.1058243Z  2026-10-05 21:34:52.461 UTC [117] ERROR:  Firebase identity mapping is immutable
Populated Postgres Upgrade	Stop containers	2026-10-05T21:34:56.1058866Z  2026-10-05 21:34:52.461 UTC [117] CONTEXT:  PL/pgSQL function calibrate_upgrade_smoke_2763_0b7111262bfd.calibrate_immutable_firebase_identity() line 15 at RAISE
Populated Postgres Upgrade	Stop containers	2026-10-05T21:34:56.1059631Z  2026-10-05 21:34:52.461 UTC [117] STATEMENT:  UPDATE "calibrate_upgrade_smoke_2763_0b7111262bfd"."FirebaseIdentity" SET "uid" = 'changed-uid' WHERE "user_id" = $1
Populated Postgres Upgrade	Stop containers	2026-10-05T21:34:56.1060356Z  2026-10-05 21:34:52.463 UTC [117] ERROR:  Firebase identity mapping cannot be removed from a live account
Populated Postgres Upgrade	Stop containers	2026-10-05T21:34:56.1061029Z  2026-10-05 21:34:52.463 UTC [117] CONTEXT:  PL/pgSQL function calibrate_upgrade_smoke_2763_0b7111262bfd.calibrate_immutable_firebase_identity() line 8 at RAISE
Populated Postgres Upgrade	Stop containers	2026-10-05T21:34:56.1061760Z  2026-10-05 21:34:52.463 UTC [117] STATEMENT:  DELETE FROM "calibrate_upgrade_smoke_2763_0b7111262bfd"."FirebaseIdentity" WHERE "user_id" = $1
Populated Postgres Upgrade	Stop containers	2026-10-05T21:34:56.1062442Z  2026-10-05 21:34:52.464 UTC [117] ERROR:  duplicate key value violates unique constraint "FirebaseIdentity_project_id_uid_key"
Populated Postgres Upgrade	Stop containers	2026-10-05T21:34:56.1063072Z  2026-10-05 21:34:52.464 UTC [117] DETAIL:  Key (project_id, uid)=(synthetic-project, synthetic-uid) already exists.
Populated Postgres Upgrade	Stop containers	2026-10-05T21:34:56.1063943Z  2026-10-05 21:34:52.464 UTC [117] STATEMENT:  INSERT INTO "calibrate_upgrade_smoke_2763_0b7111262bfd"."FirebaseIdentity" ("user_id", "installation_id", "source_id", "project_id", "uid")
Populated Postgres Upgrade	Stop containers	2026-10-05T21:34:56.1064673Z  	      VALUES ($1, 'synthetic-install', 'synthetic-source', 'synthetic-project', 'synthetic-uid')
Populated Postgres Upgrade	Stop containers	2026-10-05T21:34:56.1065214Z  2026-10-05 21:34:52.477 UTC [117] ERROR:  Credential security version cannot decrease
Populated Postgres Upgrade	Stop containers	2026-10-05T21:34:56.1065822Z  2026-10-05 21:34:52.477 UTC [117] CONTEXT:  PL/pgSQL function calibrate_upgrade_smoke_2763_0b7111262bfd.calibrate_credential_security_version() line 4 at RAISE
Populated Postgres Upgrade	Stop containers	2026-10-05T21:34:56.1066574Z  2026-10-05 21:34:52.477 UTC [117] STATEMENT:  UPDATE "calibrate_upgrade_smoke_2763_0b7111262bfd"."User" SET "credential_security_version" = 0 WHERE "id" = $1
Populated Postgres Upgrade	Stop containers	2026-10-05T21:34:56.1067258Z  2026-10-05 21:34:55.626 UTC [141] ERROR:  duplicate key value violates unique constraint "BodyMetricTrend_pkey"
Populated Postgres Upgrade	Stop containers	2026-10-05T21:34:56.1067795Z  2026-10-05 21:34:55.626 UTC [141] DETAIL:  Key (metric_id)=(1700000000) already exists.
Populated Postgres Upgrade	Stop containers	2026-10-05T21:34:56.1069492Z  2026-10-05 21:34:55.626 UTC [141] STATEMENT:  INSERT INTO "calibrate_upgrade_smoke_weight_trend_2873_85b375a7a40a"."BodyMetricTrend" ("metric_id","user_id","date","trend_weight_grams","trend_ci_lower_grams","trend_ci_upper_grams","trend_std_grams","trend_rate_grams_per_day","trend_rate_std_grams_per_day","model_version","source_revision","computed_at") VALUES ($1,$2,$3,$4,$5,$6,$7,$8,$9,$10,$11,$12), ($13,$14,$15,$16,$17,$18,$19,$20,$21,$22,$23,$24), ($25,$26,$27,$28,$29,$30,$31,$32,$33,$34,$35,$36), ($37,$38,$39,$40,$41,$42,$43,$44,$45,$46,$47,$48), ($49,$50,$51,$52,$53,$54,$55,$56,$57,$58,$59,$60), ($61,$62,$63,$64,$65,$66,$67,$68,$69,$70,$71,$72), ($73,$74,$75,$76,$77,$78,$79,$80,$81,$82,$83,$84), ($85,$86,$87,$88,$89,$90,$91,$92,$93,$94,$95,$96), ($97,$98,$99,$100,$101,$102,$103,$104,$105,$106,$107,$108), ($109,$110,$111,$112,$113,$114,$115,$116,$117,$118,$119,$120), ($121,$122,$123,$124,$125,$126,$127,$128,$129,$130,$131,$132), ($133,$134,$135,$136,$137,$138,$139,$140,$141,$142,$143,$144)
Populated Postgres Upgrade	Stop containers	2026-10-05T21:34:56.1071658Z  This user must also own the server process.
Populated Postgres Upgrade	Stop containers	2026-10-05T21:34:56.1077065Z  
Populated Postgres Upgrade	Stop containers	2026-10-05T21:34:56.1077476Z  The database cluster will be initialized with locale "en_US.utf8".
Populated Postgres Upgrade	Stop containers	2026-10-05T21:34:56.1078280Z  The default database encoding has accordingly been set to "UTF8".
Populated Postgres Upgrade	Stop containers	2026-10-05T21:34:56.1078752Z  The default text search configuration will be set to "english".
Populated Postgres Upgrade	Stop containers	2026-10-05T21:34:56.1079069Z  
Populated Postgres Upgrade	Stop containers	2026-10-05T21:34:56.1079314Z  Data page checksums are disabled.
Populated Postgres Upgrade	Stop containers	2026-10-05T21:34:56.1079562Z  
Populated Postgres Upgrade	Stop containers	2026-10-05T21:34:56.1079819Z  fixing permissions on existing directory /var/lib/postgresql/data ... ok
Populated Postgres Upgrade	Stop containers	2026-10-05T21:34:56.1080225Z  creating subdirectories ... ok
Populated Postgres Upgrade	Stop containers	2026-10-05T21:34:56.1080515Z  selecting dynamic shared memory implementation ... posix
Populated Postgres Upgrade	Stop containers	2026-10-05T21:34:56.1080811Z  selecting default max_connections ... 100
Populated Postgres Upgrade	Stop containers	2026-10-05T21:34:56.1081123Z  selecting default shared_buffers ... 128MB
Populated Postgres Upgrade	Stop containers	2026-10-05T21:34:56.1081396Z  selecting default time zone ... UTC
Populated Postgres Upgrade	Stop containers	2026-10-05T21:34:56.1081641Z  creating configuration files ... ok
Populated Postgres Upgrade	Stop containers	2026-10-05T21:34:56.1081928Z  running bootstrap script ... ok
Populated Postgres Upgrade	Stop containers	2026-10-05T21:34:56.1082189Z  performing post-bootstrap initialization ... ok
Populated Postgres Upgrade	Stop containers	2026-10-05T21:34:56.1082495Z  syncing data to disk ... ok
Populated Postgres Upgrade	Stop containers	2026-10-05T21:34:56.1082733Z  
Populated Postgres Upgrade	Stop containers	2026-10-05T21:34:56.1082956Z  
Populated Postgres Upgrade	Stop containers	2026-10-05T21:34:56.1083183Z  Success. You can now start the database server using:
Populated Postgres Upgrade	Stop containers	2026-10-05T21:34:56.1083612Z  
Populated Postgres Upgrade	Stop containers	2026-10-05T21:34:56.1083906Z      pg_ctl -D /var/lib/postgresql/data -l logfile start
Populated Postgres Upgrade	Stop containers	2026-10-05T21:34:56.1084189Z  
Populated Postgres Upgrade	Stop containers	2026-10-05T21:34:56.1084632Z  waiting for server to start....2026-10-05 21:34:34.188 UTC [41] LOG:  starting PostgreSQL 15.19 on x86_64-pc-linux-musl, compiled by gcc (Alpine 15.2.0) 15.2.0, 64-bit
Populated Postgres Upgrade	Stop containers	2026-10-05T21:34:56.1085230Z  2026-10-05 21:34:34.189 UTC [41] LOG:  listening on Unix socket "/var/run/postgresql/.s.PGSQL.5432"
Populated Postgres Upgrade	Stop containers	2026-10-05T21:34:56.1085659Z  2026-10-05 21:34:34.191 UTC [44] LOG:  database system was shut down at 2026-10-05 21:34:33 UTC
Populated Postgres Upgrade	Stop containers	2026-10-05T21:34:56.1086086Z  2026-10-05 21:34:34.194 UTC [41] LOG:  database system is ready to accept connections
Populated Postgres Upgrade	Stop containers	2026-10-05T21:34:56.1086412Z   done
Populated Postgres Upgrade	Stop containers	2026-10-05T21:34:56.1086632Z  server started
Populated Postgres Upgrade	Stop containers	2026-10-05T21:34:56.1086846Z  CREATE DATABASE
Populated Postgres Upgrade	Stop containers	2026-10-05T21:34:56.1087098Z  
Populated Postgres Upgrade	Stop containers	2026-10-05T21:34:56.1087294Z  
Populated Postgres Upgrade	Stop containers	2026-10-05T21:34:56.1087565Z  /usr/local/bin/docker-entrypoint.sh: ignoring /docker-entrypoint-initdb.d/*
Populated Postgres Upgrade	Stop containers	2026-10-05T21:34:56.1087929Z  
Populated Postgres Upgrade	Stop containers	2026-10-05T21:34:56.1088230Z  waiting for server to shut down....2026-10-05 21:34:34.331 UTC [41] LOG:  received fast shutdown request
Populated Postgres Upgrade	Stop containers	2026-10-05T21:34:56.1088645Z  2026-10-05 21:34:34.331 UTC [41] LOG:  aborting any active transactions
Populated Postgres Upgrade	Stop containers	2026-10-05T21:34:56.1089123Z  2026-10-05 21:34:34.333 UTC [41] LOG:  background worker "logical replication launcher" (PID 47) exited with exit code 1
Populated Postgres Upgrade	Stop containers	2026-10-05T21:34:56.1089526Z  2026-10-05 21:34:34.334 UTC [42] LOG:  shutting down
Populated Postgres Upgrade	Stop containers	2026-10-05T21:34:56.1089857Z  2026-10-05 21:34:34.334 UTC [42] LOG:  checkpoint starting: shutdown immediate
Populated Postgres Upgrade	Stop containers	2026-10-05T21:34:56.1090613Z  2026-10-05 21:34:34.391 UTC [42] LOG:  checkpoint complete: wrote 922 buffers (5.6%); 0 WAL file(s) added, 0 removed, 0 recycled; write=0.027 s, sync=0.029 s, total=0.057 s; sync files=301, longest=0.024 s, average=0.001 s; distance=4249 kB, estimate=4249 kB
Populated Postgres Upgrade	Stop containers	2026-10-05T21:34:56.1091451Z  2026-10-05 21:34:34.395 UTC [41] LOG:  database system is shut down
Populated Postgres Upgrade	Stop containers	2026-10-05T21:34:56.1091734Z   done
Populated Postgres Upgrade	Stop containers	2026-10-05T21:34:56.1091971Z  server stopped
Populated Postgres Upgrade	Stop containers	2026-10-05T21:34:56.1092176Z  
Populated Postgres Upgrade	Stop containers	2026-10-05T21:34:56.1092388Z  PostgreSQL init process complete; ready for start up.
Populated Postgres Upgrade	Stop containers	2026-10-05T21:34:56.1092721Z  
Populated Postgres Upgrade	Stop containers	2026-10-05T21:34:56.1097029Z Stop and remove container: 3643a3afca48432588a0d3952ae9c1e5_postgres15alpine_6b55a1
Populated Postgres Upgrade	Stop containers	2026-10-05T21:34:56.1100111Z ##[command]/usr/bin/docker rm --force 2963dbd72fc5970881387868fd119d190e2c57e96f4d3f96f42fc658ac6bc32a
Populated Postgres Upgrade	Stop containers	2026-10-05T21:35:00.0081273Z 2963dbd72fc5970881387868fd119d190e2c57e96f4d3f96f42fc658ac6bc32a
Populated Postgres Upgrade	Stop containers	2026-10-05T21:35:00.0104296Z Remove container network: github_network_0388c8e697ca40939aa16dcb5d7d836b
Populated Postgres Upgrade	Stop containers	2026-10-05T21:35:00.0107393Z ##[command]/usr/bin/docker network rm github_network_0388c8e697ca40939aa16dcb5d7d836b
Populated Postgres Upgrade	Stop containers	2026-10-05T21:35:00.0921058Z github_network_0388c8e697ca40939aa16dcb5d7d836b
Populated Postgres Upgrade	Complete job	∩╗┐2026-10-05T21:35:00.0982839Z Cleaning up orphan processes
Populated Postgres Upgrade	Complete job	2026-10-05T21:35:00.1187699Z ##[warning]Node.js 20 is deprecated. The following actions target Node.js 20 but are being forced to run on Node.js 24: actions/checkout@v4, actions/setup-node@v4. For more information see: https://github.blog/changelog/2025-09-19-deprecation-of-node-20-on-github-actions-runners/
