Classify Database Inputs	Set up job	﻿2026-10-05T22:17:32.8739445Z Current runner version: '2.337.0'
Classify Database Inputs	Set up job	2026-10-05T22:17:32.8777502Z ##[group]Runner Image Provisioner
Classify Database Inputs	Set up job	2026-10-05T22:17:32.8779039Z Hosted Compute Agent
Classify Database Inputs	Set up job	2026-10-05T22:17:32.8780189Z Version: 20260901.588
Classify Database Inputs	Set up job	2026-10-05T22:17:32.8781620Z Commit: f88ec8081b781fac6c440065ac7ff9e710ce3d0b
Classify Database Inputs	Set up job	2026-10-05T22:17:32.8782797Z Build Date: 2026-09-01T19:56:44Z
Classify Database Inputs	Set up job	2026-10-05T22:17:32.8784116Z Worker ID: {87c73041-8eda-4e03-a9ab-1211ebadf6d0}
Classify Database Inputs	Set up job	2026-10-05T22:17:32.8785295Z Azure Region: centralus
Classify Database Inputs	Set up job	2026-10-05T22:17:32.8786270Z ##[endgroup]
Classify Database Inputs	Set up job	2026-10-05T22:17:32.8788555Z ##[group]Operating System
Classify Database Inputs	Set up job	2026-10-05T22:17:32.8789560Z Ubuntu
Classify Database Inputs	Set up job	2026-10-05T22:17:32.8790510Z 24.04.5
Classify Database Inputs	Set up job	2026-10-05T22:17:32.8791583Z LTS
Classify Database Inputs	Set up job	2026-10-05T22:17:32.8792379Z ##[endgroup]
Classify Database Inputs	Set up job	2026-10-05T22:17:32.8793417Z ##[group]Runner Image
Classify Database Inputs	Set up job	2026-10-05T22:17:32.8794376Z Image: ubuntu-24.04
Classify Database Inputs	Set up job	2026-10-05T22:17:32.8795382Z Version: 20260927.320.1
Classify Database Inputs	Set up job	2026-10-05T22:17:32.8797148Z Included Software: https://github.com/actions/runner-images/blob/ubuntu24/20260927.320/images/ubuntu/Ubuntu2404-Readme.md
Classify Database Inputs	Set up job	2026-10-05T22:17:32.8800406Z Image Release: https://github.com/actions/runner-images/releases/tag/ubuntu24%2F20260927.320
Classify Database Inputs	Set up job	2026-10-05T22:17:32.8802567Z ##[endgroup]
Classify Database Inputs	Set up job	2026-10-05T22:17:32.8804879Z ##[group]GITHUB_TOKEN Permissions
Classify Database Inputs	Set up job	2026-10-05T22:17:32.8807920Z Contents: read
Classify Database Inputs	Set up job	2026-10-05T22:17:32.8809164Z Metadata: read
Classify Database Inputs	Set up job	2026-10-05T22:17:32.8810191Z PullRequests: read
Classify Database Inputs	Set up job	2026-10-05T22:17:32.8811658Z ##[endgroup]
Classify Database Inputs	Set up job	2026-10-05T22:17:32.8814852Z Secret source: Actions
Classify Database Inputs	Set up job	2026-10-05T22:17:32.8816390Z Cache mode: write
Classify Database Inputs	Set up job	2026-10-05T22:17:32.8818734Z Prepare workflow directory
Classify Database Inputs	Set up job	2026-10-05T22:17:32.9246779Z Prepare all required actions
Classify Database Inputs	Set up job	2026-10-05T22:17:32.9298270Z Getting action download info
Classify Database Inputs	Set up job	2026-10-05T22:17:33.2201200Z Download action repository 'dorny/paths-filter@v3' (SHA:0e4a8c6effa4802afeda77dc8d303f8176d7dfad)
Classify Database Inputs	Set up job	2026-10-05T22:17:33.7798601Z Complete job name: Classify Database Inputs
Classify Database Inputs	Detect affected database surfaces	﻿2026-10-05T22:17:33.8560638Z ##[group]Run dorny/paths-filter@v3
Classify Database Inputs	Detect affected database surfaces	2026-10-05T22:17:33.8561825Z with:
Classify Database Inputs	Detect affected database surfaces	2026-10-05T22:17:33.8565846Z   filters: database:
Classify Database Inputs	Detect affected database surfaces	  - '.github/workflows/database-upgrade.yml'
Classify Database Inputs	Detect affected database surfaces	  - 'backend/package.json'
Classify Database Inputs	Detect affected database surfaces	  - 'backend/package-lock.json'
Classify Database Inputs	Detect affected database surfaces	  - 'backend/prisma.config.ts'
Classify Database Inputs	Detect affected database surfaces	  - 'backend/prisma/**'
Classify Database Inputs	Detect affected database surfaces	  - 'backend/src/config/database.ts'
Classify Database Inputs	Detect affected database surfaces	  - 'backend/src/config/databaseUtils.ts'
Classify Database Inputs	Detect affected database surfaces	  - 'backend/src/observability.ts'
Classify Database Inputs	Detect affected database surfaces	  - 'backend/src/services/materializedWeightTrend.ts'
Classify Database Inputs	Detect affected database surfaces	  - 'backend/src/services/weightTrend*.ts'
Classify Database Inputs	Detect affected database surfaces	  - 'backend/src/utils/date.ts'
Classify Database Inputs	Detect affected database surfaces	  - 'backend/tsconfig.json'
Classify Database Inputs	Detect affected database surfaces	  - 'deploy/backup/**'
Classify Database Inputs	Detect affected database surfaces	  - 'scripts/postgres-*.mjs'
Classify Database Inputs	Detect affected database surfaces	  - 'shared/weightTrend*.ts'
Classify Database Inputs	Detect affected database surfaces	migrations:
Classify Database Inputs	Detect affected database surfaces	  - '.github/workflows/database-upgrade.yml'
Classify Database Inputs	Detect affected database surfaces	  - 'backend/prisma/migrations/**'
Classify Database Inputs	Detect affected database surfaces	  - 'scripts/postgres-rollback-smoke.mjs'
Classify Database Inputs	Detect affected database surfaces	  - 'scripts/postgres-rollback-smoke.test.mjs'
Classify Database Inputs	Detect affected database surfaces	
Classify Database Inputs	Detect affected database surfaces	2026-10-05T22:17:33.8573707Z   token: ***
Classify Database Inputs	Detect affected database surfaces	2026-10-05T22:17:33.8574155Z   list-files: none
Classify Database Inputs	Detect affected database surfaces	2026-10-05T22:17:33.8574826Z   initial-fetch-depth: 100
Classify Database Inputs	Detect affected database surfaces	2026-10-05T22:17:33.8575399Z   predicate-quantifier: some
Classify Database Inputs	Detect affected database surfaces	2026-10-05T22:17:33.8576240Z ##[endgroup]
Classify Database Inputs	Detect affected database surfaces	2026-10-05T22:17:33.9569399Z ##[group]Fetching list of changed files for PR#423 from Github API
Classify Database Inputs	Detect affected database surfaces	2026-10-05T22:17:33.9571576Z Invoking listFiles(pull_number: 423, per_page: 100)
Classify Database Inputs	Detect affected database surfaces	2026-10-05T22:17:34.4639627Z Received 96 items
Classify Database Inputs	Detect affected database surfaces	2026-10-05T22:17:34.4642396Z [added] backend/prisma/migrations/0045_firebase_identity_foundation/migration.sql
Classify Database Inputs	Detect affected database surfaces	2026-10-05T22:17:34.4644543Z [modified] backend/prisma/schema.prisma
Classify Database Inputs	Detect affected database surfaces	2026-10-05T22:17:34.4645932Z [added] backend/scripts/firebase-migration-plan.js
Classify Database Inputs	Detect affected database surfaces	2026-10-05T22:17:34.4647436Z [added] backend/scripts/lib/credentialProvider.ts
Classify Database Inputs	Detect affected database surfaces	2026-10-05T22:17:34.4648795Z [added] backend/scripts/lib/firebaseMigration.ts
Classify Database Inputs	Detect affected database surfaces	2026-10-05T22:17:34.4649558Z [added] backend/scripts/lib/migrationJournal.ts
Classify Database Inputs	Detect affected database surfaces	2026-10-05T22:17:34.4650346Z [added] backend/src/config/credentialProvider.ts
Classify Database Inputs	Detect affected database surfaces	2026-10-05T22:17:34.4651437Z [modified] backend/src/index.ts
Classify Database Inputs	Detect affected database surfaces	2026-10-05T22:17:34.4652096Z [modified] backend/src/services/mcpOAuth.ts
Classify Database Inputs	Detect affected database surfaces	2026-10-05T22:17:34.4652868Z [added] backend/test/config-credential-provider.test.js
Classify Database Inputs	Detect affected database surfaces	2026-10-05T22:17:34.4653947Z [added] backend/test/credential-provider.test.js
Classify Database Inputs	Detect affected database surfaces	2026-10-05T22:17:34.4655274Z [added] backend/test/firebase-migration-cli.test.js
Classify Database Inputs	Detect affected database surfaces	2026-10-05T22:17:34.4656139Z [added] backend/test/firebase-migration.test.js
Classify Database Inputs	Detect affected database surfaces	2026-10-05T22:17:34.4657104Z [modified] backend/test/mcp-oauth.test.js
Classify Database Inputs	Detect affected database surfaces	2026-10-05T22:17:34.4658392Z [added] backend/test/migration-journal.test.js
Classify Database Inputs	Detect affected database surfaces	2026-10-05T22:17:34.4660078Z [added] docs/firebase-migration-preparation.md
Classify Database Inputs	Detect affected database surfaces	2026-10-05T22:17:34.4662149Z [modified] e2e/expo-web/launch-19-hosted-pwa-trust.spec.ts
Classify Database Inputs	Detect affected database surfaces	2026-10-05T22:17:34.4663074Z [added] e2e/expo-web/offline-workspace.spec.ts
Classify Database Inputs	Detect affected database surfaces	2026-10-05T22:17:34.4663889Z [modified] e2e/expo-web/release-smoke.spec.ts
Classify Database Inputs	Detect affected database surfaces	2026-10-05T22:17:34.4664699Z [modified] mobile/app/(tabs)/(progress)/progress.tsx
Classify Database Inputs	Detect affected database surfaces	2026-10-05T22:17:34.4665585Z [modified] mobile/app/(tabs)/(today)/today.tsx
Classify Database Inputs	Detect affected database surfaces	2026-10-05T22:17:34.4666296Z [modified] mobile/app/_layout.tsx
Classify Database Inputs	Detect affected database surfaces	2026-10-05T22:17:34.4666903Z [modified] mobile/app/_layout.web.tsx
Classify Database Inputs	Detect affected database surfaces	2026-10-05T22:17:34.4667644Z [modified] mobile/public/sw.js
Classify Database Inputs	Detect affected database surfaces	2026-10-05T22:17:34.4668384Z [modified] mobile/src/auth/AuthContext.test.tsx
Classify Database Inputs	Detect affected database surfaces	2026-10-05T22:17:34.4669201Z [modified] mobile/src/auth/AuthContext.tsx
Classify Database Inputs	Detect affected database surfaces	2026-10-05T22:17:34.4669909Z [modified] mobile/src/auth/AuthContext.web.test.tsx
Classify Database Inputs	Detect affected database surfaces	2026-10-05T22:17:34.4671083Z [modified] mobile/src/auth/AuthContext.web.tsx
Classify Database Inputs	Detect affected database surfaces	2026-10-05T22:17:34.4672595Z [modified] mobile/src/auth/apiClientAuth.test.ts
Classify Database Inputs	Detect affected database surfaces	2026-10-05T22:17:34.4673435Z [added] mobile/src/auth/logoutIntent.ts
Classify Database Inputs	Detect affected database surfaces	2026-10-05T22:17:34.4674098Z [added] mobile/src/auth/logoutIntent.web.ts
Classify Database Inputs	Detect affected database surfaces	2026-10-05T22:17:34.4674792Z [added] mobile/src/auth/logoutIntentStore.test.ts
Classify Database Inputs	Detect affected database surfaces	2026-10-05T22:17:34.4675570Z [added] mobile/src/auth/logoutIntentStore.ts
Classify Database Inputs	Detect affected database surfaces	2026-10-05T22:17:34.4676270Z [added] mobile/src/auth/offlineWorkspace.test.ts
Classify Database Inputs	Detect affected database surfaces	2026-10-05T22:17:34.4676988Z [added] mobile/src/auth/offlineWorkspace.ts
Classify Database Inputs	Detect affected database surfaces	2026-10-05T22:17:34.4677638Z [added] mobile/src/auth/storage.test.ts
Classify Database Inputs	Detect affected database surfaces	2026-10-05T22:17:34.4678455Z [modified] mobile/src/auth/storage.ts
Classify Database Inputs	Detect affected database surfaces	2026-10-05T22:17:34.4680020Z [added] mobile/src/auth/usePendingLogoutRetry.ts
Classify Database Inputs	Detect affected database surfaces	2026-10-05T22:17:34.4681499Z [modified] mobile/src/barcode/BarcodeScreen.tsx
Classify Database Inputs	Detect affected database surfaces	2026-10-05T22:17:34.4682315Z [modified] mobile/src/components/AddFoodSheet.test.tsx
Classify Database Inputs	Detect affected database surfaces	2026-10-05T22:17:34.4683100Z [modified] mobile/src/components/AddFoodSheet.tsx
Classify Database Inputs	Detect affected database surfaces	2026-10-05T22:17:34.4683915Z [modified] mobile/src/components/FoodTrackingStatus.test.tsx
Classify Database Inputs	Detect affected database surfaces	2026-10-05T22:17:34.4684810Z [modified] mobile/src/components/FoodTrackingStatus.tsx
Classify Database Inputs	Detect affected database surfaces	2026-10-05T22:17:34.4685629Z [modified] mobile/src/components/WeightEntrySheet.test.tsx
Classify Database Inputs	Detect affected database surfaces	2026-10-05T22:17:34.4686489Z [modified] mobile/src/components/WeightEntrySheet.tsx
Classify Database Inputs	Detect affected database surfaces	2026-10-05T22:17:34.4687246Z [modified] mobile/src/food/FoodLogContent.tsx
Classify Database Inputs	Detect affected database surfaces	2026-10-05T22:17:34.4688029Z [modified] mobile/src/food/useFoodDeleteRecovery.ts
Classify Database Inputs	Detect affected database surfaces	2026-10-05T22:17:34.4688876Z [modified] mobile/src/hooks/usePrefetchPreviousFoodLog.ts
Classify Database Inputs	Detect affected database surfaces	2026-10-05T22:17:34.4689794Z [added] mobile/src/offline/FailedChangeRecoveryPanel.tsx
Classify Database Inputs	Detect affected database surfaces	2026-10-05T22:17:34.4690674Z [added] mobile/src/offline/OfflineWorkspaceStatus.tsx
Classify Database Inputs	Detect affected database surfaces	2026-10-05T22:17:34.4691649Z [added] mobile/src/offline/failedCreation.test.ts
Classify Database Inputs	Detect affected database surfaces	2026-10-05T22:17:34.4692428Z [added] mobile/src/offline/failedCreation.ts
Classify Database Inputs	Detect affected database surfaces	2026-10-05T22:17:34.4693254Z [added] mobile/src/offline/failedMutationRecovery.test.ts
Classify Database Inputs	Detect affected database surfaces	2026-10-05T22:17:34.4694178Z [added] mobile/src/offline/failedMutationRecovery.ts
Classify Database Inputs	Detect affected database surfaces	2026-10-05T22:17:34.4694984Z [added] mobile/src/offline/foodDayIntent.ts
Classify Database Inputs	Detect affected database surfaces	2026-10-05T22:17:34.4695789Z [added] mobile/src/offline/foodDayIntent.web.test.ts
Classify Database Inputs	Detect affected database surfaces	2026-10-05T22:17:34.4696616Z [added] mobile/src/offline/foodDayReceipts.test.ts
Classify Database Inputs	Detect affected database surfaces	2026-10-05T22:17:34.4697400Z [added] mobile/src/offline/foodDayReceipts.ts
Classify Database Inputs	Detect affected database surfaces	2026-10-05T22:17:34.4698229Z [modified] mobile/src/offline/indexedDbOutbox.web.test.ts
Classify Database Inputs	Detect affected database surfaces	2026-10-05T22:17:34.4699068Z [modified] mobile/src/offline/indexedDbOutbox.web.ts
Classify Database Inputs	Detect affected database surfaces	2026-10-05T22:17:34.4699902Z [added] mobile/src/offline/mutationDispatch.test.ts
Classify Database Inputs	Detect affected database surfaces	2026-10-05T22:17:34.4700707Z [added] mobile/src/offline/mutationDispatch.ts
Classify Database Inputs	Detect affected database surfaces	2026-10-05T22:17:34.4701576Z [added] mobile/src/offline/mutationKinds.ts
Classify Database Inputs	Detect affected database surfaces	2026-10-05T22:17:34.4702301Z [added] mobile/src/offline/mutationLock.ts
Classify Database Inputs	Detect affected database surfaces	2026-10-05T22:17:34.4703305Z [added] mobile/src/offline/mutationLock.web.test.ts
Classify Database Inputs	Detect affected database surfaces	2026-10-05T22:17:34.4704101Z [added] mobile/src/offline/mutationLock.web.ts
Classify Database Inputs	Detect affected database surfaces	2026-10-05T22:17:34.4704862Z [modified] mobile/src/offline/operations.test.ts
Classify Database Inputs	Detect affected database surfaces	2026-10-05T22:17:34.4705641Z [modified] mobile/src/offline/operations.ts
Classify Database Inputs	Detect affected database surfaces	2026-10-05T22:17:34.4706381Z [modified] mobile/src/offline/outbox.test.ts
Classify Database Inputs	Detect affected database surfaces	2026-10-05T22:17:34.4707047Z [modified] mobile/src/offline/outbox.ts
Classify Database Inputs	Detect affected database surfaces	2026-10-05T22:17:34.4707808Z [added] mobile/src/offline/pendingChangePresentation.test.ts
Classify Database Inputs	Detect affected database surfaces	2026-10-05T22:17:34.4708654Z [added] mobile/src/offline/pendingChangePresentation.ts
Classify Database Inputs	Detect affected database surfaces	2026-10-05T22:17:34.4709816Z [modified] mobile/src/offline/provider.test.tsx
Classify Database Inputs	Detect affected database surfaces	2026-10-05T22:17:34.4711475Z [modified] mobile/src/offline/provider.tsx
Classify Database Inputs	Detect affected database surfaces	2026-10-05T22:17:34.4712605Z [modified] mobile/src/offline/provider.web.test.tsx
Classify Database Inputs	Detect affected database surfaces	2026-10-05T22:17:34.4713374Z [modified] mobile/src/offline/provider.web.tsx
Classify Database Inputs	Detect affected database surfaces	2026-10-05T22:17:34.4714111Z [modified] mobile/src/offline/reconciler.test.ts
Classify Database Inputs	Detect affected database surfaces	2026-10-05T22:17:34.4714803Z [modified] mobile/src/offline/reconciler.ts
Classify Database Inputs	Detect affected database surfaces	2026-10-05T22:17:34.4715547Z [added] mobile/src/offline/reconcilerOwnership.web.test.ts
Classify Database Inputs	Detect affected database surfaces	2026-10-05T22:17:34.4716362Z [added] mobile/src/offline/trackingProjection.test.ts
Classify Database Inputs	Detect affected database surfaces	2026-10-05T22:17:34.4717094Z [added] mobile/src/offline/trackingProjection.ts
Classify Database Inputs	Detect affected database surfaces	2026-10-05T22:17:34.4717811Z [added] mobile/src/offline/trackingReceipts.test.ts
Classify Database Inputs	Detect affected database surfaces	2026-10-05T22:17:34.4718632Z [added] mobile/src/offline/trackingReceipts.ts
Classify Database Inputs	Detect affected database surfaces	2026-10-05T22:17:34.4719994Z [added] mobile/src/offline/useOfflineReplayExecutor.ts
Classify Database Inputs	Detect affected database surfaces	2026-10-05T22:17:34.4721644Z [added] mobile/src/offline/useTrackingQueries.test.tsx
Classify Database Inputs	Detect affected database surfaces	2026-10-05T22:17:34.4722862Z [added] mobile/src/offline/useTrackingQueries.ts
Classify Database Inputs	Detect affected database surfaces	2026-10-05T22:17:34.4724190Z [modified] mobile/src/progress/ProgressScreen.test.tsx
Classify Database Inputs	Detect affected database surfaces	2026-10-05T22:17:34.4725555Z [modified] mobile/src/pwa/PwaStatusBanner.web.test.ts
Classify Database Inputs	Detect affected database surfaces	2026-10-05T22:17:34.4727158Z [modified] mobile/src/pwa/PwaStatusBanner.web.tsx
Classify Database Inputs	Detect affected database surfaces	2026-10-05T22:17:34.4728503Z [modified] mobile/src/pwa/serviceWorkerSecurity.test.ts
Classify Database Inputs	Detect affected database surfaces	2026-10-05T22:17:34.4729818Z [modified] packages/api-client/src/client.ts
Classify Database Inputs	Detect affected database surfaces	2026-10-05T22:17:34.4731166Z [modified] scripts/expo-web-release.mjs
Classify Database Inputs	Detect affected database surfaces	2026-10-05T22:17:34.4732334Z [modified] scripts/expo-web-release.test.mjs
Classify Database Inputs	Detect affected database surfaces	2026-10-05T22:17:34.4733641Z [modified] scripts/postgres-populated-upgrade-smoke.mjs
Classify Database Inputs	Detect affected database surfaces	2026-10-05T22:17:34.4734992Z [modified] scripts/postgres-rollback-smoke.mjs
Classify Database Inputs	Detect affected database surfaces	2026-10-05T22:17:34.4736271Z [modified] scripts/postgres-rollback-smoke.test.mjs
Classify Database Inputs	Detect affected database surfaces	2026-10-05T22:17:34.4738755Z ##[endgroup]
Classify Database Inputs	Detect affected database surfaces	2026-10-05T22:17:34.4739575Z Detected 96 changed files
Classify Database Inputs	Detect affected database surfaces	2026-10-05T22:17:34.4740527Z Results:
Classify Database Inputs	Detect affected database surfaces	2026-10-05T22:17:34.4742124Z ##[group]Filter database = true
Classify Database Inputs	Detect affected database surfaces	2026-10-05T22:17:34.4743054Z Matching files:
Classify Database Inputs	Detect affected database surfaces	2026-10-05T22:17:34.4744323Z backend/prisma/migrations/0045_firebase_identity_foundation/migration.sql [added]
Classify Database Inputs	Detect affected database surfaces	2026-10-05T22:17:34.4745872Z backend/prisma/schema.prisma [modified]
Classify Database Inputs	Detect affected database surfaces	2026-10-05T22:17:34.4747219Z scripts/postgres-populated-upgrade-smoke.mjs [modified]
Classify Database Inputs	Detect affected database surfaces	2026-10-05T22:17:34.4748649Z scripts/postgres-rollback-smoke.mjs [modified]
Classify Database Inputs	Detect affected database surfaces	2026-10-05T22:17:34.4749975Z scripts/postgres-rollback-smoke.test.mjs [modified]
Classify Database Inputs	Detect affected database surfaces	2026-10-05T22:17:34.4751888Z ##[endgroup]
Classify Database Inputs	Detect affected database surfaces	2026-10-05T22:17:34.4753197Z ##[group]Filter migrations = true
Classify Database Inputs	Detect affected database surfaces	2026-10-05T22:17:34.4754155Z Matching files:
Classify Database Inputs	Detect affected database surfaces	2026-10-05T22:17:34.4755437Z backend/prisma/migrations/0045_firebase_identity_foundation/migration.sql [added]
Classify Database Inputs	Detect affected database surfaces	2026-10-05T22:17:34.4757080Z scripts/postgres-rollback-smoke.mjs [modified]
Classify Database Inputs	Detect affected database surfaces	2026-10-05T22:17:34.4758352Z scripts/postgres-rollback-smoke.test.mjs [modified]
Classify Database Inputs	Detect affected database surfaces	2026-10-05T22:17:34.4759998Z ##[endgroup]
Classify Database Inputs	Detect affected database surfaces	2026-10-05T22:17:34.4761048Z Changes output set to ["database","migrations"]
Classify Database Inputs	Select database execution	﻿2026-10-05T22:17:34.4937967Z ##[group]Run echo "database=${DATABASE_CHANGED}" >> "${GITHUB_OUTPUT}"
Classify Database Inputs	Select database execution	2026-10-05T22:17:34.4939100Z ^[[36;1mecho "database=${DATABASE_CHANGED}" >> "${GITHUB_OUTPUT}"^[[0m
Classify Database Inputs	Select database execution	2026-10-05T22:17:34.4940036Z ^[[36;1mecho "migrations=${MIGRATIONS_CHANGED}" >> "${GITHUB_OUTPUT}"^[[0m
Classify Database Inputs	Select database execution	2026-10-05T22:17:34.5197990Z shell: /usr/bin/bash --noprofile --norc -e -o pipefail {0}
Classify Database Inputs	Select database execution	2026-10-05T22:17:34.5199015Z env:
Classify Database Inputs	Select database execution	2026-10-05T22:17:34.5199479Z   DATABASE_CHANGED: true
Classify Database Inputs	Select database execution	2026-10-05T22:17:34.5200034Z   MIGRATIONS_CHANGED: true
Classify Database Inputs	Select database execution	2026-10-05T22:17:34.5200564Z ##[endgroup]
Classify Database Inputs	Complete job	﻿2026-10-05T22:17:34.5406380Z Evaluate and set job outputs
Classify Database Inputs	Complete job	2026-10-05T22:17:34.5413522Z Set output 'database'
Classify Database Inputs	Complete job	2026-10-05T22:17:34.5415583Z Set output 'migrations'
Classify Database Inputs	Complete job	2026-10-05T22:17:34.5417225Z Cleaning up orphan processes
Classify Database Inputs	Complete job	2026-10-05T22:17:34.5779895Z ##[warning]Node.js 20 is deprecated. The following actions target Node.js 20 but are being forced to run on Node.js 24: dorny/paths-filter@v3. For more information see: https://github.blog/changelog/2025-09-19-deprecation-of-node-20-on-github-actions-runners/
Populated Postgres Upgrade	Set up job	﻿2026-10-05T22:17:38.5829992Z Current runner version: '2.337.0'
Populated Postgres Upgrade	Set up job	2026-10-05T22:17:38.5857201Z ##[group]Runner Image Provisioner
Populated Postgres Upgrade	Set up job	2026-10-05T22:17:38.5858124Z Hosted Compute Agent
Populated Postgres Upgrade	Set up job	2026-10-05T22:17:38.5858924Z Version: 20260901.588
Populated Postgres Upgrade	Set up job	2026-10-05T22:17:38.5859865Z Commit: f88ec8081b781fac6c440065ac7ff9e710ce3d0b
Populated Postgres Upgrade	Set up job	2026-10-05T22:17:38.5860836Z Build Date: 2026-09-01T19:56:44Z
Populated Postgres Upgrade	Set up job	2026-10-05T22:17:38.5861676Z Worker ID: {47ad16c0-88a7-4f44-a9a0-15d3c8570ce6}
Populated Postgres Upgrade	Set up job	2026-10-05T22:17:38.5862541Z Azure Region: eastus
Populated Postgres Upgrade	Set up job	2026-10-05T22:17:38.5863271Z ##[endgroup]
Populated Postgres Upgrade	Set up job	2026-10-05T22:17:38.5864910Z ##[group]Operating System
Populated Postgres Upgrade	Set up job	2026-10-05T22:17:38.5865827Z Ubuntu
Populated Postgres Upgrade	Set up job	2026-10-05T22:17:38.5866444Z 24.04.5
Populated Postgres Upgrade	Set up job	2026-10-05T22:17:38.5867064Z LTS
Populated Postgres Upgrade	Set up job	2026-10-05T22:17:38.5867763Z ##[endgroup]
Populated Postgres Upgrade	Set up job	2026-10-05T22:17:38.5868424Z ##[group]Runner Image
Populated Postgres Upgrade	Set up job	2026-10-05T22:17:38.5869179Z Image: ubuntu-24.04
Populated Postgres Upgrade	Set up job	2026-10-05T22:17:38.5870004Z Version: 20260927.320.1
Populated Postgres Upgrade	Set up job	2026-10-05T22:17:38.5871283Z Included Software: https://github.com/actions/runner-images/blob/ubuntu24/20260927.320/images/ubuntu/Ubuntu2404-Readme.md
Populated Postgres Upgrade	Set up job	2026-10-05T22:17:38.5873601Z Image Release: https://github.com/actions/runner-images/releases/tag/ubuntu24%2F20260927.320
Populated Postgres Upgrade	Set up job	2026-10-05T22:17:38.5874857Z ##[endgroup]
Populated Postgres Upgrade	Set up job	2026-10-05T22:17:38.5876147Z ##[group]GITHUB_TOKEN Permissions
Populated Postgres Upgrade	Set up job	2026-10-05T22:17:38.5878432Z Contents: read
Populated Postgres Upgrade	Set up job	2026-10-05T22:17:38.5879143Z Metadata: read
Populated Postgres Upgrade	Set up job	2026-10-05T22:17:38.5880065Z ##[endgroup]
Populated Postgres Upgrade	Set up job	2026-10-05T22:17:38.5882525Z Secret source: Actions
Populated Postgres Upgrade	Set up job	2026-10-05T22:17:38.5883673Z Cache mode: write
Populated Postgres Upgrade	Set up job	2026-10-05T22:17:38.5884821Z Prepare workflow directory
Populated Postgres Upgrade	Set up job	2026-10-05T22:17:38.6354926Z Prepare all required actions
Populated Postgres Upgrade	Set up job	2026-10-05T22:17:38.6408907Z Getting action download info
Populated Postgres Upgrade	Set up job	2026-10-05T22:17:38.7973198Z Download action repository 'actions/checkout@v4' (SHA:11d5960a326750d5838078e36cf38b85af677262)
Populated Postgres Upgrade	Set up job	2026-10-05T22:17:38.8839076Z Download action repository 'actions/setup-node@v4' (SHA:49933ea5288caeca8642d1e84afbd3f7d6820020)
Populated Postgres Upgrade	Set up job	2026-10-05T22:17:39.0854444Z Complete job name: Populated Postgres Upgrade
Populated Postgres Upgrade	Initialize containers	﻿2026-10-05T22:17:39.1255814Z ##[group]Checking docker version
Populated Postgres Upgrade	Initialize containers	2026-10-05T22:17:39.1266028Z ##[command]/usr/bin/docker version --format '{{.Server.APIVersion}}'
Populated Postgres Upgrade	Initialize containers	2026-10-05T22:17:39.1976129Z '1.48'
Populated Postgres Upgrade	Initialize containers	2026-10-05T22:17:39.1984807Z Docker daemon API version: '1.48'
Populated Postgres Upgrade	Initialize containers	2026-10-05T22:17:39.1985529Z ##[command]/usr/bin/docker version --format '{{.Client.APIVersion}}'
Populated Postgres Upgrade	Initialize containers	2026-10-05T22:17:39.2111590Z '1.48'
Populated Postgres Upgrade	Initialize containers	2026-10-05T22:17:39.2121555Z Docker client API version: '1.48'
Populated Postgres Upgrade	Initialize containers	2026-10-05T22:17:39.2125680Z ##[endgroup]
Populated Postgres Upgrade	Initialize containers	2026-10-05T22:17:39.2127599Z ##[group]Clean up resources from previous jobs
Populated Postgres Upgrade	Initialize containers	2026-10-05T22:17:39.2132219Z ##[command]/usr/bin/docker ps --all --quiet --no-trunc --filter "label=6eb181"
Populated Postgres Upgrade	Initialize containers	2026-10-05T22:17:39.2245063Z ##[command]/usr/bin/docker network prune --force --filter "label=6eb181"
Populated Postgres Upgrade	Initialize containers	2026-10-05T22:17:39.2349318Z ##[endgroup]
Populated Postgres Upgrade	Initialize containers	2026-10-05T22:17:39.2350124Z ##[group]Create local container network
Populated Postgres Upgrade	Initialize containers	2026-10-05T22:17:39.2358468Z ##[command]/usr/bin/docker network create --label 6eb181 github_network_96795b96078b4fc0ac032b0c69248fab
Populated Postgres Upgrade	Initialize containers	2026-10-05T22:17:39.3267011Z bd5e1ddec6d061c2fd31d26ee82f74ede7bd3e8b52d445ae35a9317a2c080989
Populated Postgres Upgrade	Initialize containers	2026-10-05T22:17:39.3281134Z ##[endgroup]
Populated Postgres Upgrade	Initialize containers	2026-10-05T22:17:39.3301434Z ##[group]Starting postgres service container
Populated Postgres Upgrade	Initialize containers	2026-10-05T22:17:39.3317767Z ##[command]/usr/bin/docker pull postgres:15-alpine
Populated Postgres Upgrade	Initialize containers	2026-10-05T22:17:39.5909732Z 15-alpine: Pulling from library/postgres
Populated Postgres Upgrade	Initialize containers	2026-10-05T22:17:39.6621025Z e2de96513ba9: Already exists
Populated Postgres Upgrade	Initialize containers	2026-10-05T22:17:39.6649338Z 2c2e40dd947e: Pulling fs layer
Populated Postgres Upgrade	Initialize containers	2026-10-05T22:17:39.6650547Z 2e9987a42d41: Pulling fs layer
Populated Postgres Upgrade	Initialize containers	2026-10-05T22:17:39.6651469Z 3f49193fd82d: Pulling fs layer
Populated Postgres Upgrade	Initialize containers	2026-10-05T22:17:39.6652455Z bc2205dd5a3a: Pulling fs layer
Populated Postgres Upgrade	Initialize containers	2026-10-05T22:17:39.6653219Z e9516be90840: Pulling fs layer
Populated Postgres Upgrade	Initialize containers	2026-10-05T22:17:39.6653859Z 4f83103187f5: Pulling fs layer
Populated Postgres Upgrade	Initialize containers	2026-10-05T22:17:39.6654518Z c020dab2e853: Pulling fs layer
Populated Postgres Upgrade	Initialize containers	2026-10-05T22:17:39.6655148Z 0976f43b012c: Pulling fs layer
Populated Postgres Upgrade	Initialize containers	2026-10-05T22:17:39.6655793Z 6ba2251a51ae: Pulling fs layer
Populated Postgres Upgrade	Initialize containers	2026-10-05T22:17:39.6656412Z 277e2289225f: Pulling fs layer
Populated Postgres Upgrade	Initialize containers	2026-10-05T22:17:39.6656963Z c020dab2e853: Waiting
Populated Postgres Upgrade	Initialize containers	2026-10-05T22:17:39.6657823Z 0976f43b012c: Waiting
Populated Postgres Upgrade	Initialize containers	2026-10-05T22:17:39.6658389Z 6ba2251a51ae: Waiting
Populated Postgres Upgrade	Initialize containers	2026-10-05T22:17:39.6658898Z 277e2289225f: Waiting
Populated Postgres Upgrade	Initialize containers	2026-10-05T22:17:39.6659370Z bc2205dd5a3a: Waiting
Populated Postgres Upgrade	Initialize containers	2026-10-05T22:17:39.6660077Z e9516be90840: Waiting
Populated Postgres Upgrade	Initialize containers	2026-10-05T22:17:39.6660556Z 4f83103187f5: Waiting
Populated Postgres Upgrade	Initialize containers	2026-10-05T22:17:39.7125869Z 2c2e40dd947e: Verifying Checksum
Populated Postgres Upgrade	Initialize containers	2026-10-05T22:17:39.7127283Z 2c2e40dd947e: Download complete
Populated Postgres Upgrade	Initialize containers	2026-10-05T22:17:39.7132684Z 3f49193fd82d: Verifying Checksum
Populated Postgres Upgrade	Initialize containers	2026-10-05T22:17:39.7133820Z 3f49193fd82d: Download complete
Populated Postgres Upgrade	Initialize containers	2026-10-05T22:17:39.7224906Z 2e9987a42d41: Verifying Checksum
Populated Postgres Upgrade	Initialize containers	2026-10-05T22:17:39.7226001Z 2e9987a42d41: Download complete
Populated Postgres Upgrade	Initialize containers	2026-10-05T22:17:39.7401957Z bc2205dd5a3a: Verifying Checksum
Populated Postgres Upgrade	Initialize containers	2026-10-05T22:17:39.7403009Z bc2205dd5a3a: Download complete
Populated Postgres Upgrade	Initialize containers	2026-10-05T22:17:39.7475845Z 4f83103187f5: Verifying Checksum
Populated Postgres Upgrade	Initialize containers	2026-10-05T22:17:39.7477096Z 4f83103187f5: Download complete
Populated Postgres Upgrade	Initialize containers	2026-10-05T22:17:39.7672682Z c020dab2e853: Verifying Checksum
Populated Postgres Upgrade	Initialize containers	2026-10-05T22:17:39.7674656Z c020dab2e853: Download complete
Populated Postgres Upgrade	Initialize containers	2026-10-05T22:17:39.7743708Z 0976f43b012c: Download complete
Populated Postgres Upgrade	Initialize containers	2026-10-05T22:17:39.7936976Z 6ba2251a51ae: Verifying Checksum
Populated Postgres Upgrade	Initialize containers	2026-10-05T22:17:39.7938414Z 6ba2251a51ae: Download complete
Populated Postgres Upgrade	Initialize containers	2026-10-05T22:17:39.8039039Z 277e2289225f: Download complete
Populated Postgres Upgrade	Initialize containers	2026-10-05T22:17:40.0043693Z e9516be90840: Verifying Checksum
Populated Postgres Upgrade	Initialize containers	2026-10-05T22:17:40.0044785Z e9516be90840: Download complete
Populated Postgres Upgrade	Initialize containers	2026-10-05T22:17:46.3840124Z 2c2e40dd947e: Pull complete
Populated Postgres Upgrade	Initialize containers	2026-10-05T22:17:46.5985198Z 2e9987a42d41: Pull complete
Populated Postgres Upgrade	Initialize containers	2026-10-05T22:17:46.6091291Z 3f49193fd82d: Pull complete
Populated Postgres Upgrade	Initialize containers	2026-10-05T22:17:46.6201047Z bc2205dd5a3a: Pull complete
Populated Postgres Upgrade	Initialize containers	2026-10-05T22:17:49.7836511Z e9516be90840: Pull complete
Populated Postgres Upgrade	Initialize containers	2026-10-05T22:17:49.7937712Z 4f83103187f5: Pull complete
Populated Postgres Upgrade	Initialize containers	2026-10-05T22:17:49.8124834Z c020dab2e853: Pull complete
Populated Postgres Upgrade	Initialize containers	2026-10-05T22:17:49.8290949Z 0976f43b012c: Pull complete
Populated Postgres Upgrade	Initialize containers	2026-10-05T22:17:49.8378240Z 6ba2251a51ae: Pull complete
Populated Postgres Upgrade	Initialize containers	2026-10-05T22:17:49.8458707Z 277e2289225f: Pull complete
Populated Postgres Upgrade	Initialize containers	2026-10-05T22:17:49.8493613Z Digest: sha256:f7d23353e1b15400d22ebe31189f4d314b87a4c129cc400c8c2d8d4ca127bf81
Populated Postgres Upgrade	Initialize containers	2026-10-05T22:17:49.8505835Z Status: Downloaded newer image for postgres:15-alpine
Populated Postgres Upgrade	Initialize containers	2026-10-05T22:17:49.8512986Z docker.io/library/postgres:15-alpine
Populated Postgres Upgrade	Initialize containers	2026-10-05T22:17:49.8560330Z ##[command]/usr/bin/docker create --name 318c8620eeca401cb3a2de3d88fd084c_postgres15alpine_299fc8 --label 6eb181 --network github_network_96795b96078b4fc0ac032b0c69248fab --network-alias postgres -p 5432:5432 --health-cmd "pg_isready -U calibrate -d calibrate" --health-interval 2s --health-timeout 5s --health-retries 10 -e "POSTGRES_USER=calibrate" -e "POSTGRES_PASSWORD=calibrate" -e "POSTGRES_DB=calibrate" -e GITHUB_ACTIONS=true -e CI=true postgres:15-alpine
Populated Postgres Upgrade	Initialize containers	2026-10-05T22:17:49.8766407Z 21328b4b08e17cdf8282169964ae119fd824f1821295fdcc2043574821cf2343
Populated Postgres Upgrade	Initialize containers	2026-10-05T22:17:49.8785416Z ##[command]/usr/bin/docker start 21328b4b08e17cdf8282169964ae119fd824f1821295fdcc2043574821cf2343
Populated Postgres Upgrade	Initialize containers	2026-10-05T22:17:50.2627623Z 21328b4b08e17cdf8282169964ae119fd824f1821295fdcc2043574821cf2343
Populated Postgres Upgrade	Initialize containers	2026-10-05T22:17:50.2644385Z ##[command]/usr/bin/docker ps --all --filter id=21328b4b08e17cdf8282169964ae119fd824f1821295fdcc2043574821cf2343 --filter status=running --no-trunc --format "{{.ID}} {{.Status}}"
Populated Postgres Upgrade	Initialize containers	2026-10-05T22:17:50.2755085Z 21328b4b08e17cdf8282169964ae119fd824f1821295fdcc2043574821cf2343 Up Less than a second (health: starting)
Populated Postgres Upgrade	Initialize containers	2026-10-05T22:17:50.2771175Z ##[command]/usr/bin/docker port 21328b4b08e17cdf8282169964ae119fd824f1821295fdcc2043574821cf2343
Populated Postgres Upgrade	Initialize containers	2026-10-05T22:17:50.2872094Z 5432/tcp -> 0.0.0.0:5432
Populated Postgres Upgrade	Initialize containers	2026-10-05T22:17:50.2872481Z 5432/tcp -> [::]:5432
Populated Postgres Upgrade	Initialize containers	2026-10-05T22:17:50.2909070Z ##[endgroup]
Populated Postgres Upgrade	Initialize containers	2026-10-05T22:17:50.2916280Z ##[group]Waiting for all services to be ready
Populated Postgres Upgrade	Initialize containers	2026-10-05T22:17:50.2927217Z ##[command]/usr/bin/docker inspect --format="{{if .Config.Healthcheck}}{{print .State.Health.Status}}{{end}}" 21328b4b08e17cdf8282169964ae119fd824f1821295fdcc2043574821cf2343
Populated Postgres Upgrade	Initialize containers	2026-10-05T22:17:50.3022193Z starting
Populated Postgres Upgrade	Initialize containers	2026-10-05T22:17:50.3039654Z postgres service is starting, waiting 2 seconds before checking again.
Populated Postgres Upgrade	Initialize containers	2026-10-05T22:17:52.3051290Z ##[command]/usr/bin/docker inspect --format="{{if .Config.Healthcheck}}{{print .State.Health.Status}}{{end}}" 21328b4b08e17cdf8282169964ae119fd824f1821295fdcc2043574821cf2343
Populated Postgres Upgrade	Initialize containers	2026-10-05T22:17:52.3159352Z starting
Populated Postgres Upgrade	Initialize containers	2026-10-05T22:17:52.3169376Z postgres service is starting, waiting 4 seconds before checking again.
Populated Postgres Upgrade	Initialize containers	2026-10-05T22:17:56.5213342Z ##[command]/usr/bin/docker inspect --format="{{if .Config.Healthcheck}}{{print .State.Health.Status}}{{end}}" 21328b4b08e17cdf8282169964ae119fd824f1821295fdcc2043574821cf2343
Populated Postgres Upgrade	Initialize containers	2026-10-05T22:17:56.5316420Z healthy
Populated Postgres Upgrade	Initialize containers	2026-10-05T22:17:56.5330822Z postgres service is healthy.
Populated Postgres Upgrade	Initialize containers	2026-10-05T22:17:56.5331449Z ##[endgroup]
Populated Postgres Upgrade	Checkout	﻿2026-10-05T22:17:56.5625533Z ##[group]Run actions/checkout@v4
Populated Postgres Upgrade	Checkout	2026-10-05T22:17:56.5625940Z with:
Populated Postgres Upgrade	Checkout	2026-10-05T22:17:56.5626151Z   ref: 856cc30b0d28e6d8510244c984dc4c5e36959f89
Populated Postgres Upgrade	Checkout	2026-10-05T22:17:56.5626405Z   repository: MChartier/calibrate-health
Populated Postgres Upgrade	Checkout	2026-10-05T22:17:56.5628408Z   token: ***
Populated Postgres Upgrade	Checkout	2026-10-05T22:17:56.5628598Z   ssh-strict: true
Populated Postgres Upgrade	Checkout	2026-10-05T22:17:56.5628769Z   ssh-user: git
Populated Postgres Upgrade	Checkout	2026-10-05T22:17:56.5628950Z   persist-credentials: true
Populated Postgres Upgrade	Checkout	2026-10-05T22:17:56.5629142Z   clean: true
Populated Postgres Upgrade	Checkout	2026-10-05T22:17:56.5629314Z   sparse-checkout-cone-mode: true
Populated Postgres Upgrade	Checkout	2026-10-05T22:17:56.5629663Z   fetch-depth: 1
Populated Postgres Upgrade	Checkout	2026-10-05T22:17:56.5629828Z   fetch-tags: false
Populated Postgres Upgrade	Checkout	2026-10-05T22:17:56.5630000Z   show-progress: true
Populated Postgres Upgrade	Checkout	2026-10-05T22:17:56.5630163Z   lfs: false
Populated Postgres Upgrade	Checkout	2026-10-05T22:17:56.5630314Z   submodules: false
Populated Postgres Upgrade	Checkout	2026-10-05T22:17:56.5630486Z   set-safe-directory: true
Populated Postgres Upgrade	Checkout	2026-10-05T22:17:56.5630679Z   allow-unsafe-pr-checkout: false
Populated Postgres Upgrade	Checkout	2026-10-05T22:17:56.5631011Z env:
Populated Postgres Upgrade	Checkout	2026-10-05T22:17:56.5631386Z   DATABASE_URL: ***localhost:5432/calibrate?schema=public
Populated Postgres Upgrade	Checkout	2026-10-05T22:17:56.5631637Z ##[endgroup]
Populated Postgres Upgrade	Checkout	2026-10-05T22:17:56.6411876Z Syncing repository: MChartier/calibrate-health
Populated Postgres Upgrade	Checkout	2026-10-05T22:17:56.6413154Z ##[group]Getting Git version info
Populated Postgres Upgrade	Checkout	2026-10-05T22:17:56.6413510Z Working directory is '/home/runner/work/calibrate-health/calibrate-health'
Populated Postgres Upgrade	Checkout	2026-10-05T22:17:56.6413994Z [command]/usr/bin/git version
Populated Postgres Upgrade	Checkout	2026-10-05T22:17:56.6531860Z git version 2.55.0
Populated Postgres Upgrade	Checkout	2026-10-05T22:17:56.6548565Z ##[endgroup]
Populated Postgres Upgrade	Checkout	2026-10-05T22:17:56.6562294Z Temporarily overriding HOME='/home/runner/work/_temp/59b743a7-683a-4666-8580-90bb91679063' before making global git config changes
Populated Postgres Upgrade	Checkout	2026-10-05T22:17:56.6563373Z Adding repository directory to the temporary git global config as a safe directory
Populated Postgres Upgrade	Checkout	2026-10-05T22:17:56.6567145Z [command]/usr/bin/git config --global --add safe.directory /home/runner/work/calibrate-health/calibrate-health
Populated Postgres Upgrade	Checkout	2026-10-05T22:17:56.6616660Z Deleting the contents of '/home/runner/work/calibrate-health/calibrate-health'
Populated Postgres Upgrade	Checkout	2026-10-05T22:17:56.6623310Z ##[group]Initializing the repository
Populated Postgres Upgrade	Checkout	2026-10-05T22:17:56.6623886Z [command]/usr/bin/git init /home/runner/work/calibrate-health/calibrate-health
Populated Postgres Upgrade	Checkout	2026-10-05T22:17:56.6701287Z hint: Using 'master' as the name for the initial branch. This default branch name
Populated Postgres Upgrade	Checkout	2026-10-05T22:17:56.6701972Z hint: will change to "main" in Git 3.0. To configure the initial branch name
Populated Postgres Upgrade	Checkout	2026-10-05T22:17:56.6702377Z hint: to use in all of your new repositories, which will suppress this warning,
Populated Postgres Upgrade	Checkout	2026-10-05T22:17:56.6702695Z hint: call:
Populated Postgres Upgrade	Checkout	2026-10-05T22:17:56.6702850Z hint:
Populated Postgres Upgrade	Checkout	2026-10-05T22:17:56.6703132Z hint: 	git config --global init.defaultBranch <name>
Populated Postgres Upgrade	Checkout	2026-10-05T22:17:56.6703417Z hint:
Populated Postgres Upgrade	Checkout	2026-10-05T22:17:56.6703654Z hint: Names commonly chosen instead of 'master' are 'main', 'trunk' and
Populated Postgres Upgrade	Checkout	2026-10-05T22:17:56.6704033Z hint: 'development'. The just-created branch can be renamed via this command:
Populated Postgres Upgrade	Checkout	2026-10-05T22:17:56.6704326Z hint:
Populated Postgres Upgrade	Checkout	2026-10-05T22:17:56.6704492Z hint: 	git branch -m <name>
Populated Postgres Upgrade	Checkout	2026-10-05T22:17:56.6704678Z hint:
Populated Postgres Upgrade	Checkout	2026-10-05T22:17:56.6704931Z hint: Disable this message with "git config set advice.defaultBranchName false"
Populated Postgres Upgrade	Checkout	2026-10-05T22:17:56.6708226Z Initialized empty Git repository in /home/runner/work/calibrate-health/calibrate-health/.git/
Populated Postgres Upgrade	Checkout	2026-10-05T22:17:56.6717877Z [command]/usr/bin/git remote add origin https://github.com/MChartier/calibrate-health
Populated Postgres Upgrade	Checkout	2026-10-05T22:17:56.6757674Z ##[endgroup]
Populated Postgres Upgrade	Checkout	2026-10-05T22:17:56.6758010Z ##[group]Disabling automatic garbage collection
Populated Postgres Upgrade	Checkout	2026-10-05T22:17:56.6761494Z [command]/usr/bin/git config --local gc.auto 0
Populated Postgres Upgrade	Checkout	2026-10-05T22:17:56.6788124Z ##[endgroup]
Populated Postgres Upgrade	Checkout	2026-10-05T22:17:56.6788668Z ##[group]Setting up auth
Populated Postgres Upgrade	Checkout	2026-10-05T22:17:56.6794702Z [command]/usr/bin/git config --local --name-only --get-regexp core\.sshCommand
Populated Postgres Upgrade	Checkout	2026-10-05T22:17:56.6825759Z [command]/usr/bin/git submodule foreach --recursive sh -c "git config --local --name-only --get-regexp 'core\.sshCommand' && git config --local --unset-all 'core.sshCommand' || :"
Populated Postgres Upgrade	Checkout	2026-10-05T22:17:56.7125118Z [command]/usr/bin/git config --local --name-only --get-regexp http\.https\:\/\/github\.com\/\.extraheader
Populated Postgres Upgrade	Checkout	2026-10-05T22:17:56.7156860Z [command]/usr/bin/git submodule foreach --recursive sh -c "git config --local --name-only --get-regexp 'http\.https\:\/\/github\.com\/\.extraheader' && git config --local --unset-all 'http.https://github.com/.extraheader' || :"
Populated Postgres Upgrade	Checkout	2026-10-05T22:17:56.7350096Z [command]/usr/bin/git config --local --name-only --get-regexp ^includeIf\.gitdir:
Populated Postgres Upgrade	Checkout	2026-10-05T22:17:56.7380203Z [command]/usr/bin/git submodule foreach --recursive git config --local --show-origin --name-only --get-regexp remote.origin.url
Populated Postgres Upgrade	Checkout	2026-10-05T22:17:56.7570612Z [command]/usr/bin/git config --local http.https://github.com/.extraheader AUTHORIZATION: basic ***
Populated Postgres Upgrade	Checkout	2026-10-05T22:17:56.7605822Z ##[endgroup]
Populated Postgres Upgrade	Checkout	2026-10-05T22:17:56.7606299Z ##[group]Fetching the repository
Populated Postgres Upgrade	Checkout	2026-10-05T22:17:56.7613391Z [command]/usr/bin/git -c protocol.version=2 fetch --no-tags --prune --no-recurse-submodules --depth=1 origin 856cc30b0d28e6d8510244c984dc4c5e36959f89
Populated Postgres Upgrade	Checkout	2026-10-05T22:17:57.4108151Z From https://github.com/MChartier/calibrate-health
Populated Postgres Upgrade	Checkout	2026-10-05T22:17:57.4108802Z  * branch            856cc30b0d28e6d8510244c984dc4c5e36959f89 -> FETCH_HEAD
Populated Postgres Upgrade	Checkout	2026-10-05T22:17:57.4112371Z ##[endgroup]
Populated Postgres Upgrade	Checkout	2026-10-05T22:17:57.4112849Z ##[group]Determining the checkout info
Populated Postgres Upgrade	Checkout	2026-10-05T22:17:57.4114561Z ##[endgroup]
Populated Postgres Upgrade	Checkout	2026-10-05T22:17:57.4119894Z [command]/usr/bin/git sparse-checkout disable
Populated Postgres Upgrade	Checkout	2026-10-05T22:17:57.4177760Z [command]/usr/bin/git config --local --unset-all extensions.worktreeConfig
Populated Postgres Upgrade	Checkout	2026-10-05T22:17:57.4206204Z ##[group]Checking out the ref
Populated Postgres Upgrade	Checkout	2026-10-05T22:17:57.4209604Z [command]/usr/bin/git checkout --progress --force 856cc30b0d28e6d8510244c984dc4c5e36959f89
Populated Postgres Upgrade	Checkout	2026-10-05T22:17:57.5802818Z Note: switching to '856cc30b0d28e6d8510244c984dc4c5e36959f89'.
Populated Postgres Upgrade	Checkout	2026-10-05T22:17:57.5803245Z 
Populated Postgres Upgrade	Checkout	2026-10-05T22:17:57.5803507Z You are in 'detached HEAD' state. You can look around, make experimental
Populated Postgres Upgrade	Checkout	2026-10-05T22:17:57.5804105Z changes and commit them, and you can discard any commits you make in this
Populated Postgres Upgrade	Checkout	2026-10-05T22:17:57.5804691Z state without impacting any branches by switching back to a branch.
Populated Postgres Upgrade	Checkout	2026-10-05T22:17:57.5805032Z 
Populated Postgres Upgrade	Checkout	2026-10-05T22:17:57.5805395Z If you want to create a new branch to retain commits you create, you may
Populated Postgres Upgrade	Checkout	2026-10-05T22:17:57.5805948Z do so (now or later) by using -c with the switch command. Example:
Populated Postgres Upgrade	Checkout	2026-10-05T22:17:57.5806247Z 
Populated Postgres Upgrade	Checkout	2026-10-05T22:17:57.5806383Z   git switch -c <new-branch-name>
Populated Postgres Upgrade	Checkout	2026-10-05T22:17:57.5806592Z 
Populated Postgres Upgrade	Checkout	2026-10-05T22:17:57.5806722Z Or undo this operation with:
Populated Postgres Upgrade	Checkout	2026-10-05T22:17:57.5806941Z 
Populated Postgres Upgrade	Checkout	2026-10-05T22:17:57.5807038Z   git switch -
Populated Postgres Upgrade	Checkout	2026-10-05T22:17:57.5807203Z 
Populated Postgres Upgrade	Checkout	2026-10-05T22:17:57.5807456Z Turn off this advice by setting config variable advice.detachedHead to false
Populated Postgres Upgrade	Checkout	2026-10-05T22:17:57.5807832Z 
Populated Postgres Upgrade	Checkout	2026-10-05T22:17:57.5808166Z HEAD is now at 856cc30 Retain acknowledged day state and serialize replay ownership across tabs
Populated Postgres Upgrade	Checkout	2026-10-05T22:17:57.5816788Z ##[endgroup]
Populated Postgres Upgrade	Checkout	2026-10-05T22:17:57.5856502Z [command]/usr/bin/git log -1 --format=%H
Populated Postgres Upgrade	Checkout	2026-10-05T22:17:57.5879564Z 856cc30b0d28e6d8510244c984dc4c5e36959f89
Populated Postgres Upgrade	Setup Node	﻿2026-10-05T22:17:57.6083254Z ##[group]Run actions/setup-node@v4
Populated Postgres Upgrade	Setup Node	2026-10-05T22:17:57.6083490Z with:
Populated Postgres Upgrade	Setup Node	2026-10-05T22:17:57.6083655Z   node-version: 20
Populated Postgres Upgrade	Setup Node	2026-10-05T22:17:57.6083828Z   cache: npm
Populated Postgres Upgrade	Setup Node	2026-10-05T22:17:57.6084027Z   cache-dependency-path: backend/package-lock.json
Populated Postgres Upgrade	Setup Node	2026-10-05T22:17:57.6084272Z   always-auth: false
Populated Postgres Upgrade	Setup Node	2026-10-05T22:17:57.6084446Z   check-latest: false
Populated Postgres Upgrade	Setup Node	2026-10-05T22:17:57.6086399Z   token: ***
Populated Postgres Upgrade	Setup Node	2026-10-05T22:17:57.6086559Z env:
Populated Postgres Upgrade	Setup Node	2026-10-05T22:17:57.6087099Z   DATABASE_URL: ***localhost:5432/calibrate?schema=public
Populated Postgres Upgrade	Setup Node	2026-10-05T22:17:57.6087353Z ##[endgroup]
Populated Postgres Upgrade	Setup Node	2026-10-05T22:17:57.7196065Z Attempting to download 20...
Populated Postgres Upgrade	Setup Node	2026-10-05T22:17:57.7276814Z (node:2506) [DEP0040] DeprecationWarning: The `punycode` module is deprecated. Please use a userland alternative instead.
Populated Postgres Upgrade	Setup Node	2026-10-05T22:17:57.7277733Z (Use `node --trace-deprecation ...` to show where the warning was created)
Populated Postgres Upgrade	Setup Node	2026-10-05T22:17:58.1795125Z Acquiring 20.20.2 - x64 from https://github.com/actions/node-versions/releases/download/20.20.2-23521894959/node-20.20.2-linux-x64.tar.gz
Populated Postgres Upgrade	Setup Node	2026-10-05T22:17:58.4654733Z Extracting ...
Populated Postgres Upgrade	Setup Node	2026-10-05T22:17:58.4755379Z [command]/usr/bin/tar xz --strip 1 --warning=no-unknown-keyword --overwrite -C /home/runner/work/_temp/5e93c77b-1b9c-4d4d-a012-dc448597cb73 -f /home/runner/work/_temp/3e9ef438-ecaf-4fe3-a541-261373902b02
Populated Postgres Upgrade	Setup Node	2026-10-05T22:17:59.3296357Z Adding to the cache ...
Populated Postgres Upgrade	Setup Node	2026-10-05T22:18:01.0514676Z ##[group]Environment details
Populated Postgres Upgrade	Setup Node	2026-10-05T22:18:01.2801335Z node: v20.20.2
Populated Postgres Upgrade	Setup Node	2026-10-05T22:18:01.2801729Z npm: 10.8.2
Populated Postgres Upgrade	Setup Node	2026-10-05T22:18:01.2801965Z yarn: 1.22.22
Populated Postgres Upgrade	Setup Node	2026-10-05T22:18:01.2802551Z ##[endgroup]
Populated Postgres Upgrade	Setup Node	2026-10-05T22:18:01.2817670Z [command]/opt/hostedtoolcache/node/20.20.2/x64/bin/npm config get cache
Populated Postgres Upgrade	Setup Node	2026-10-05T22:18:01.3645457Z /home/runner/.npm
Populated Postgres Upgrade	Setup Node	2026-10-05T22:18:01.4272620Z Cache hit for: node-cache-Linux-x64-npm-9ad1fc3d02200f097d647c965e5a2c426e45ead6e22fb282009302d8eeb7a3d3
Populated Postgres Upgrade	Setup Node	2026-10-05T22:18:01.4356154Z (node:2506) [DEP0169] DeprecationWarning: `url.parse()` behavior is not standardized and prone to errors that have security implications. Use the WHATWG URL API instead. CVEs are not issued for `url.parse()` vulnerabilities.
Populated Postgres Upgrade	Setup Node	2026-10-05T22:18:02.1546658Z Received 142506313 of 142506313 (100.0%), 202.5 MBs/sec
Populated Postgres Upgrade	Setup Node	2026-10-05T22:18:02.1547350Z Cache Size: ~136 MB (142506313 B)
Populated Postgres Upgrade	Setup Node	2026-10-05T22:18:02.1641962Z [command]/usr/bin/tar -xf /home/runner/work/_temp/64a38654-c21e-44e4-a682-cd36d69bc690/cache.tzst -P -C /home/runner/work/calibrate-health/calibrate-health --use-compress-program unzstd
Populated Postgres Upgrade	Setup Node	2026-10-05T22:18:02.3714491Z Cache restored successfully
Populated Postgres Upgrade	Setup Node	2026-10-05T22:18:02.3777061Z Cache restored from key: node-cache-Linux-x64-npm-9ad1fc3d02200f097d647c965e5a2c426e45ead6e22fb282009302d8eeb7a3d3
Populated Postgres Upgrade	Install backend dependencies	﻿2026-10-05T22:18:02.3955618Z ##[group]Run npm --prefix backend ci --no-audit --fund=false
Populated Postgres Upgrade	Install backend dependencies	2026-10-05T22:18:02.3956032Z ^[[36;1mnpm --prefix backend ci --no-audit --fund=false^[[0m
Populated Postgres Upgrade	Install backend dependencies	2026-10-05T22:18:02.4237172Z shell: /usr/bin/bash -e {0}
Populated Postgres Upgrade	Install backend dependencies	2026-10-05T22:18:02.4237420Z env:
Populated Postgres Upgrade	Install backend dependencies	2026-10-05T22:18:02.4237916Z   DATABASE_URL: ***localhost:5432/calibrate?schema=public
Populated Postgres Upgrade	Install backend dependencies	2026-10-05T22:18:02.4238188Z ##[endgroup]
Populated Postgres Upgrade	Install backend dependencies	2026-10-05T22:18:02.7627812Z npm warn EBADENGINE Unsupported engine {
Populated Postgres Upgrade	Install backend dependencies	2026-10-05T22:18:02.7628372Z npm warn EBADENGINE   package: '@prisma/streams-local@0.1.11',
Populated Postgres Upgrade	Install backend dependencies	2026-10-05T22:18:02.7628818Z npm warn EBADENGINE   required: { bun: '>=1.2.0', node: '>=22.0.0' },
Populated Postgres Upgrade	Install backend dependencies	2026-10-05T22:18:02.7629238Z npm warn EBADENGINE   current: { node: 'v20.20.2', npm: '10.8.2' }
Populated Postgres Upgrade	Install backend dependencies	2026-10-05T22:18:02.7629793Z npm warn EBADENGINE }
Populated Postgres Upgrade	Install backend dependencies	2026-10-05T22:18:07.3232137Z 
Populated Postgres Upgrade	Install backend dependencies	2026-10-05T22:18:07.3232863Z added 430 packages in 5s
Populated Postgres Upgrade	Generate Prisma client	﻿2026-10-05T22:18:07.3633018Z ##[group]Run npm run prisma:generate
Populated Postgres Upgrade	Generate Prisma client	2026-10-05T22:18:07.3633448Z ^[[36;1mnpm run prisma:generate^[[0m
Populated Postgres Upgrade	Generate Prisma client	2026-10-05T22:18:07.3707886Z shell: /usr/bin/bash -e {0}
Populated Postgres Upgrade	Generate Prisma client	2026-10-05T22:18:07.3733996Z env:
Populated Postgres Upgrade	Generate Prisma client	2026-10-05T22:18:07.3734690Z   DATABASE_URL: ***localhost:5432/calibrate?schema=public
Populated Postgres Upgrade	Generate Prisma client	2026-10-05T22:18:07.3735114Z ##[endgroup]
Populated Postgres Upgrade	Generate Prisma client	2026-10-05T22:18:07.4742377Z 
Populated Postgres Upgrade	Generate Prisma client	2026-10-05T22:18:07.4743169Z > cal-io@0.37.0 prisma:generate
Populated Postgres Upgrade	Generate Prisma client	2026-10-05T22:18:07.4743734Z > npm --prefix backend run prisma:generate
Populated Postgres Upgrade	Generate Prisma client	2026-10-05T22:18:07.4744037Z 
Populated Postgres Upgrade	Generate Prisma client	2026-10-05T22:18:07.5684514Z 
Populated Postgres Upgrade	Generate Prisma client	2026-10-05T22:18:07.5685176Z > backend@0.37.0 prisma:generate
Populated Postgres Upgrade	Generate Prisma client	2026-10-05T22:18:07.5685946Z > prisma generate
Populated Postgres Upgrade	Generate Prisma client	2026-10-05T22:18:07.5686328Z 
Populated Postgres Upgrade	Generate Prisma client	2026-10-05T22:18:08.3376096Z Loaded Prisma config from prisma.config.ts.
Populated Postgres Upgrade	Generate Prisma client	2026-10-05T22:18:08.3376622Z 
Populated Postgres Upgrade	Generate Prisma client	2026-10-05T22:18:08.4543732Z Prisma schema loaded from prisma/schema.prisma.
Populated Postgres Upgrade	Generate Prisma client	2026-10-05T22:18:09.0588150Z 
Populated Postgres Upgrade	Generate Prisma client	2026-10-05T22:18:09.0590204Z ✔ Generated Prisma Client (v7.9.0) to ./node_modules/@prisma/client in 394ms
Populated Postgres Upgrade	Generate Prisma client	2026-10-05T22:18:09.0590837Z 
Populated Postgres Upgrade	Generate Prisma client	2026-10-05T22:18:09.0591501Z Start by importing your Prisma Client (See: https://pris.ly/d/importing-client)
Populated Postgres Upgrade	Generate Prisma client	2026-10-05T22:18:09.0591949Z 
Populated Postgres Upgrade	Generate Prisma client	2026-10-05T22:18:09.0591957Z 
Populated Postgres Upgrade	Validate upgrade-smoke helpers	﻿2026-10-05T22:18:09.0934155Z ##[group]Run node --test scripts/postgres-populated-upgrade-smoke.test.mjs
Populated Postgres Upgrade	Validate upgrade-smoke helpers	2026-10-05T22:18:09.0934625Z ^[[36;1mnode --test scripts/postgres-populated-upgrade-smoke.test.mjs^[[0m
Populated Postgres Upgrade	Validate upgrade-smoke helpers	2026-10-05T22:18:09.0991509Z shell: /usr/bin/bash -e {0}
Populated Postgres Upgrade	Validate upgrade-smoke helpers	2026-10-05T22:18:09.0991748Z env:
Populated Postgres Upgrade	Validate upgrade-smoke helpers	2026-10-05T22:18:09.0992233Z   DATABASE_URL: ***localhost:5432/calibrate?schema=public
Populated Postgres Upgrade	Validate upgrade-smoke helpers	2026-10-05T22:18:09.0992508Z ##[endgroup]
Populated Postgres Upgrade	Validate upgrade-smoke helpers	2026-10-05T22:18:09.1366569Z TAP version 13
Populated Postgres Upgrade	Validate upgrade-smoke helpers	2026-10-05T22:18:09.1972166Z # Subtest: migrationOrdinal accepts tracked ordinal names and rejects malformed names
Populated Postgres Upgrade	Validate upgrade-smoke helpers	2026-10-05T22:18:09.1978872Z ok 1 - migrationOrdinal accepts tracked ordinal names and rejects malformed names
Populated Postgres Upgrade	Validate upgrade-smoke helpers	2026-10-05T22:18:09.1979725Z   ---
Populated Postgres Upgrade	Validate upgrade-smoke helpers	2026-10-05T22:18:09.1980069Z   duration_ms: 1.184655
Populated Postgres Upgrade	Validate upgrade-smoke helpers	2026-10-05T22:18:09.1991065Z   ...
Populated Postgres Upgrade	Validate upgrade-smoke helpers	2026-10-05T22:18:09.1991744Z # Subtest: databaseUrlForSchema preserves connection options while replacing schema
Populated Postgres Upgrade	Validate upgrade-smoke helpers	2026-10-05T22:18:09.1992646Z ok 2 - databaseUrlForSchema preserves connection options while replacing schema
Populated Postgres Upgrade	Validate upgrade-smoke helpers	2026-10-05T22:18:09.1993285Z   ---
Populated Postgres Upgrade	Validate upgrade-smoke helpers	2026-10-05T22:18:09.1993557Z   duration_ms: 0.662597
Populated Postgres Upgrade	Validate upgrade-smoke helpers	2026-10-05T22:18:09.1993857Z   ...
Populated Postgres Upgrade	Validate upgrade-smoke helpers	2026-10-05T22:18:09.1994489Z # Subtest: legacy migration tree includes every migration through 0020 and no native migrations
Populated Postgres Upgrade	Validate upgrade-smoke helpers	2026-10-05T22:18:09.1995422Z ok 3 - legacy migration tree includes every migration through 0020 and no native migrations
Populated Postgres Upgrade	Validate upgrade-smoke helpers	2026-10-05T22:18:09.1995997Z   ---
Populated Postgres Upgrade	Validate upgrade-smoke helpers	2026-10-05T22:18:09.1996236Z   duration_ms: 23.051006
Populated Postgres Upgrade	Validate upgrade-smoke helpers	2026-10-05T22:18:09.1996530Z   ...
Populated Postgres Upgrade	Validate upgrade-smoke helpers	2026-10-05T22:18:09.2047356Z 1..3
Populated Postgres Upgrade	Validate upgrade-smoke helpers	2026-10-05T22:18:09.2048002Z # tests 3
Populated Postgres Upgrade	Validate upgrade-smoke helpers	2026-10-05T22:18:09.2048254Z # suites 0
Populated Postgres Upgrade	Validate upgrade-smoke helpers	2026-10-05T22:18:09.2048699Z # pass 3
Populated Postgres Upgrade	Validate upgrade-smoke helpers	2026-10-05T22:18:09.2049269Z # fail 0
Populated Postgres Upgrade	Validate upgrade-smoke helpers	2026-10-05T22:18:09.2050690Z # cancelled 0
Populated Postgres Upgrade	Validate upgrade-smoke helpers	2026-10-05T22:18:09.2050946Z # skipped 0
Populated Postgres Upgrade	Validate upgrade-smoke helpers	2026-10-05T22:18:09.2051217Z # todo 0
Populated Postgres Upgrade	Validate upgrade-smoke helpers	2026-10-05T22:18:09.2055997Z # duration_ms 74.98956
Populated Postgres Upgrade	Upgrade populated schema from 0020 through current	﻿2026-10-05T22:18:09.2112812Z ##[group]Run node scripts/postgres-populated-upgrade-smoke.mjs
Populated Postgres Upgrade	Upgrade populated schema from 0020 through current	2026-10-05T22:18:09.2113218Z ^[[36;1mnode scripts/postgres-populated-upgrade-smoke.mjs^[[0m
Populated Postgres Upgrade	Upgrade populated schema from 0020 through current	2026-10-05T22:18:09.2168958Z shell: /usr/bin/bash -e {0}
Populated Postgres Upgrade	Upgrade populated schema from 0020 through current	2026-10-05T22:18:09.2169176Z env:
Populated Postgres Upgrade	Upgrade populated schema from 0020 through current	2026-10-05T22:18:09.2169801Z   DATABASE_URL: ***localhost:5432/calibrate?schema=public
Populated Postgres Upgrade	Upgrade populated schema from 0020 through current	2026-10-05T22:18:09.2170077Z ##[endgroup]
Populated Postgres Upgrade	Upgrade populated schema from 0020 through current	2026-10-05T22:18:09.3174052Z [db-upgrade-smoke] Applying 24 migrations through 0020.
Populated Postgres Upgrade	Upgrade populated schema from 0020 through current	2026-10-05T22:18:09.9384173Z Loaded Prisma config from prisma.config.ts.
Populated Postgres Upgrade	Upgrade populated schema from 0020 through current	2026-10-05T22:18:09.9384580Z 
Populated Postgres Upgrade	Upgrade populated schema from 0020 through current	2026-10-05T22:18:10.0320636Z Prisma schema loaded from ../../../../../../tmp/calibrate-upgrade-1P2Flk/prisma/schema.prisma.
Populated Postgres Upgrade	Upgrade populated schema from 0020 through current	2026-10-05T22:18:10.0376801Z Datasource "db": PostgreSQL database "calibrate", schema "calibrate_upgrade_smoke_2787_3694179becd0" at "localhost:5432"
Populated Postgres Upgrade	Upgrade populated schema from 0020 through current	2026-10-05T22:18:10.0929658Z 
Populated Postgres Upgrade	Upgrade populated schema from 0020 through current	2026-10-05T22:18:10.0930024Z 24 migrations found in prisma/migrations
Populated Postgres Upgrade	Upgrade populated schema from 0020 through current	2026-10-05T22:18:10.0930232Z 
Populated Postgres Upgrade	Upgrade populated schema from 0020 through current	2026-10-05T22:18:10.2357050Z Applying migration `0001_init`
Populated Postgres Upgrade	Upgrade populated schema from 0020 through current	2026-10-05T22:18:10.2600558Z Applying migration `0002_weight_units_grams`
Populated Postgres Upgrade	Upgrade populated schema from 0020 through current	2026-10-05T22:18:10.2706591Z Applying migration `0003_bodymetric_date_only`
Populated Postgres Upgrade	Upgrade populated schema from 0020 through current	2026-10-05T22:18:10.3564500Z Applying migration `0004_add_profile_fields`
Populated Postgres Upgrade	Upgrade populated schema from 0020 through current	2026-10-05T22:18:10.4273148Z Applying migration `0005_add_user_timezone`
Populated Postgres Upgrade	Upgrade populated schema from 0020 through current	2026-10-05T22:18:10.4763489Z Applying migration `0006_foodlog_local_date`
Populated Postgres Upgrade	Upgrade populated schema from 0020 through current	2026-10-05T22:18:10.4809215Z Applying migration `0007_height_unit_preference`
Populated Postgres Upgrade	Upgrade populated schema from 0020 through current	2026-10-05T22:18:10.4850930Z Applying migration `0008_meal_period_enum`
Populated Postgres Upgrade	Upgrade populated schema from 0020 through current	2026-10-05T22:18:10.4939661Z Applying migration `0009_add_user_profile_image`
Populated Postgres Upgrade	Upgrade populated schema from 0020 through current	2026-10-05T22:18:10.4960763Z Applying migration `0010_my_foods`
Populated Postgres Upgrade	Upgrade populated schema from 0020 through current	2026-10-05T22:18:10.5141887Z Applying migration `0011_add_user_language`
Populated Postgres Upgrade	Upgrade populated schema from 0020 through current	2026-10-05T22:18:10.5164791Z Applying migration `0012_session_store`
Populated Postgres Upgrade	Upgrade populated schema from 0020 through current	2026-10-05T22:18:10.5215745Z Applying migration `0013_food_log_day_completion`
Populated Postgres Upgrade	Upgrade populated schema from 0020 through current	2026-10-05T22:18:10.5281365Z Applying migration `0013_push_subscriptions`
Populated Postgres Upgrade	Upgrade populated schema from 0020 through current	2026-10-05T22:18:10.5365039Z Applying migration `0014_push_subscription_reminders`
Populated Postgres Upgrade	Upgrade populated schema from 0020 through current	2026-10-05T22:18:10.5385952Z Applying migration `0014_push_subscription_user_endpoint_uniqueness`
Populated Postgres Upgrade	Upgrade populated schema from 0020 through current	2026-10-05T22:18:10.5420988Z Applying migration `0015_reminder_preference_flags`
Populated Postgres Upgrade	Upgrade populated schema from 0020 through current	2026-10-05T22:18:10.5447278Z Applying migration `0016_bodymetric_trend_precompute`
Populated Postgres Upgrade	Upgrade populated schema from 0020 through current	2026-10-05T22:18:10.5511558Z Applying migration `0016_in_app_notifications`
Populated Postgres Upgrade	Upgrade populated schema from 0020 through current	2026-10-05T22:18:10.5611319Z Applying migration `0017_haptics_preference`
Populated Postgres Upgrade	Upgrade populated schema from 0020 through current	2026-10-05T22:18:10.5634653Z Applying migration `0017_notification_delivery_channels`
Populated Postgres Upgrade	Upgrade populated schema from 0020 through current	2026-10-05T22:18:10.5692483Z Applying migration `0018_food_log_external_snapshots`
Populated Postgres Upgrade	Upgrade populated schema from 0020 through current	2026-10-05T22:18:10.5721217Z Applying migration `0019_backend_server_audit_indexes`
Populated Postgres Upgrade	Upgrade populated schema from 0020 through current	2026-10-05T22:18:10.5757994Z Applying migration `0020_goal_active_lookup_index`
Populated Postgres Upgrade	Upgrade populated schema from 0020 through current	2026-10-05T22:18:10.5787246Z 
Populated Postgres Upgrade	Upgrade populated schema from 0020 through current	2026-10-05T22:18:10.5796929Z The following migration(s) have been applied:
Populated Postgres Upgrade	Upgrade populated schema from 0020 through current	2026-10-05T22:18:10.5797294Z 
Populated Postgres Upgrade	Upgrade populated schema from 0020 through current	2026-10-05T22:18:10.5797403Z migrations/
Populated Postgres Upgrade	Upgrade populated schema from 0020 through current	2026-10-05T22:18:10.5797941Z   └─ 0001_init/
Populated Postgres Upgrade	Upgrade populated schema from 0020 through current	2026-10-05T22:18:10.5798247Z     └─ migration.sql
Populated Postgres Upgrade	Upgrade populated schema from 0020 through current	2026-10-05T22:18:10.5798622Z   └─ 0002_weight_units_grams/
Populated Postgres Upgrade	Upgrade populated schema from 0020 through current	2026-10-05T22:18:10.5798990Z     └─ migration.sql
Populated Postgres Upgrade	Upgrade populated schema from 0020 through current	2026-10-05T22:18:10.5799336Z   └─ 0003_bodymetric_date_only/
Populated Postgres Upgrade	Upgrade populated schema from 0020 through current	2026-10-05T22:18:10.5799802Z     └─ migration.sql
Populated Postgres Upgrade	Upgrade populated schema from 0020 through current	2026-10-05T22:18:10.5800139Z   └─ 0004_add_profile_fields/
Populated Postgres Upgrade	Upgrade populated schema from 0020 through current	2026-10-05T22:18:10.5800469Z     └─ migration.sql
Populated Postgres Upgrade	Upgrade populated schema from 0020 through current	2026-10-05T22:18:10.5800768Z   └─ 0005_add_user_timezone/
Populated Postgres Upgrade	Upgrade populated schema from 0020 through current	2026-10-05T22:18:10.5800989Z     └─ migration.sql
Populated Postgres Upgrade	Upgrade populated schema from 0020 through current	2026-10-05T22:18:10.5801220Z   └─ 0006_foodlog_local_date/
Populated Postgres Upgrade	Upgrade populated schema from 0020 through current	2026-10-05T22:18:10.5801431Z     └─ migration.sql
Populated Postgres Upgrade	Upgrade populated schema from 0020 through current	2026-10-05T22:18:10.5801654Z   └─ 0007_height_unit_preference/
Populated Postgres Upgrade	Upgrade populated schema from 0020 through current	2026-10-05T22:18:10.5801887Z     └─ migration.sql
Populated Postgres Upgrade	Upgrade populated schema from 0020 through current	2026-10-05T22:18:10.5802085Z   └─ 0008_meal_period_enum/
Populated Postgres Upgrade	Upgrade populated schema from 0020 through current	2026-10-05T22:18:10.5802291Z     └─ migration.sql
Populated Postgres Upgrade	Upgrade populated schema from 0020 through current	2026-10-05T22:18:10.5802534Z   └─ 0009_add_user_profile_image/
Populated Postgres Upgrade	Upgrade populated schema from 0020 through current	2026-10-05T22:18:10.5802773Z     └─ migration.sql
Populated Postgres Upgrade	Upgrade populated schema from 0020 through current	2026-10-05T22:18:10.5802970Z   └─ 0010_my_foods/
Populated Postgres Upgrade	Upgrade populated schema from 0020 through current	2026-10-05T22:18:10.5803161Z     └─ migration.sql
Populated Postgres Upgrade	Upgrade populated schema from 0020 through current	2026-10-05T22:18:10.5803373Z   └─ 0011_add_user_language/
Populated Postgres Upgrade	Upgrade populated schema from 0020 through current	2026-10-05T22:18:10.5803872Z     └─ migration.sql
Populated Postgres Upgrade	Upgrade populated schema from 0020 through current	2026-10-05T22:18:10.5804083Z   └─ 0012_session_store/
Populated Postgres Upgrade	Upgrade populated schema from 0020 through current	2026-10-05T22:18:10.5804304Z     └─ migration.sql
Populated Postgres Upgrade	Upgrade populated schema from 0020 through current	2026-10-05T22:18:10.5804529Z   └─ 0013_food_log_day_completion/
Populated Postgres Upgrade	Upgrade populated schema from 0020 through current	2026-10-05T22:18:10.5804758Z     └─ migration.sql
Populated Postgres Upgrade	Upgrade populated schema from 0020 through current	2026-10-05T22:18:10.5804966Z   └─ 0013_push_subscriptions/
Populated Postgres Upgrade	Upgrade populated schema from 0020 through current	2026-10-05T22:18:10.5805203Z     └─ migration.sql
Populated Postgres Upgrade	Upgrade populated schema from 0020 through current	2026-10-05T22:18:10.5805436Z   └─ 0014_push_subscription_reminders/
Populated Postgres Upgrade	Upgrade populated schema from 0020 through current	2026-10-05T22:18:10.5805704Z     └─ migration.sql
Populated Postgres Upgrade	Upgrade populated schema from 0020 through current	2026-10-05T22:18:10.5805985Z   └─ 0014_push_subscription_user_endpoint_uniqueness/
Populated Postgres Upgrade	Upgrade populated schema from 0020 through current	2026-10-05T22:18:10.5806296Z     └─ migration.sql
Populated Postgres Upgrade	Upgrade populated schema from 0020 through current	2026-10-05T22:18:10.5806535Z   └─ 0015_reminder_preference_flags/
Populated Postgres Upgrade	Upgrade populated schema from 0020 through current	2026-10-05T22:18:10.5806799Z     └─ migration.sql
Populated Postgres Upgrade	Upgrade populated schema from 0020 through current	2026-10-05T22:18:10.5807042Z   └─ 0016_bodymetric_trend_precompute/
Populated Postgres Upgrade	Upgrade populated schema from 0020 through current	2026-10-05T22:18:10.5807326Z     └─ migration.sql
Populated Postgres Upgrade	Upgrade populated schema from 0020 through current	2026-10-05T22:18:10.5807558Z   └─ 0016_in_app_notifications/
Populated Postgres Upgrade	Upgrade populated schema from 0020 through current	2026-10-05T22:18:10.5807804Z     └─ migration.sql
Populated Postgres Upgrade	Upgrade populated schema from 0020 through current	2026-10-05T22:18:10.5808030Z   └─ 0017_haptics_preference/
Populated Postgres Upgrade	Upgrade populated schema from 0020 through current	2026-10-05T22:18:10.5808290Z     └─ migration.sql
Populated Postgres Upgrade	Upgrade populated schema from 0020 through current	2026-10-05T22:18:10.5808535Z   └─ 0017_notification_delivery_channels/
Populated Postgres Upgrade	Upgrade populated schema from 0020 through current	2026-10-05T22:18:10.5808789Z     └─ migration.sql
Populated Postgres Upgrade	Upgrade populated schema from 0020 through current	2026-10-05T22:18:10.5809028Z   └─ 0018_food_log_external_snapshots/
Populated Postgres Upgrade	Upgrade populated schema from 0020 through current	2026-10-05T22:18:10.5809323Z     └─ migration.sql
Populated Postgres Upgrade	Upgrade populated schema from 0020 through current	2026-10-05T22:18:10.5809768Z   └─ 0019_backend_server_audit_indexes/
Populated Postgres Upgrade	Upgrade populated schema from 0020 through current	2026-10-05T22:18:10.5810019Z     └─ migration.sql
Populated Postgres Upgrade	Upgrade populated schema from 0020 through current	2026-10-05T22:18:10.5810241Z   └─ 0020_goal_active_lookup_index/
Populated Postgres Upgrade	Upgrade populated schema from 0020 through current	2026-10-05T22:18:10.5810471Z     └─ migration.sql
Populated Postgres Upgrade	Upgrade populated schema from 0020 through current	2026-10-05T22:18:10.5810584Z 
Populated Postgres Upgrade	Upgrade populated schema from 0020 through current	2026-10-05T22:18:10.5810732Z All migrations have been successfully applied.
Populated Postgres Upgrade	Upgrade populated schema from 0020 through current	2026-10-05T22:18:10.6058562Z [db-upgrade-smoke] Applying migrations 0021-0045 to populated data.
Populated Postgres Upgrade	Upgrade populated schema from 0020 through current	2026-10-05T22:18:11.2187480Z Loaded Prisma config from prisma.config.ts.
Populated Postgres Upgrade	Upgrade populated schema from 0020 through current	2026-10-05T22:18:11.2187757Z 
Populated Postgres Upgrade	Upgrade populated schema from 0020 through current	2026-10-05T22:18:11.3200845Z Prisma schema loaded from prisma/schema.prisma.
Populated Postgres Upgrade	Upgrade populated schema from 0020 through current	2026-10-05T22:18:11.3280757Z Datasource "db": PostgreSQL database "calibrate", schema "calibrate_upgrade_smoke_2787_3694179becd0" at "localhost:5432"
Populated Postgres Upgrade	Upgrade populated schema from 0020 through current	2026-10-05T22:18:11.3812664Z 
Populated Postgres Upgrade	Upgrade populated schema from 0020 through current	2026-10-05T22:18:11.3813384Z 47 migrations found in prisma/migrations
Populated Postgres Upgrade	Upgrade populated schema from 0020 through current	2026-10-05T22:18:11.3813729Z 
Populated Postgres Upgrade	Upgrade populated schema from 0020 through current	2026-10-05T22:18:11.4407296Z Applying migration `0021_mobile_native_client`
Populated Postgres Upgrade	Upgrade populated schema from 0020 through current	2026-10-05T22:18:11.4686111Z Applying migration `0022_bind_native_push_to_mobile_session`
Populated Postgres Upgrade	Upgrade populated schema from 0020 through current	2026-10-05T22:18:11.4780966Z Applying migration `0023_client_sync_foundation`
Populated Postgres Upgrade	Upgrade populated schema from 0020 through current	2026-10-05T22:18:11.5144656Z Applying migration `0024_account_lifecycle`
Populated Postgres Upgrade	Upgrade populated schema from 0020 through current	2026-10-05T22:18:11.5358742Z Applying migration `0025_my_food_pinning`
Populated Postgres Upgrade	Upgrade populated schema from 0020 through current	2026-10-05T22:18:11.5396736Z Applying migration `0026_health_connect_activity`
Populated Postgres Upgrade	Upgrade populated schema from 0020 through current	2026-10-05T22:18:11.5858542Z Applying migration `0027_wear_os_pairing`
Populated Postgres Upgrade	Upgrade populated schema from 0020 through current	2026-10-05T22:18:11.6002118Z Applying migration `0028_watch_operation_provenance`
Populated Postgres Upgrade	Upgrade populated schema from 0020 through current	2026-10-05T22:18:11.6051793Z Applying migration `0029_push_subscription_endpoint_ownership`
Populated Postgres Upgrade	Upgrade populated schema from 0020 through current	2026-10-05T22:18:11.6117803Z Applying migration `0030_day_resolution_and_tracking_pauses`
Populated Postgres Upgrade	Upgrade populated schema from 0020 through current	2026-10-05T22:18:11.6244973Z Applying migration `0031_calibration_insights`
Populated Postgres Upgrade	Upgrade populated schema from 0020 through current	2026-10-05T22:18:11.6444110Z Applying migration `0032_weight_trend_v2`
Populated Postgres Upgrade	Upgrade populated schema from 0020 through current	2026-10-05T22:18:11.6473135Z Applying migration `0033_weight_trend_source_revision`
Populated Postgres Upgrade	Upgrade populated schema from 0020 through current	2026-10-05T22:18:11.6494386Z Applying migration `0034_calorie_safety_policy`
Populated Postgres Upgrade	Upgrade populated schema from 0020 through current	2026-10-05T22:18:11.7254953Z Applying migration `0035_account_verification_and_legal_consent`
Populated Postgres Upgrade	Upgrade populated schema from 0020 through current	2026-10-05T22:18:11.7981039Z Applying migration `0036_atomic_onboarding`
Populated Postgres Upgrade	Upgrade populated schema from 0020 through current	2026-10-05T22:18:11.8013739Z Applying migration `0037_saved_foods_library`
Populated Postgres Upgrade	Upgrade populated schema from 0020 through current	2026-10-05T22:18:11.8044025Z Applying migration `0038_settings_trust_center`
Populated Postgres Upgrade	Upgrade populated schema from 0020 through current	2026-10-05T22:18:11.8292511Z Applying migration `0039_mcp_oauth`
Populated Postgres Upgrade	Upgrade populated schema from 0020 through current	2026-10-05T22:18:11.9626868Z Applying migration `0040_ios_native_support`
Populated Postgres Upgrade	Upgrade populated schema from 0020 through current	2026-10-05T22:18:11.9647270Z Applying migration `0041_server_settings`
Populated Postgres Upgrade	Upgrade populated schema from 0020 through current	2026-10-05T22:18:11.9684070Z Applying migration `0043_food_day_comparison`
Populated Postgres Upgrade	Upgrade populated schema from 0020 through current	2026-10-05T22:18:11.9706502Z Applying migration `0045_firebase_identity_foundation`
Populated Postgres Upgrade	Upgrade populated schema from 0020 through current	2026-10-05T22:18:12.0671832Z 
Populated Postgres Upgrade	Upgrade populated schema from 0020 through current	2026-10-05T22:18:12.0696330Z ┌─────────────────────────────────────────────────────────┐
Populated Postgres Upgrade	Upgrade populated schema from 0020 through current	2026-10-05T22:18:12.0696831Z │  Update available 7.9.0 -> 8.0.0-rc.20                  │
Populated Postgres Upgrade	Upgrade populated schema from 0020 through current	2026-10-05T22:18:12.0697403Z │                                                         │
Populated Postgres Upgrade	Upgrade populated schema from 0020 through current	2026-10-05T22:18:12.0697786Z │  This is a major update - please follow the guide at    │
Populated Postgres Upgrade	Upgrade populated schema from 0020 through current	2026-10-05T22:18:12.0698230Z │  https://pris.ly/d/major-version-upgrade                │
Populated Postgres Upgrade	Upgrade populated schema from 0020 through current	2026-10-05T22:18:12.0698597Z │                                                         │
Populated Postgres Upgrade	Upgrade populated schema from 0020 through current	2026-10-05T22:18:12.0698939Z │  Run the following to update                            │
Populated Postgres Upgrade	Upgrade populated schema from 0020 through current	2026-10-05T22:18:12.0699310Z │    npm i --save-dev prisma@latest                       │
Populated Postgres Upgrade	Upgrade populated schema from 0020 through current	2026-10-05T22:18:12.0699951Z │    npm i @prisma/client@latest                          │
Populated Postgres Upgrade	Upgrade populated schema from 0020 through current	2026-10-05T22:18:12.0700339Z └─────────────────────────────────────────────────────────┘
Populated Postgres Upgrade	Upgrade populated schema from 0020 through current	2026-10-05T22:18:12.0700897Z The following migration(s) have been applied:
Populated Postgres Upgrade	Upgrade populated schema from 0020 through current	2026-10-05T22:18:12.0701208Z 
Populated Postgres Upgrade	Upgrade populated schema from 0020 through current	2026-10-05T22:18:12.0701493Z migrations/
Populated Postgres Upgrade	Upgrade populated schema from 0020 through current	2026-10-05T22:18:12.0701941Z   └─ 0021_mobile_native_client/
Populated Postgres Upgrade	Upgrade populated schema from 0020 through current	2026-10-05T22:18:12.0702332Z     └─ migration.sql
Populated Postgres Upgrade	Upgrade populated schema from 0020 through current	2026-10-05T22:18:12.0702796Z   └─ 0022_bind_native_push_to_mobile_session/
Populated Postgres Upgrade	Upgrade populated schema from 0020 through current	2026-10-05T22:18:12.0703196Z     └─ migration.sql
Populated Postgres Upgrade	Upgrade populated schema from 0020 through current	2026-10-05T22:18:12.0703604Z   └─ 0023_client_sync_foundation/
Populated Postgres Upgrade	Upgrade populated schema from 0020 through current	2026-10-05T22:18:12.0704003Z     └─ migration.sql
Populated Postgres Upgrade	Upgrade populated schema from 0020 through current	2026-10-05T22:18:12.0704386Z   └─ 0024_account_lifecycle/
Populated Postgres Upgrade	Upgrade populated schema from 0020 through current	2026-10-05T22:18:12.0704772Z     └─ migration.sql
Populated Postgres Upgrade	Upgrade populated schema from 0020 through current	2026-10-05T22:18:12.0705153Z   └─ 0025_my_food_pinning/
Populated Postgres Upgrade	Upgrade populated schema from 0020 through current	2026-10-05T22:18:12.0705533Z     └─ migration.sql
Populated Postgres Upgrade	Upgrade populated schema from 0020 through current	2026-10-05T22:18:12.0705949Z   └─ 0026_health_connect_activity/
Populated Postgres Upgrade	Upgrade populated schema from 0020 through current	2026-10-05T22:18:12.0706355Z     └─ migration.sql
Populated Postgres Upgrade	Upgrade populated schema from 0020 through current	2026-10-05T22:18:12.0706728Z   └─ 0027_wear_os_pairing/
Populated Postgres Upgrade	Upgrade populated schema from 0020 through current	2026-10-05T22:18:12.0707097Z     └─ migration.sql
Populated Postgres Upgrade	Upgrade populated schema from 0020 through current	2026-10-05T22:18:12.0707532Z   └─ 0028_watch_operation_provenance/
Populated Postgres Upgrade	Upgrade populated schema from 0020 through current	2026-10-05T22:18:12.0708138Z     └─ migration.sql
Populated Postgres Upgrade	Upgrade populated schema from 0020 through current	2026-10-05T22:18:12.0708604Z   └─ 0029_push_subscription_endpoint_ownership/
Populated Postgres Upgrade	Upgrade populated schema from 0020 through current	2026-10-05T22:18:12.0709001Z     └─ migration.sql
Populated Postgres Upgrade	Upgrade populated schema from 0020 through current	2026-10-05T22:18:12.0709570Z   └─ 0030_day_resolution_and_tracking_pauses/
Populated Postgres Upgrade	Upgrade populated schema from 0020 through current	2026-10-05T22:18:12.0709979Z     └─ migration.sql
Populated Postgres Upgrade	Upgrade populated schema from 0020 through current	2026-10-05T22:18:12.0710319Z   └─ 0031_calibration_insights/
Populated Postgres Upgrade	Upgrade populated schema from 0020 through current	2026-10-05T22:18:12.0710547Z     └─ migration.sql
Populated Postgres Upgrade	Upgrade populated schema from 0020 through current	2026-10-05T22:18:12.0710749Z   └─ 0032_weight_trend_v2/
Populated Postgres Upgrade	Upgrade populated schema from 0020 through current	2026-10-05T22:18:12.0710957Z     └─ migration.sql
Populated Postgres Upgrade	Upgrade populated schema from 0020 through current	2026-10-05T22:18:12.0711184Z   └─ 0033_weight_trend_source_revision/
Populated Postgres Upgrade	Upgrade populated schema from 0020 through current	2026-10-05T22:18:12.0711431Z     └─ migration.sql
Populated Postgres Upgrade	Upgrade populated schema from 0020 through current	2026-10-05T22:18:12.0711652Z   └─ 0034_calorie_safety_policy/
Populated Postgres Upgrade	Upgrade populated schema from 0020 through current	2026-10-05T22:18:12.0711886Z     └─ migration.sql
Populated Postgres Upgrade	Upgrade populated schema from 0020 through current	2026-10-05T22:18:12.0712136Z   └─ 0035_account_verification_and_legal_consent/
Populated Postgres Upgrade	Upgrade populated schema from 0020 through current	2026-10-05T22:18:12.0712402Z     └─ migration.sql
Populated Postgres Upgrade	Upgrade populated schema from 0020 through current	2026-10-05T22:18:12.0712606Z   └─ 0036_atomic_onboarding/
Populated Postgres Upgrade	Upgrade populated schema from 0020 through current	2026-10-05T22:18:12.0712818Z     └─ migration.sql
Populated Postgres Upgrade	Upgrade populated schema from 0020 through current	2026-10-05T22:18:12.0713034Z   └─ 0037_saved_foods_library/
Populated Postgres Upgrade	Upgrade populated schema from 0020 through current	2026-10-05T22:18:12.0713259Z     └─ migration.sql
Populated Postgres Upgrade	Upgrade populated schema from 0020 through current	2026-10-05T22:18:12.0713477Z   └─ 0038_settings_trust_center/
Populated Postgres Upgrade	Upgrade populated schema from 0020 through current	2026-10-05T22:18:12.0713693Z     └─ migration.sql
Populated Postgres Upgrade	Upgrade populated schema from 0020 through current	2026-10-05T22:18:12.0713893Z   └─ 0039_mcp_oauth/
Populated Postgres Upgrade	Upgrade populated schema from 0020 through current	2026-10-05T22:18:12.0714074Z     └─ migration.sql
Populated Postgres Upgrade	Upgrade populated schema from 0020 through current	2026-10-05T22:18:12.0714273Z   └─ 0040_ios_native_support/
Populated Postgres Upgrade	Upgrade populated schema from 0020 through current	2026-10-05T22:18:12.0714487Z     └─ migration.sql
Populated Postgres Upgrade	Upgrade populated schema from 0020 through current	2026-10-05T22:18:12.0714680Z   └─ 0041_server_settings/
Populated Postgres Upgrade	Upgrade populated schema from 0020 through current	2026-10-05T22:18:12.0714890Z     └─ migration.sql
Populated Postgres Upgrade	Upgrade populated schema from 0020 through current	2026-10-05T22:18:12.0715112Z   └─ 0043_food_day_comparison/
Populated Postgres Upgrade	Upgrade populated schema from 0020 through current	2026-10-05T22:18:12.0715325Z     └─ migration.sql
Populated Postgres Upgrade	Upgrade populated schema from 0020 through current	2026-10-05T22:18:12.0715551Z   └─ 0045_firebase_identity_foundation/
Populated Postgres Upgrade	Upgrade populated schema from 0020 through current	2026-10-05T22:18:12.0715795Z     └─ migration.sql
Populated Postgres Upgrade	Upgrade populated schema from 0020 through current	2026-10-05T22:18:12.0715904Z 
Populated Postgres Upgrade	Upgrade populated schema from 0020 through current	2026-10-05T22:18:12.0716055Z All migrations have been successfully applied.
Populated Postgres Upgrade	Upgrade populated schema from 0020 through current	2026-10-05T22:18:12.1361030Z [db-upgrade-smoke] PASS: immutable mapping, local deletion cascade and monotonic credential security version.
Populated Postgres Upgrade	Upgrade populated schema from 0020 through current	2026-10-05T22:18:12.1363709Z [db-upgrade-smoke] PASS: retained core data across 47 migrations.
Populated Postgres Upgrade	Serialize concurrent weight-trend materialization	﻿2026-10-05T22:18:12.3107924Z ##[group]Run node scripts/postgres-weight-trend-concurrency-smoke.mjs
Populated Postgres Upgrade	Serialize concurrent weight-trend materialization	2026-10-05T22:18:12.3108656Z ^[[36;1mnode scripts/postgres-weight-trend-concurrency-smoke.mjs^[[0m
Populated Postgres Upgrade	Serialize concurrent weight-trend materialization	2026-10-05T22:18:12.3171521Z shell: /usr/bin/bash -e {0}
Populated Postgres Upgrade	Serialize concurrent weight-trend materialization	2026-10-05T22:18:12.3171787Z env:
Populated Postgres Upgrade	Serialize concurrent weight-trend materialization	2026-10-05T22:18:12.3172459Z   DATABASE_URL: ***localhost:5432/calibrate?schema=public
Populated Postgres Upgrade	Serialize concurrent weight-trend materialization	2026-10-05T22:18:12.3172743Z ##[endgroup]
Populated Postgres Upgrade	Serialize concurrent weight-trend materialization	2026-10-05T22:18:13.0390955Z Loaded Prisma config from prisma.config.ts.
Populated Postgres Upgrade	Serialize concurrent weight-trend materialization	2026-10-05T22:18:13.0391505Z 
Populated Postgres Upgrade	Serialize concurrent weight-trend materialization	2026-10-05T22:18:13.1419870Z Prisma schema loaded from prisma/schema.prisma.
Populated Postgres Upgrade	Serialize concurrent weight-trend materialization	2026-10-05T22:18:13.1450625Z Datasource "db": PostgreSQL database "calibrate", schema "calibrate_upgrade_smoke_weight_trend_2896_35f92d427ab7" at "localhost:5432"
Populated Postgres Upgrade	Serialize concurrent weight-trend materialization	2026-10-05T22:18:13.2098802Z 
Populated Postgres Upgrade	Serialize concurrent weight-trend materialization	2026-10-05T22:18:13.2099596Z 47 migrations found in prisma/migrations
Populated Postgres Upgrade	Serialize concurrent weight-trend materialization	2026-10-05T22:18:13.2099835Z 
Populated Postgres Upgrade	Serialize concurrent weight-trend materialization	2026-10-05T22:18:13.2864077Z Applying migration `0001_init`
Populated Postgres Upgrade	Serialize concurrent weight-trend materialization	2026-10-05T22:18:13.3096911Z Applying migration `0002_weight_units_grams`
Populated Postgres Upgrade	Serialize concurrent weight-trend materialization	2026-10-05T22:18:13.3200074Z Applying migration `0003_bodymetric_date_only`
Populated Postgres Upgrade	Serialize concurrent weight-trend materialization	2026-10-05T22:18:13.3327536Z Applying migration `0004_add_profile_fields`
Populated Postgres Upgrade	Serialize concurrent weight-trend materialization	2026-10-05T22:18:13.3366862Z Applying migration `0005_add_user_timezone`
Populated Postgres Upgrade	Serialize concurrent weight-trend materialization	2026-10-05T22:18:13.3391568Z Applying migration `0006_foodlog_local_date`
Populated Postgres Upgrade	Serialize concurrent weight-trend materialization	2026-10-05T22:18:13.3434892Z Applying migration `0007_height_unit_preference`
Populated Postgres Upgrade	Serialize concurrent weight-trend materialization	2026-10-05T22:18:13.3476369Z Applying migration `0008_meal_period_enum`
Populated Postgres Upgrade	Serialize concurrent weight-trend materialization	2026-10-05T22:18:13.3577083Z Applying migration `0009_add_user_profile_image`
Populated Postgres Upgrade	Serialize concurrent weight-trend materialization	2026-10-05T22:18:13.3602509Z Applying migration `0010_my_foods`
Populated Postgres Upgrade	Serialize concurrent weight-trend materialization	2026-10-05T22:18:13.3805354Z Applying migration `0011_add_user_language`
Populated Postgres Upgrade	Serialize concurrent weight-trend materialization	2026-10-05T22:18:13.3829648Z Applying migration `0012_session_store`
Populated Postgres Upgrade	Serialize concurrent weight-trend materialization	2026-10-05T22:18:13.3891251Z Applying migration `0013_food_log_day_completion`
Populated Postgres Upgrade	Serialize concurrent weight-trend materialization	2026-10-05T22:18:13.3966570Z Applying migration `0013_push_subscriptions`
Populated Postgres Upgrade	Serialize concurrent weight-trend materialization	2026-10-05T22:18:13.4389697Z Applying migration `0014_push_subscription_reminders`
Populated Postgres Upgrade	Serialize concurrent weight-trend materialization	2026-10-05T22:18:13.4411228Z Applying migration `0014_push_subscription_user_endpoint_uniqueness`
Populated Postgres Upgrade	Serialize concurrent weight-trend materialization	2026-10-05T22:18:13.4447461Z Applying migration `0015_reminder_preference_flags`
Populated Postgres Upgrade	Serialize concurrent weight-trend materialization	2026-10-05T22:18:13.4474389Z Applying migration `0016_bodymetric_trend_precompute`
Populated Postgres Upgrade	Serialize concurrent weight-trend materialization	2026-10-05T22:18:13.4540252Z Applying migration `0016_in_app_notifications`
Populated Postgres Upgrade	Serialize concurrent weight-trend materialization	2026-10-05T22:18:13.4645078Z Applying migration `0017_haptics_preference`
Populated Postgres Upgrade	Serialize concurrent weight-trend materialization	2026-10-05T22:18:13.4668843Z Applying migration `0017_notification_delivery_channels`
Populated Postgres Upgrade	Serialize concurrent weight-trend materialization	2026-10-05T22:18:13.9083624Z Applying migration `0018_food_log_external_snapshots`
Populated Postgres Upgrade	Serialize concurrent weight-trend materialization	2026-10-05T22:18:13.9491815Z Applying migration `0019_backend_server_audit_indexes`
Populated Postgres Upgrade	Serialize concurrent weight-trend materialization	2026-10-05T22:18:13.9539210Z Applying migration `0020_goal_active_lookup_index`
Populated Postgres Upgrade	Serialize concurrent weight-trend materialization	2026-10-05T22:18:13.9557855Z Applying migration `0021_mobile_native_client`
Populated Postgres Upgrade	Serialize concurrent weight-trend materialization	2026-10-05T22:18:13.9769325Z Applying migration `0022_bind_native_push_to_mobile_session`
Populated Postgres Upgrade	Serialize concurrent weight-trend materialization	2026-10-05T22:18:13.9857935Z Applying migration `0023_client_sync_foundation`
Populated Postgres Upgrade	Serialize concurrent weight-trend materialization	2026-10-05T22:18:14.0018047Z Applying migration `0024_account_lifecycle`
Populated Postgres Upgrade	Serialize concurrent weight-trend materialization	2026-10-05T22:18:14.0212196Z Applying migration `0025_my_food_pinning`
Populated Postgres Upgrade	Serialize concurrent weight-trend materialization	2026-10-05T22:18:14.0249903Z Applying migration `0026_health_connect_activity`
Populated Postgres Upgrade	Serialize concurrent weight-trend materialization	2026-10-05T22:18:14.0777255Z Applying migration `0027_wear_os_pairing`
Populated Postgres Upgrade	Serialize concurrent weight-trend materialization	2026-10-05T22:18:14.1044977Z Applying migration `0028_watch_operation_provenance`
Populated Postgres Upgrade	Serialize concurrent weight-trend materialization	2026-10-05T22:18:14.1092503Z Applying migration `0029_push_subscription_endpoint_ownership`
Populated Postgres Upgrade	Serialize concurrent weight-trend materialization	2026-10-05T22:18:14.1155972Z Applying migration `0030_day_resolution_and_tracking_pauses`
Populated Postgres Upgrade	Serialize concurrent weight-trend materialization	2026-10-05T22:18:14.1279595Z Applying migration `0031_calibration_insights`
Populated Postgres Upgrade	Serialize concurrent weight-trend materialization	2026-10-05T22:18:14.1692542Z Applying migration `0032_weight_trend_v2`
Populated Postgres Upgrade	Serialize concurrent weight-trend materialization	2026-10-05T22:18:14.1720083Z Applying migration `0033_weight_trend_source_revision`
Populated Postgres Upgrade	Serialize concurrent weight-trend materialization	2026-10-05T22:18:14.1742742Z Applying migration `0034_calorie_safety_policy`
Populated Postgres Upgrade	Serialize concurrent weight-trend materialization	2026-10-05T22:18:14.1972143Z Applying migration `0035_account_verification_and_legal_consent`
Populated Postgres Upgrade	Serialize concurrent weight-trend materialization	2026-10-05T22:18:14.2191987Z Applying migration `0036_atomic_onboarding`
Populated Postgres Upgrade	Serialize concurrent weight-trend materialization	2026-10-05T22:18:14.2222691Z Applying migration `0037_saved_foods_library`
Populated Postgres Upgrade	Serialize concurrent weight-trend materialization	2026-10-05T22:18:14.2253429Z Applying migration `0038_settings_trust_center`
Populated Postgres Upgrade	Serialize concurrent weight-trend materialization	2026-10-05T22:18:14.2496873Z Applying migration `0039_mcp_oauth`
Populated Postgres Upgrade	Serialize concurrent weight-trend materialization	2026-10-05T22:18:14.2930406Z Applying migration `0040_ios_native_support`
Populated Postgres Upgrade	Serialize concurrent weight-trend materialization	2026-10-05T22:18:14.2951109Z Applying migration `0041_server_settings`
Populated Postgres Upgrade	Serialize concurrent weight-trend materialization	2026-10-05T22:18:14.2986460Z Applying migration `0043_food_day_comparison`
Populated Postgres Upgrade	Serialize concurrent weight-trend materialization	2026-10-05T22:18:14.3009973Z Applying migration `0045_firebase_identity_foundation`
Populated Postgres Upgrade	Serialize concurrent weight-trend materialization	2026-10-05T22:18:14.3152465Z 
Populated Postgres Upgrade	Serialize concurrent weight-trend materialization	2026-10-05T22:18:14.3161618Z The following migration(s) have been applied:
Populated Postgres Upgrade	Serialize concurrent weight-trend materialization	2026-10-05T22:18:14.3161938Z 
Populated Postgres Upgrade	Serialize concurrent weight-trend materialization	2026-10-05T22:18:14.3162155Z migrations/
Populated Postgres Upgrade	Serialize concurrent weight-trend materialization	2026-10-05T22:18:14.3162738Z   └─ 0001_init/
Populated Postgres Upgrade	Serialize concurrent weight-trend materialization	2026-10-05T22:18:14.3163058Z     └─ migration.sql
Populated Postgres Upgrade	Serialize concurrent weight-trend materialization	2026-10-05T22:18:14.3163374Z   └─ 0002_weight_units_grams/
Populated Postgres Upgrade	Serialize concurrent weight-trend materialization	2026-10-05T22:18:14.3163751Z     └─ migration.sql
Populated Postgres Upgrade	Serialize concurrent weight-trend materialization	2026-10-05T22:18:14.3164111Z   └─ 0003_bodymetric_date_only/
Populated Postgres Upgrade	Serialize concurrent weight-trend materialization	2026-10-05T22:18:14.3164537Z     └─ migration.sql
Populated Postgres Upgrade	Serialize concurrent weight-trend materialization	2026-10-05T22:18:14.3164902Z   └─ 0004_add_profile_fields/
Populated Postgres Upgrade	Serialize concurrent weight-trend materialization	2026-10-05T22:18:14.3165280Z     └─ migration.sql
Populated Postgres Upgrade	Serialize concurrent weight-trend materialization	2026-10-05T22:18:14.3165601Z   └─ 0005_add_user_timezone/
Populated Postgres Upgrade	Serialize concurrent weight-trend materialization	2026-10-05T22:18:14.3165926Z     └─ migration.sql
Populated Postgres Upgrade	Serialize concurrent weight-trend materialization	2026-10-05T22:18:14.3166228Z   └─ 0006_foodlog_local_date/
Populated Postgres Upgrade	Serialize concurrent weight-trend materialization	2026-10-05T22:18:14.3166555Z     └─ migration.sql
Populated Postgres Upgrade	Serialize concurrent weight-trend materialization	2026-10-05T22:18:14.3166896Z   └─ 0007_height_unit_preference/
Populated Postgres Upgrade	Serialize concurrent weight-trend materialization	2026-10-05T22:18:14.3167252Z     └─ migration.sql
Populated Postgres Upgrade	Serialize concurrent weight-trend materialization	2026-10-05T22:18:14.3167572Z   └─ 0008_meal_period_enum/
Populated Postgres Upgrade	Serialize concurrent weight-trend materialization	2026-10-05T22:18:14.3167935Z     └─ migration.sql
Populated Postgres Upgrade	Serialize concurrent weight-trend materialization	2026-10-05T22:18:14.3168284Z   └─ 0009_add_user_profile_image/
Populated Postgres Upgrade	Serialize concurrent weight-trend materialization	2026-10-05T22:18:14.3168626Z     └─ migration.sql
Populated Postgres Upgrade	Serialize concurrent weight-trend materialization	2026-10-05T22:18:14.3168923Z   └─ 0010_my_foods/
Populated Postgres Upgrade	Serialize concurrent weight-trend materialization	2026-10-05T22:18:14.3169214Z     └─ migration.sql
Populated Postgres Upgrade	Serialize concurrent weight-trend materialization	2026-10-05T22:18:14.3169987Z   └─ 0011_add_user_language/
Populated Postgres Upgrade	Serialize concurrent weight-trend materialization	2026-10-05T22:18:14.3170324Z     └─ migration.sql
Populated Postgres Upgrade	Serialize concurrent weight-trend materialization	2026-10-05T22:18:14.3170624Z   └─ 0012_session_store/
Populated Postgres Upgrade	Serialize concurrent weight-trend materialization	2026-10-05T22:18:14.3170931Z     └─ migration.sql
Populated Postgres Upgrade	Serialize concurrent weight-trend materialization	2026-10-05T22:18:14.3171275Z   └─ 0013_food_log_day_completion/
Populated Postgres Upgrade	Serialize concurrent weight-trend materialization	2026-10-05T22:18:14.3171617Z     └─ migration.sql
Populated Postgres Upgrade	Serialize concurrent weight-trend materialization	2026-10-05T22:18:14.3172211Z   └─ 0013_push_subscriptions/
Populated Postgres Upgrade	Serialize concurrent weight-trend materialization	2026-10-05T22:18:14.3172555Z     └─ migration.sql
Populated Postgres Upgrade	Serialize concurrent weight-trend materialization	2026-10-05T22:18:14.3172923Z   └─ 0014_push_subscription_reminders/
Populated Postgres Upgrade	Serialize concurrent weight-trend materialization	2026-10-05T22:18:14.3173286Z     └─ migration.sql
Populated Postgres Upgrade	Serialize concurrent weight-trend materialization	2026-10-05T22:18:14.3173700Z   └─ 0014_push_subscription_user_endpoint_uniqueness/
Populated Postgres Upgrade	Serialize concurrent weight-trend materialization	2026-10-05T22:18:14.3174128Z     └─ migration.sql
Populated Postgres Upgrade	Serialize concurrent weight-trend materialization	2026-10-05T22:18:14.3174481Z   └─ 0015_reminder_preference_flags/
Populated Postgres Upgrade	Serialize concurrent weight-trend materialization	2026-10-05T22:18:14.3174873Z     └─ migration.sql
Populated Postgres Upgrade	Serialize concurrent weight-trend materialization	2026-10-05T22:18:14.3175384Z   └─ 0016_bodymetric_trend_precompute/
Populated Postgres Upgrade	Serialize concurrent weight-trend materialization	2026-10-05T22:18:14.3175870Z     └─ migration.sql
Populated Postgres Upgrade	Serialize concurrent weight-trend materialization	2026-10-05T22:18:14.3176441Z   └─ 0016_in_app_notifications/
Populated Postgres Upgrade	Serialize concurrent weight-trend materialization	2026-10-05T22:18:14.3176822Z     └─ migration.sql
Populated Postgres Upgrade	Serialize concurrent weight-trend materialization	2026-10-05T22:18:14.3177198Z   └─ 0017_haptics_preference/
Populated Postgres Upgrade	Serialize concurrent weight-trend materialization	2026-10-05T22:18:14.3177524Z     └─ migration.sql
Populated Postgres Upgrade	Serialize concurrent weight-trend materialization	2026-10-05T22:18:14.3177921Z   └─ 0017_notification_delivery_channels/
Populated Postgres Upgrade	Serialize concurrent weight-trend materialization	2026-10-05T22:18:14.3178331Z     └─ migration.sql
Populated Postgres Upgrade	Serialize concurrent weight-trend materialization	2026-10-05T22:18:14.3178664Z   └─ 0018_food_log_external_snapshots/
Populated Postgres Upgrade	Serialize concurrent weight-trend materialization	2026-10-05T22:18:14.3179061Z     └─ migration.sql
Populated Postgres Upgrade	Serialize concurrent weight-trend materialization	2026-10-05T22:18:14.3180625Z   └─ 0019_backend_server_audit_indexes/
Populated Postgres Upgrade	Serialize concurrent weight-trend materialization	2026-10-05T22:18:14.3181326Z     └─ migration.sql
Populated Postgres Upgrade	Serialize concurrent weight-trend materialization	2026-10-05T22:18:14.3193268Z   └─ 0020_goal_active_lookup_index/
Populated Postgres Upgrade	Serialize concurrent weight-trend materialization	2026-10-05T22:18:14.3193560Z     └─ migration.sql
Populated Postgres Upgrade	Serialize concurrent weight-trend materialization	2026-10-05T22:18:14.3193808Z   └─ 0021_mobile_native_client/
Populated Postgres Upgrade	Serialize concurrent weight-trend materialization	2026-10-05T22:18:14.3194060Z     └─ migration.sql
Populated Postgres Upgrade	Serialize concurrent weight-trend materialization	2026-10-05T22:18:14.3194449Z   └─ 0022_bind_native_push_to_mobile_session/
Populated Postgres Upgrade	Serialize concurrent weight-trend materialization	2026-10-05T22:18:14.3194826Z     └─ migration.sql
Populated Postgres Upgrade	Serialize concurrent weight-trend materialization	2026-10-05T22:18:14.3195159Z   └─ 0023_client_sync_foundation/
Populated Postgres Upgrade	Serialize concurrent weight-trend materialization	2026-10-05T22:18:14.3195521Z     └─ migration.sql
Populated Postgres Upgrade	Serialize concurrent weight-trend materialization	2026-10-05T22:18:14.3195826Z   └─ 0024_account_lifecycle/
Populated Postgres Upgrade	Serialize concurrent weight-trend materialization	2026-10-05T22:18:14.3196141Z     └─ migration.sql
Populated Postgres Upgrade	Serialize concurrent weight-trend materialization	2026-10-05T22:18:14.3196448Z   └─ 0025_my_food_pinning/
Populated Postgres Upgrade	Serialize concurrent weight-trend materialization	2026-10-05T22:18:14.3196773Z     └─ migration.sql
Populated Postgres Upgrade	Serialize concurrent weight-trend materialization	2026-10-05T22:18:14.3197102Z   └─ 0026_health_connect_activity/
Populated Postgres Upgrade	Serialize concurrent weight-trend materialization	2026-10-05T22:18:14.3197456Z     └─ migration.sql
Populated Postgres Upgrade	Serialize concurrent weight-trend materialization	2026-10-05T22:18:14.3197733Z   └─ 0027_wear_os_pairing/
Populated Postgres Upgrade	Serialize concurrent weight-trend materialization	2026-10-05T22:18:14.3197962Z     └─ migration.sql
Populated Postgres Upgrade	Serialize concurrent weight-trend materialization	2026-10-05T22:18:14.3198228Z   └─ 0028_watch_operation_provenance/
Populated Postgres Upgrade	Serialize concurrent weight-trend materialization	2026-10-05T22:18:14.3199046Z     └─ migration.sql
Populated Postgres Upgrade	Serialize concurrent weight-trend materialization	2026-10-05T22:18:14.3199681Z   └─ 0029_push_subscription_endpoint_ownership/
Populated Postgres Upgrade	Serialize concurrent weight-trend materialization	2026-10-05T22:18:14.3200142Z     └─ migration.sql
Populated Postgres Upgrade	Serialize concurrent weight-trend materialization	2026-10-05T22:18:14.3200478Z   └─ 0030_day_resolution_and_tracking_pauses/
Populated Postgres Upgrade	Serialize concurrent weight-trend materialization	2026-10-05T22:18:14.3200770Z     └─ migration.sql
Populated Postgres Upgrade	Serialize concurrent weight-trend materialization	2026-10-05T22:18:14.3201014Z   └─ 0031_calibration_insights/
Populated Postgres Upgrade	Serialize concurrent weight-trend materialization	2026-10-05T22:18:14.3201266Z     └─ migration.sql
Populated Postgres Upgrade	Serialize concurrent weight-trend materialization	2026-10-05T22:18:14.3201501Z   └─ 0032_weight_trend_v2/
Populated Postgres Upgrade	Serialize concurrent weight-trend materialization	2026-10-05T22:18:14.3201743Z     └─ migration.sql
Populated Postgres Upgrade	Serialize concurrent weight-trend materialization	2026-10-05T22:18:14.3202006Z   └─ 0033_weight_trend_source_revision/
Populated Postgres Upgrade	Serialize concurrent weight-trend materialization	2026-10-05T22:18:14.3202277Z     └─ migration.sql
Populated Postgres Upgrade	Serialize concurrent weight-trend materialization	2026-10-05T22:18:14.3202525Z   └─ 0034_calorie_safety_policy/
Populated Postgres Upgrade	Serialize concurrent weight-trend materialization	2026-10-05T22:18:14.3202773Z     └─ migration.sql
Populated Postgres Upgrade	Serialize concurrent weight-trend materialization	2026-10-05T22:18:14.3203051Z   └─ 0035_account_verification_and_legal_consent/
Populated Postgres Upgrade	Serialize concurrent weight-trend materialization	2026-10-05T22:18:14.3203335Z     └─ migration.sql
Populated Postgres Upgrade	Serialize concurrent weight-trend materialization	2026-10-05T22:18:14.3203562Z   └─ 0036_atomic_onboarding/
Populated Postgres Upgrade	Serialize concurrent weight-trend materialization	2026-10-05T22:18:14.3203827Z     └─ migration.sql
Populated Postgres Upgrade	Serialize concurrent weight-trend materialization	2026-10-05T22:18:14.3204065Z   └─ 0037_saved_foods_library/
Populated Postgres Upgrade	Serialize concurrent weight-trend materialization	2026-10-05T22:18:14.3204302Z     └─ migration.sql
Populated Postgres Upgrade	Serialize concurrent weight-trend materialization	2026-10-05T22:18:14.3204548Z   └─ 0038_settings_trust_center/
Populated Postgres Upgrade	Serialize concurrent weight-trend materialization	2026-10-05T22:18:14.3204792Z     └─ migration.sql
Populated Postgres Upgrade	Serialize concurrent weight-trend materialization	2026-10-05T22:18:14.3205007Z   └─ 0039_mcp_oauth/
Populated Postgres Upgrade	Serialize concurrent weight-trend materialization	2026-10-05T22:18:14.3205214Z     └─ migration.sql
Populated Postgres Upgrade	Serialize concurrent weight-trend materialization	2026-10-05T22:18:14.3205440Z   └─ 0040_ios_native_support/
Populated Postgres Upgrade	Serialize concurrent weight-trend materialization	2026-10-05T22:18:14.3205678Z     └─ migration.sql
Populated Postgres Upgrade	Serialize concurrent weight-trend materialization	2026-10-05T22:18:14.3205881Z   └─ 0041_server_settings/
Populated Postgres Upgrade	Serialize concurrent weight-trend materialization	2026-10-05T22:18:14.3206113Z     └─ migration.sql
Populated Postgres Upgrade	Serialize concurrent weight-trend materialization	2026-10-05T22:18:14.3206351Z   └─ 0043_food_day_comparison/
Populated Postgres Upgrade	Serialize concurrent weight-trend materialization	2026-10-05T22:18:14.3206586Z     └─ migration.sql
Populated Postgres Upgrade	Serialize concurrent weight-trend materialization	2026-10-05T22:18:14.3206831Z   └─ 0045_firebase_identity_foundation/
Populated Postgres Upgrade	Serialize concurrent weight-trend materialization	2026-10-05T22:18:14.3207097Z     └─ migration.sql
Populated Postgres Upgrade	Serialize concurrent weight-trend materialization	2026-10-05T22:18:14.3207212Z 
Populated Postgres Upgrade	Serialize concurrent weight-trend materialization	2026-10-05T22:18:14.3207369Z All migrations have been successfully applied.
Populated Postgres Upgrade	Serialize concurrent weight-trend materialization	2026-10-05T22:18:15.1225793Z [weight-trend-concurrency-smoke] PASS: two same-user recomputations queued on the advisory lock and produced one 12-row source revision.
Populated Postgres Upgrade	Post Setup Node	﻿2026-10-05T22:18:15.3379620Z Post job cleanup.
Populated Postgres Upgrade	Post Setup Node	2026-10-05T22:18:15.4350586Z (node:2991) [DEP0040] DeprecationWarning: The `punycode` module is deprecated. Please use a userland alternative instead.
Populated Postgres Upgrade	Post Setup Node	2026-10-05T22:18:15.4351659Z (Use `node --trace-deprecation ...` to show where the warning was created)
Populated Postgres Upgrade	Post Setup Node	2026-10-05T22:18:15.4353206Z Cache hit occurred on the primary key node-cache-Linux-x64-npm-9ad1fc3d02200f097d647c965e5a2c426e45ead6e22fb282009302d8eeb7a3d3, not saving cache.
Populated Postgres Upgrade	Post Checkout	﻿2026-10-05T22:18:15.4463931Z Post job cleanup.
Populated Postgres Upgrade	Post Checkout	2026-10-05T22:18:15.5139920Z [command]/usr/bin/git version
Populated Postgres Upgrade	Post Checkout	2026-10-05T22:18:15.5176673Z git version 2.55.0
Populated Postgres Upgrade	Post Checkout	2026-10-05T22:18:15.5208880Z Temporarily overriding HOME='/home/runner/work/_temp/d688539d-1dd1-462a-909c-2e8a0eb2271a' before making global git config changes
Populated Postgres Upgrade	Post Checkout	2026-10-05T22:18:15.5209921Z Adding repository directory to the temporary git global config as a safe directory
Populated Postgres Upgrade	Post Checkout	2026-10-05T22:18:15.5214559Z [command]/usr/bin/git config --global --add safe.directory /home/runner/work/calibrate-health/calibrate-health
Populated Postgres Upgrade	Post Checkout	2026-10-05T22:18:15.5246824Z [command]/usr/bin/git config --local --name-only --get-regexp core\.sshCommand
Populated Postgres Upgrade	Post Checkout	2026-10-05T22:18:15.5275815Z [command]/usr/bin/git submodule foreach --recursive sh -c "git config --local --name-only --get-regexp 'core\.sshCommand' && git config --local --unset-all 'core.sshCommand' || :"
Populated Postgres Upgrade	Post Checkout	2026-10-05T22:18:15.5487798Z [command]/usr/bin/git config --local --name-only --get-regexp http\.https\:\/\/github\.com\/\.extraheader
Populated Postgres Upgrade	Post Checkout	2026-10-05T22:18:15.5512747Z http.https://github.com/.extraheader
Populated Postgres Upgrade	Post Checkout	2026-10-05T22:18:15.5520804Z [command]/usr/bin/git config --local --unset-all http.https://github.com/.extraheader
Populated Postgres Upgrade	Post Checkout	2026-10-05T22:18:15.5551723Z [command]/usr/bin/git submodule foreach --recursive sh -c "git config --local --name-only --get-regexp 'http\.https\:\/\/github\.com\/\.extraheader' && git config --local --unset-all 'http.https://github.com/.extraheader' || :"
Populated Postgres Upgrade	Post Checkout	2026-10-05T22:18:15.5773103Z [command]/usr/bin/git config --local --name-only --get-regexp ^includeIf\.gitdir:
Populated Postgres Upgrade	Post Checkout	2026-10-05T22:18:15.5803560Z [command]/usr/bin/git submodule foreach --recursive git config --local --show-origin --name-only --get-regexp remote.origin.url
Populated Postgres Upgrade	Stop containers	﻿2026-10-05T22:18:15.6110240Z Print service container logs: 318c8620eeca401cb3a2de3d88fd084c_postgres15alpine_299fc8
Populated Postgres Upgrade	Stop containers	2026-10-05T22:18:15.6114244Z ##[command]/usr/bin/docker logs --details 21328b4b08e17cdf8282169964ae119fd824f1821295fdcc2043574821cf2343
Populated Postgres Upgrade	Stop containers	2026-10-05T22:18:15.6221157Z  The files belonging to this database system will be owned by user "postgres".
Populated Postgres Upgrade	Stop containers	2026-10-05T22:18:15.6222385Z  This user must also own the server process.
Populated Postgres Upgrade	Stop containers	2026-10-05T22:18:15.6222717Z  
Populated Postgres Upgrade	Stop containers	2026-10-05T22:18:15.6223074Z  The database cluster will be initialized with locale "en_US.utf8".
Populated Postgres Upgrade	Stop containers	2026-10-05T22:18:15.6224196Z  sh: locale: not found
Populated Postgres Upgrade	Stop containers	2026-10-05T22:18:15.6224587Z  2026-10-05 22:17:50.740 UTC [35] WARNING:  no usable system locales were found
Populated Postgres Upgrade	Stop containers	2026-10-05T22:18:15.6225167Z  initdb: warning: enabling "trust" authentication for local connections
Populated Postgres Upgrade	Stop containers	2026-10-05T22:18:15.6226330Z  initdb: hint: You can change this by editing pg_hba.conf or using the option -A, or --auth-local and --auth-host, the next time you run initdb.
Populated Postgres Upgrade	Stop containers	2026-10-05T22:18:15.6227375Z  2026-10-05 22:17:51.925 UTC [1] LOG:  starting PostgreSQL 15.19 on x86_64-pc-linux-musl, compiled by gcc (Alpine 15.2.0) 15.2.0, 64-bit
Populated Postgres Upgrade	Stop containers	2026-10-05T22:18:15.6228219Z  2026-10-05 22:17:51.925 UTC [1] LOG:  listening on IPv4 address "0.0.0.0", port 5432
Populated Postgres Upgrade	Stop containers	2026-10-05T22:18:15.6228787Z  2026-10-05 22:17:51.925 UTC [1] LOG:  listening on IPv6 address "::", port 5432
Populated Postgres Upgrade	Stop containers	2026-10-05T22:18:15.6229573Z  2026-10-05 22:17:51.926 UTC [1] LOG:  listening on Unix socket "/var/run/postgresql/.s.PGSQL.5432"
Populated Postgres Upgrade	Stop containers	2026-10-05T22:18:15.6230098Z  2026-10-05 22:17:51.929 UTC [57] LOG:  database system was shut down at 2026-10-05 22:17:51 UTC
Populated Postgres Upgrade	Stop containers	2026-10-05T22:18:15.6230511Z  2026-10-05 22:17:51.933 UTC [1] LOG:  database system is ready to accept connections
Populated Postgres Upgrade	Stop containers	2026-10-05T22:18:15.6231057Z  2026-10-05 22:18:12.113 UTC [124] ERROR:  Firebase identity mapping is immutable
Populated Postgres Upgrade	Stop containers	2026-10-05T22:18:15.6231971Z  2026-10-05 22:18:12.113 UTC [124] CONTEXT:  PL/pgSQL function calibrate_upgrade_smoke_2787_3694179becd0.calibrate_immutable_firebase_identity() line 15 at RAISE
Populated Postgres Upgrade	Stop containers	2026-10-05T22:18:15.6233212Z  2026-10-05 22:18:12.113 UTC [124] STATEMENT:  UPDATE "calibrate_upgrade_smoke_2787_3694179becd0"."FirebaseIdentity" SET "uid" = 'changed-uid' WHERE "user_id" = $1
Populated Postgres Upgrade	Stop containers	2026-10-05T22:18:15.6234218Z  2026-10-05 22:18:12.115 UTC [124] ERROR:  Firebase identity mapping cannot be removed from a live account
Populated Postgres Upgrade	Stop containers	2026-10-05T22:18:15.6234849Z  2026-10-05 22:18:12.115 UTC [124] CONTEXT:  PL/pgSQL function calibrate_upgrade_smoke_2787_3694179becd0.calibrate_immutable_firebase_identity() line 8 at RAISE
Populated Postgres Upgrade	Stop containers	2026-10-05T22:18:15.6235537Z  2026-10-05 22:18:12.115 UTC [124] STATEMENT:  DELETE FROM "calibrate_upgrade_smoke_2787_3694179becd0"."FirebaseIdentity" WHERE "user_id" = $1
Populated Postgres Upgrade	Stop containers	2026-10-05T22:18:15.6236148Z  2026-10-05 22:18:12.116 UTC [124] ERROR:  duplicate key value violates unique constraint "FirebaseIdentity_project_id_uid_key"
Populated Postgres Upgrade	Stop containers	2026-10-05T22:18:15.6236711Z  2026-10-05 22:18:12.116 UTC [124] DETAIL:  Key (project_id, uid)=(synthetic-project, synthetic-uid) already exists.
Populated Postgres Upgrade	Stop containers	2026-10-05T22:18:15.6237400Z  2026-10-05 22:18:12.116 UTC [124] STATEMENT:  INSERT INTO "calibrate_upgrade_smoke_2787_3694179becd0"."FirebaseIdentity" ("user_id", "installation_id", "source_id", "project_id", "uid")
Populated Postgres Upgrade	Stop containers	2026-10-05T22:18:15.6238088Z  	      VALUES ($1, 'synthetic-install', 'synthetic-source', 'synthetic-project', 'synthetic-uid')
Populated Postgres Upgrade	Stop containers	2026-10-05T22:18:15.6238536Z  2026-10-05 22:18:12.135 UTC [124] ERROR:  Credential security version cannot decrease
Populated Postgres Upgrade	Stop containers	2026-10-05T22:18:15.6239117Z  2026-10-05 22:18:12.135 UTC [124] CONTEXT:  PL/pgSQL function calibrate_upgrade_smoke_2787_3694179becd0.calibrate_credential_security_version() line 4 at RAISE
Populated Postgres Upgrade	Stop containers	2026-10-05T22:18:15.6240271Z  2026-10-05 22:18:12.135 UTC [124] STATEMENT:  UPDATE "calibrate_upgrade_smoke_2787_3694179becd0"."User" SET "credential_security_version" = 0 WHERE "id" = $1
Populated Postgres Upgrade	Stop containers	2026-10-05T22:18:15.6241308Z  2026-10-05 22:18:15.073 UTC [154] ERROR:  duplicate key value violates unique constraint "BodyMetricTrend_pkey"
Populated Postgres Upgrade	Stop containers	2026-10-05T22:18:15.6242030Z  2026-10-05 22:18:15.073 UTC [154] DETAIL:  Key (metric_id)=(1700000000) already exists.
Populated Postgres Upgrade	Stop containers	2026-10-05T22:18:15.6245478Z  2026-10-05 22:18:15.073 UTC [154] STATEMENT:  INSERT INTO "calibrate_upgrade_smoke_weight_trend_2896_35f92d427ab7"."BodyMetricTrend" ("metric_id","user_id","date","trend_weight_grams","trend_ci_lower_grams","trend_ci_upper_grams","trend_std_grams","trend_rate_grams_per_day","trend_rate_std_grams_per_day","model_version","source_revision","computed_at") VALUES ($1,$2,$3,$4,$5,$6,$7,$8,$9,$10,$11,$12), ($13,$14,$15,$16,$17,$18,$19,$20,$21,$22,$23,$24), ($25,$26,$27,$28,$29,$30,$31,$32,$33,$34,$35,$36), ($37,$38,$39,$40,$41,$42,$43,$44,$45,$46,$47,$48), ($49,$50,$51,$52,$53,$54,$55,$56,$57,$58,$59,$60), ($61,$62,$63,$64,$65,$66,$67,$68,$69,$70,$71,$72), ($73,$74,$75,$76,$77,$78,$79,$80,$81,$82,$83,$84), ($85,$86,$87,$88,$89,$90,$91,$92,$93,$94,$95,$96), ($97,$98,$99,$100,$101,$102,$103,$104,$105,$106,$107,$108), ($109,$110,$111,$112,$113,$114,$115,$116,$117,$118,$119,$120), ($121,$122,$123,$124,$125,$126,$127,$128,$129,$130,$131,$132), ($133,$134,$135,$136,$137,$138,$139,$140,$141,$142,$143,$144)
Populated Postgres Upgrade	Stop containers	2026-10-05T22:18:15.6248938Z  The default database encoding has accordingly been set to "UTF8".
Populated Postgres Upgrade	Stop containers	2026-10-05T22:18:15.6249639Z  The default text search configuration will be set to "english".
Populated Postgres Upgrade	Stop containers	2026-10-05T22:18:15.6250075Z  
Populated Postgres Upgrade	Stop containers	2026-10-05T22:18:15.6250325Z  Data page checksums are disabled.
Populated Postgres Upgrade	Stop containers	2026-10-05T22:18:15.6250623Z  
Populated Postgres Upgrade	Stop containers	2026-10-05T22:18:15.6250997Z  fixing permissions on existing directory /var/lib/postgresql/data ... ok
Populated Postgres Upgrade	Stop containers	2026-10-05T22:18:15.6251525Z  creating subdirectories ... ok
Populated Postgres Upgrade	Stop containers	2026-10-05T22:18:15.6251888Z  selecting dynamic shared memory implementation ... posix
Populated Postgres Upgrade	Stop containers	2026-10-05T22:18:15.6252223Z  selecting default max_connections ... 100
Populated Postgres Upgrade	Stop containers	2026-10-05T22:18:15.6252469Z  selecting default shared_buffers ... 128MB
Populated Postgres Upgrade	Stop containers	2026-10-05T22:18:15.6252701Z  selecting default time zone ... UTC
Populated Postgres Upgrade	Stop containers	2026-10-05T22:18:15.6252948Z  creating configuration files ... ok
Populated Postgres Upgrade	Stop containers	2026-10-05T22:18:15.6253174Z  running bootstrap script ... ok
Populated Postgres Upgrade	Stop containers	2026-10-05T22:18:15.6253415Z  performing post-bootstrap initialization ... ok
Populated Postgres Upgrade	Stop containers	2026-10-05T22:18:15.6253668Z  syncing data to disk ... ok
Populated Postgres Upgrade	Stop containers	2026-10-05T22:18:15.6253859Z  
Populated Postgres Upgrade	Stop containers	2026-10-05T22:18:15.6254000Z  
Populated Postgres Upgrade	Stop containers	2026-10-05T22:18:15.6254182Z  Success. You can now start the database server using:
Populated Postgres Upgrade	Stop containers	2026-10-05T22:18:15.6254417Z  
Populated Postgres Upgrade	Stop containers	2026-10-05T22:18:15.6254614Z      pg_ctl -D /var/lib/postgresql/data -l logfile start
Populated Postgres Upgrade	Stop containers	2026-10-05T22:18:15.6254853Z  
Populated Postgres Upgrade	Stop containers	2026-10-05T22:18:15.6255283Z  waiting for server to start....2026-10-05 22:17:51.549 UTC [41] LOG:  starting PostgreSQL 15.19 on x86_64-pc-linux-musl, compiled by gcc (Alpine 15.2.0) 15.2.0, 64-bit
Populated Postgres Upgrade	Stop containers	2026-10-05T22:18:15.6255903Z  2026-10-05 22:17:51.550 UTC [41] LOG:  listening on Unix socket "/var/run/postgresql/.s.PGSQL.5432"
Populated Postgres Upgrade	Stop containers	2026-10-05T22:18:15.6256331Z  2026-10-05 22:17:51.552 UTC [44] LOG:  database system was shut down at 2026-10-05 22:17:51 UTC
Populated Postgres Upgrade	Stop containers	2026-10-05T22:18:15.6256721Z  2026-10-05 22:17:51.555 UTC [41] LOG:  database system is ready to accept connections
Populated Postgres Upgrade	Stop containers	2026-10-05T22:18:15.6257027Z   done
Populated Postgres Upgrade	Stop containers	2026-10-05T22:18:15.6257209Z  server started
Populated Postgres Upgrade	Stop containers	2026-10-05T22:18:15.6257384Z  CREATE DATABASE
Populated Postgres Upgrade	Stop containers	2026-10-05T22:18:15.6257549Z  
Populated Postgres Upgrade	Stop containers	2026-10-05T22:18:15.6257690Z  
Populated Postgres Upgrade	Stop containers	2026-10-05T22:18:15.6257942Z  /usr/local/bin/docker-entrypoint.sh: ignoring /docker-entrypoint-initdb.d/*
Populated Postgres Upgrade	Stop containers	2026-10-05T22:18:15.6258251Z  
Populated Postgres Upgrade	Stop containers	2026-10-05T22:18:15.6258539Z  waiting for server to shut down....2026-10-05 22:17:51.686 UTC [41] LOG:  received fast shutdown request
Populated Postgres Upgrade	Stop containers	2026-10-05T22:18:15.6258938Z  2026-10-05 22:17:51.686 UTC [41] LOG:  aborting any active transactions
Populated Postgres Upgrade	Stop containers	2026-10-05T22:18:15.6259371Z  2026-10-05 22:17:51.688 UTC [41] LOG:  background worker "logical replication launcher" (PID 47) exited with exit code 1
Populated Postgres Upgrade	Stop containers	2026-10-05T22:18:15.6259948Z  2026-10-05 22:17:51.690 UTC [42] LOG:  shutting down
Populated Postgres Upgrade	Stop containers	2026-10-05T22:18:15.6260255Z  2026-10-05 22:17:51.690 UTC [42] LOG:  checkpoint starting: shutdown immediate
Populated Postgres Upgrade	Stop containers	2026-10-05T22:18:15.6261007Z  2026-10-05 22:17:51.808 UTC [42] LOG:  checkpoint complete: wrote 922 buffers (5.6%); 0 WAL file(s) added, 0 removed, 0 recycled; write=0.075 s, sync=0.043 s, total=0.119 s; sync files=301, longest=0.042 s, average=0.001 s; distance=4249 kB, estimate=4249 kB
Populated Postgres Upgrade	Stop containers	2026-10-05T22:18:15.6261890Z  2026-10-05 22:17:51.815 UTC [41] LOG:  database system is shut down
Populated Postgres Upgrade	Stop containers	2026-10-05T22:18:15.6262147Z   done
Populated Postgres Upgrade	Stop containers	2026-10-05T22:18:15.6262299Z  server stopped
Populated Postgres Upgrade	Stop containers	2026-10-05T22:18:15.6262465Z  
Populated Postgres Upgrade	Stop containers	2026-10-05T22:18:15.6262655Z  PostgreSQL init process complete; ready for start up.
Populated Postgres Upgrade	Stop containers	2026-10-05T22:18:15.6262892Z  
Populated Postgres Upgrade	Stop containers	2026-10-05T22:18:15.6267226Z Stop and remove container: 318c8620eeca401cb3a2de3d88fd084c_postgres15alpine_299fc8
Populated Postgres Upgrade	Stop containers	2026-10-05T22:18:15.6271146Z ##[command]/usr/bin/docker rm --force 21328b4b08e17cdf8282169964ae119fd824f1821295fdcc2043574821cf2343
Populated Postgres Upgrade	Stop containers	2026-10-05T22:18:21.1994791Z 21328b4b08e17cdf8282169964ae119fd824f1821295fdcc2043574821cf2343
Populated Postgres Upgrade	Stop containers	2026-10-05T22:18:21.2019900Z Remove container network: github_network_96795b96078b4fc0ac032b0c69248fab
Populated Postgres Upgrade	Stop containers	2026-10-05T22:18:21.2023681Z ##[command]/usr/bin/docker network rm github_network_96795b96078b4fc0ac032b0c69248fab
Populated Postgres Upgrade	Stop containers	2026-10-05T22:18:21.3553502Z github_network_96795b96078b4fc0ac032b0c69248fab
Populated Postgres Upgrade	Complete job	﻿2026-10-05T22:18:21.3616895Z Cleaning up orphan processes
Populated Postgres Upgrade	Complete job	2026-10-05T22:18:21.3965538Z ##[warning]Node.js 20 is deprecated. The following actions target Node.js 20 but are being forced to run on Node.js 24: actions/checkout@v4, actions/setup-node@v4. For more information see: https://github.blog/changelog/2025-09-19-deprecation-of-node-20-on-github-actions-runners/
v0.14.0 Upgrade and Encrypted Rollback	Set up job	﻿2026-10-05T22:17:39.7638211Z Current runner version: '2.337.0'
v0.14.0 Upgrade and Encrypted Rollback	Set up job	2026-10-05T22:17:39.7660376Z ##[group]Runner Image Provisioner
v0.14.0 Upgrade and Encrypted Rollback	Set up job	2026-10-05T22:17:39.7661246Z Hosted Compute Agent
v0.14.0 Upgrade and Encrypted Rollback	Set up job	2026-10-05T22:17:39.7661727Z Version: 20260901.588
v0.14.0 Upgrade and Encrypted Rollback	Set up job	2026-10-05T22:17:39.7662231Z Commit: f88ec8081b781fac6c440065ac7ff9e710ce3d0b
v0.14.0 Upgrade and Encrypted Rollback	Set up job	2026-10-05T22:17:39.7662894Z Build Date: 2026-09-01T19:56:44Z
v0.14.0 Upgrade and Encrypted Rollback	Set up job	2026-10-05T22:17:39.7663453Z Worker ID: {d8f7a817-fcf4-44e5-afab-80684d2f4773}
v0.14.0 Upgrade and Encrypted Rollback	Set up job	2026-10-05T22:17:39.7664091Z Azure Region: westus
v0.14.0 Upgrade and Encrypted Rollback	Set up job	2026-10-05T22:17:39.7664569Z ##[endgroup]
v0.14.0 Upgrade and Encrypted Rollback	Set up job	2026-10-05T22:17:39.7665681Z ##[group]Operating System
v0.14.0 Upgrade and Encrypted Rollback	Set up job	2026-10-05T22:17:39.7666241Z Ubuntu
v0.14.0 Upgrade and Encrypted Rollback	Set up job	2026-10-05T22:17:39.7666732Z 24.04.5
v0.14.0 Upgrade and Encrypted Rollback	Set up job	2026-10-05T22:17:39.7667245Z LTS
v0.14.0 Upgrade and Encrypted Rollback	Set up job	2026-10-05T22:17:39.7667689Z ##[endgroup]
v0.14.0 Upgrade and Encrypted Rollback	Set up job	2026-10-05T22:17:39.7668145Z ##[group]Runner Image
v0.14.0 Upgrade and Encrypted Rollback	Set up job	2026-10-05T22:17:39.7668680Z Image: ubuntu-24.04
v0.14.0 Upgrade and Encrypted Rollback	Set up job	2026-10-05T22:17:39.7669156Z Version: 20260927.320.1
v0.14.0 Upgrade and Encrypted Rollback	Set up job	2026-10-05T22:17:39.7670237Z Included Software: https://github.com/actions/runner-images/blob/ubuntu24/20260927.320/images/ubuntu/Ubuntu2404-Readme.md
v0.14.0 Upgrade and Encrypted Rollback	Set up job	2026-10-05T22:17:39.7671697Z Image Release: https://github.com/actions/runner-images/releases/tag/ubuntu24%2F20260927.320
v0.14.0 Upgrade and Encrypted Rollback	Set up job	2026-10-05T22:17:39.7672528Z ##[endgroup]
v0.14.0 Upgrade and Encrypted Rollback	Set up job	2026-10-05T22:17:39.7673459Z ##[group]GITHUB_TOKEN Permissions
v0.14.0 Upgrade and Encrypted Rollback	Set up job	2026-10-05T22:17:39.7675004Z Contents: read
v0.14.0 Upgrade and Encrypted Rollback	Set up job	2026-10-05T22:17:39.7675509Z Metadata: read
v0.14.0 Upgrade and Encrypted Rollback	Set up job	2026-10-05T22:17:39.7675954Z ##[endgroup]
v0.14.0 Upgrade and Encrypted Rollback	Set up job	2026-10-05T22:17:39.7677982Z Secret source: Actions
v0.14.0 Upgrade and Encrypted Rollback	Set up job	2026-10-05T22:17:39.7678801Z Cache mode: write
v0.14.0 Upgrade and Encrypted Rollback	Set up job	2026-10-05T22:17:39.7679450Z Prepare workflow directory
v0.14.0 Upgrade and Encrypted Rollback	Set up job	2026-10-05T22:17:39.8099239Z Prepare all required actions
v0.14.0 Upgrade and Encrypted Rollback	Set up job	2026-10-05T22:17:39.8139730Z Getting action download info
v0.14.0 Upgrade and Encrypted Rollback	Set up job	2026-10-05T22:17:40.1616211Z Download action repository 'actions/checkout@v4' (SHA:11d5960a326750d5838078e36cf38b85af677262)
v0.14.0 Upgrade and Encrypted Rollback	Set up job	2026-10-05T22:17:40.2610198Z Download action repository 'actions/setup-node@v4' (SHA:49933ea5288caeca8642d1e84afbd3f7d6820020)
v0.14.0 Upgrade and Encrypted Rollback	Set up job	2026-10-05T22:17:40.4590195Z Complete job name: v0.14.0 Upgrade and Encrypted Rollback
v0.14.0 Upgrade and Encrypted Rollback	Checkout candidate C with immutable base tag	﻿2026-10-05T22:17:40.5235520Z ##[group]Run actions/checkout@v4
v0.14.0 Upgrade and Encrypted Rollback	Checkout candidate C with immutable base tag	2026-10-05T22:17:40.5236242Z with:
v0.14.0 Upgrade and Encrypted Rollback	Checkout candidate C with immutable base tag	2026-10-05T22:17:40.5236589Z   fetch-depth: 0
v0.14.0 Upgrade and Encrypted Rollback	Checkout candidate C with immutable base tag	2026-10-05T22:17:40.5236987Z   ref: 856cc30b0d28e6d8510244c984dc4c5e36959f89
v0.14.0 Upgrade and Encrypted Rollback	Checkout candidate C with immutable base tag	2026-10-05T22:17:40.5237474Z   repository: MChartier/calibrate-health
v0.14.0 Upgrade and Encrypted Rollback	Checkout candidate C with immutable base tag	2026-10-05T22:17:40.5240929Z   token: ***
v0.14.0 Upgrade and Encrypted Rollback	Checkout candidate C with immutable base tag	2026-10-05T22:17:40.5241283Z   ssh-strict: true
v0.14.0 Upgrade and Encrypted Rollback	Checkout candidate C with immutable base tag	2026-10-05T22:17:40.5241638Z   ssh-user: git
v0.14.0 Upgrade and Encrypted Rollback	Checkout candidate C with immutable base tag	2026-10-05T22:17:40.5241997Z   persist-credentials: true
v0.14.0 Upgrade and Encrypted Rollback	Checkout candidate C with immutable base tag	2026-10-05T22:17:40.5242395Z   clean: true
v0.14.0 Upgrade and Encrypted Rollback	Checkout candidate C with immutable base tag	2026-10-05T22:17:40.5242744Z   sparse-checkout-cone-mode: true
v0.14.0 Upgrade and Encrypted Rollback	Checkout candidate C with immutable base tag	2026-10-05T22:17:40.5243154Z   fetch-tags: false
v0.14.0 Upgrade and Encrypted Rollback	Checkout candidate C with immutable base tag	2026-10-05T22:17:40.5243503Z   show-progress: true
v0.14.0 Upgrade and Encrypted Rollback	Checkout candidate C with immutable base tag	2026-10-05T22:17:40.5243856Z   lfs: false
v0.14.0 Upgrade and Encrypted Rollback	Checkout candidate C with immutable base tag	2026-10-05T22:17:40.5244189Z   submodules: false
v0.14.0 Upgrade and Encrypted Rollback	Checkout candidate C with immutable base tag	2026-10-05T22:17:40.5244538Z   set-safe-directory: true
v0.14.0 Upgrade and Encrypted Rollback	Checkout candidate C with immutable base tag	2026-10-05T22:17:40.5244929Z   allow-unsafe-pr-checkout: false
v0.14.0 Upgrade and Encrypted Rollback	Checkout candidate C with immutable base tag	2026-10-05T22:17:40.5245484Z env:
v0.14.0 Upgrade and Encrypted Rollback	Checkout candidate C with immutable base tag	2026-10-05T22:17:40.5245917Z   CALIBRATE_SOURCE_COMMIT: 856cc30b0d28e6d8510244c984dc4c5e36959f89
v0.14.0 Upgrade and Encrypted Rollback	Checkout candidate C with immutable base tag	2026-10-05T22:17:40.5246489Z ##[endgroup]
v0.14.0 Upgrade and Encrypted Rollback	Checkout candidate C with immutable base tag	2026-10-05T22:17:40.6071968Z Syncing repository: MChartier/calibrate-health
v0.14.0 Upgrade and Encrypted Rollback	Checkout candidate C with immutable base tag	2026-10-05T22:17:40.6074481Z ##[group]Getting Git version info
v0.14.0 Upgrade and Encrypted Rollback	Checkout candidate C with immutable base tag	2026-10-05T22:17:40.6075590Z Working directory is '/home/runner/work/calibrate-health/calibrate-health'
v0.14.0 Upgrade and Encrypted Rollback	Checkout candidate C with immutable base tag	2026-10-05T22:17:40.6076973Z [command]/usr/bin/git version
v0.14.0 Upgrade and Encrypted Rollback	Checkout candidate C with immutable base tag	2026-10-05T22:17:40.6162240Z git version 2.55.0
v0.14.0 Upgrade and Encrypted Rollback	Checkout candidate C with immutable base tag	2026-10-05T22:17:40.6177029Z ##[endgroup]
v0.14.0 Upgrade and Encrypted Rollback	Checkout candidate C with immutable base tag	2026-10-05T22:17:40.6191063Z Temporarily overriding HOME='/home/runner/work/_temp/eed3b88f-a162-4dba-968c-59131953e2fb' before making global git config changes
v0.14.0 Upgrade and Encrypted Rollback	Checkout candidate C with immutable base tag	2026-10-05T22:17:40.6192975Z Adding repository directory to the temporary git global config as a safe directory
v0.14.0 Upgrade and Encrypted Rollback	Checkout candidate C with immutable base tag	2026-10-05T22:17:40.6196257Z [command]/usr/bin/git config --global --add safe.directory /home/runner/work/calibrate-health/calibrate-health
v0.14.0 Upgrade and Encrypted Rollback	Checkout candidate C with immutable base tag	2026-10-05T22:17:40.6249336Z Deleting the contents of '/home/runner/work/calibrate-health/calibrate-health'
v0.14.0 Upgrade and Encrypted Rollback	Checkout candidate C with immutable base tag	2026-10-05T22:17:40.6254978Z ##[group]Initializing the repository
v0.14.0 Upgrade and Encrypted Rollback	Checkout candidate C with immutable base tag	2026-10-05T22:17:40.6259646Z [command]/usr/bin/git init /home/runner/work/calibrate-health/calibrate-health
v0.14.0 Upgrade and Encrypted Rollback	Checkout candidate C with immutable base tag	2026-10-05T22:17:40.6355937Z hint: Using 'master' as the name for the initial branch. This default branch name
v0.14.0 Upgrade and Encrypted Rollback	Checkout candidate C with immutable base tag	2026-10-05T22:17:40.6357668Z hint: will change to "main" in Git 3.0. To configure the initial branch name
v0.14.0 Upgrade and Encrypted Rollback	Checkout candidate C with immutable base tag	2026-10-05T22:17:40.6359079Z hint: to use in all of your new repositories, which will suppress this warning,
v0.14.0 Upgrade and Encrypted Rollback	Checkout candidate C with immutable base tag	2026-10-05T22:17:40.6360635Z hint: call:
v0.14.0 Upgrade and Encrypted Rollback	Checkout candidate C with immutable base tag	2026-10-05T22:17:40.6361387Z hint:
v0.14.0 Upgrade and Encrypted Rollback	Checkout candidate C with immutable base tag	2026-10-05T22:17:40.6362235Z hint: 	git config --global init.defaultBranch <name>
v0.14.0 Upgrade and Encrypted Rollback	Checkout candidate C with immutable base tag	2026-10-05T22:17:40.6363996Z hint:
v0.14.0 Upgrade and Encrypted Rollback	Checkout candidate C with immutable base tag	2026-10-05T22:17:40.6364903Z hint: Names commonly chosen instead of 'master' are 'main', 'trunk' and
v0.14.0 Upgrade and Encrypted Rollback	Checkout candidate C with immutable base tag	2026-10-05T22:17:40.6366251Z hint: 'development'. The just-created branch can be renamed via this command:
v0.14.0 Upgrade and Encrypted Rollback	Checkout candidate C with immutable base tag	2026-10-05T22:17:40.6367350Z hint:
v0.14.0 Upgrade and Encrypted Rollback	Checkout candidate C with immutable base tag	2026-10-05T22:17:40.6368072Z hint: 	git branch -m <name>
v0.14.0 Upgrade and Encrypted Rollback	Checkout candidate C with immutable base tag	2026-10-05T22:17:40.6368814Z hint:
v0.14.0 Upgrade and Encrypted Rollback	Checkout candidate C with immutable base tag	2026-10-05T22:17:40.6369956Z hint: Disable this message with "git config set advice.defaultBranchName false"
v0.14.0 Upgrade and Encrypted Rollback	Checkout candidate C with immutable base tag	2026-10-05T22:17:40.6371872Z Initialized empty Git repository in /home/runner/work/calibrate-health/calibrate-health/.git/
v0.14.0 Upgrade and Encrypted Rollback	Checkout candidate C with immutable base tag	2026-10-05T22:17:40.6374357Z [command]/usr/bin/git remote add origin https://github.com/MChartier/calibrate-health
v0.14.0 Upgrade and Encrypted Rollback	Checkout candidate C with immutable base tag	2026-10-05T22:17:40.6424654Z ##[endgroup]
v0.14.0 Upgrade and Encrypted Rollback	Checkout candidate C with immutable base tag	2026-10-05T22:17:40.6425749Z ##[group]Disabling automatic garbage collection
v0.14.0 Upgrade and Encrypted Rollback	Checkout candidate C with immutable base tag	2026-10-05T22:17:40.6429189Z [command]/usr/bin/git config --local gc.auto 0
v0.14.0 Upgrade and Encrypted Rollback	Checkout candidate C with immutable base tag	2026-10-05T22:17:40.6463078Z ##[endgroup]
v0.14.0 Upgrade and Encrypted Rollback	Checkout candidate C with immutable base tag	2026-10-05T22:17:40.6464080Z ##[group]Setting up auth
v0.14.0 Upgrade and Encrypted Rollback	Checkout candidate C with immutable base tag	2026-10-05T22:17:40.6469325Z [command]/usr/bin/git config --local --name-only --get-regexp core\.sshCommand
v0.14.0 Upgrade and Encrypted Rollback	Checkout candidate C with immutable base tag	2026-10-05T22:17:40.6504479Z [command]/usr/bin/git submodule foreach --recursive sh -c "git config --local --name-only --get-regexp 'core\.sshCommand' && git config --local --unset-all 'core.sshCommand' || :"
v0.14.0 Upgrade and Encrypted Rollback	Checkout candidate C with immutable base tag	2026-10-05T22:17:40.6834124Z [command]/usr/bin/git config --local --name-only --get-regexp http\.https\:\/\/github\.com\/\.extraheader
v0.14.0 Upgrade and Encrypted Rollback	Checkout candidate C with immutable base tag	2026-10-05T22:17:40.6865621Z [command]/usr/bin/git submodule foreach --recursive sh -c "git config --local --name-only --get-regexp 'http\.https\:\/\/github\.com\/\.extraheader' && git config --local --unset-all 'http.https://github.com/.extraheader' || :"
v0.14.0 Upgrade and Encrypted Rollback	Checkout candidate C with immutable base tag	2026-10-05T22:17:40.7059921Z [command]/usr/bin/git config --local --name-only --get-regexp ^includeIf\.gitdir:
v0.14.0 Upgrade and Encrypted Rollback	Checkout candidate C with immutable base tag	2026-10-05T22:17:40.7091589Z [command]/usr/bin/git submodule foreach --recursive git config --local --show-origin --name-only --get-regexp remote.origin.url
v0.14.0 Upgrade and Encrypted Rollback	Checkout candidate C with immutable base tag	2026-10-05T22:17:40.7285838Z [command]/usr/bin/git config --local http.https://github.com/.extraheader AUTHORIZATION: basic ***
v0.14.0 Upgrade and Encrypted Rollback	Checkout candidate C with immutable base tag	2026-10-05T22:17:40.7322227Z ##[endgroup]
v0.14.0 Upgrade and Encrypted Rollback	Checkout candidate C with immutable base tag	2026-10-05T22:17:40.7322888Z ##[group]Fetching the repository
v0.14.0 Upgrade and Encrypted Rollback	Checkout candidate C with immutable base tag	2026-10-05T22:17:40.7331945Z [command]/usr/bin/git -c protocol.version=2 fetch --prune --no-recurse-submodules origin +refs/heads/*:refs/remotes/origin/* +refs/tags/*:refs/tags/*
v0.14.0 Upgrade and Encrypted Rollback	Checkout candidate C with immutable base tag	2026-10-05T22:17:43.9595188Z From https://github.com/MChartier/calibrate-health
v0.14.0 Upgrade and Encrypted Rollback	Checkout candidate C with immutable base tag	2026-10-05T22:17:43.9596737Z  * [new branch]        MChartier-patch-1       -> origin/MChartier-patch-1
v0.14.0 Upgrade and Encrypted Rollback	Checkout candidate C with immutable base tag	2026-10-05T22:17:43.9597869Z  * [new branch]        add-test-coverage       -> origin/add-test-coverage
v0.14.0 Upgrade and Encrypted Rollback	Checkout candidate C with immutable base tag	2026-10-05T22:17:43.9599017Z  * [new branch]        agents-md-update        -> origin/agents-md-update
v0.14.0 Upgrade and Encrypted Rollback	Checkout candidate C with immutable base tag	2026-10-05T22:17:43.9600165Z  * [new branch]        alpha                   -> origin/alpha
v0.14.0 Upgrade and Encrypted Rollback	Checkout candidate C with immutable base tag	2026-10-05T22:17:43.9601499Z  * [new branch]        archive/pr415-pre-scope-cleanup-ed4a2a7 -> origin/archive/pr415-pre-scope-cleanup-ed4a2a7
v0.14.0 Upgrade and Encrypted Rollback	Checkout candidate C with immutable base tag	2026-10-05T22:17:43.9603058Z  * [new branch]        athletic-data-theme     -> origin/athletic-data-theme
v0.14.0 Upgrade and Encrypted Rollback	Checkout candidate C with immutable base tag	2026-10-05T22:17:43.9604323Z  * [new branch]        auto-start-dev-server   -> origin/auto-start-dev-server
v0.14.0 Upgrade and Encrypted Rollback	Checkout candidate C with immutable base tag	2026-10-05T22:17:43.9605730Z  * [new branch]        aws-deploy-ec2-rds      -> origin/aws-deploy-ec2-rds
v0.14.0 Upgrade and Encrypted Rollback	Checkout candidate C with immutable base tag	2026-10-05T22:17:43.9607031Z  * [new branch]        barcode-scanner         -> origin/barcode-scanner
v0.14.0 Upgrade and Encrypted Rollback	Checkout candidate C with immutable base tag	2026-10-05T22:17:43.9608322Z  * [new branch]        barcode-scanner-fix     -> origin/barcode-scanner-fix
v0.14.0 Upgrade and Encrypted Rollback	Checkout candidate C with immutable base tag	2026-10-05T22:17:43.9610175Z  * [new branch]        beta                    -> origin/beta
v0.14.0 Upgrade and Encrypted Rollback	Checkout candidate C with immutable base tag	2026-10-05T22:17:43.9611407Z  * [new branch]        build-image-fix         -> origin/build-image-fix
v0.14.0 Upgrade and Encrypted Rollback	Checkout candidate C with immutable base tag	2026-10-05T22:17:43.9613077Z  * [new branch]        calorie-target-card-profile-autosave -> origin/calorie-target-card-profile-autosave
v0.14.0 Upgrade and Encrypted Rollback	Checkout candidate C with immutable base tag	2026-10-05T22:17:43.9614903Z  * [new branch]        ci-actions              -> origin/ci-actions
v0.14.0 Upgrade and Encrypted Rollback	Checkout candidate C with immutable base tag	2026-10-05T22:17:43.9616502Z  * [new branch]        ci-fix-prod-deploy-on-master -> origin/ci-fix-prod-deploy-on-master
v0.14.0 Upgrade and Encrypted Rollback	Checkout candidate C with immutable base tag	2026-10-05T22:17:43.9618559Z  * [new branch]        ci/build-deploy-release-trigger -> origin/ci/build-deploy-release-trigger
v0.14.0 Upgrade and Encrypted Rollback	Checkout candidate C with immutable base tag	2026-10-05T22:17:43.9621133Z  * [new branch]        ci/cut-release-tag-workflow -> origin/ci/cut-release-tag-workflow
v0.14.0 Upgrade and Encrypted Rollback	Checkout candidate C with immutable base tag	2026-10-05T22:17:43.9623053Z  * [new branch]        ci/ecs-wait-stable-longer -> origin/ci/ecs-wait-stable-longer
v0.14.0 Upgrade and Encrypted Rollback	Checkout candidate C with immutable base tag	2026-10-05T22:17:43.9624826Z  * [new branch]        ci/pr-only-lint-tests   -> origin/ci/pr-only-lint-tests
v0.14.0 Upgrade and Encrypted Rollback	Checkout candidate C with immutable base tag	2026-10-05T22:17:43.9626560Z  * [new branch]        ci/prod-smoke-tests     -> origin/ci/prod-smoke-tests
v0.14.0 Upgrade and Encrypted Rollback	Checkout candidate C with immutable base tag	2026-10-05T22:17:43.9628464Z  * [new branch]        ci/staging-oidc-branch-deploy -> origin/ci/staging-oidc-branch-deploy
v0.14.0 Upgrade and Encrypted Rollback	Checkout candidate C with immutable base tag	2026-10-05T22:17:43.9630929Z  * [new branch]        ci/staging-smoke-tests  -> origin/ci/staging-smoke-tests
v0.14.0 Upgrade and Encrypted Rollback	Checkout candidate C with immutable base tag	2026-10-05T22:17:43.9632876Z  * [new branch]        codex-devcontainer-auth -> origin/codex-devcontainer-auth
v0.14.0 Upgrade and Encrypted Rollback	Checkout candidate C with immutable base tag	2026-10-05T22:17:43.9634673Z  * [new branch]        codex-init              -> origin/codex-init
v0.14.0 Upgrade and Encrypted Rollback	Checkout candidate C with immutable base tag	2026-10-05T22:17:43.9637635Z  * [new branch]        codex/add-persisted-unit-preference-functionality -> origin/codex/add-persisted-unit-preference-functionality
v0.14.0 Upgrade and Encrypted Rollback	Checkout candidate C with immutable base tag	2026-10-05T22:17:43.9642090Z  * [new branch]        codex/dismiss-keyboard-after-food-input -> origin/codex/dismiss-keyboard-after-food-input
v0.14.0 Upgrade and Encrypted Rollback	Checkout candidate C with immutable base tag	2026-10-05T22:17:43.9646630Z  * [new branch]        codex/enforce-server-side-goal-deficit-validation -> origin/codex/enforce-server-side-goal-deficit-validation
v0.14.0 Upgrade and Encrypted Rollback	Checkout candidate C with immutable base tag	2026-10-05T22:17:43.9651750Z  * [new branch]        codex/enhance-log-page-with-daily-summary -> origin/codex/enhance-log-page-with-daily-summary
v0.14.0 Upgrade and Encrypted Rollback	Checkout candidate C with immutable base tag	2026-10-05T22:17:43.9655555Z  * [new branch]        codex/fix-frontend-audit-187 -> origin/codex/fix-frontend-audit-187
v0.14.0 Upgrade and Encrypted Rollback	Checkout candidate C with immutable base tag	2026-10-05T22:17:43.9658644Z  * [new branch]        codex/fix-open-github-issues -> origin/codex/fix-open-github-issues
v0.14.0 Upgrade and Encrypted Rollback	Checkout candidate C with immutable base tag	2026-10-05T22:17:43.9661766Z  * [new branch]        codex/fix-vite-build-warnings -> origin/codex/fix-vite-build-warnings
v0.14.0 Upgrade and Encrypted Rollback	Checkout candidate C with immutable base tag	2026-10-05T22:17:43.9664980Z  * [new branch]        codex/harden-authentication-and-session-storage -> origin/codex/harden-authentication-and-session-storage
v0.14.0 Upgrade and Encrypted Rollback	Checkout candidate C with immutable base tag	2026-10-05T22:17:43.9667713Z  * [new branch]        codex/notification-sse-stream -> origin/codex/notification-sse-stream
v0.14.0 Upgrade and Encrypted Rollback	Checkout candidate C with immutable base tag	2026-10-05T22:17:43.9670939Z  * [new branch]        codex/pr-assets-weight-trend-preview-axes -> origin/codex/pr-assets-weight-trend-preview-axes
v0.14.0 Upgrade and Encrypted Rollback	Checkout candidate C with immutable base tag	2026-10-05T22:17:43.9673390Z  * [new branch]        codex/ui-ux-improvements -> origin/codex/ui-ux-improvements
v0.14.0 Upgrade and Encrypted Rollback	Checkout candidate C with immutable base tag	2026-10-05T22:17:43.9675320Z  * [new branch]        coverage/add-c8-tooling -> origin/coverage/add-c8-tooling
v0.14.0 Upgrade and Encrypted Rollback	Checkout candidate C with immutable base tag	2026-10-05T22:17:43.9677057Z  * [new branch]        dark-mode               -> origin/dark-mode
v0.14.0 Upgrade and Encrypted Rollback	Checkout candidate C with immutable base tag	2026-10-05T22:17:43.9678880Z  * [new branch]        date-picker-padding-fixes -> origin/date-picker-padding-fixes
v0.14.0 Upgrade and Encrypted Rollback	Checkout candidate C with immutable base tag	2026-10-05T22:17:43.9680979Z  * [new branch]        db-push-reset           -> origin/db-push-reset
v0.14.0 Upgrade and Encrypted Rollback	Checkout candidate C with immutable base tag	2026-10-05T22:17:43.9682707Z  * [new branch]        default-meal-period     -> origin/default-meal-period
v0.14.0 Upgrade and Encrypted Rollback	Checkout candidate C with immutable base tag	2026-10-05T22:17:43.9684340Z  * [new branch]        delta                   -> origin/delta
v0.14.0 Upgrade and Encrypted Rollback	Checkout candidate C with immutable base tag	2026-10-05T22:17:43.9685878Z  * [new branch]        deploy-logging          -> origin/deploy-logging
v0.14.0 Upgrade and Encrypted Rollback	Checkout candidate C with immutable base tag	2026-10-05T22:17:43.9687654Z  * [new branch]        deploy-script-loading-fix -> origin/deploy-script-loading-fix
v0.14.0 Upgrade and Encrypted Rollback	Checkout candidate C with immutable base tag	2026-10-05T22:17:43.9689777Z  * [new branch]        dev-seed-varied-food-logs -> origin/dev-seed-varied-food-logs
v0.14.0 Upgrade and Encrypted Rollback	Checkout candidate C with immutable base tag	2026-10-05T22:17:43.9691749Z  * [new branch]        devcontainer-cli-scripts -> origin/devcontainer-cli-scripts
v0.14.0 Upgrade and Encrypted Rollback	Checkout candidate C with immutable base tag	2026-10-05T22:17:43.9694074Z  * [new branch]        devcontainer-import-skills -> origin/devcontainer-import-skills
v0.14.0 Upgrade and Encrypted Rollback	Checkout candidate C with immutable base tag	2026-10-05T22:17:43.9696864Z  * [new branch]        devcontainer-test-users-avatar-onboarding -> origin/devcontainer-test-users-avatar-onboarding
v0.14.0 Upgrade and Encrypted Rollback	Checkout candidate C with immutable base tag	2026-10-05T22:17:43.9700312Z  * [new branch]        ec2-deploy-fix          -> origin/ec2-deploy-fix
v0.14.0 Upgrade and Encrypted Rollback	Checkout candidate C with immutable base tag	2026-10-05T22:17:43.9702700Z  * [new branch]        edit-logged-entries     -> origin/edit-logged-entries
v0.14.0 Upgrade and Encrypted Rollback	Checkout candidate C with immutable base tag	2026-10-05T22:17:43.9705575Z  * [new branch]        evidence/issue412-master-c5f149a -> origin/evidence/issue412-master-c5f149a
v0.14.0 Upgrade and Encrypted Rollback	Checkout candidate C with immutable base tag	2026-10-05T22:17:43.9708680Z  * [new branch]        evidence/issue413-clean-1af6ca9 -> origin/evidence/issue413-clean-1af6ca9
v0.14.0 Upgrade and Encrypted Rollback	Checkout candidate C with immutable base tag	2026-10-05T22:17:43.9711811Z  * [new branch]        evidence/issue414-master-25e90e19 -> origin/evidence/issue414-master-25e90e19
v0.14.0 Upgrade and Encrypted Rollback	Checkout candidate C with immutable base tag	2026-10-05T22:17:43.9714308Z  * [new branch]        evidence/issue421-preparation-d8a2ac14 -> origin/evidence/issue421-preparation-d8a2ac14
v0.14.0 Upgrade and Encrypted Rollback	Checkout candidate C with immutable base tag	2026-10-05T22:17:43.9717092Z  * [new branch]        evidence/pr410-base-to-final-4728d4f -> origin/evidence/pr410-base-to-final-4728d4f
v0.14.0 Upgrade and Encrypted Rollback	Checkout candidate C with immutable base tag	2026-10-05T22:17:43.9720212Z  * [new branch]        evidence/pr410-integrated-4728d4f -> origin/evidence/pr410-integrated-4728d4f
v0.14.0 Upgrade and Encrypted Rollback	Checkout candidate C with immutable base tag	2026-10-05T22:17:43.9722499Z  * [new branch]        evidence/pr410-reviewed-d8e55c -> origin/evidence/pr410-reviewed-d8e55c
v0.14.0 Upgrade and Encrypted Rollback	Checkout candidate C with immutable base tag	2026-10-05T22:17:43.9724868Z  * [new branch]        evidence/pr415-rail-integration-oct05 -> origin/evidence/pr415-rail-integration-oct05
v0.14.0 Upgrade and Encrypted Rollback	Checkout candidate C with immutable base tag	2026-10-05T22:17:43.9727295Z  * [new branch]        evidence/pr415-reviewed-a1df146 -> origin/evidence/pr415-reviewed-a1df146
v0.14.0 Upgrade and Encrypted Rollback	Checkout candidate C with immutable base tag	2026-10-05T22:17:43.9730355Z  * [new branch]        evidence/pr416-reviewed-0406e96 -> origin/evidence/pr416-reviewed-0406e96
v0.14.0 Upgrade and Encrypted Rollback	Checkout candidate C with immutable base tag	2026-10-05T22:17:43.9733838Z  * [new branch]        evidence/pr417-guard-recovery-4dcad2c -> origin/evidence/pr417-guard-recovery-4dcad2c
v0.14.0 Upgrade and Encrypted Rollback	Checkout candidate C with immutable base tag	2026-10-05T22:17:43.9737687Z  * [new branch]        evidence/pr417-offline-recovery-3c743b4 -> origin/evidence/pr417-offline-recovery-3c743b4
v0.14.0 Upgrade and Encrypted Rollback	Checkout candidate C with immutable base tag	2026-10-05T22:17:43.9742251Z  * [new branch]        evidence/pr417-refresh-recovery-123bab9 -> origin/evidence/pr417-refresh-recovery-123bab9
v0.14.0 Upgrade and Encrypted Rollback	Checkout candidate C with immutable base tag	2026-10-05T22:17:43.9744748Z  * [new branch]        evidence/pr417-reviewed-736a86c -> origin/evidence/pr417-reviewed-736a86c
v0.14.0 Upgrade and Encrypted Rollback	Checkout candidate C with immutable base tag	2026-10-05T22:17:43.9746917Z  * [new branch]        evidence/pr418-reviewed-fbb74a9 -> origin/evidence/pr418-reviewed-fbb74a9
v0.14.0 Upgrade and Encrypted Rollback	Checkout candidate C with immutable base tag	2026-10-05T22:17:43.9749385Z  * [new branch]        evidence/pr419-reviewed-fba1baf -> origin/evidence/pr419-reviewed-fba1baf
v0.14.0 Upgrade and Encrypted Rollback	Checkout candidate C with immutable base tag	2026-10-05T22:17:43.9752247Z  * [new branch]        evidence/pr424-scope-cleanup-oct05 -> origin/evidence/pr424-scope-cleanup-oct05
v0.14.0 Upgrade and Encrypted Rollback	Checkout candidate C with immutable base tag	2026-10-05T22:17:43.9754223Z  * [new branch]        fab-space-on-log        -> origin/fab-space-on-log
v0.14.0 Upgrade and Encrypted Rollback	Checkout candidate C with immutable base tag	2026-10-05T22:17:43.9755933Z  * [new branch]        fatsecret-barcode-oauth -> origin/fatsecret-barcode-oauth
v0.14.0 Upgrade and Encrypted Rollback	Checkout candidate C with immutable base tag	2026-10-05T22:17:43.9757664Z  * [new branch]        fatsecret-provider      -> origin/fatsecret-provider
v0.14.0 Upgrade and Encrypted Rollback	Checkout candidate C with immutable base tag	2026-10-05T22:17:43.9759916Z  * [new branch]        feat/barcode-scanner-zxing-fallback -> origin/feat/barcode-scanner-zxing-fallback
v0.14.0 Upgrade and Encrypted Rollback	Checkout candidate C with immutable base tag	2026-10-05T22:17:43.9762250Z  * [new branch]        feat/birthday-emoji-log-summary -> origin/feat/birthday-emoji-log-summary
v0.14.0 Upgrade and Encrypted Rollback	Checkout candidate C with immutable base tag	2026-10-05T22:17:43.9764408Z  * [new branch]        feat/i18n-language-preference -> origin/feat/i18n-language-preference
v0.14.0 Upgrade and Encrypted Rollback	Checkout candidate C with immutable base tag	2026-10-05T22:17:43.9766325Z  * [new branch]        feat/my-foods-recipes   -> origin/feat/my-foods-recipes
v0.14.0 Upgrade and Encrypted Rollback	Checkout candidate C with immutable base tag	2026-10-05T22:17:43.9768128Z  * [new branch]        feat/profile-photo-avatar -> origin/feat/profile-photo-avatar
v0.14.0 Upgrade and Encrypted Rollback	Checkout candidate C with immutable base tag	2026-10-05T22:17:43.9770142Z  * [new branch]        feat/public-landing-page -> origin/feat/public-landing-page
v0.14.0 Upgrade and Encrypted Rollback	Checkout candidate C with immutable base tag	2026-10-05T22:17:43.9771995Z  * [new branch]        fix-broken-frontend-build -> origin/fix-broken-frontend-build
v0.14.0 Upgrade and Encrypted Rollback	Checkout candidate C with immutable base tag	2026-10-05T22:17:43.9774048Z  * [new branch]        fix/issue-84-pwa-backstack-login -> origin/fix/issue-84-pwa-backstack-login
v0.14.0 Upgrade and Encrypted Rollback	Checkout candidate C with immutable base tag	2026-10-05T22:17:43.9776186Z  * [new branch]        fix/mifflin-st-jeor-age-clamp -> origin/fix/mifflin-st-jeor-age-clamp
v0.14.0 Upgrade and Encrypted Rollback	Checkout candidate C with immutable base tag	2026-10-05T22:17:43.9778470Z  * [new branch]        fix/prisma-db-url-from-db-env -> origin/fix/prisma-db-url-from-db-env
v0.14.0 Upgrade and Encrypted Rollback	Checkout candidate C with immutable base tag	2026-10-05T22:17:43.9780662Z  * [new branch]        fix/pwa-session-persistence -> origin/fix/pwa-session-persistence
v0.14.0 Upgrade and Encrypted Rollback	Checkout candidate C with immutable base tag	2026-10-05T22:17:43.9782545Z  * [new branch]        fix/rds-sslmode-require -> origin/fix/rds-sslmode-require
v0.14.0 Upgrade and Encrypted Rollback	Checkout candidate C with immutable base tag	2026-10-05T22:17:43.9784351Z  * [new branch]        fix/rds-sslmode-require-2 -> origin/fix/rds-sslmode-require-2
v0.14.0 Upgrade and Encrypted Rollback	Checkout candidate C with immutable base tag	2026-10-05T22:17:43.9786155Z  * [new branch]        fixed-meal-categories   -> origin/fixed-meal-categories
v0.14.0 Upgrade and Encrypted Rollback	Checkout candidate C with immutable base tag	2026-10-05T22:17:43.9787861Z  * [new branch]        friendly-log-date       -> origin/friendly-log-date
v0.14.0 Upgrade and Encrypted Rollback	Checkout candidate C with immutable base tag	2026-10-05T22:17:43.9789370Z  * [new branch]        gh-auth                 -> origin/gh-auth
v0.14.0 Upgrade and Encrypted Rollback	Checkout candidate C with immutable base tag	2026-10-05T22:17:43.9791142Z  * [new branch]        goal-and-log-improvements -> origin/goal-and-log-improvements
v0.14.0 Upgrade and Encrypted Rollback	Checkout candidate C with immutable base tag	2026-10-05T22:17:43.9792789Z  * [new branch]        goal-tracker            -> origin/goal-tracker
v0.14.0 Upgrade and Encrypted Rollback	Checkout candidate C with immutable base tag	2026-10-05T22:17:43.9794453Z  * [new branch]        goals-compact-goal-tracker -> origin/goals-compact-goal-tracker
v0.14.0 Upgrade and Encrypted Rollback	Checkout candidate C with immutable base tag	2026-10-05T22:17:43.9796360Z  * [new branch]        goals-weight-history-legend -> origin/goals-weight-history-legend
v0.14.0 Upgrade and Encrypted Rollback	Checkout candidate C with immutable base tag	2026-10-05T22:17:43.9798156Z  * [new branch]        infra-ecs-fargate-alb   -> origin/infra-ecs-fargate-alb
v0.14.0 Upgrade and Encrypted Rollback	Checkout candidate C with immutable base tag	2026-10-05T22:17:43.9799782Z  * [new branch]        issue/162               -> origin/issue/162
v0.14.0 Upgrade and Encrypted Rollback	Checkout candidate C with immutable base tag	2026-10-05T22:17:43.9801300Z  * [new branch]        local-service-worker    -> origin/local-service-worker
v0.14.0 Upgrade and Encrypted Rollback	Checkout candidate C with immutable base tag	2026-10-05T22:17:43.9802962Z  * [new branch]        log-date-navigation-ux  -> origin/log-date-navigation-ux
v0.14.0 Upgrade and Encrypted Rollback	Checkout candidate C with immutable base tag	2026-10-05T22:17:43.9804835Z  * [new branch]        log-date-picker-overlay-button -> origin/log-date-picker-overlay-button
v0.14.0 Upgrade and Encrypted Rollback	Checkout candidate C with immutable base tag	2026-10-05T22:17:43.9806657Z  * [new branch]        log-summary-header      -> origin/log-summary-header
v0.14.0 Upgrade and Encrypted Rollback	Checkout candidate C with immutable base tag	2026-10-05T22:17:43.9808231Z  * [new branch]        log-weight-entry-ux     -> origin/log-weight-entry-ux
v0.14.0 Upgrade and Encrypted Rollback	Checkout candidate C with immutable base tag	2026-10-05T22:17:43.9810111Z  * [new branch]        lose-it-import          -> origin/lose-it-import
v0.14.0 Upgrade and Encrypted Rollback	Checkout candidate C with immutable base tag	2026-10-05T22:17:43.9811663Z  * [new branch]        lowercase-ghcr-image    -> origin/lowercase-ghcr-image
v0.14.0 Upgrade and Encrypted Rollback	Checkout candidate C with immutable base tag	2026-10-05T22:17:43.9813126Z  * [new branch]        master                  -> origin/master
v0.14.0 Upgrade and Encrypted Rollback	Checkout candidate C with immutable base tag	2026-10-05T22:17:43.9814488Z  * [new branch]        mchartier/dev           -> origin/mchartier/dev
v0.14.0 Upgrade and Encrypted Rollback	Checkout candidate C with immutable base tag	2026-10-05T22:17:43.9815935Z  * [new branch]        mchartier/dev2          -> origin/mchartier/dev2
v0.14.0 Upgrade and Encrypted Rollback	Checkout candidate C with immutable base tag	2026-10-05T22:17:43.9817716Z  * [new branch]        mchartier/devcontainer-key-setup -> origin/mchartier/devcontainer-key-setup
v0.14.0 Upgrade and Encrypted Rollback	Checkout candidate C with immutable base tag	2026-10-05T22:17:43.9820227Z  * [new branch]        mchartier/firebase-migration-preparation -> origin/mchartier/firebase-migration-preparation
v0.14.0 Upgrade and Encrypted Rollback	Checkout candidate C with immutable base tag	2026-10-05T22:17:43.9822547Z  * [new branch]        mchartier/goal-pace-continuity -> origin/mchartier/goal-pace-continuity
v0.14.0 Upgrade and Encrypted Rollback	Checkout candidate C with immutable base tag	2026-10-05T22:17:43.9824429Z  * [new branch]        mchartier/goal-pace-scope -> origin/mchartier/goal-pace-scope
v0.14.0 Upgrade and Encrypted Rollback	Checkout candidate C with immutable base tag	2026-10-05T22:17:43.9826378Z  * [new branch]        mchartier/local-release-scripts -> origin/mchartier/local-release-scripts
v0.14.0 Upgrade and Encrypted Rollback	Checkout candidate C with immutable base tag	2026-10-05T22:17:43.9828439Z  * [new branch]        mchartier/managed-self-hosting -> origin/mchartier/managed-self-hosting
v0.14.0 Upgrade and Encrypted Rollback	Checkout candidate C with immutable base tag	2026-10-05T22:17:43.9830706Z  * [new branch]        mchartier/paused-weigh-in-divider -> origin/mchartier/paused-weigh-in-divider
v0.14.0 Upgrade and Encrypted Rollback	Checkout candidate C with immutable base tag	2026-10-05T22:17:43.9833030Z  * [new branch]        mchartier/paused-weigh-in-divider-clean -> origin/mchartier/paused-weigh-in-divider-clean
v0.14.0 Upgrade and Encrypted Rollback	Checkout candidate C with immutable base tag	2026-10-05T22:17:43.9835401Z  * [new branch]        mchartier/pilot-query-diagnostics -> origin/mchartier/pilot-query-diagnostics
v0.14.0 Upgrade and Encrypted Rollback	Checkout candidate C with immutable base tag	2026-10-05T22:17:43.9837590Z  * [new branch]        mchartier/planned-pause-visibility -> origin/mchartier/planned-pause-visibility
v0.14.0 Upgrade and Encrypted Rollback	Checkout candidate C with immutable base tag	2026-10-05T22:17:43.9840136Z  * [new branch]        mchartier/planned-pause-visibility-clean -> origin/mchartier/planned-pause-visibility-clean
v0.14.0 Upgrade and Encrypted Rollback	Checkout candidate C with immutable base tag	2026-10-05T22:17:43.9842624Z  * [new branch]        mchartier/preserve-android-wip-20260711 -> origin/mchartier/preserve-android-wip-20260711
v0.14.0 Upgrade and Encrypted Rollback	Checkout candidate C with immutable base tag	2026-10-05T22:17:43.9845244Z  * [new branch]        mchartier/remove-instance-release-actions -> origin/mchartier/remove-instance-release-actions
v0.14.0 Upgrade and Encrypted Rollback	Checkout candidate C with immutable base tag	2026-10-05T22:17:43.9847686Z  * [new branch]        mchartier/remove-notification-history -> origin/mchartier/remove-notification-history
v0.14.0 Upgrade and Encrypted Rollback	Checkout candidate C with immutable base tag	2026-10-05T22:17:43.9850363Z  * [new branch]        mchartier/remove-notification-history-clean -> origin/mchartier/remove-notification-history-clean
v0.14.0 Upgrade and Encrypted Rollback	Checkout candidate C with immutable base tag	2026-10-05T22:17:43.9852640Z  * [new branch]        mchartier/simplify-repository -> origin/mchartier/simplify-repository
v0.14.0 Upgrade and Encrypted Rollback	Checkout candidate C with immutable base tag	2026-10-05T22:17:43.9913703Z  * [new branch]        mchartier/streamline-deployment -> origin/mchartier/streamline-deployment
v0.14.0 Upgrade and Encrypted Rollback	Checkout candidate C with immutable base tag	2026-10-05T22:17:43.9915813Z  * [new branch]        mobile-logout           -> origin/mobile-logout
v0.14.0 Upgrade and Encrypted Rollback	Checkout candidate C with immutable base tag	2026-10-05T22:17:43.9917385Z  * [new branch]        mobile-ui-compact       -> origin/mobile-ui-compact
v0.14.0 Upgrade and Encrypted Rollback	Checkout candidate C with immutable base tag	2026-10-05T22:17:43.9918816Z  * [new branch]        new-logo                -> origin/new-logo
v0.14.0 Upgrade and Encrypted Rollback	Checkout candidate C with immutable base tag	2026-10-05T22:17:43.9920372Z  * [new branch]        notif/126               -> origin/notif/126
v0.14.0 Upgrade and Encrypted Rollback	Checkout candidate C with immutable base tag	2026-10-05T22:17:43.9921723Z  * [new branch]        notif/127               -> origin/notif/127
v0.14.0 Upgrade and Encrypted Rollback	Checkout candidate C with immutable base tag	2026-10-05T22:17:43.9923023Z  * [new branch]        notif/128               -> origin/notif/128
v0.14.0 Upgrade and Encrypted Rollback	Checkout candidate C with immutable base tag	2026-10-05T22:17:43.9924465Z  * [new branch]        notif/131-dedupe-fixes  -> origin/notif/131-dedupe-fixes
v0.14.0 Upgrade and Encrypted Rollback	Checkout candidate C with immutable base tag	2026-10-05T22:17:43.9926348Z  * [new branch]        notif/132-endpoint-ownership-guard -> origin/notif/132-endpoint-ownership-guard
v0.14.0 Upgrade and Encrypted Rollback	Checkout candidate C with immutable base tag	2026-10-05T22:17:43.9928150Z  * [new branch]        notifications           -> origin/notifications
v0.14.0 Upgrade and Encrypted Rollback	Checkout candidate C with immutable base tag	2026-10-05T22:17:43.9929910Z  * [new branch]        onboarding-guided-wizard -> origin/onboarding-guided-wizard
v0.14.0 Upgrade and Encrypted Rollback	Checkout candidate C with immutable base tag	2026-10-05T22:17:43.9931513Z  * [new branch]        peacock-rainbow         -> origin/peacock-rainbow
v0.14.0 Upgrade and Encrypted Rollback	Checkout candidate C with immutable base tag	2026-10-05T22:17:43.9933137Z  * [new branch]        perf/landing-mobile-scroll -> origin/perf/landing-mobile-scroll
v0.14.0 Upgrade and Encrypted Rollback	Checkout candidate C with immutable base tag	2026-10-05T22:17:43.9934761Z  * [new branch]        persistent-fab          -> origin/persistent-fab
v0.14.0 Upgrade and Encrypted Rollback	Checkout candidate C with immutable base tag	2026-10-05T22:17:43.9936432Z  * [new branch]        privacy-policy          -> origin/privacy-policy
v0.14.0 Upgrade and Encrypted Rollback	Checkout candidate C with immutable base tag	2026-10-05T22:17:43.9938050Z  * [new branch]        profile-account-management -> origin/profile-account-management
v0.14.0 Upgrade and Encrypted Rollback	Checkout candidate C with immutable base tag	2026-10-05T22:17:43.9939800Z  * [new branch]        profile-icon            -> origin/profile-icon
v0.14.0 Upgrade and Encrypted Rollback	Checkout candidate C with immutable base tag	2026-10-05T22:17:43.9941423Z  * [new branch]        profile-settings-separation -> origin/profile-settings-separation
v0.14.0 Upgrade and Encrypted Rollback	Checkout candidate C with immutable base tag	2026-10-05T22:17:43.9943084Z  * [new branch]        public-readme           -> origin/public-readme
v0.14.0 Upgrade and Encrypted Rollback	Checkout candidate C with immutable base tag	2026-10-05T22:17:43.9944739Z  * [new branch]        pwa-action-navigate-existing -> origin/pwa-action-navigate-existing
v0.14.0 Upgrade and Encrypted Rollback	Checkout candidate C with immutable base tag	2026-10-05T22:17:43.9946401Z  * [new branch]        pwa-icon-fix            -> origin/pwa-icon-fix
v0.14.0 Upgrade and Encrypted Rollback	Checkout candidate C with immutable base tag	2026-10-05T22:17:43.9947842Z  * [new branch]        pwa-launch-actions      -> origin/pwa-launch-actions
v0.14.0 Upgrade and Encrypted Rollback	Checkout candidate C with immutable base tag	2026-10-05T22:17:43.9949385Z  * [new branch]        pwa-manifest-polish     -> origin/pwa-manifest-polish
v0.14.0 Upgrade and Encrypted Rollback	Checkout candidate C with immutable base tag	2026-10-05T22:17:43.9951018Z  * [new branch]        pwa-setup               -> origin/pwa-setup
v0.14.0 Upgrade and Encrypted Rollback	Checkout candidate C with immutable base tag	2026-10-05T22:17:43.9952430Z  * [new branch]        rebrand-calibrate       -> origin/rebrand-calibrate
v0.14.0 Upgrade and Encrypted Rollback	Checkout candidate C with immutable base tag	2026-10-05T22:17:43.9953865Z  * [new branch]        release/v0.34.0         -> origin/release/v0.34.0
v0.14.0 Upgrade and Encrypted Rollback	Checkout candidate C with immutable base tag	2026-10-05T22:17:43.9955276Z  * [new branch]        release/v0.34.1         -> origin/release/v0.34.1
v0.14.0 Upgrade and Encrypted Rollback	Checkout candidate C with immutable base tag	2026-10-05T22:17:43.9956681Z  * [new branch]        release/v0.35.0         -> origin/release/v0.35.0
v0.14.0 Upgrade and Encrypted Rollback	Checkout candidate C with immutable base tag	2026-10-05T22:17:43.9958098Z  * [new branch]        release/v0.36.0         -> origin/release/v0.36.0
v0.14.0 Upgrade and Encrypted Rollback	Checkout candidate C with immutable base tag	2026-10-05T22:17:43.9959691Z  * [new branch]        release/v0.37.0         -> origin/release/v0.37.0
v0.14.0 Upgrade and Encrypted Rollback	Checkout candidate C with immutable base tag	2026-10-05T22:17:43.9961316Z  * [new branch]        rolling-average-weight-log -> origin/rolling-average-weight-log
v0.14.0 Upgrade and Encrypted Rollback	Checkout candidate C with immutable base tag	2026-10-05T22:17:43.9962887Z  * [new branch]        safe-areas              -> origin/safe-areas
v0.14.0 Upgrade and Encrypted Rollback	Checkout candidate C with immutable base tag	2026-10-05T22:17:43.9964246Z  * [new branch]        search-results          -> origin/search-results
v0.14.0 Upgrade and Encrypted Rollback	Checkout candidate C with immutable base tag	2026-10-05T22:17:43.9965709Z  * [new branch]        session-store-model     -> origin/session-store-model
v0.14.0 Upgrade and Encrypted Rollback	Checkout candidate C with immutable base tag	2026-10-05T22:17:43.9967366Z  * [new branch]        sidebar-item-style      -> origin/sidebar-item-style
v0.14.0 Upgrade and Encrypted Rollback	Checkout candidate C with immutable base tag	2026-10-05T22:17:43.9968806Z  * [new branch]        store-timezone          -> origin/store-timezone
v0.14.0 Upgrade and Encrypted Rollback	Checkout candidate C with immutable base tag	2026-10-05T22:17:43.9970368Z  * [new branch]        terraform-fix           -> origin/terraform-fix
v0.14.0 Upgrade and Encrypted Rollback	Checkout candidate C with immutable base tag	2026-10-05T22:17:43.9971766Z  * [new branch]        terraform-fixes         -> origin/terraform-fixes
v0.14.0 Upgrade and Encrypted Rollback	Checkout candidate C with immutable base tag	2026-10-05T22:17:43.9973131Z  * [new branch]        test-user               -> origin/test-user
v0.14.0 Upgrade and Encrypted Rollback	Checkout candidate C with immutable base tag	2026-10-05T22:17:43.9974638Z  * [new branch]        test/backend-unit-coverage -> origin/test/backend-unit-coverage
v0.14.0 Upgrade and Encrypted Rollback	Checkout candidate C with immutable base tag	2026-10-05T22:17:43.9976237Z  * [new branch]        tf-rds-rotation         -> origin/tf-rds-rotation
v0.14.0 Upgrade and Encrypted Rollback	Checkout candidate C with immutable base tag	2026-10-05T22:17:43.9977691Z  * [new branch]        tf-repo-rename-fix      -> origin/tf-repo-rename-fix
v0.14.0 Upgrade and Encrypted Rollback	Checkout candidate C with immutable base tag	2026-10-05T22:17:43.9979546Z  * [new branch]        timezone-picker-mui-autocomplete -> origin/timezone-picker-mui-autocomplete
v0.14.0 Upgrade and Encrypted Rollback	Checkout candidate C with immutable base tag	2026-10-05T22:17:43.9981883Z  * [new branch]        units-separate-controls-inline-status -> origin/units-separate-controls-inline-status
v0.14.0 Upgrade and Encrypted Rollback	Checkout candidate C with immutable base tag	2026-10-05T22:17:43.9983772Z  * [new branch]        update-comments         -> origin/update-comments
v0.14.0 Upgrade and Encrypted Rollback	Checkout candidate C with immutable base tag	2026-10-05T22:17:43.9985170Z  * [new branch]        update-docs             -> origin/update-docs
v0.14.0 Upgrade and Encrypted Rollback	Checkout candidate C with immutable base tag	2026-10-05T22:17:43.9986648Z  * [new branch]        vertical-spacing-fixes  -> origin/vertical-spacing-fixes
v0.14.0 Upgrade and Encrypted Rollback	Checkout candidate C with immutable base tag	2026-10-05T22:17:43.9988215Z  * [new branch]        weight-history-scale    -> origin/weight-history-scale
v0.14.0 Upgrade and Encrypted Rollback	Checkout candidate C with immutable base tag	2026-10-05T22:17:43.9989919Z  * [new branch]        worktree-colors         -> origin/worktree-colors
v0.14.0 Upgrade and Encrypted Rollback	Checkout candidate C with immutable base tag	2026-10-05T22:17:43.9991362Z  * [new branch]        worktree-reset          -> origin/worktree-reset
v0.14.0 Upgrade and Encrypted Rollback	Checkout candidate C with immutable base tag	2026-10-05T22:17:43.9992797Z  * [new branch]        worktree-script         -> origin/worktree-script
v0.14.0 Upgrade and Encrypted Rollback	Checkout candidate C with immutable base tag	2026-10-05T22:17:43.9994089Z  * [new tag]           v0.1.0                  -> v0.1.0
v0.14.0 Upgrade and Encrypted Rollback	Checkout candidate C with immutable base tag	2026-10-05T22:17:43.9995228Z  * [new tag]           v0.10.0                 -> v0.10.0
v0.14.0 Upgrade and Encrypted Rollback	Checkout candidate C with immutable base tag	2026-10-05T22:17:43.9996529Z  * [new tag]           v0.11.0                 -> v0.11.0
v0.14.0 Upgrade and Encrypted Rollback	Checkout candidate C with immutable base tag	2026-10-05T22:17:43.9997664Z  * [new tag]           v0.12.0                 -> v0.12.0
v0.14.0 Upgrade and Encrypted Rollback	Checkout candidate C with immutable base tag	2026-10-05T22:17:43.9998788Z  * [new tag]           v0.12.1                 -> v0.12.1
v0.14.0 Upgrade and Encrypted Rollback	Checkout candidate C with immutable base tag	2026-10-05T22:17:44.0000069Z  * [new tag]           v0.12.10                -> v0.12.10
v0.14.0 Upgrade and Encrypted Rollback	Checkout candidate C with immutable base tag	2026-10-05T22:17:44.0001180Z  * [new tag]           v0.12.11                -> v0.12.11
v0.14.0 Upgrade and Encrypted Rollback	Checkout candidate C with immutable base tag	2026-10-05T22:17:44.0002283Z  * [new tag]           v0.12.12                -> v0.12.12
v0.14.0 Upgrade and Encrypted Rollback	Checkout candidate C with immutable base tag	2026-10-05T22:17:44.0003382Z  * [new tag]           v0.12.13                -> v0.12.13
v0.14.0 Upgrade and Encrypted Rollback	Checkout candidate C with immutable base tag	2026-10-05T22:17:44.0004471Z  * [new tag]           v0.12.14                -> v0.12.14
v0.14.0 Upgrade and Encrypted Rollback	Checkout candidate C with immutable base tag	2026-10-05T22:17:44.0005570Z  * [new tag]           v0.12.15                -> v0.12.15
v0.14.0 Upgrade and Encrypted Rollback	Checkout candidate C with immutable base tag	2026-10-05T22:17:44.0006674Z  * [new tag]           v0.12.16                -> v0.12.16
v0.14.0 Upgrade and Encrypted Rollback	Checkout candidate C with immutable base tag	2026-10-05T22:17:44.0007783Z  * [new tag]           v0.12.17                -> v0.12.17
v0.14.0 Upgrade and Encrypted Rollback	Checkout candidate C with immutable base tag	2026-10-05T22:17:44.0008886Z  * [new tag]           v0.12.18                -> v0.12.18
v0.14.0 Upgrade and Encrypted Rollback	Checkout candidate C with immutable base tag	2026-10-05T22:17:44.0010098Z  * [new tag]           v0.12.19                -> v0.12.19
v0.14.0 Upgrade and Encrypted Rollback	Checkout candidate C with immutable base tag	2026-10-05T22:17:44.0011197Z  * [new tag]           v0.12.2                 -> v0.12.2
v0.14.0 Upgrade and Encrypted Rollback	Checkout candidate C with immutable base tag	2026-10-05T22:17:44.0012284Z  * [new tag]           v0.12.3                 -> v0.12.3
v0.14.0 Upgrade and Encrypted Rollback	Checkout candidate C with immutable base tag	2026-10-05T22:17:44.0013376Z  * [new tag]           v0.12.4                 -> v0.12.4
v0.14.0 Upgrade and Encrypted Rollback	Checkout candidate C with immutable base tag	2026-10-05T22:17:44.0014470Z  * [new tag]           v0.12.5                 -> v0.12.5
v0.14.0 Upgrade and Encrypted Rollback	Checkout candidate C with immutable base tag	2026-10-05T22:17:44.0015562Z  * [new tag]           v0.12.6                 -> v0.12.6
v0.14.0 Upgrade and Encrypted Rollback	Checkout candidate C with immutable base tag	2026-10-05T22:17:44.0016660Z  * [new tag]           v0.12.7                 -> v0.12.7
v0.14.0 Upgrade and Encrypted Rollback	Checkout candidate C with immutable base tag	2026-10-05T22:17:44.0017753Z  * [new tag]           v0.12.8                 -> v0.12.8
v0.14.0 Upgrade and Encrypted Rollback	Checkout candidate C with immutable base tag	2026-10-05T22:17:44.0018855Z  * [new tag]           v0.12.9                 -> v0.12.9
v0.14.0 Upgrade and Encrypted Rollback	Checkout candidate C with immutable base tag	2026-10-05T22:17:44.0020035Z  * [new tag]           v0.13.0                 -> v0.13.0
v0.14.0 Upgrade and Encrypted Rollback	Checkout candidate C with immutable base tag	2026-10-05T22:17:44.0021167Z  * [new tag]           v0.13.1                 -> v0.13.1
v0.14.0 Upgrade and Encrypted Rollback	Checkout candidate C with immutable base tag	2026-10-05T22:17:44.0022280Z  * [new tag]           v0.13.2                 -> v0.13.2
v0.14.0 Upgrade and Encrypted Rollback	Checkout candidate C with immutable base tag	2026-10-05T22:17:44.0023530Z  * [new tag]           v0.13.3                 -> v0.13.3
v0.14.0 Upgrade and Encrypted Rollback	Checkout candidate C with immutable base tag	2026-10-05T22:17:44.0024642Z  * [new tag]           v0.14.0                 -> v0.14.0
v0.14.0 Upgrade and Encrypted Rollback	Checkout candidate C with immutable base tag	2026-10-05T22:17:44.0025740Z  * [new tag]           v0.2.0                  -> v0.2.0
v0.14.0 Upgrade and Encrypted Rollback	Checkout candidate C with immutable base tag	2026-10-05T22:17:44.0026826Z  * [new tag]           v0.2.1                  -> v0.2.1
v0.14.0 Upgrade and Encrypted Rollback	Checkout candidate C with immutable base tag	2026-10-05T22:17:44.0027911Z  * [new tag]           v0.2.2                  -> v0.2.2
v0.14.0 Upgrade and Encrypted Rollback	Checkout candidate C with immutable base tag	2026-10-05T22:17:44.0029001Z  * [new tag]           v0.2.3                  -> v0.2.3
v0.14.0 Upgrade and Encrypted Rollback	Checkout candidate C with immutable base tag	2026-10-05T22:17:44.0030267Z  * [new tag]           v0.2.4                  -> v0.2.4
v0.14.0 Upgrade and Encrypted Rollback	Checkout candidate C with immutable base tag	2026-10-05T22:17:44.0031357Z  * [new tag]           v0.3.0                  -> v0.3.0
v0.14.0 Upgrade and Encrypted Rollback	Checkout candidate C with immutable base tag	2026-10-05T22:17:44.0032445Z  * [new tag]           v0.3.1                  -> v0.3.1
v0.14.0 Upgrade and Encrypted Rollback	Checkout candidate C with immutable base tag	2026-10-05T22:17:44.0033544Z  * [new tag]           v0.33.10                -> v0.33.10
v0.14.0 Upgrade and Encrypted Rollback	Checkout candidate C with immutable base tag	2026-10-05T22:17:44.0034650Z  * [new tag]           v0.33.11                -> v0.33.11
v0.14.0 Upgrade and Encrypted Rollback	Checkout candidate C with immutable base tag	2026-10-05T22:17:44.0035738Z  * [new tag]           v0.33.5                 -> v0.33.5
v0.14.0 Upgrade and Encrypted Rollback	Checkout candidate C with immutable base tag	2026-10-05T22:17:44.0036844Z  * [new tag]           v0.33.6                 -> v0.33.6
v0.14.0 Upgrade and Encrypted Rollback	Checkout candidate C with immutable base tag	2026-10-05T22:17:44.0037928Z  * [new tag]           v0.33.9                 -> v0.33.9
v0.14.0 Upgrade and Encrypted Rollback	Checkout candidate C with immutable base tag	2026-10-05T22:17:44.0039012Z  * [new tag]           v0.34.0                 -> v0.34.0
v0.14.0 Upgrade and Encrypted Rollback	Checkout candidate C with immutable base tag	2026-10-05T22:17:44.0040290Z  * [new tag]           v0.34.1                 -> v0.34.1
v0.14.0 Upgrade and Encrypted Rollback	Checkout candidate C with immutable base tag	2026-10-05T22:17:44.0041385Z  * [new tag]           v0.35.0                 -> v0.35.0
v0.14.0 Upgrade and Encrypted Rollback	Checkout candidate C with immutable base tag	2026-10-05T22:17:44.0042479Z  * [new tag]           v0.36.0                 -> v0.36.0
v0.14.0 Upgrade and Encrypted Rollback	Checkout candidate C with immutable base tag	2026-10-05T22:17:44.0043569Z  * [new tag]           v0.37.0                 -> v0.37.0
v0.14.0 Upgrade and Encrypted Rollback	Checkout candidate C with immutable base tag	2026-10-05T22:17:44.0044650Z  * [new tag]           v0.4.0                  -> v0.4.0
v0.14.0 Upgrade and Encrypted Rollback	Checkout candidate C with immutable base tag	2026-10-05T22:17:44.0045721Z  * [new tag]           v0.4.1                  -> v0.4.1
v0.14.0 Upgrade and Encrypted Rollback	Checkout candidate C with immutable base tag	2026-10-05T22:17:44.0046791Z  * [new tag]           v0.4.2                  -> v0.4.2
v0.14.0 Upgrade and Encrypted Rollback	Checkout candidate C with immutable base tag	2026-10-05T22:17:44.0047858Z  * [new tag]           v0.5.0                  -> v0.5.0
v0.14.0 Upgrade and Encrypted Rollback	Checkout candidate C with immutable base tag	2026-10-05T22:17:44.0049073Z  * [new tag]           v0.6.0                  -> v0.6.0
v0.14.0 Upgrade and Encrypted Rollback	Checkout candidate C with immutable base tag	2026-10-05T22:17:44.0050342Z  * [new tag]           v0.7.0                  -> v0.7.0
v0.14.0 Upgrade and Encrypted Rollback	Checkout candidate C with immutable base tag	2026-10-05T22:17:44.0051415Z  * [new tag]           v0.7.1                  -> v0.7.1
v0.14.0 Upgrade and Encrypted Rollback	Checkout candidate C with immutable base tag	2026-10-05T22:17:44.0052493Z  * [new tag]           v0.7.2                  -> v0.7.2
v0.14.0 Upgrade and Encrypted Rollback	Checkout candidate C with immutable base tag	2026-10-05T22:17:44.0053576Z  * [new tag]           v0.7.3                  -> v0.7.3
v0.14.0 Upgrade and Encrypted Rollback	Checkout candidate C with immutable base tag	2026-10-05T22:17:44.0054660Z  * [new tag]           v0.8.0                  -> v0.8.0
v0.14.0 Upgrade and Encrypted Rollback	Checkout candidate C with immutable base tag	2026-10-05T22:17:44.0055728Z  * [new tag]           v0.9.0                  -> v0.9.0
v0.14.0 Upgrade and Encrypted Rollback	Checkout candidate C with immutable base tag	2026-10-05T22:17:44.0056800Z  * [new tag]           v0.9.1                  -> v0.9.1
v0.14.0 Upgrade and Encrypted Rollback	Checkout candidate C with immutable base tag	2026-10-05T22:17:44.0059898Z [command]/usr/bin/git rev-parse --verify --quiet 856cc30b0d28e6d8510244c984dc4c5e36959f89^{object}
v0.14.0 Upgrade and Encrypted Rollback	Checkout candidate C with immutable base tag	2026-10-05T22:17:44.0061425Z 856cc30b0d28e6d8510244c984dc4c5e36959f89
v0.14.0 Upgrade and Encrypted Rollback	Checkout candidate C with immutable base tag	2026-10-05T22:17:44.0063720Z ##[endgroup]
v0.14.0 Upgrade and Encrypted Rollback	Checkout candidate C with immutable base tag	2026-10-05T22:17:44.0064932Z ##[group]Determining the checkout info
v0.14.0 Upgrade and Encrypted Rollback	Checkout candidate C with immutable base tag	2026-10-05T22:17:44.0066279Z ##[endgroup]
v0.14.0 Upgrade and Encrypted Rollback	Checkout candidate C with immutable base tag	2026-10-05T22:17:44.0067088Z [command]/usr/bin/git sparse-checkout disable
v0.14.0 Upgrade and Encrypted Rollback	Checkout candidate C with immutable base tag	2026-10-05T22:17:44.0069422Z [command]/usr/bin/git config --local --unset-all extensions.worktreeConfig
v0.14.0 Upgrade and Encrypted Rollback	Checkout candidate C with immutable base tag	2026-10-05T22:17:44.0072255Z ##[group]Checking out the ref
v0.14.0 Upgrade and Encrypted Rollback	Checkout candidate C with immutable base tag	2026-10-05T22:17:44.0073572Z [command]/usr/bin/git checkout --progress --force 856cc30b0d28e6d8510244c984dc4c5e36959f89
v0.14.0 Upgrade and Encrypted Rollback	Checkout candidate C with immutable base tag	2026-10-05T22:17:44.1551031Z Note: switching to '856cc30b0d28e6d8510244c984dc4c5e36959f89'.
v0.14.0 Upgrade and Encrypted Rollback	Checkout candidate C with immutable base tag	2026-10-05T22:17:44.1552081Z 
v0.14.0 Upgrade and Encrypted Rollback	Checkout candidate C with immutable base tag	2026-10-05T22:17:44.1552727Z You are in 'detached HEAD' state. You can look around, make experimental
v0.14.0 Upgrade and Encrypted Rollback	Checkout candidate C with immutable base tag	2026-10-05T22:17:44.1554265Z changes and commit them, and you can discard any commits you make in this
v0.14.0 Upgrade and Encrypted Rollback	Checkout candidate C with immutable base tag	2026-10-05T22:17:44.1555773Z state without impacting any branches by switching back to a branch.
v0.14.0 Upgrade and Encrypted Rollback	Checkout candidate C with immutable base tag	2026-10-05T22:17:44.1556654Z 
v0.14.0 Upgrade and Encrypted Rollback	Checkout candidate C with immutable base tag	2026-10-05T22:17:44.1557249Z If you want to create a new branch to retain commits you create, you may
v0.14.0 Upgrade and Encrypted Rollback	Checkout candidate C with immutable base tag	2026-10-05T22:17:44.1558662Z do so (now or later) by using -c with the switch command. Example:
v0.14.0 Upgrade and Encrypted Rollback	Checkout candidate C with immutable base tag	2026-10-05T22:17:44.1559722Z 
v0.14.0 Upgrade and Encrypted Rollback	Checkout candidate C with immutable base tag	2026-10-05T22:17:44.1560377Z   git switch -c <new-branch-name>
v0.14.0 Upgrade and Encrypted Rollback	Checkout candidate C with immutable base tag	2026-10-05T22:17:44.1560947Z 
v0.14.0 Upgrade and Encrypted Rollback	Checkout candidate C with immutable base tag	2026-10-05T22:17:44.1561293Z Or undo this operation with:
v0.14.0 Upgrade and Encrypted Rollback	Checkout candidate C with immutable base tag	2026-10-05T22:17:44.1561811Z 
v0.14.0 Upgrade and Encrypted Rollback	Checkout candidate C with immutable base tag	2026-10-05T22:17:44.1562123Z   git switch -
v0.14.0 Upgrade and Encrypted Rollback	Checkout candidate C with immutable base tag	2026-10-05T22:17:44.1562527Z 
v0.14.0 Upgrade and Encrypted Rollback	Checkout candidate C with immutable base tag	2026-10-05T22:17:44.1563192Z Turn off this advice by setting config variable advice.detachedHead to false
v0.14.0 Upgrade and Encrypted Rollback	Checkout candidate C with immutable base tag	2026-10-05T22:17:44.1564122Z 
v0.14.0 Upgrade and Encrypted Rollback	Checkout candidate C with immutable base tag	2026-10-05T22:17:44.1565279Z HEAD is now at 856cc30b Retain acknowledged day state and serialize replay ownership across tabs
v0.14.0 Upgrade and Encrypted Rollback	Checkout candidate C with immutable base tag	2026-10-05T22:17:44.1570380Z ##[endgroup]
v0.14.0 Upgrade and Encrypted Rollback	Checkout candidate C with immutable base tag	2026-10-05T22:17:44.1610965Z [command]/usr/bin/git log -1 --format=%H
v0.14.0 Upgrade and Encrypted Rollback	Checkout candidate C with immutable base tag	2026-10-05T22:17:44.1637729Z 856cc30b0d28e6d8510244c984dc4c5e36959f89
v0.14.0 Upgrade and Encrypted Rollback	Setup Node	﻿2026-10-05T22:17:44.1919204Z ##[group]Run actions/setup-node@v4
v0.14.0 Upgrade and Encrypted Rollback	Setup Node	2026-10-05T22:17:44.1920274Z with:
v0.14.0 Upgrade and Encrypted Rollback	Setup Node	2026-10-05T22:17:44.1920928Z   node-version: 20
v0.14.0 Upgrade and Encrypted Rollback	Setup Node	2026-10-05T22:17:44.1921622Z   cache: npm
v0.14.0 Upgrade and Encrypted Rollback	Setup Node	2026-10-05T22:17:44.1922409Z   cache-dependency-path: backend/package-lock.json
v0.14.0 Upgrade and Encrypted Rollback	Setup Node	2026-10-05T22:17:44.1923406Z   always-auth: false
v0.14.0 Upgrade and Encrypted Rollback	Setup Node	2026-10-05T22:17:44.1924148Z   check-latest: false
v0.14.0 Upgrade and Encrypted Rollback	Setup Node	2026-10-05T22:17:44.1931310Z   token: ***
v0.14.0 Upgrade and Encrypted Rollback	Setup Node	2026-10-05T22:17:44.1931975Z env:
v0.14.0 Upgrade and Encrypted Rollback	Setup Node	2026-10-05T22:17:44.1932849Z   CALIBRATE_SOURCE_COMMIT: 856cc30b0d28e6d8510244c984dc4c5e36959f89
v0.14.0 Upgrade and Encrypted Rollback	Setup Node	2026-10-05T22:17:44.1933932Z ##[endgroup]
v0.14.0 Upgrade and Encrypted Rollback	Setup Node	2026-10-05T22:17:44.3210316Z Attempting to download 20...
v0.14.0 Upgrade and Encrypted Rollback	Setup Node	2026-10-05T22:17:44.3295611Z (node:2083) [DEP0040] DeprecationWarning: The `punycode` module is deprecated. Please use a userland alternative instead.
v0.14.0 Upgrade and Encrypted Rollback	Setup Node	2026-10-05T22:17:44.3298581Z (Use `node --trace-deprecation ...` to show where the warning was created)
v0.14.0 Upgrade and Encrypted Rollback	Setup Node	2026-10-05T22:17:45.0032172Z Acquiring 20.20.2 - x64 from https://github.com/actions/node-versions/releases/download/20.20.2-23521894959/node-20.20.2-linux-x64.tar.gz
v0.14.0 Upgrade and Encrypted Rollback	Setup Node	2026-10-05T22:17:45.3940743Z Extracting ...
v0.14.0 Upgrade and Encrypted Rollback	Setup Node	2026-10-05T22:17:45.4023883Z [command]/usr/bin/tar xz --strip 1 --warning=no-unknown-keyword --overwrite -C /home/runner/work/_temp/2a779f1d-f662-4c38-9f6a-eb325d65e46c -f /home/runner/work/_temp/371e91f9-fe0c-4a26-96ea-483e6d91eeee
v0.14.0 Upgrade and Encrypted Rollback	Setup Node	2026-10-05T22:17:46.2564170Z Adding to the cache ...
v0.14.0 Upgrade and Encrypted Rollback	Setup Node	2026-10-05T22:17:48.0443719Z ##[group]Environment details
v0.14.0 Upgrade and Encrypted Rollback	Setup Node	2026-10-05T22:17:48.2433036Z node: v20.20.2
v0.14.0 Upgrade and Encrypted Rollback	Setup Node	2026-10-05T22:17:48.2433636Z npm: 10.8.2
v0.14.0 Upgrade and Encrypted Rollback	Setup Node	2026-10-05T22:17:48.2433897Z yarn: 1.22.22
v0.14.0 Upgrade and Encrypted Rollback	Setup Node	2026-10-05T22:17:48.2434596Z ##[endgroup]
v0.14.0 Upgrade and Encrypted Rollback	Setup Node	2026-10-05T22:17:48.2448560Z [command]/opt/hostedtoolcache/node/20.20.2/x64/bin/npm config get cache
v0.14.0 Upgrade and Encrypted Rollback	Setup Node	2026-10-05T22:17:48.3303556Z /home/runner/.npm
v0.14.0 Upgrade and Encrypted Rollback	Setup Node	2026-10-05T22:17:48.5922541Z Cache hit for: node-cache-Linux-x64-npm-9ad1fc3d02200f097d647c965e5a2c426e45ead6e22fb282009302d8eeb7a3d3
v0.14.0 Upgrade and Encrypted Rollback	Setup Node	2026-10-05T22:17:48.6009418Z (node:2083) [DEP0169] DeprecationWarning: `url.parse()` behavior is not standardized and prone to errors that have security implications. Use the WHATWG URL API instead. CVEs are not issued for `url.parse()` vulnerabilities.
v0.14.0 Upgrade and Encrypted Rollback	Setup Node	2026-10-05T22:17:49.8608795Z Received 4194304 of 142506313 (2.9%), 4.0 MBs/sec
v0.14.0 Upgrade and Encrypted Rollback	Setup Node	2026-10-05T22:17:50.8599355Z Received 134217728 of 142506313 (94.2%), 64.0 MBs/sec
v0.14.0 Upgrade and Encrypted Rollback	Setup Node	2026-10-05T22:17:51.3589313Z Received 142506313 of 142506313 (100.0%), 54.4 MBs/sec
v0.14.0 Upgrade and Encrypted Rollback	Setup Node	2026-10-05T22:17:51.3590087Z Cache Size: ~136 MB (142506313 B)
v0.14.0 Upgrade and Encrypted Rollback	Setup Node	2026-10-05T22:17:51.3686917Z [command]/usr/bin/tar -xf /home/runner/work/_temp/a9c186fb-4a4a-4201-ae15-f6dc356af833/cache.tzst -P -C /home/runner/work/calibrate-health/calibrate-health --use-compress-program unzstd
v0.14.0 Upgrade and Encrypted Rollback	Setup Node	2026-10-05T22:17:51.5718401Z Cache restored successfully
v0.14.0 Upgrade and Encrypted Rollback	Setup Node	2026-10-05T22:17:51.5790517Z Cache restored from key: node-cache-Linux-x64-npm-9ad1fc3d02200f097d647c965e5a2c426e45ead6e22fb282009302d8eeb7a3d3
v0.14.0 Upgrade and Encrypted Rollback	Install backend dependencies	﻿2026-10-05T22:17:51.6098163Z ##[group]Run npm --prefix backend ci --no-audit --fund=false
v0.14.0 Upgrade and Encrypted Rollback	Install backend dependencies	2026-10-05T22:17:51.6098639Z ^[[36;1mnpm --prefix backend ci --no-audit --fund=false^[[0m
v0.14.0 Upgrade and Encrypted Rollback	Install backend dependencies	2026-10-05T22:17:51.6837396Z shell: /usr/bin/bash -e {0}
v0.14.0 Upgrade and Encrypted Rollback	Install backend dependencies	2026-10-05T22:17:51.6837670Z env:
v0.14.0 Upgrade and Encrypted Rollback	Install backend dependencies	2026-10-05T22:17:51.6837928Z   CALIBRATE_SOURCE_COMMIT: 856cc30b0d28e6d8510244c984dc4c5e36959f89
v0.14.0 Upgrade and Encrypted Rollback	Install backend dependencies	2026-10-05T22:17:51.6838240Z ##[endgroup]
v0.14.0 Upgrade and Encrypted Rollback	Install backend dependencies	2026-10-05T22:17:52.0458685Z npm warn EBADENGINE Unsupported engine {
v0.14.0 Upgrade and Encrypted Rollback	Install backend dependencies	2026-10-05T22:17:52.0459706Z npm warn EBADENGINE   package: '@prisma/streams-local@0.1.11',
v0.14.0 Upgrade and Encrypted Rollback	Install backend dependencies	2026-10-05T22:17:52.0460893Z npm warn EBADENGINE   required: { bun: '>=1.2.0', node: '>=22.0.0' },
v0.14.0 Upgrade and Encrypted Rollback	Install backend dependencies	2026-10-05T22:17:52.0461623Z npm warn EBADENGINE   current: { node: 'v20.20.2', npm: '10.8.2' }
v0.14.0 Upgrade and Encrypted Rollback	Install backend dependencies	2026-10-05T22:17:52.0462171Z npm warn EBADENGINE }
v0.14.0 Upgrade and Encrypted Rollback	Install backend dependencies	2026-10-05T22:17:56.5927402Z 
v0.14.0 Upgrade and Encrypted Rollback	Install backend dependencies	2026-10-05T22:17:56.5928049Z added 430 packages in 5s
v0.14.0 Upgrade and Encrypted Rollback	Validate rollback rehearsal helpers	﻿2026-10-05T22:17:56.6315332Z ##[group]Run npm run test:db:rollback:unit
v0.14.0 Upgrade and Encrypted Rollback	Validate rollback rehearsal helpers	2026-10-05T22:17:56.6315636Z ^[[36;1mnpm run test:db:rollback:unit^[[0m
v0.14.0 Upgrade and Encrypted Rollback	Validate rollback rehearsal helpers	2026-10-05T22:17:56.6373364Z shell: /usr/bin/bash -e {0}
v0.14.0 Upgrade and Encrypted Rollback	Validate rollback rehearsal helpers	2026-10-05T22:17:56.6373576Z env:
v0.14.0 Upgrade and Encrypted Rollback	Validate rollback rehearsal helpers	2026-10-05T22:17:56.6373823Z   CALIBRATE_SOURCE_COMMIT: 856cc30b0d28e6d8510244c984dc4c5e36959f89
v0.14.0 Upgrade and Encrypted Rollback	Validate rollback rehearsal helpers	2026-10-05T22:17:56.6374113Z ##[endgroup]
v0.14.0 Upgrade and Encrypted Rollback	Validate rollback rehearsal helpers	2026-10-05T22:17:56.7430106Z 
v0.14.0 Upgrade and Encrypted Rollback	Validate rollback rehearsal helpers	2026-10-05T22:17:56.7430961Z > cal-io@0.37.0 test:db:rollback:unit
v0.14.0 Upgrade and Encrypted Rollback	Validate rollback rehearsal helpers	2026-10-05T22:17:56.7431734Z > node --test scripts/postgres-rollback-smoke.test.mjs
v0.14.0 Upgrade and Encrypted Rollback	Validate rollback rehearsal helpers	2026-10-05T22:17:56.7432246Z 
v0.14.0 Upgrade and Encrypted Rollback	Validate rollback rehearsal helpers	2026-10-05T22:17:56.7757092Z TAP version 13
v0.14.0 Upgrade and Encrypted Rollback	Validate rollback rehearsal helpers	2026-10-05T22:17:56.8289740Z # Subtest: resource plan owns only generated Docker and database names
v0.14.0 Upgrade and Encrypted Rollback	Validate rollback rehearsal helpers	2026-10-05T22:17:56.8301473Z ok 1 - resource plan owns only generated Docker and database names
v0.14.0 Upgrade and Encrypted Rollback	Validate rollback rehearsal helpers	2026-10-05T22:17:56.8301877Z   ---
v0.14.0 Upgrade and Encrypted Rollback	Validate rollback rehearsal helpers	2026-10-05T22:17:56.8302163Z   duration_ms: 4.450698
v0.14.0 Upgrade and Encrypted Rollback	Validate rollback rehearsal helpers	2026-10-05T22:17:56.8302355Z   ...
v0.14.0 Upgrade and Encrypted Rollback	Validate rollback rehearsal helpers	2026-10-05T22:17:56.8308330Z # Subtest: published database ports must be loopback-only and singular
v0.14.0 Upgrade and Encrypted Rollback	Validate rollback rehearsal helpers	2026-10-05T22:17:56.8309638Z ok 2 - published database ports must be loopback-only and singular
v0.14.0 Upgrade and Encrypted Rollback	Validate rollback rehearsal helpers	2026-10-05T22:17:56.8310271Z   ---
v0.14.0 Upgrade and Encrypted Rollback	Validate rollback rehearsal helpers	2026-10-05T22:17:56.8310526Z   duration_ms: 0.338816
v0.14.0 Upgrade and Encrypted Rollback	Validate rollback rehearsal helpers	2026-10-05T22:17:56.8310802Z   ...
v0.14.0 Upgrade and Encrypted Rollback	Validate rollback rehearsal helpers	2026-10-05T22:17:56.8313114Z # Subtest: database URLs cannot escape the generated loopback target
v0.14.0 Upgrade and Encrypted Rollback	Validate rollback rehearsal helpers	2026-10-05T22:17:56.8314282Z ok 3 - database URLs cannot escape the generated loopback target
v0.14.0 Upgrade and Encrypted Rollback	Validate rollback rehearsal helpers	2026-10-05T22:17:56.8314938Z   ---
v0.14.0 Upgrade and Encrypted Rollback	Validate rollback rehearsal helpers	2026-10-05T22:17:56.8315280Z   duration_ms: 1.460178
v0.14.0 Upgrade and Encrypted Rollback	Validate rollback rehearsal helpers	2026-10-05T22:17:56.8315645Z   ...
v0.14.0 Upgrade and Encrypted Rollback	Validate rollback rehearsal helpers	2026-10-05T22:17:56.8316655Z # Subtest: Postgres launch is private, disposable, labeled, and loopback-published
v0.14.0 Upgrade and Encrypted Rollback	Validate rollback rehearsal helpers	2026-10-05T22:17:56.8320429Z ok 4 - Postgres launch is private, disposable, labeled, and loopback-published
v0.14.0 Upgrade and Encrypted Rollback	Validate rollback rehearsal helpers	2026-10-05T22:17:56.8320979Z   ---
v0.14.0 Upgrade and Encrypted Rollback	Validate rollback rehearsal helpers	2026-10-05T22:17:56.8321215Z   duration_ms: 0.322021
v0.14.0 Upgrade and Encrypted Rollback	Validate rollback rehearsal helpers	2026-10-05T22:17:56.8321501Z   ...
v0.14.0 Upgrade and Encrypted Rollback	Validate rollback rehearsal helpers	2026-10-05T22:17:56.8326596Z # Subtest: migration contract pins exact v0.14.0 and candidate ledgers
v0.14.0 Upgrade and Encrypted Rollback	Validate rollback rehearsal helpers	2026-10-05T22:17:56.8327585Z ok 5 - migration contract pins exact v0.14.0 and candidate ledgers
v0.14.0 Upgrade and Encrypted Rollback	Validate rollback rehearsal helpers	2026-10-05T22:17:56.8328268Z   ---
v0.14.0 Upgrade and Encrypted Rollback	Validate rollback rehearsal helpers	2026-10-05T22:17:56.8328706Z   duration_ms: 6.86524
v0.14.0 Upgrade and Encrypted Rollback	Validate rollback rehearsal helpers	2026-10-05T22:17:56.8329164Z   ...
v0.14.0 Upgrade and Encrypted Rollback	Validate rollback rehearsal helpers	2026-10-05T22:17:56.8330112Z # Subtest: hosted source binding accepts only the checked-out lowercase full SHA
v0.14.0 Upgrade and Encrypted Rollback	Validate rollback rehearsal helpers	2026-10-05T22:17:56.8331100Z ok 6 - hosted source binding accepts only the checked-out lowercase full SHA
v0.14.0 Upgrade and Encrypted Rollback	Validate rollback rehearsal helpers	2026-10-05T22:17:56.8331761Z   ---
v0.14.0 Upgrade and Encrypted Rollback	Validate rollback rehearsal helpers	2026-10-05T22:17:56.8332027Z   duration_ms: 0.239477
v0.14.0 Upgrade and Encrypted Rollback	Validate rollback rehearsal helpers	2026-10-05T22:17:56.8332311Z   ...
v0.14.0 Upgrade and Encrypted Rollback	Validate rollback rehearsal helpers	2026-10-05T22:17:56.8332818Z # Subtest: source resolver binds the actual checkout to the workflow candidate
v0.14.0 Upgrade and Encrypted Rollback	Validate rollback rehearsal helpers	2026-10-05T22:17:56.8333588Z ok 7 - source resolver binds the actual checkout to the workflow candidate
v0.14.0 Upgrade and Encrypted Rollback	Validate rollback rehearsal helpers	2026-10-05T22:17:56.8334050Z   ---
v0.14.0 Upgrade and Encrypted Rollback	Validate rollback rehearsal helpers	2026-10-05T22:17:56.8334292Z   duration_ms: 0.229793
v0.14.0 Upgrade and Encrypted Rollback	Validate rollback rehearsal helpers	2026-10-05T22:17:56.8334563Z   ...
v0.14.0 Upgrade and Encrypted Rollback	Validate rollback rehearsal helpers	2026-10-05T22:17:56.8335178Z # Subtest: representative snapshots distinguish base from the intentional candidate transform
v0.14.0 Upgrade and Encrypted Rollback	Validate rollback rehearsal helpers	2026-10-05T22:17:56.8336111Z ok 8 - representative snapshots distinguish base from the intentional candidate transform
v0.14.0 Upgrade and Encrypted Rollback	Validate rollback rehearsal helpers	2026-10-05T22:17:56.8336670Z   ---
v0.14.0 Upgrade and Encrypted Rollback	Validate rollback rehearsal helpers	2026-10-05T22:17:56.8336925Z   duration_ms: 0.229843
v0.14.0 Upgrade and Encrypted Rollback	Validate rollback rehearsal helpers	2026-10-05T22:17:56.8337191Z   ...
v0.14.0 Upgrade and Encrypted Rollback	Validate rollback rehearsal helpers	2026-10-05T22:17:56.8337638Z # Subtest: diagnostics redact credentials and absolute host paths
v0.14.0 Upgrade and Encrypted Rollback	Validate rollback rehearsal helpers	2026-10-05T22:17:56.8338279Z ok 9 - diagnostics redact credentials and absolute host paths
v0.14.0 Upgrade and Encrypted Rollback	Validate rollback rehearsal helpers	2026-10-05T22:17:56.8338694Z   ---
v0.14.0 Upgrade and Encrypted Rollback	Validate rollback rehearsal helpers	2026-10-05T22:17:56.8338926Z   duration_ms: 0.485344
v0.14.0 Upgrade and Encrypted Rollback	Validate rollback rehearsal helpers	2026-10-05T22:17:56.8339198Z   ...
v0.14.0 Upgrade and Encrypted Rollback	Validate rollback rehearsal helpers	2026-10-05T22:17:56.8340954Z # Subtest: success evidence is sanitized, exact, and contains no resource target
v0.14.0 Upgrade and Encrypted Rollback	Validate rollback rehearsal helpers	2026-10-05T22:17:56.8342557Z ok 10 - success evidence is sanitized, exact, and contains no resource target
v0.14.0 Upgrade and Encrypted Rollback	Validate rollback rehearsal helpers	2026-10-05T22:17:56.8343349Z   ---
v0.14.0 Upgrade and Encrypted Rollback	Validate rollback rehearsal helpers	2026-10-05T22:17:56.8343592Z   duration_ms: 0.410483
v0.14.0 Upgrade and Encrypted Rollback	Validate rollback rehearsal helpers	2026-10-05T22:17:56.8343858Z   ...
v0.14.0 Upgrade and Encrypted Rollback	Validate rollback rehearsal helpers	2026-10-05T22:17:56.8359047Z # Subtest: failed evidence remains bound to the checked-out candidate
v0.14.0 Upgrade and Encrypted Rollback	Validate rollback rehearsal helpers	2026-10-05T22:17:56.8370490Z ok 11 - failed evidence remains bound to the checked-out candidate
v0.14.0 Upgrade and Encrypted Rollback	Validate rollback rehearsal helpers	2026-10-05T22:17:56.8371331Z   ---
v0.14.0 Upgrade and Encrypted Rollback	Validate rollback rehearsal helpers	2026-10-05T22:17:56.8371690Z   duration_ms: 0.210714
v0.14.0 Upgrade and Encrypted Rollback	Validate rollback rehearsal helpers	2026-10-05T22:17:56.8372098Z   ...
v0.14.0 Upgrade and Encrypted Rollback	Validate rollback rehearsal helpers	2026-10-05T22:17:56.8372623Z # Subtest: schema names, arguments, and evidence path are fixed and guarded
v0.14.0 Upgrade and Encrypted Rollback	Validate rollback rehearsal helpers	2026-10-05T22:17:56.8373249Z ok 12 - schema names, arguments, and evidence path are fixed and guarded
v0.14.0 Upgrade and Encrypted Rollback	Validate rollback rehearsal helpers	2026-10-05T22:17:56.8391921Z   ---
v0.14.0 Upgrade and Encrypted Rollback	Validate rollback rehearsal helpers	2026-10-05T22:17:56.8392239Z   duration_ms: 0.192217
v0.14.0 Upgrade and Encrypted Rollback	Validate rollback rehearsal helpers	2026-10-05T22:17:56.8392512Z   ...
v0.14.0 Upgrade and Encrypted Rollback	Validate rollback rehearsal helpers	2026-10-05T22:17:56.8392970Z # Subtest: command encoding defaults to text while preserving explicit spawn encodings
v0.14.0 Upgrade and Encrypted Rollback	Validate rollback rehearsal helpers	2026-10-05T22:17:56.8393515Z ok 13 - command encoding defaults to text while preserving explicit spawn encodings
v0.14.0 Upgrade and Encrypted Rollback	Validate rollback rehearsal helpers	2026-10-05T22:17:56.8393852Z   ---
v0.14.0 Upgrade and Encrypted Rollback	Validate rollback rehearsal helpers	2026-10-05T22:17:56.8394034Z   duration_ms: 0.110365
v0.14.0 Upgrade and Encrypted Rollback	Validate rollback rehearsal helpers	2026-10-05T22:17:56.8394222Z   ...
v0.14.0 Upgrade and Encrypted Rollback	Validate rollback rehearsal helpers	2026-10-05T22:17:56.8394636Z # Subtest: script contract uses production backup/restore and cleanup without external DATABASE_URL
v0.14.0 Upgrade and Encrypted Rollback	Validate rollback rehearsal helpers	2026-10-05T22:17:56.8395242Z ok 14 - script contract uses production backup/restore and cleanup without external DATABASE_URL
v0.14.0 Upgrade and Encrypted Rollback	Validate rollback rehearsal helpers	2026-10-05T22:17:56.8395600Z   ---
v0.14.0 Upgrade and Encrypted Rollback	Validate rollback rehearsal helpers	2026-10-05T22:17:56.8395762Z   duration_ms: 0.554167
v0.14.0 Upgrade and Encrypted Rollback	Validate rollback rehearsal helpers	2026-10-05T22:17:56.8395947Z   ...
v0.14.0 Upgrade and Encrypted Rollback	Validate rollback rehearsal helpers	2026-10-05T22:17:56.8449209Z 1..14
v0.14.0 Upgrade and Encrypted Rollback	Validate rollback rehearsal helpers	2026-10-05T22:17:56.8449600Z # tests 14
v0.14.0 Upgrade and Encrypted Rollback	Validate rollback rehearsal helpers	2026-10-05T22:17:56.8449843Z # suites 0
v0.14.0 Upgrade and Encrypted Rollback	Validate rollback rehearsal helpers	2026-10-05T22:17:56.8450828Z # pass 14
v0.14.0 Upgrade and Encrypted Rollback	Validate rollback rehearsal helpers	2026-10-05T22:17:56.8451264Z # fail 0
v0.14.0 Upgrade and Encrypted Rollback	Validate rollback rehearsal helpers	2026-10-05T22:17:56.8451570Z # cancelled 0
v0.14.0 Upgrade and Encrypted Rollback	Validate rollback rehearsal helpers	2026-10-05T22:17:56.8451870Z # skipped 0
v0.14.0 Upgrade and Encrypted Rollback	Validate rollback rehearsal helpers	2026-10-05T22:17:56.8452188Z # todo 0
v0.14.0 Upgrade and Encrypted Rollback	Validate rollback rehearsal helpers	2026-10-05T22:17:56.8458140Z # duration_ms 76.126704
v0.14.0 Upgrade and Encrypted Rollback	Upgrade from v0.14.0, restore, and re-upgrade	﻿2026-10-05T22:17:56.8558239Z ##[group]Run npm run test:db:rollback
v0.14.0 Upgrade and Encrypted Rollback	Upgrade from v0.14.0, restore, and re-upgrade	2026-10-05T22:17:56.8558517Z ^[[36;1mnpm run test:db:rollback^[[0m
v0.14.0 Upgrade and Encrypted Rollback	Upgrade from v0.14.0, restore, and re-upgrade	2026-10-05T22:17:56.8626801Z shell: /usr/bin/bash -e {0}
v0.14.0 Upgrade and Encrypted Rollback	Upgrade from v0.14.0, restore, and re-upgrade	2026-10-05T22:17:56.8627105Z env:
v0.14.0 Upgrade and Encrypted Rollback	Upgrade from v0.14.0, restore, and re-upgrade	2026-10-05T22:17:56.8627462Z   CALIBRATE_SOURCE_COMMIT: 856cc30b0d28e6d8510244c984dc4c5e36959f89
v0.14.0 Upgrade and Encrypted Rollback	Upgrade from v0.14.0, restore, and re-upgrade	2026-10-05T22:17:56.8627904Z ##[endgroup]
v0.14.0 Upgrade and Encrypted Rollback	Upgrade from v0.14.0, restore, and re-upgrade	2026-10-05T22:17:56.9602607Z 
v0.14.0 Upgrade and Encrypted Rollback	Upgrade from v0.14.0, restore, and re-upgrade	2026-10-05T22:17:56.9603160Z > cal-io@0.37.0 test:db:rollback
v0.14.0 Upgrade and Encrypted Rollback	Upgrade from v0.14.0, restore, and re-upgrade	2026-10-05T22:17:56.9603615Z > node scripts/postgres-rollback-smoke.mjs
v0.14.0 Upgrade and Encrypted Rollback	Upgrade from v0.14.0, restore, and re-upgrade	2026-10-05T22:17:56.9603795Z 
v0.14.0 Upgrade and Encrypted Rollback	Upgrade from v0.14.0, restore, and re-upgrade	2026-10-05T22:18:14.9717918Z [postgres-rollback-smoke] Applying immutable v0.14.0 migration ledger.
v0.14.0 Upgrade and Encrypted Rollback	Upgrade from v0.14.0, restore, and re-upgrade	2026-10-05T22:18:17.8542434Z [postgres-rollback-smoke] Applying candidate migrations through 0045_firebase_identity_foundation.
v0.14.0 Upgrade and Encrypted Rollback	Upgrade from v0.14.0, restore, and re-upgrade	2026-10-05T22:18:19.2842141Z [postgres-rollback-smoke] Restoring the encrypted predecessor backup into the owned empty target.
v0.14.0 Upgrade and Encrypted Rollback	Upgrade from v0.14.0, restore, and re-upgrade	2026-10-05T22:18:19.7079174Z [postgres-rollback-smoke] Re-applying the candidate ledger to the restored predecessor data.
v0.14.0 Upgrade and Encrypted Rollback	Upgrade from v0.14.0, restore, and re-upgrade	2026-10-05T22:18:21.3521564Z [postgres-rollback-smoke] PASS: restored v0.14.0, verified its exact data/ledger, and re-upgraded through 0045_firebase_identity_foundation.
v0.14.0 Upgrade and Encrypted Rollback	Post Setup Node	﻿2026-10-05T22:18:21.3682913Z Post job cleanup.
v0.14.0 Upgrade and Encrypted Rollback	Post Setup Node	2026-10-05T22:18:21.4638643Z (node:4278) [DEP0040] DeprecationWarning: The `punycode` module is deprecated. Please use a userland alternative instead.
v0.14.0 Upgrade and Encrypted Rollback	Post Setup Node	2026-10-05T22:18:21.4639342Z (Use `node --trace-deprecation ...` to show where the warning was created)
v0.14.0 Upgrade and Encrypted Rollback	Post Setup Node	2026-10-05T22:18:21.4641876Z Cache hit occurred on the primary key node-cache-Linux-x64-npm-9ad1fc3d02200f097d647c965e5a2c426e45ead6e22fb282009302d8eeb7a3d3, not saving cache.
v0.14.0 Upgrade and Encrypted Rollback	Post Checkout candidate C with immutable base tag	﻿2026-10-05T22:18:21.4772532Z Post job cleanup.
v0.14.0 Upgrade and Encrypted Rollback	Post Checkout candidate C with immutable base tag	2026-10-05T22:18:21.5473223Z [command]/usr/bin/git version
v0.14.0 Upgrade and Encrypted Rollback	Post Checkout candidate C with immutable base tag	2026-10-05T22:18:21.5507649Z git version 2.55.0
v0.14.0 Upgrade and Encrypted Rollback	Post Checkout candidate C with immutable base tag	2026-10-05T22:18:21.5537389Z Temporarily overriding HOME='/home/runner/work/_temp/e9ba2dac-f45b-4e01-a312-036df8753e85' before making global git config changes
v0.14.0 Upgrade and Encrypted Rollback	Post Checkout candidate C with immutable base tag	2026-10-05T22:18:21.5538712Z Adding repository directory to the temporary git global config as a safe directory
v0.14.0 Upgrade and Encrypted Rollback	Post Checkout candidate C with immutable base tag	2026-10-05T22:18:21.5541756Z [command]/usr/bin/git config --global --add safe.directory /home/runner/work/calibrate-health/calibrate-health
v0.14.0 Upgrade and Encrypted Rollback	Post Checkout candidate C with immutable base tag	2026-10-05T22:18:21.5573556Z [command]/usr/bin/git config --local --name-only --get-regexp core\.sshCommand
v0.14.0 Upgrade and Encrypted Rollback	Post Checkout candidate C with immutable base tag	2026-10-05T22:18:21.5604874Z [command]/usr/bin/git submodule foreach --recursive sh -c "git config --local --name-only --get-regexp 'core\.sshCommand' && git config --local --unset-all 'core.sshCommand' || :"
v0.14.0 Upgrade and Encrypted Rollback	Post Checkout candidate C with immutable base tag	2026-10-05T22:18:21.5818701Z [command]/usr/bin/git config --local --name-only --get-regexp http\.https\:\/\/github\.com\/\.extraheader
v0.14.0 Upgrade and Encrypted Rollback	Post Checkout candidate C with immutable base tag	2026-10-05T22:18:21.5840828Z http.https://github.com/.extraheader
v0.14.0 Upgrade and Encrypted Rollback	Post Checkout candidate C with immutable base tag	2026-10-05T22:18:21.5856491Z [command]/usr/bin/git config --local --unset-all http.https://github.com/.extraheader
v0.14.0 Upgrade and Encrypted Rollback	Post Checkout candidate C with immutable base tag	2026-10-05T22:18:21.5882244Z [command]/usr/bin/git submodule foreach --recursive sh -c "git config --local --name-only --get-regexp 'http\.https\:\/\/github\.com\/\.extraheader' && git config --local --unset-all 'http.https://github.com/.extraheader' || :"
v0.14.0 Upgrade and Encrypted Rollback	Post Checkout candidate C with immutable base tag	2026-10-05T22:18:21.6103012Z [command]/usr/bin/git config --local --name-only --get-regexp ^includeIf\.gitdir:
v0.14.0 Upgrade and Encrypted Rollback	Post Checkout candidate C with immutable base tag	2026-10-05T22:18:21.6137463Z [command]/usr/bin/git submodule foreach --recursive git config --local --show-origin --name-only --get-regexp remote.origin.url
v0.14.0 Upgrade and Encrypted Rollback	Complete job	﻿2026-10-05T22:18:21.6484749Z Cleaning up orphan processes
v0.14.0 Upgrade and Encrypted Rollback	Complete job	2026-10-05T22:18:21.6816381Z ##[warning]Node.js 20 is deprecated. The following actions target Node.js 20 but are being forced to run on Node.js 24: actions/checkout@v4, actions/setup-node@v4. For more information see: https://github.blog/changelog/2025-09-19-deprecation-of-node-20-on-github-actions-runners/
