2026-10-07T03:59:08.6813930Z Current runner version: '2.337.0'
2026-10-07T03:59:08.6848796Z ##[group]Runner Image Provisioner
2026-10-07T03:59:08.6850304Z Hosted Compute Agent
2026-10-07T03:59:08.6851386Z Version: 20260901.588
2026-10-07T03:59:08.6852473Z Commit: f88ec8081b781fac6c440065ac7ff9e710ce3d0b
2026-10-07T03:59:08.6853646Z Build Date: 2026-09-01T19:56:44Z
2026-10-07T03:59:08.6854942Z Worker ID: {e1307371-4fb4-4ff3-b47e-0bbf3aae424d}
2026-10-07T03:59:08.6856218Z Azure Region: eastus
2026-10-07T03:59:08.6857198Z ##[endgroup]
2026-10-07T03:59:08.6860641Z ##[group]Operating System
2026-10-07T03:59:08.6861719Z Ubuntu
2026-10-07T03:59:08.6862788Z 24.04.5
2026-10-07T03:59:08.6863668Z LTS
2026-10-07T03:59:08.6864544Z ##[endgroup]
2026-10-07T03:59:08.6865499Z ##[group]Runner Image
2026-10-07T03:59:08.6866481Z Image: ubuntu-24.04
2026-10-07T03:59:08.6867526Z Version: 20260927.320.1
2026-10-07T03:59:08.6869875Z Included Software: https://github.com/actions/runner-images/blob/ubuntu24/20260927.320/images/ubuntu/Ubuntu2404-Readme.md
2026-10-07T03:59:08.6872706Z Image Release: https://github.com/actions/runner-images/releases/tag/ubuntu24%2F20260927.320
2026-10-07T03:59:08.6874352Z ##[endgroup]
2026-10-07T03:59:08.6876322Z ##[group]GITHUB_TOKEN Permissions
2026-10-07T03:59:08.6879029Z Contents: read
2026-10-07T03:59:08.6880288Z Metadata: read
2026-10-07T03:59:08.6881158Z ##[endgroup]
2026-10-07T03:59:08.6884307Z Secret source: Actions
2026-10-07T03:59:08.6885833Z Cache mode: write
2026-10-07T03:59:08.6887135Z Prepare workflow directory
2026-10-07T03:59:08.7505179Z Prepare all required actions
2026-10-07T03:59:08.7575345Z Getting action download info
2026-10-07T03:59:08.9319020Z Download action repository 'actions/checkout@v4' (SHA:11d5960a326750d5838078e36cf38b85af677262)
2026-10-07T03:59:09.0372230Z Download action repository 'actions/setup-node@v4' (SHA:49933ea5288caeca8642d1e84afbd3f7d6820020)
2026-10-07T03:59:09.2297580Z Complete job name: Backend Tests
2026-10-07T03:59:09.2791179Z ##[group]Checking docker version
2026-10-07T03:59:09.2803273Z ##[command]/usr/bin/docker version --format '{{.Server.APIVersion}}'
2026-10-07T03:59:09.3567539Z '1.48'
2026-10-07T03:59:09.3580852Z Docker daemon API version: '1.48'
2026-10-07T03:59:09.3581813Z ##[command]/usr/bin/docker version --format '{{.Client.APIVersion}}'
2026-10-07T03:59:09.3729217Z '1.48'
2026-10-07T03:59:09.3741410Z Docker client API version: '1.48'
2026-10-07T03:59:09.3747544Z ##[endgroup]
2026-10-07T03:59:09.3751420Z ##[group]Clean up resources from previous jobs
2026-10-07T03:59:09.3757735Z ##[command]/usr/bin/docker ps --all --quiet --no-trunc --filter "label=adac25"
2026-10-07T03:59:09.3897475Z ##[command]/usr/bin/docker network prune --force --filter "label=adac25"
2026-10-07T03:59:09.4018179Z ##[endgroup]
2026-10-07T03:59:09.4018705Z ##[group]Create local container network
2026-10-07T03:59:09.4028331Z ##[command]/usr/bin/docker network create --label adac25 github_network_84d0018e938f44e38053e77f913a1e05
2026-10-07T03:59:09.4541514Z 9dc92d560ec31f2f4078d325e091066369158052517e87d48bf316bdeb00ba98
2026-10-07T03:59:09.4556795Z ##[endgroup]
2026-10-07T03:59:09.4580953Z ##[group]Starting postgres service container
2026-10-07T03:59:09.4603218Z ##[command]/usr/bin/docker pull postgres:16-alpine
2026-10-07T03:59:09.7044489Z 16-alpine: Pulling from library/postgres
2026-10-07T03:59:09.7797105Z e2de96513ba9: Already exists
2026-10-07T03:59:09.7830909Z 1b7f9cd581ee: Pulling fs layer
2026-10-07T03:59:09.7831942Z 210b280f9556: Pulling fs layer
2026-10-07T03:59:09.7832591Z 81717818649a: Pulling fs layer
2026-10-07T03:59:09.7833492Z 3ae6141cfd99: Pulling fs layer
2026-10-07T03:59:09.7834273Z 25b77f59fd95: Pulling fs layer
2026-10-07T03:59:09.7834841Z 6c25da34e03f: Pulling fs layer
2026-10-07T03:59:09.7835908Z a88782f92806: Pulling fs layer
2026-10-07T03:59:09.7837011Z d8d21be4bf02: Pulling fs layer
2026-10-07T03:59:09.7837794Z 6117bd39f23f: Pulling fs layer
2026-10-07T03:59:09.7838385Z 509688edf37b: Pulling fs layer
2026-10-07T03:59:09.7838998Z 3ae6141cfd99: Waiting
2026-10-07T03:59:09.7839730Z 25b77f59fd95: Waiting
2026-10-07T03:59:09.7840845Z 6c25da34e03f: Waiting
2026-10-07T03:59:09.7841549Z a88782f92806: Waiting
2026-10-07T03:59:09.7842165Z d8d21be4bf02: Waiting
2026-10-07T03:59:09.7842668Z 6117bd39f23f: Waiting
2026-10-07T03:59:09.7843151Z 509688edf37b: Waiting
2026-10-07T03:59:09.8081547Z 1b7f9cd581ee: Verifying Checksum
2026-10-07T03:59:09.8082668Z 81717818649a: Verifying Checksum
2026-10-07T03:59:09.8083549Z 81717818649a: Download complete
2026-10-07T03:59:09.8194348Z 210b280f9556: Verifying Checksum
2026-10-07T03:59:09.8196182Z 210b280f9556: Download complete
2026-10-07T03:59:09.8331797Z 3ae6141cfd99: Verifying Checksum
2026-10-07T03:59:09.8332877Z 3ae6141cfd99: Download complete
2026-10-07T03:59:09.8430006Z 6c25da34e03f: Download complete
2026-10-07T03:59:09.8612655Z a88782f92806: Verifying Checksum
2026-10-07T03:59:09.8614126Z a88782f92806: Download complete
2026-10-07T03:59:09.8775525Z d8d21be4bf02: Verifying Checksum
2026-10-07T03:59:09.8777208Z d8d21be4bf02: Download complete
2026-10-07T03:59:09.9000741Z 6117bd39f23f: Download complete
2026-10-07T03:59:09.9065061Z 509688edf37b: Verifying Checksum
2026-10-07T03:59:09.9066568Z 509688edf37b: Download complete
2026-10-07T03:59:10.1939220Z 25b77f59fd95: Verifying Checksum
2026-10-07T03:59:10.1940580Z 25b77f59fd95: Download complete
2026-10-07T03:59:12.1875823Z 1b7f9cd581ee: Pull complete
2026-10-07T03:59:12.3356778Z 210b280f9556: Pull complete
2026-10-07T03:59:12.3479693Z 81717818649a: Pull complete
2026-10-07T03:59:12.3594591Z 3ae6141cfd99: Pull complete
2026-10-07T03:59:14.7846507Z 25b77f59fd95: Pull complete
2026-10-07T03:59:14.8021250Z 6c25da34e03f: Pull complete
2026-10-07T03:59:14.8117103Z a88782f92806: Pull complete
2026-10-07T03:59:14.8226008Z d8d21be4bf02: Pull complete
2026-10-07T03:59:14.8344284Z 6117bd39f23f: Pull complete
2026-10-07T03:59:14.8447897Z 509688edf37b: Pull complete
2026-10-07T03:59:14.8491116Z Digest: sha256:721873c34ceb9f8d8fc265984940dc982404c105f19ad51be9fdc5970a6080ea
2026-10-07T03:59:14.8509474Z Status: Downloaded newer image for postgres:16-alpine
2026-10-07T03:59:14.8521571Z docker.io/library/postgres:16-alpine
2026-10-07T03:59:14.8582963Z ##[command]/usr/bin/docker create --name e191a2d772c543e28f039a5deccc7b96_postgres16alpine_b68816 --label adac25 --network github_network_84d0018e938f44e38053e77f913a1e05 --network-alias postgres -p 5432:5432 --health-cmd "pg_isready -U calibrate_ci -d calibrate_ci" --health-interval 5s --health-timeout 5s --health-retries 10 -e "POSTGRES_USER=calibrate_ci" -e "POSTGRES_PASSWORD=calibrate_ci" -e "POSTGRES_DB=calibrate_ci" -e GITHUB_ACTIONS=true -e CI=true postgres:16-alpine
2026-10-07T03:59:14.8820645Z 720106fc0dadca1076f95c75c8b534546b462feea5697ecbd16b4a5387b1ba2e
2026-10-07T03:59:14.8841702Z ##[command]/usr/bin/docker start 720106fc0dadca1076f95c75c8b534546b462feea5697ecbd16b4a5387b1ba2e
2026-10-07T03:59:15.0883194Z 720106fc0dadca1076f95c75c8b534546b462feea5697ecbd16b4a5387b1ba2e
2026-10-07T03:59:15.0902429Z ##[command]/usr/bin/docker ps --all --filter id=720106fc0dadca1076f95c75c8b534546b462feea5697ecbd16b4a5387b1ba2e --filter status=running --no-trunc --format "{{.ID}} {{.Status}}"
2026-10-07T03:59:15.1034438Z 720106fc0dadca1076f95c75c8b534546b462feea5697ecbd16b4a5387b1ba2e Up Less than a second (health: starting)
2026-10-07T03:59:15.1060386Z ##[command]/usr/bin/docker port 720106fc0dadca1076f95c75c8b534546b462feea5697ecbd16b4a5387b1ba2e
2026-10-07T03:59:15.1196760Z 5432/tcp -> 0.0.0.0:5432
2026-10-07T03:59:15.1197874Z 5432/tcp -> [::]:5432
2026-10-07T03:59:15.1243314Z ##[endgroup]
2026-10-07T03:59:15.1252640Z ##[group]Waiting for all services to be ready
2026-10-07T03:59:15.1266421Z ##[command]/usr/bin/docker inspect --format="{{if .Config.Healthcheck}}{{print .State.Health.Status}}{{end}}" 720106fc0dadca1076f95c75c8b534546b462feea5697ecbd16b4a5387b1ba2e
2026-10-07T03:59:15.1402132Z starting
2026-10-07T03:59:15.1422312Z postgres service is starting, waiting 2 seconds before checking again.
2026-10-07T03:59:17.1429420Z ##[command]/usr/bin/docker inspect --format="{{if .Config.Healthcheck}}{{print .State.Health.Status}}{{end}}" 720106fc0dadca1076f95c75c8b534546b462feea5697ecbd16b4a5387b1ba2e
2026-10-07T03:59:17.1550045Z starting
2026-10-07T03:59:17.1561966Z postgres service is starting, waiting 3 seconds before checking again.
2026-10-07T03:59:20.8567136Z ##[command]/usr/bin/docker inspect --format="{{if .Config.Healthcheck}}{{print .State.Health.Status}}{{end}}" 720106fc0dadca1076f95c75c8b534546b462feea5697ecbd16b4a5387b1ba2e
2026-10-07T03:59:20.8695528Z healthy
2026-10-07T03:59:20.8722076Z postgres service is healthy.
2026-10-07T03:59:20.8722706Z ##[endgroup]
2026-10-07T03:59:20.9111422Z ##[group]Run actions/checkout@v4
2026-10-07T03:59:20.9112013Z with:
2026-10-07T03:59:20.9112269Z   ref: ce8543483db55800034e6ed2622eeb4b9ac7f3b6
2026-10-07T03:59:20.9112611Z   repository: MChartier/calibrate-health
2026-10-07T03:59:20.9115106Z   token: ***
2026-10-07T03:59:20.9115317Z   ssh-strict: true
2026-10-07T03:59:20.9115522Z   ssh-user: git
2026-10-07T03:59:20.9115729Z   persist-credentials: true
2026-10-07T03:59:20.9115973Z   clean: true
2026-10-07T03:59:20.9116190Z   sparse-checkout-cone-mode: true
2026-10-07T03:59:20.9116457Z   fetch-depth: 1
2026-10-07T03:59:20.9116651Z   fetch-tags: false
2026-10-07T03:59:20.9116855Z   show-progress: true
2026-10-07T03:59:20.9117062Z   lfs: false
2026-10-07T03:59:20.9117248Z   submodules: false
2026-10-07T03:59:20.9117456Z   set-safe-directory: true
2026-10-07T03:59:20.9117700Z   allow-unsafe-pr-checkout: false
2026-10-07T03:59:20.9118151Z ##[endgroup]
2026-10-07T03:59:21.0145974Z Syncing repository: MChartier/calibrate-health
2026-10-07T03:59:21.0147414Z ##[group]Getting Git version info
2026-10-07T03:59:21.0147910Z Working directory is '/home/runner/work/calibrate-health/calibrate-health'
2026-10-07T03:59:21.0148626Z [command]/usr/bin/git version
2026-10-07T03:59:21.0199229Z git version 2.55.0
2026-10-07T03:59:21.0220586Z ##[endgroup]
2026-10-07T03:59:21.0234717Z Temporarily overriding HOME='/home/runner/work/_temp/a69214a5-470e-4ebf-9906-92ce769e35d6' before making global git config changes
2026-10-07T03:59:21.0236184Z Adding repository directory to the temporary git global config as a safe directory
2026-10-07T03:59:21.0239970Z [command]/usr/bin/git config --global --add safe.directory /home/runner/work/calibrate-health/calibrate-health
2026-10-07T03:59:21.0293492Z Deleting the contents of '/home/runner/work/calibrate-health/calibrate-health'
2026-10-07T03:59:21.0297631Z ##[group]Initializing the repository
2026-10-07T03:59:21.0302585Z [command]/usr/bin/git init /home/runner/work/calibrate-health/calibrate-health
2026-10-07T03:59:21.0412288Z hint: Using 'master' as the name for the initial branch. This default branch name
2026-10-07T03:59:21.0413430Z hint: will change to "main" in Git 3.0. To configure the initial branch name
2026-10-07T03:59:21.0414184Z hint: to use in all of your new repositories, which will suppress this warning,
2026-10-07T03:59:21.0414588Z hint: call:
2026-10-07T03:59:21.0414771Z hint:
2026-10-07T03:59:21.0415095Z hint: 	git config --global init.defaultBranch <name>
2026-10-07T03:59:21.0415425Z hint:
2026-10-07T03:59:21.0415716Z hint: Names commonly chosen instead of 'master' are 'main', 'trunk' and
2026-10-07T03:59:21.0416220Z hint: 'development'. The just-created branch can be renamed via this command:
2026-10-07T03:59:21.0416591Z hint:
2026-10-07T03:59:21.0416786Z hint: 	git branch -m <name>
2026-10-07T03:59:21.0417008Z hint:
2026-10-07T03:59:21.0417325Z hint: Disable this message with "git config set advice.defaultBranchName false"
2026-10-07T03:59:21.0422342Z Initialized empty Git repository in /home/runner/work/calibrate-health/calibrate-health/.git/
2026-10-07T03:59:21.0432257Z [command]/usr/bin/git remote add origin https://github.com/MChartier/calibrate-health
2026-10-07T03:59:21.0481041Z ##[endgroup]
2026-10-07T03:59:21.0481620Z ##[group]Disabling automatic garbage collection
2026-10-07T03:59:21.0486093Z [command]/usr/bin/git config --local gc.auto 0
2026-10-07T03:59:21.0520267Z ##[endgroup]
2026-10-07T03:59:21.0521162Z ##[group]Setting up auth
2026-10-07T03:59:21.0527354Z [command]/usr/bin/git config --local --name-only --get-regexp core\.sshCommand
2026-10-07T03:59:21.0561402Z [command]/usr/bin/git submodule foreach --recursive sh -c "git config --local --name-only --get-regexp 'core\.sshCommand' && git config --local --unset-all 'core.sshCommand' || :"
2026-10-07T03:59:21.0933922Z [command]/usr/bin/git config --local --name-only --get-regexp http\.https\:\/\/github\.com\/\.extraheader
2026-10-07T03:59:21.0972976Z [command]/usr/bin/git submodule foreach --recursive sh -c "git config --local --name-only --get-regexp 'http\.https\:\/\/github\.com\/\.extraheader' && git config --local --unset-all 'http.https://github.com/.extraheader' || :"
2026-10-07T03:59:21.1203472Z [command]/usr/bin/git config --local --name-only --get-regexp ^includeIf\.gitdir:
2026-10-07T03:59:21.1239478Z [command]/usr/bin/git submodule foreach --recursive git config --local --show-origin --name-only --get-regexp remote.origin.url
2026-10-07T03:59:21.1462049Z [command]/usr/bin/git config --local http.https://github.com/.extraheader AUTHORIZATION: basic ***
2026-10-07T03:59:21.1501813Z ##[endgroup]
2026-10-07T03:59:21.1502452Z ##[group]Fetching the repository
2026-10-07T03:59:21.1511237Z [command]/usr/bin/git -c protocol.version=2 fetch --no-tags --prune --no-recurse-submodules --depth=1 origin ce8543483db55800034e6ed2622eeb4b9ac7f3b6
2026-10-07T03:59:21.6298316Z From https://github.com/MChartier/calibrate-health
2026-10-07T03:59:21.6299276Z  * branch            ce8543483db55800034e6ed2622eeb4b9ac7f3b6 -> FETCH_HEAD
2026-10-07T03:59:21.6306035Z ##[endgroup]
2026-10-07T03:59:21.6306706Z ##[group]Determining the checkout info
2026-10-07T03:59:21.6310190Z ##[endgroup]
2026-10-07T03:59:21.6317210Z [command]/usr/bin/git sparse-checkout disable
2026-10-07T03:59:21.6370997Z [command]/usr/bin/git config --local --unset-all extensions.worktreeConfig
2026-10-07T03:59:21.6403934Z ##[group]Checking out the ref
2026-10-07T03:59:21.6410713Z [command]/usr/bin/git checkout --progress --force ce8543483db55800034e6ed2622eeb4b9ac7f3b6
2026-10-07T03:59:21.8334149Z Note: switching to 'ce8543483db55800034e6ed2622eeb4b9ac7f3b6'.
2026-10-07T03:59:21.8334759Z 
2026-10-07T03:59:21.8335178Z You are in 'detached HEAD' state. You can look around, make experimental
2026-10-07T03:59:21.8336041Z changes and commit them, and you can discard any commits you make in this
2026-10-07T03:59:21.8336803Z state without impacting any branches by switching back to a branch.
2026-10-07T03:59:21.8337255Z 
2026-10-07T03:59:21.8337646Z If you want to create a new branch to retain commits you create, you may
2026-10-07T03:59:21.8338105Z do so (now or later) by using -c with the switch command. Example:
2026-10-07T03:59:21.8338355Z 
2026-10-07T03:59:21.8338462Z   git switch -c <new-branch-name>
2026-10-07T03:59:21.8338632Z 
2026-10-07T03:59:21.8338729Z Or undo this operation with:
2026-10-07T03:59:21.8338877Z 
2026-10-07T03:59:21.8338957Z   git switch -
2026-10-07T03:59:21.8339129Z 
2026-10-07T03:59:21.8339342Z Turn off this advice by setting config variable advice.detachedHead to false
2026-10-07T03:59:21.8339912Z 
2026-10-07T03:59:21.8340165Z HEAD is now at ce85434 Complete managed-first hosting and persistent server administration
2026-10-07T03:59:21.8350003Z ##[endgroup]
2026-10-07T03:59:21.8394776Z [command]/usr/bin/git log -1 --format=%H
2026-10-07T03:59:21.8421253Z ce8543483db55800034e6ed2622eeb4b9ac7f3b6
2026-10-07T03:59:21.8666085Z ##[group]Run actions/setup-node@v4
2026-10-07T03:59:21.8666376Z with:
2026-10-07T03:59:21.8666567Z   node-version: 20
2026-10-07T03:59:21.8666770Z   cache: npm
2026-10-07T03:59:21.8667013Z   cache-dependency-path: backend/package-lock.json
2026-10-07T03:59:21.8667335Z   always-auth: false
2026-10-07T03:59:21.8667549Z   check-latest: false
2026-10-07T03:59:21.8670273Z   token: ***
2026-10-07T03:59:21.8670480Z ##[endgroup]
2026-10-07T03:59:22.0049113Z Attempting to download 20...
2026-10-07T03:59:22.0156627Z (node:2907) [DEP0040] DeprecationWarning: The `punycode` module is deprecated. Please use a userland alternative instead.
2026-10-07T03:59:22.0157737Z (Use `node --trace-deprecation ...` to show where the warning was created)
2026-10-07T03:59:22.4832135Z Acquiring 20.20.2 - x64 from https://github.com/actions/node-versions/releases/download/20.20.2-23521894959/node-20.20.2-linux-x64.tar.gz
2026-10-07T03:59:22.8094974Z Extracting ...
2026-10-07T03:59:22.8202161Z [command]/usr/bin/tar xz --strip 1 --warning=no-unknown-keyword --overwrite -C /home/runner/work/_temp/64c271ee-c99d-4ed4-91c6-0cef9080a0c1 -f /home/runner/work/_temp/a3cfc293-1a70-4c08-ac50-6512c52c8260
2026-10-07T03:59:23.7978359Z Adding to the cache ...
2026-10-07T03:59:25.5736311Z ##[group]Environment details
2026-10-07T03:59:25.7902852Z node: v20.20.2
2026-10-07T03:59:25.7903243Z npm: 10.8.2
2026-10-07T03:59:25.7903555Z yarn: 1.22.22
2026-10-07T03:59:25.7904263Z ##[endgroup]
2026-10-07T03:59:25.7924285Z [command]/opt/hostedtoolcache/node/20.20.2/x64/bin/npm config get cache
2026-10-07T03:59:25.8922220Z /home/runner/.npm
2026-10-07T03:59:25.9488796Z npm cache is not found
2026-10-07T03:59:25.9648921Z ##[group]Run npm ci --no-audit --fund=false
2026-10-07T03:59:25.9649336Z [36;1mnpm ci --no-audit --fund=false[0m
2026-10-07T03:59:25.9856218Z shell: /usr/bin/bash -e {0}
2026-10-07T03:59:25.9856490Z ##[endgroup]
2026-10-07T03:59:26.4420791Z npm warn EBADENGINE Unsupported engine {
2026-10-07T03:59:26.4421593Z npm warn EBADENGINE   package: '@prisma/streams-local@0.1.11',
2026-10-07T03:59:26.4422201Z npm warn EBADENGINE   required: { bun: '>=1.2.0', node: '>=22.0.0' },
2026-10-07T03:59:26.4422783Z npm warn EBADENGINE   current: { node: 'v20.20.2', npm: '10.8.2' }
2026-10-07T03:59:26.4423187Z npm warn EBADENGINE }
2026-10-07T03:59:34.2161642Z 
2026-10-07T03:59:34.2162307Z added 430 packages in 8s
2026-10-07T03:59:34.2425630Z ##[group]Run npm run db:migrate
2026-10-07T03:59:34.2425952Z [36;1mnpm run db:migrate[0m
2026-10-07T03:59:34.2490720Z shell: /usr/bin/bash -e {0}
2026-10-07T03:59:34.2490975Z env:
2026-10-07T03:59:34.2491527Z   DATABASE_URL: ***localhost:5432/calibrate_ci?schema=public
2026-10-07T03:59:34.2491891Z ##[endgroup]
2026-10-07T03:59:34.3830210Z 
2026-10-07T03:59:34.3830592Z > backend@0.38.0 db:migrate
2026-10-07T03:59:34.3831116Z > prisma migrate deploy
2026-10-07T03:59:34.3831340Z 
2026-10-07T03:59:35.4094919Z Loaded Prisma config from prisma.config.ts.
2026-10-07T03:59:35.4095382Z 
2026-10-07T03:59:35.5492947Z Prisma schema loaded from prisma/schema.prisma.
2026-10-07T03:59:35.5601173Z Datasource "db": PostgreSQL database "calibrate_ci", schema "public" at "localhost:5432"
2026-10-07T03:59:35.6316200Z 
2026-10-07T03:59:35.6316904Z 49 migrations found in prisma/migrations
2026-10-07T03:59:35.6317326Z 
2026-10-07T03:59:35.7253587Z Applying migration `0001_init`
2026-10-07T03:59:35.7547980Z Applying migration `0002_weight_units_grams`
2026-10-07T03:59:35.7696625Z Applying migration `0003_bodymetric_date_only`
2026-10-07T03:59:35.7810817Z Applying migration `0004_add_profile_fields`
2026-10-07T03:59:35.7857007Z Applying migration `0005_add_user_timezone`
2026-10-07T03:59:35.7888443Z Applying migration `0006_foodlog_local_date`
2026-10-07T03:59:35.7939193Z Applying migration `0007_height_unit_preference`
2026-10-07T03:59:35.7991773Z Applying migration `0008_meal_period_enum`
2026-10-07T03:59:35.8094988Z Applying migration `0009_add_user_profile_image`
2026-10-07T03:59:35.8121163Z Applying migration `0010_my_foods`
2026-10-07T03:59:35.8358253Z Applying migration `0011_add_user_language`
2026-10-07T03:59:35.8386599Z Applying migration `0012_session_store`
2026-10-07T03:59:35.8453046Z Applying migration `0013_food_log_day_completion`
2026-10-07T03:59:35.8537687Z Applying migration `0013_push_subscriptions`
2026-10-07T03:59:35.8645950Z Applying migration `0014_push_subscription_reminders`
2026-10-07T03:59:35.8672634Z Applying migration `0014_push_subscription_user_endpoint_uniqueness`
2026-10-07T03:59:35.8716068Z Applying migration `0015_reminder_preference_flags`
2026-10-07T03:59:35.8750602Z Applying migration `0016_bodymetric_trend_precompute`
2026-10-07T03:59:35.8830796Z Applying migration `0016_in_app_notifications`
2026-10-07T03:59:35.8958830Z Applying migration `0017_haptics_preference`
2026-10-07T03:59:35.8987462Z Applying migration `0017_notification_delivery_channels`
2026-10-07T03:59:35.9058583Z Applying migration `0018_food_log_external_snapshots`
2026-10-07T03:59:35.9094667Z Applying migration `0019_backend_server_audit_indexes`
2026-10-07T03:59:35.9130391Z Applying migration `0020_goal_active_lookup_index`
2026-10-07T03:59:35.9154408Z Applying migration `0021_mobile_native_client`
2026-10-07T03:59:35.9433053Z Applying migration `0022_bind_native_push_to_mobile_session`
2026-10-07T03:59:35.9530734Z Applying migration `0023_client_sync_foundation`
2026-10-07T03:59:35.9730947Z Applying migration `0024_account_lifecycle`
2026-10-07T03:59:35.9962009Z Applying migration `0025_my_food_pinning`
2026-10-07T03:59:36.0009068Z Applying migration `0026_health_connect_activity`
2026-10-07T03:59:36.0404829Z Applying migration `0027_wear_os_pairing`
2026-10-07T03:59:36.0575106Z Applying migration `0028_watch_operation_provenance`
2026-10-07T03:59:36.0634966Z Applying migration `0029_push_subscription_endpoint_ownership`
2026-10-07T03:59:36.0721769Z Applying migration `0030_day_resolution_and_tracking_pauses`
2026-10-07T03:59:36.0870093Z Applying migration `0031_calibration_insights`
2026-10-07T03:59:36.1125180Z Applying migration `0032_weight_trend_v2`
2026-10-07T03:59:36.1162417Z Applying migration `0033_weight_trend_source_revision`
2026-10-07T03:59:36.1190863Z Applying migration `0034_calorie_safety_policy`
2026-10-07T03:59:36.1470042Z Applying migration `0035_account_verification_and_legal_consent`
2026-10-07T03:59:36.1699450Z Applying migration `0036_atomic_onboarding`
2026-10-07T03:59:36.1740310Z Applying migration `0037_saved_foods_library`
2026-10-07T03:59:36.1778536Z Applying migration `0038_settings_trust_center`
2026-10-07T03:59:36.2085307Z Applying migration `0039_mcp_oauth`
2026-10-07T03:59:36.2598478Z Applying migration `0040_ios_native_support`
2026-10-07T03:59:36.2625251Z Applying migration `0041_server_settings`
2026-10-07T03:59:36.2670399Z Applying migration `0042_persistent_server_roles`
2026-10-07T03:59:36.2743291Z Applying migration `0043_food_day_comparison`
2026-10-07T03:59:36.2772691Z Applying migration `0044_goal_pace_history`
2026-10-07T03:59:36.2796828Z Applying migration `0045_firebase_identity_foundation`
2026-10-07T03:59:36.2944945Z 
2026-10-07T03:59:36.2955190Z The following migration(s) have been applied:
2026-10-07T03:59:36.2955680Z 
2026-10-07T03:59:36.2955857Z migrations/
2026-10-07T03:59:36.2956572Z   └─ 0001_init/
2026-10-07T03:59:36.2957170Z     └─ migration.sql
2026-10-07T03:59:36.2957753Z   └─ 0002_weight_units_grams/
2026-10-07T03:59:36.2958399Z     └─ migration.sql
2026-10-07T03:59:36.2958972Z   └─ 0003_bodymetric_date_only/
2026-10-07T03:59:36.2959775Z     └─ migration.sql
2026-10-07T03:59:36.2960328Z   └─ 0004_add_profile_fields/
2026-10-07T03:59:36.2960874Z     └─ migration.sql
2026-10-07T03:59:36.2961384Z   └─ 0005_add_user_timezone/
2026-10-07T03:59:36.2962016Z     └─ migration.sql
2026-10-07T03:59:36.2962527Z   └─ 0006_foodlog_local_date/
2026-10-07T03:59:36.2963052Z     └─ migration.sql
2026-10-07T03:59:36.2963615Z   └─ 0007_height_unit_preference/
2026-10-07T03:59:36.2964186Z     └─ migration.sql
2026-10-07T03:59:36.2964682Z   └─ 0008_meal_period_enum/
2026-10-07T03:59:36.2965200Z     └─ migration.sql
2026-10-07T03:59:36.2965762Z   └─ 0009_add_user_profile_image/
2026-10-07T03:59:36.2966278Z     └─ migration.sql
2026-10-07T03:59:36.2966703Z   └─ 0010_my_foods/
2026-10-07T03:59:36.2967138Z     └─ migration.sql
2026-10-07T03:59:36.2967540Z   └─ 0011_add_user_language/
2026-10-07T03:59:36.2967965Z     └─ migration.sql
2026-10-07T03:59:36.2968389Z   └─ 0012_session_store/
2026-10-07T03:59:36.2968810Z     └─ migration.sql
2026-10-07T03:59:36.2969257Z   └─ 0013_food_log_day_completion/
2026-10-07T03:59:36.2970205Z     └─ migration.sql
2026-10-07T03:59:36.2970629Z   └─ 0013_push_subscriptions/
2026-10-07T03:59:36.2971386Z     └─ migration.sql
2026-10-07T03:59:36.2971869Z   └─ 0014_push_subscription_reminders/
2026-10-07T03:59:36.2972359Z     └─ migration.sql
2026-10-07T03:59:36.2972888Z   └─ 0014_push_subscription_user_endpoint_uniqueness/
2026-10-07T03:59:36.2973427Z     └─ migration.sql
2026-10-07T03:59:36.2973900Z   └─ 0015_reminder_preference_flags/
2026-10-07T03:59:36.2974409Z     └─ migration.sql
2026-10-07T03:59:36.2974906Z   └─ 0016_bodymetric_trend_precompute/
2026-10-07T03:59:36.2975429Z     └─ migration.sql
2026-10-07T03:59:36.2975978Z   └─ 0016_in_app_notifications/
2026-10-07T03:59:36.2976454Z     └─ migration.sql
2026-10-07T03:59:36.2976895Z   └─ 0017_haptics_preference/
2026-10-07T03:59:36.2977412Z     └─ migration.sql
2026-10-07T03:59:36.2977942Z   └─ 0017_notification_delivery_channels/
2026-10-07T03:59:36.2978449Z     └─ migration.sql
2026-10-07T03:59:36.2978933Z   └─ 0018_food_log_external_snapshots/
2026-10-07T03:59:36.2979442Z     └─ migration.sql
2026-10-07T03:59:36.2980274Z   └─ 0019_backend_server_audit_indexes/
2026-10-07T03:59:36.2980814Z     └─ migration.sql
2026-10-07T03:59:36.2981303Z   └─ 0020_goal_active_lookup_index/
2026-10-07T03:59:36.2981801Z     └─ migration.sql
2026-10-07T03:59:36.2982272Z   └─ 0021_mobile_native_client/
2026-10-07T03:59:36.2982751Z     └─ migration.sql
2026-10-07T03:59:36.2983288Z   └─ 0022_bind_native_push_to_mobile_session/
2026-10-07T03:59:36.2983883Z     └─ migration.sql
2026-10-07T03:59:36.2984367Z   └─ 0023_client_sync_foundation/
2026-10-07T03:59:36.2984847Z     └─ migration.sql
2026-10-07T03:59:36.2985270Z   └─ 0024_account_lifecycle/
2026-10-07T03:59:36.2985738Z     └─ migration.sql
2026-10-07T03:59:36.2986241Z   └─ 0025_my_food_pinning/
2026-10-07T03:59:36.2986691Z     └─ migration.sql
2026-10-07T03:59:36.2987412Z   └─ 0026_health_connect_activity/
2026-10-07T03:59:36.2987922Z     └─ migration.sql
2026-10-07T03:59:36.2988361Z   └─ 0027_wear_os_pairing/
2026-10-07T03:59:36.2988805Z     └─ migration.sql
2026-10-07T03:59:36.2989432Z   └─ 0028_watch_operation_provenance/
2026-10-07T03:59:36.2990174Z     └─ migration.sql
2026-10-07T03:59:36.2990735Z   └─ 0029_push_subscription_endpoint_ownership/
2026-10-07T03:59:36.2991297Z     └─ migration.sql
2026-10-07T03:59:36.2991837Z   └─ 0030_day_resolution_and_tracking_pauses/
2026-10-07T03:59:36.2992381Z     └─ migration.sql
2026-10-07T03:59:36.2992858Z   └─ 0031_calibration_insights/
2026-10-07T03:59:36.2993334Z     └─ migration.sql
2026-10-07T03:59:36.2993757Z   └─ 0032_weight_trend_v2/
2026-10-07T03:59:36.2994182Z     └─ migration.sql
2026-10-07T03:59:36.2994656Z   └─ 0033_weight_trend_source_revision/
2026-10-07T03:59:36.2995141Z     └─ migration.sql
2026-10-07T03:59:36.2995592Z   └─ 0034_calorie_safety_policy/
2026-10-07T03:59:36.2996042Z     └─ migration.sql
2026-10-07T03:59:36.2996583Z   └─ 0035_account_verification_and_legal_consent/
2026-10-07T03:59:36.2997136Z     └─ migration.sql
2026-10-07T03:59:36.2997547Z   └─ 0036_atomic_onboarding/
2026-10-07T03:59:36.2997978Z     └─ migration.sql
2026-10-07T03:59:36.2998439Z   └─ 0037_saved_foods_library/
2026-10-07T03:59:36.2998883Z     └─ migration.sql
2026-10-07T03:59:36.2999358Z   └─ 0038_settings_trust_center/
2026-10-07T03:59:36.3000004Z     └─ migration.sql
2026-10-07T03:59:36.3000376Z   └─ 0039_mcp_oauth/
2026-10-07T03:59:36.3000832Z     └─ migration.sql
2026-10-07T03:59:36.3001345Z   └─ 0040_ios_native_support/
2026-10-07T03:59:36.3001857Z     └─ migration.sql
2026-10-07T03:59:36.3002355Z   └─ 0041_server_settings/
2026-10-07T03:59:36.3002838Z     └─ migration.sql
2026-10-07T03:59:36.3003358Z   └─ 0042_persistent_server_roles/
2026-10-07T03:59:36.3003911Z     └─ migration.sql
2026-10-07T03:59:36.3004421Z   └─ 0043_food_day_comparison/
2026-10-07T03:59:36.3004925Z     └─ migration.sql
2026-10-07T03:59:36.3005440Z   └─ 0044_goal_pace_history/
2026-10-07T03:59:36.3005955Z     └─ migration.sql
2026-10-07T03:59:36.3006502Z   └─ 0045_firebase_identity_foundation/
2026-10-07T03:59:36.3007083Z     └─ migration.sql
2026-10-07T03:59:36.3007310Z 
2026-10-07T03:59:36.3007656Z All migrations have been successfully applied.
2026-10-07T03:59:36.3230477Z ##[group]Run npm test
2026-10-07T03:59:36.3230766Z [36;1mnpm test[0m
2026-10-07T03:59:36.3296659Z shell: /usr/bin/bash -e {0}
2026-10-07T03:59:36.3296908Z env:
2026-10-07T03:59:36.3297560Z   CALIBRATE_SERVER_ACCESS_TEST_DATABASE_URL: ***localhost:5432/calibrate_ci?schema=public
2026-10-07T03:59:36.3298003Z ##[endgroup]
2026-10-07T03:59:36.4651078Z 
2026-10-07T03:59:36.4651369Z > backend@0.38.0 pretest
2026-10-07T03:59:36.4651858Z > npm run prisma:generate
2026-10-07T03:59:36.4652130Z 
2026-10-07T03:59:36.5895412Z 
2026-10-07T03:59:36.5896024Z > backend@0.38.0 prisma:generate
2026-10-07T03:59:36.5896577Z > prisma generate
2026-10-07T03:59:36.5896801Z 
2026-10-07T03:59:37.3273039Z Loaded Prisma config from prisma.config.ts.
2026-10-07T03:59:37.3273485Z 
2026-10-07T03:59:37.4872976Z Prisma schema loaded from prisma/schema.prisma.
2026-10-07T03:59:38.2641309Z ┌─────────────────────────────────────────────────────────┐
2026-10-07T03:59:38.2642382Z │  Update available 7.9.0 -> 8.0.0-rc.20                  │
2026-10-07T03:59:38.2643240Z │                                                         │
2026-10-07T03:59:38.2644117Z │  This is a major update - please follow the guide at    │
2026-10-07T03:59:38.2645070Z │  https://pris.ly/d/major-version-upgrade                │
2026-10-07T03:59:38.2645928Z │                                                         │
2026-10-07T03:59:38.2646745Z │  Run the following to update                            │
2026-10-07T03:59:38.2647605Z │    npm i --save-dev prisma@latest                       │
2026-10-07T03:59:38.2648448Z │    npm i @prisma/client@latest                          │
2026-10-07T03:59:38.2649298Z └─────────────────────────────────────────────────────────┘
2026-10-07T03:59:38.2649922Z 
2026-10-07T03:59:38.2650601Z ✔ Generated Prisma Client (v7.9.0) to ./node_modules/@prisma/client in 543ms
2026-10-07T03:59:38.2651193Z 
2026-10-07T03:59:38.2651830Z Start by importing your Prisma Client (See: https://pris.ly/d/importing-client)
2026-10-07T03:59:38.2652452Z 
2026-10-07T03:59:38.2652462Z 
2026-10-07T03:59:38.2933034Z 
2026-10-07T03:59:38.2933392Z > backend@0.38.0 test
2026-10-07T03:59:38.2933907Z > node -r ts-node/register --test
2026-10-07T03:59:38.5750468Z 
2026-10-07T03:59:38.5750925Z TAP version 13
2026-10-07T03:59:42.8671120Z # Subtest: restricted sessions receive stable verification and legal error codes
2026-10-07T03:59:42.8691928Z ok 1 - restricted sessions receive stable verification and legal error codes
2026-10-07T03:59:42.8692822Z   ---
2026-10-07T03:59:42.8693333Z   duration_ms: 4038.780811
2026-10-07T03:59:42.8693775Z   ...
2026-10-07T03:59:42.8697606Z # Subtest: restricted sessions retain only trust, export, deletion, config, and logout access
2026-10-07T03:59:42.8699141Z ok 2 - restricted sessions retain only trust, export, deletion, config, and logout access
2026-10-07T03:59:42.8700089Z   ---
2026-10-07T03:59:42.8700463Z   duration_ms: 6.592628
2026-10-07T03:59:42.8700838Z   ...
2026-10-07T03:59:42.8702247Z # Subtest: full accounts continue to ordinary authenticated routes
2026-10-07T03:59:42.8703706Z ok 3 - full accounts continue to ordinary authenticated routes
2026-10-07T03:59:42.8704401Z   ---
2026-10-07T03:59:42.8704723Z   duration_ms: 6.719815
2026-10-07T03:59:42.9220785Z   ...
2026-10-07T03:59:42.9221686Z # Subtest: account access prioritizes email verification before legal acceptance
2026-10-07T03:59:42.9290783Z ok 4 - account access prioritizes email verification before legal acceptance
2026-10-07T03:59:42.9302687Z   ---
2026-10-07T03:59:42.9303388Z   duration_ms: 2.435991
2026-10-07T03:59:42.9304012Z   ...
2026-10-07T03:59:42.9305056Z # Subtest: hosted account access requires current legal versions after verification
2026-10-07T03:59:42.9306434Z ok 5 - hosted account access requires current legal versions after verification
2026-10-07T03:59:42.9307349Z   ---
2026-10-07T03:59:42.9307888Z   duration_ms: 0.262019
2026-10-07T03:59:42.9308456Z   ...
2026-10-07T03:59:42.9310203Z # Subtest: self-hosted account access does not require Calibrate hosted-service consent
2026-10-07T03:59:42.9311942Z ok 6 - self-hosted account access does not require Calibrate hosted-service consent
2026-10-07T03:59:42.9312909Z   ---
2026-10-07T03:59:42.9313465Z   duration_ms: 0.228587
2026-10-07T03:59:42.9314029Z   ...
2026-10-07T03:59:42.9315028Z # Subtest: account access is full only when verification and current consent are present
2026-10-07T03:59:42.9316446Z ok 7 - account access is full only when verification and current consent are present
2026-10-07T03:59:42.9317410Z   ---
2026-10-07T03:59:42.9317948Z   duration_ms: 0.236041
2026-10-07T03:59:42.9318533Z   ...
2026-10-07T03:59:42.9319758Z # Subtest: self-hosted background jobs require verification without hosted legal consent
2026-10-07T03:59:42.9321297Z ok 8 - self-hosted background jobs require verification without hosted legal consent
2026-10-07T03:59:42.9322270Z   ---
2026-10-07T03:59:42.9322791Z   duration_ms: 0.209882
2026-10-07T03:59:42.9323368Z   ...
2026-10-07T03:59:42.9324232Z # Subtest: hosted deployed registration requires configured account email
2026-10-07T03:59:42.9325376Z ok 9 - hosted deployed registration requires configured account email
2026-10-07T03:59:42.9326139Z   ---
2026-10-07T03:59:42.9326619Z   duration_ms: 1.910089
2026-10-07T03:59:42.9327137Z   ...
2026-10-07T03:59:42.9327966Z # Subtest: self-hosted deployments may preserve registration without SMTP
2026-10-07T03:59:42.9329112Z ok 10 - self-hosted deployments may preserve registration without SMTP
2026-10-07T03:59:42.9330165Z   ---
2026-10-07T03:59:42.9330651Z   duration_ms: 0.249977
2026-10-07T03:59:42.9331172Z   ...
2026-10-07T03:59:42.9332124Z # Subtest: SMTP configuration requires a complete provider-neutral transport
2026-10-07T03:59:42.9333335Z ok 11 - SMTP configuration requires a complete provider-neutral transport
2026-10-07T03:59:42.9334138Z   ---
2026-10-07T03:59:42.9334616Z   duration_ms: 0.396421
2026-10-07T03:59:42.9335138Z   ...
2026-10-07T03:59:42.9335896Z # Subtest: hosted account links reject a plaintext public origin
2026-10-07T03:59:42.9336915Z ok 12 - hosted account links reject a plaintext public origin
2026-10-07T03:59:42.9337619Z   ---
2026-10-07T03:59:42.9338093Z   duration_ms: 0.259775
2026-10-07T03:59:42.9338612Z   ...
2026-10-07T03:59:42.9339453Z # Subtest: account links keep credentials out of query strings and referrers
2026-10-07T03:59:42.9340850Z ok 13 - account links keep credentials out of query strings and referrers
2026-10-07T03:59:42.9341639Z   ---
2026-10-07T03:59:42.9342117Z   duration_ms: 0.404315
2026-10-07T03:59:42.9342635Z   ...
2026-10-07T03:59:42.9343383Z # Subtest: equivalent resolved SMTP settings reuse one transport
2026-10-07T03:59:42.9344386Z ok 14 - equivalent resolved SMTP settings reuse one transport
2026-10-07T03:59:42.9345113Z   ---
2026-10-07T03:59:42.9345584Z   duration_ms: 0.69102
2026-10-07T03:59:42.9346102Z   ...
2026-10-07T03:59:42.9347127Z # Subtest: installed Nodemailer composes verification and recovery messages without sending email
2026-10-07T03:59:42.9348655Z ok 15 - installed Nodemailer composes verification and recovery messages without sending email
2026-10-07T03:59:42.9349790Z   ---
2026-10-07T03:59:42.9350339Z   duration_ms: 29.50696
2026-10-07T03:59:42.9350938Z   ...
2026-10-07T03:59:47.1729919Z # Subtest: account export returns canonical versioned tracking data without credentials
2026-10-07T03:59:47.1790694Z ok 16 - account export returns canonical versioned tracking data without credentials
2026-10-07T03:59:47.1830216Z   ---
2026-10-07T03:59:47.1872235Z   duration_ms: 4698.968473
2026-10-07T03:59:47.1970329Z   ...
2026-10-07T03:59:47.1997351Z # Subtest: account export returns null for a missing account
2026-10-07T03:59:47.2080505Z ok 17 - account export returns null for a missing account
2026-10-07T03:59:47.2140380Z   ---
2026-10-07T03:59:47.2200744Z   duration_ms: 52.761204
2026-10-07T03:59:47.2301033Z   ...
2026-10-07T03:59:47.2333836Z # Subtest: account deletion checks server access in the same lock before deleting the selected account root
2026-10-07T03:59:47.2371071Z ok 18 - account deletion checks server access in the same lock before deleting the selected account root
2026-10-07T03:59:47.2371968Z   ---
2026-10-07T03:59:47.2372315Z   duration_ms: 28.850848
2026-10-07T03:59:47.2372691Z   ...
2026-10-07T03:59:47.2373445Z # Subtest: account deletion keeps the account when server access prevents removal
2026-10-07T03:59:47.2374573Z ok 19 - account deletion keeps the account when server access prevents removal
2026-10-07T03:59:47.2375246Z   ---
2026-10-07T03:59:47.2375572Z   duration_ms: 20.927621
2026-10-07T03:59:47.2375949Z   ...
2026-10-07T03:59:47.2376656Z # Subtest: account deletion returns false when the account is already missing
2026-10-07T03:59:47.2377710Z ok 20 - account deletion returns false when the account is already missing
2026-10-07T03:59:47.2378364Z   ---
2026-10-07T03:59:47.2378702Z   duration_ms: 24.190349
2026-10-07T03:59:47.2379095Z   ...
2026-10-07T03:59:47.2381017Z # Subtest: portable export preserves captured and unavailable day plans through JSON serialization
2026-10-07T03:59:47.2382595Z ok 21 - portable export preserves captured and unavailable day plans through JSON serialization
2026-10-07T03:59:47.2410309Z   ---
2026-10-07T03:59:47.2466613Z   duration_ms: 61.382656
2026-10-07T03:59:47.2521996Z   ...
2026-10-07T03:59:47.2550799Z # Subtest: export v10 retains both manual pace and nullable legacy revision provenance
2026-10-07T03:59:47.2577521Z ok 22 - export v10 retains both manual pace and nullable legacy revision provenance
2026-10-07T03:59:47.2640122Z   ---
2026-10-07T03:59:47.2700208Z   duration_ms: 49.687931
2026-10-07T03:59:47.2700957Z   ...
2026-10-07T03:59:47.8281217Z # Subtest: account session listing is owner-scoped, privacy-safe, and places current first
2026-10-07T03:59:47.8283497Z ok 23 - account session listing is owner-scoped, privacy-safe, and places current first
2026-10-07T03:59:47.8284248Z   ---
2026-10-07T03:59:47.8284590Z   duration_ms: 4812.534979
2026-10-07T03:59:47.8285004Z   ...
2026-10-07T03:59:47.8285741Z # Subtest: account session listing labels iOS phone and tablet sessions distinctly
2026-10-07T03:59:47.8286732Z ok 24 - account session listing labels iOS phone and tablet sessions distinctly
2026-10-07T03:59:47.8287303Z   ---
2026-10-07T03:59:47.8287570Z   duration_ms: 60.779389
2026-10-07T03:59:47.8287880Z   ...
2026-10-07T03:59:47.8288529Z # Subtest: single-session revocation hides ownership and preserves the current session
2026-10-07T03:59:47.8289716Z ok 25 - single-session revocation hides ownership and preserves the current session
2026-10-07T03:59:47.8290419Z   ---
2026-10-07T03:59:47.8290729Z   duration_ms: 36.337631
2026-10-07T03:59:47.8291084Z   ...
2026-10-07T03:59:47.8292006Z # Subtest: revoke others retries one serialization conflict and preserves both current-session predicates
2026-10-07T03:59:47.8293451Z ok 26 - revoke others retries one serialization conflict and preserves both current-session predicates
2026-10-07T03:59:47.8294284Z   ---
2026-10-07T03:59:47.8294617Z   duration_ms: 18.329505
2026-10-07T03:59:47.8294970Z   ...
2026-10-07T03:59:49.4771167Z # Subtest: account token hashes are purpose-bound and never equal raw credentials
2026-10-07T03:59:49.4830741Z ok 27 - account token hashes are purpose-bound and never equal raw credentials
2026-10-07T03:59:49.4837853Z   ---
2026-10-07T03:59:49.4880508Z   duration_ms: 6092.570301
2026-10-07T03:59:49.4885450Z   ...
2026-10-07T03:59:49.4886445Z # Subtest: issued recovery token stores only its hash with a 30 minute expiry
2026-10-07T03:59:49.4887661Z ok 28 - issued recovery token stores only its hash with a 30 minute expiry
2026-10-07T03:59:49.4888453Z   ---
2026-10-07T03:59:49.4888924Z   duration_ms: 68.819154
2026-10-07T03:59:49.4889453Z   ...
2026-10-07T03:59:49.4890961Z # Subtest: password reset atomically revokes browser, phone, Wear, push, pairing, and connected-assistant credentials
2026-10-07T03:59:49.4892870Z ok 29 - password reset atomically revokes browser, phone, Wear, push, pairing, and connected-assistant credentials
2026-10-07T03:59:49.4894898Z   ---
2026-10-07T03:59:49.4895511Z   duration_ms: 49.236156
2026-10-07T03:59:49.4900425Z   ...
2026-10-07T03:59:49.4901336Z # Subtest: expired or already-consumed reset tokens cannot change credentials
2026-10-07T03:59:49.4902550Z ok 30 - expired or already-consumed reset tokens cannot change credentials
2026-10-07T03:59:49.4903352Z   ---
2026-10-07T03:59:49.4903804Z   duration_ms: 26.824341
2026-10-07T03:59:49.4904343Z   ...
2026-10-07T03:59:49.5811265Z # Subtest: account trust migration verifies existing users without inventing legal acceptance
2026-10-07T03:59:49.5830451Z ok 31 - account trust migration verifies existing users without inventing legal acceptance
2026-10-07T03:59:49.5833956Z   ---
2026-10-07T03:59:49.5834692Z   duration_ms: 8.181891
2026-10-07T03:59:49.5835241Z   ...
2026-10-07T03:59:49.5836058Z # Subtest: account trust migration stores only purpose-bound token hashes
2026-10-07T03:59:49.5837119Z ok 32 - account trust migration stores only purpose-bound token hashes
2026-10-07T03:59:49.5837953Z   ---
2026-10-07T03:59:49.5838392Z   duration_ms: 0.269734
2026-10-07T03:59:49.5838861Z   ...
2026-10-07T03:59:49.5840075Z # Subtest: settings trust migration preserves legacy reminder receipts during the per-type split
2026-10-07T03:59:49.5841623Z ok 33 - settings trust migration preserves legacy reminder receipts during the per-type split
2026-10-07T03:59:49.5842530Z   ---
2026-10-07T03:59:49.5842978Z   duration_ms: 6.496421
2026-10-07T03:59:49.5843457Z   ...
2026-10-07T03:59:52.2751273Z # Subtest: activity utils parse source identity and derive local day in the account timezone
2026-10-07T03:59:52.2753054Z ok 34 - activity utils parse source identity and derive local day in the account timezone
2026-10-07T03:59:52.2761883Z   ---
2026-10-07T03:59:52.2762551Z   duration_ms: 40.307004
2026-10-07T03:59:52.2763332Z   ...
2026-10-07T03:59:52.2798400Z # Subtest: activity utils enforce record-type-specific values and interval ordering
2026-10-07T03:59:52.2849028Z ok 35 - activity utils enforce record-type-specific values and interval ordering
2026-10-07T03:59:52.2930100Z   ---
2026-10-07T03:59:52.2960200Z   duration_ms: 0.757155
2026-10-07T03:59:52.3010102Z   ...
2026-10-07T03:59:52.3071496Z # Subtest: activity utils enforce exact Health Connect weight policy bounds
2026-10-07T03:59:52.3171265Z ok 36 - activity utils enforce exact Health Connect weight policy bounds
2026-10-07T03:59:52.3260270Z   ---
2026-10-07T03:59:52.3290121Z   duration_ms: 0.897127
2026-10-07T03:59:52.3350220Z   ...
2026-10-07T03:59:52.3383508Z # Subtest: activity utils accept BigInt-safe client versions and nullable aggregate totals
2026-10-07T03:59:52.3420647Z ok 37 - activity utils accept BigInt-safe client versions and nullable aggregate totals
2026-10-07T03:59:52.3450070Z   ---
2026-10-07T03:59:52.3461243Z   duration_ms: 0.77619
2026-10-07T03:59:52.3470185Z   ...
2026-10-07T03:59:52.3507836Z # Subtest: activity utils reject ambiguous pages and stale-token reset shapes
2026-10-07T03:59:52.3540659Z ok 38 - activity utils reject ambiguous pages and stale-token reset shapes
2026-10-07T03:59:52.3570112Z   ---
2026-10-07T03:59:52.3654633Z   duration_ms: 0.722921
2026-10-07T03:59:52.3655184Z   ...
2026-10-07T03:59:52.3710780Z # Subtest: activity utils require explicit sync mode and validate reset replacement windows
2026-10-07T03:59:52.3712162Z ok 39 - activity utils require explicit sync mode and validate reset replacement windows
2026-10-07T03:59:52.3730091Z   ---
2026-10-07T03:59:52.3738294Z   duration_ms: 0.571448
2026-10-07T03:59:52.3738885Z   ...
2026-10-07T03:59:52.3740069Z # Subtest: activity range uses inclusive date-only math across DST boundaries
2026-10-07T03:59:52.3741375Z ok 40 - activity range uses inclusive date-only math across DST boundaries
2026-10-07T03:59:52.3742220Z   ---
2026-10-07T03:59:52.3742713Z   duration_ms: 1.186016
2026-10-07T03:59:52.3743268Z   ...
2026-10-07T03:59:52.4104502Z # Subtest: JSON errors receive the additive standard envelope while successful responses remain unchanged
2026-10-07T03:59:52.4131851Z ok 41 - JSON errors receive the additive standard envelope while successful responses remain unchanged
2026-10-07T03:59:52.4150656Z   ---
2026-10-07T03:59:52.4180769Z   duration_ms: 91.011243
2026-10-07T03:59:52.4210262Z   ...
2026-10-07T03:59:52.4211252Z # Subtest: explicit error fields and domain extensions are preserved without mutating replay bodies
2026-10-07T03:59:52.4240947Z ok 42 - explicit error fields and domain extensions are preserved without mutating replay bodies
2026-10-07T03:59:52.4255206Z   ---
2026-10-07T03:59:52.4255942Z   duration_ms: 23.347211
2026-10-07T03:59:52.4256606Z   ...
2026-10-07T03:59:52.4257622Z # Subtest: malformed, primitive, and thrown error bodies fall back to safe contract values
2026-10-07T03:59:52.4259035Z ok 43 - malformed, primitive, and thrown error bodies fall back to safe contract values
2026-10-07T03:59:52.4260292Z   ---
2026-10-07T03:59:52.4260763Z   duration_ms: 38.940274
2026-10-07T03:59:52.4261271Z   ...
2026-10-07T03:59:52.4262250Z # Subtest: unknown API and auth routes return standard JSON before frontend fallback
2026-10-07T03:59:52.4290435Z ok 44 - unknown API and auth routes return standard JSON before frontend fallback
2026-10-07T03:59:52.4292257Z   ---
2026-10-07T03:59:52.4296452Z   duration_ms: 23.886128
2026-10-07T03:59:52.4297002Z   ...
2026-10-07T03:59:52.4420865Z # Subtest: body-parser syntax errors never expose parser or request text
2026-10-07T03:59:52.4430737Z ok 45 - body-parser syntax errors never expose parser or request text
2026-10-07T03:59:52.4480175Z   ---
2026-10-07T03:59:52.4490138Z   duration_ms: 28.594816
2026-10-07T03:59:52.4524231Z   ...
2026-10-07T03:59:52.4550741Z # Subtest: body-parser failures use the same request ID in the response header and error body
2026-10-07T03:59:52.4580797Z ok 46 - body-parser failures use the same request ID in the response header and error body
2026-10-07T03:59:52.4610184Z   ---
2026-10-07T03:59:52.4620290Z   duration_ms: 12.617995
2026-10-07T03:59:52.4630076Z   ...
2026-10-07T03:59:52.7555134Z # Subtest: password credentials reject bcrypt-truncated UTF-8 values
2026-10-07T03:59:52.7612556Z ok 47 - password credentials reject bcrypt-truncated UTF-8 values
2026-10-07T03:59:52.7637422Z   ---
2026-10-07T03:59:52.7659023Z   duration_ms: 1.996751
2026-10-07T03:59:52.7690157Z   ...
2026-10-07T03:59:56.4061198Z # Subtest: authenticated user middleware accepts a hydrated principal
2026-10-07T03:59:56.4090659Z ok 48 - authenticated user middleware accepts a hydrated principal
2026-10-07T03:59:56.4150239Z   ---
2026-10-07T03:59:56.4180383Z   duration_ms: 7.217978
2026-10-07T03:59:56.4240161Z   ...
2026-10-07T03:59:56.4300557Z # Subtest: authenticated user middleware rejects missing or malformed principals
2026-10-07T03:59:56.4350661Z ok 49 - authenticated user middleware rejects missing or malformed principals
2026-10-07T03:59:56.4410146Z   ---
2026-10-07T03:59:56.4470244Z   duration_ms: 1.077443
2026-10-07T03:59:56.4530430Z   ...
2026-10-07T03:59:56.4570613Z # Subtest: getAuthenticatedUser fails closed when a route omits its guard
2026-10-07T03:59:56.4640548Z ok 50 - getAuthenticatedUser fails closed when a route omits its guard
2026-10-07T03:59:56.4650104Z   ---
2026-10-07T03:59:56.4720969Z   duration_ms: 5.602258
2026-10-07T03:59:56.4770425Z   ...
2026-10-07T03:59:58.7291169Z # Subtest: reports progress before the seven-day insight threshold
2026-10-07T03:59:58.7360955Z ok 51 - reports progress before the seven-day insight threshold
2026-10-07T03:59:58.7430235Z   ---
2026-10-07T03:59:58.7504155Z   duration_ms: 19.404629
2026-10-07T03:59:58.7506422Z   ...
2026-10-07T03:59:58.7507599Z # Subtest: provides a descriptive insight after seven days without recommending a change
2026-10-07T03:59:58.7509246Z ok 52 - provides a descriptive insight after seven days without recommending a change
2026-10-07T03:59:58.7510626Z   ---
2026-10-07T03:59:58.7511240Z   duration_ms: 4.240804
2026-10-07T03:59:58.7511884Z   ...
2026-10-07T03:59:58.7512976Z # Subtest: explains when food history is strong but weight history cannot establish a pace
2026-10-07T03:59:58.7535951Z ok 53 - explains when food history is strong but weight history cannot establish a pace
2026-10-07T03:59:58.7536816Z   ---
2026-10-07T03:59:58.7537203Z   duration_ms: 0.600231
2026-10-07T03:59:58.7537620Z   ...
2026-10-07T03:59:58.7538332Z # Subtest: uses natural learning copy before any weights are recorded
2026-10-07T03:59:58.7539384Z ok 54 - uses natural learning copy before any weights are recorded
2026-10-07T03:59:58.7540847Z   ---
2026-10-07T03:59:58.7541233Z   duration_ms: 0.720165
2026-10-07T03:59:58.7541655Z   ...
2026-10-07T03:59:58.7542592Z # Subtest: does not adjust a target when intake and observed pace agree with the profile estimate
2026-10-07T03:59:58.7544039Z ok 55 - does not adjust a target when intake and observed pace agree with the profile estimate
2026-10-07T03:59:58.7544887Z   ---
2026-10-07T03:59:58.7545254Z   duration_ms: 22.077674
2026-10-07T03:59:58.7545664Z   ...
2026-10-07T03:59:58.7546296Z # Subtest: caps an actionable target correction at 150 kcal
2026-10-07T03:59:58.7547201Z ok 56 - caps an actionable target correction at 150 kcal
2026-10-07T03:59:58.7547803Z   ---
2026-10-07T03:59:58.7548165Z   duration_ms: 29.606132
2026-10-07T03:59:58.7548567Z   ...
2026-10-07T03:59:58.7549158Z # Subtest: caps an upward target correction at 150 kcal
2026-10-07T03:59:58.7550253Z ok 57 - caps an upward target correction at 150 kcal
2026-10-07T03:59:58.7550820Z   ---
2026-10-07T03:59:58.7551174Z   duration_ms: 20.062048
2026-10-07T03:59:58.7551570Z   ...
2026-10-07T03:59:58.7552267Z # Subtest: a post-gap pair cannot establish pace or recommend a change
2026-10-07T03:59:58.7553288Z ok 58 - a post-gap pair cannot establish pace or recommend a change
2026-10-07T03:59:58.7553951Z   ---
2026-10-07T03:59:58.7554295Z   duration_ms: 1.201976
2026-10-07T03:59:58.7554673Z   ...
2026-10-07T03:59:58.7555498Z # Subtest: calibration v4 isolates selected-window pace from a strong earlier reversal
2026-10-07T03:59:58.7556786Z ok 59 - calibration v4 isolates selected-window pace from a strong earlier reversal
2026-10-07T03:59:58.7557556Z   ---
2026-10-07T03:59:58.7557910Z   duration_ms: 78.617886
2026-10-07T03:59:58.7558310Z   ...
2026-10-07T03:59:58.7569189Z # Subtest: calibration v4 does not fall back to current velocity after a reset inside the selected window
2026-10-07T03:59:58.7570984Z ok 60 - calibration v4 does not fall back to current velocity after a reset inside the selected window
2026-10-07T03:59:58.7571853Z   ---
2026-10-07T03:59:58.7572212Z   duration_ms: 18.098689
2026-10-07T03:59:58.7572615Z   ...
2026-10-07T03:59:58.7573466Z # Subtest: explains the 14-day action threshold when directional evidence appears earlier
2026-10-07T03:59:58.7574745Z ok 61 - explains the 14-day action threshold when directional evidence appears earlier
2026-10-07T03:59:58.7575507Z   ---
2026-10-07T03:59:58.7575857Z   duration_ms: 8.784885
2026-10-07T03:59:58.7576241Z   ...
2026-10-07T03:59:58.7577151Z # Subtest: attributes slow progress to logged intake rather than changing a sound target estimate
2026-10-07T03:59:58.7578570Z ok 62 - attributes slow progress to logged intake rather than changing a sound target estimate
2026-10-07T03:59:58.7579402Z   ---
2026-10-07T03:59:58.7580008Z   duration_ms: 31.626727
2026-10-07T03:59:58.7580400Z   ...
2026-10-07T03:59:58.7581168Z # Subtest: keeps skipped and suspicious days in the uncertainty calculation
2026-10-07T03:59:58.7582297Z ok 63 - keeps skipped and suspicious days in the uncertainty calculation
2026-10-07T03:59:58.7582992Z   ---
2026-10-07T03:59:58.7583354Z   duration_ms: 12.113736
2026-10-07T03:59:58.7583763Z   ...
2026-10-07T03:59:58.7584590Z # Subtest: preserves unusually high logged totals inside non-confident intake ranges
2026-10-07T03:59:58.7585880Z ok 64 - preserves unusually high logged totals inside non-confident intake ranges
2026-10-07T03:59:58.7586674Z   ---
2026-10-07T03:59:58.7587051Z   duration_ms: 14.634179
2026-10-07T03:59:58.7587475Z   ...
2026-10-07T03:59:58.7588689Z # Subtest: uses the configured display unit in user-facing pace copy while retaining kg estimates
2026-10-07T03:59:58.7620690Z ok 65 - uses the configured display unit in user-facing pace copy while retaining kg estimates
2026-10-07T03:59:58.7621518Z   ---
2026-10-07T03:59:58.7621899Z   duration_ms: 19.813274
2026-10-07T03:59:58.7622310Z   ...
2026-10-07T03:59:58.7623071Z # Subtest: explains when weight uncertainty prevents a safe budget assessment
2026-10-07T03:59:58.7624245Z ok 66 - explains when weight uncertainty prevents a safe budget assessment
2026-10-07T03:59:58.7624951Z   ---
2026-10-07T03:59:58.7625319Z   duration_ms: 14.744211
2026-10-07T03:59:58.7625736Z   ...
2026-10-07T03:59:58.7626478Z # Subtest: describes a broad pace range that includes both loss and gain
2026-10-07T03:59:58.7627620Z ok 67 - describes a broad pace range that includes both loss and gain
2026-10-07T03:59:58.7628352Z   ---
2026-10-07T03:59:58.7628741Z   duration_ms: 20.739855
2026-10-07T03:59:58.7629179Z   ...
2026-10-07T03:59:58.7630341Z # Subtest: an isolated three-kilogram spike cannot create an unsafe recommendation
2026-10-07T03:59:58.7631624Z ok 68 - an isolated three-kilogram spike cannot create an unsafe recommendation
2026-10-07T03:59:58.7632752Z   ---
2026-10-07T03:59:58.7633416Z   duration_ms: 11.700654
2026-10-07T03:59:58.7633995Z   ...
2026-10-07T03:59:58.7635236Z # Subtest: stale and outdated weigh-ins cannot trigger a calorie-budget recommendation
2026-10-07T03:59:58.7636846Z ok 69 - stale and outdated weigh-ins cannot trigger a calorie-budget recommendation
2026-10-07T03:59:58.7637966Z   ---
2026-10-07T03:59:58.7638611Z   duration_ms: 12.077608
2026-10-07T03:59:58.7639190Z   ...
2026-10-07T03:59:58.7640673Z # Subtest: truncates a supported decrease when the normal step would cross the BMR floor
2026-10-07T03:59:58.7642258Z ok 70 - truncates a supported decrease when the normal step would cross the BMR floor
2026-10-07T03:59:58.7643465Z   ---
2026-10-07T03:59:58.7644084Z   duration_ms: 11.256885
2026-10-07T03:59:58.7644687Z   ...
2026-10-07T03:59:58.7645983Z # Subtest: a fractional BMR cannot generate a recommendation below the canonical ceiling floor
2026-10-07T03:59:58.7668361Z ok 71 - a fractional BMR cannot generate a recommendation below the canonical ceiling floor
2026-10-07T03:59:58.7669281Z   ---
2026-10-07T03:59:58.7669931Z   duration_ms: 9.340323
2026-10-07T03:59:58.7670377Z   ...
2026-10-07T03:59:58.7671416Z # Subtest: does not reverse recommendation direction when the current target is below the BMR floor
2026-10-07T03:59:58.7672982Z ok 72 - does not reverse recommendation direction when the current target is below the BMR floor
2026-10-07T03:59:58.7673873Z   ---
2026-10-07T03:59:58.7674273Z   duration_ms: 9.520691
2026-10-07T03:59:58.7674690Z   ...
2026-10-07T03:59:58.7675310Z # Subtest: uses singular grammar for one uncertain day
2026-10-07T03:59:58.7676140Z ok 73 - uses singular grammar for one uncertain day
2026-10-07T03:59:58.7676711Z   ---
2026-10-07T03:59:58.7677123Z   duration_ms: 32.068363
2026-10-07T03:59:58.7677561Z   ...
2026-10-07T03:59:58.7678447Z # Subtest: covers pounds while keeping automatic target changes limited to loss goals
2026-10-07T03:59:58.7679975Z ok 74 - covers pounds while keeping automatic target changes limited to loss goals
2026-10-07T03:59:58.7680773Z   ---
2026-10-07T03:59:58.7681169Z   duration_ms: 40.866583
2026-10-07T03:59:58.7681600Z   ...
2026-10-07T03:59:58.7682505Z # Subtest: does not surface unused activity data and caps the selected window at 42 days
2026-10-07T03:59:58.7683809Z ok 75 - does not surface unused activity data and caps the selected window at 42 days
2026-10-07T03:59:58.7684602Z   ---
2026-10-07T03:59:58.7684988Z   duration_ms: 43.627327
2026-10-07T03:59:58.7685423Z   ...
2026-10-07T03:59:58.7686430Z # Subtest: restarts evidence after the latest tracking pause instead of averaging across the break
2026-10-07T03:59:58.7687977Z ok 76 - restarts evidence after the latest tracking pause instead of averaging across the break
2026-10-07T03:59:58.7688877Z   ---
2026-10-07T03:59:58.7689263Z   duration_ms: 0.742555
2026-10-07T03:59:58.7690536Z   ...
2026-10-07T03:59:58.7691533Z # Subtest: acknowledges an active pause that starts after the latest completed evidence day
2026-10-07T03:59:58.7692967Z ok 77 - acknowledges an active pause that starts after the latest completed evidence day
2026-10-07T03:59:58.7693817Z   ---
2026-10-07T03:59:58.7694217Z   duration_ms: 0.419664
2026-10-07T03:59:58.7694655Z   ...
2026-10-07T03:59:58.7695569Z # Subtest: preserves calibration safety invariants across a broad deterministic matrix
2026-10-07T03:59:58.7696956Z ok 78 - preserves calibration safety invariants across a broad deterministic matrix
2026-10-07T03:59:58.7697788Z   ---
2026-10-07T03:59:58.7698173Z   duration_ms: 1160.842292
2026-10-07T03:59:58.7698613Z   ...
2026-10-07T03:59:58.7699197Z # Subtest: is deterministic for the same history
2026-10-07T03:59:58.7700182Z ok 79 - is deterministic for the same history
2026-10-07T03:59:58.7700817Z   ---
2026-10-07T03:59:58.7701207Z   duration_ms: 21.815875
2026-10-07T03:59:58.7701657Z   ...
2026-10-07T03:59:58.7702311Z # Subtest: is invariant to food and weight input ordering
2026-10-07T03:59:58.7703179Z ok 80 - is invariant to food and weight input ordering
2026-10-07T03:59:58.7703787Z   ---
2026-10-07T03:59:58.7704163Z   duration_ms: 28.154934
2026-10-07T03:59:58.7704623Z   ...
2026-10-07T03:59:58.7705477Z # Subtest: keeps Plan check waiting until a decision-grade weight trend is available
2026-10-07T03:59:58.7706801Z ok 81 - keeps Plan check waiting until a decision-grade weight trend is available
2026-10-07T03:59:58.7707605Z   ---
2026-10-07T03:59:58.7707979Z   duration_ms: 19.65111
2026-10-07T03:59:58.7708407Z   ...
2026-10-07T03:59:58.7709223Z # Subtest: describes a retrospective on-track trend without making a forecast
2026-10-07T03:59:58.7710668Z ok 82 - describes a retrospective on-track trend without making a forecast
2026-10-07T03:59:58.7711442Z   ---
2026-10-07T03:59:58.7711826Z   duration_ms: 12.812461
2026-10-07T03:59:58.7712248Z   ...
2026-10-07T03:59:58.7713075Z # Subtest: separates an off-track assessment from the calorie-target decision
2026-10-07T03:59:58.7714253Z ok 83 - separates an off-track assessment from the calorie-target decision
2026-10-07T03:59:58.7714990Z   ---
2026-10-07T03:59:58.7715371Z   duration_ms: 26.944008
2026-10-07T03:59:58.7715801Z   ...
2026-10-07T03:59:58.7716670Z # Subtest: supports maintenance and gain assessments without generating target changes
2026-10-07T03:59:58.7718020Z ok 84 - supports maintenance and gain assessments without generating target changes
2026-10-07T03:59:58.7718850Z   ---
2026-10-07T03:59:58.7719231Z   duration_ms: 29.669541
2026-10-07T03:59:58.7740143Z   ...
2026-10-07T03:59:58.7740917Z # Subtest: restarts Plan check after an active tracking pause
2026-10-07T03:59:58.7741877Z ok 85 - restarts Plan check after an active tracking pause
2026-10-07T03:59:58.7742528Z   ---
2026-10-07T03:59:58.7742917Z   duration_ms: 0.359312
2026-10-07T03:59:58.7743355Z   ...
2026-10-07T03:59:58.7744373Z # Subtest: food and profile changes do not resample the displayed weight trend in the same window
2026-10-07T03:59:58.7745883Z ok 86 - food and profile changes do not resample the displayed weight trend in the same window
2026-10-07T03:59:58.7746762Z   ---
2026-10-07T03:59:58.7747157Z   duration_ms: 85.307847
2026-10-07T03:59:58.7747594Z   ...
2026-10-07T03:59:58.7748555Z # Subtest: a wide interval cannot produce a confident off-track assessment in any goal direction
2026-10-07T03:59:58.7750280Z ok 87 - a wide interval cannot produce a confident off-track assessment in any goal direction
2026-10-07T03:59:58.7751144Z   ---
2026-10-07T03:59:58.7751524Z   duration_ms: 34.967701
2026-10-07T03:59:58.7751957Z   ...
2026-10-07T03:59:58.7752917Z # Subtest: a mature current weight segment is not held back by an older gap in the longest window
2026-10-07T03:59:58.7754353Z ok 88 - a mature current weight segment is not held back by an older gap in the longest window
2026-10-07T03:59:58.7755156Z   ---
2026-10-07T03:59:58.7755509Z   duration_ms: 12.69386
2026-10-07T03:59:58.7756491Z   ...
2026-10-07T04:00:00.4393784Z # Subtest: calibration status materializes a deterministic model-scoped recommendation
2026-10-07T04:00:00.4424955Z ok 89 - calibration status materializes a deterministic model-scoped recommendation
2026-10-07T04:00:00.4497785Z   ---
2026-10-07T04:00:00.4536498Z   duration_ms: 2859.193219
2026-10-07T04:00:00.4559130Z   ...
2026-10-07T04:00:00.4570898Z # Subtest: calibration status maps paused food days into a post-break evidence restart
2026-10-07T04:00:00.4576603Z ok 90 - calibration status maps paused food days into a post-break evidence restart
2026-10-07T04:00:00.4577522Z   ---
2026-10-07T04:00:00.4577995Z   duration_ms: 35.465411
2026-10-07T04:00:00.4578551Z   ...
2026-10-07T04:00:00.4579796Z # Subtest: calibration status acknowledges a pause started on the current incomplete day
2026-10-07T04:00:00.4581257Z ok 91 - calibration status acknowledges a pause started on the current incomplete day
2026-10-07T04:00:00.4582084Z   ---
2026-10-07T04:00:00.4582613Z   duration_ms: 54.900153
2026-10-07T04:00:00.4583142Z   ...
2026-10-07T04:00:00.4584144Z # Subtest: scheduled revisions suppress new materialization and report the resulting budget
2026-10-07T04:00:00.4585613Z ok 92 - scheduled revisions suppress new materialization and report the resulting budget
2026-10-07T04:00:00.4586538Z   ---
2026-10-07T04:00:00.4587028Z   duration_ms: 68.273674
2026-10-07T04:00:00.4587559Z   ...
2026-10-07T04:00:00.4588654Z # Subtest: v1 trend rollback suppresses v2 calibration recommendations without changing accepted revisions
2026-10-07T04:00:00.4590489Z ok 93 - v1 trend rollback suppresses v2 calibration recommendations without changing accepted revisions
2026-10-07T04:00:00.4591454Z   ---
2026-10-07T04:00:00.4591987Z   duration_ms: 50.54555
2026-10-07T04:00:00.4592535Z   ...
2026-10-07T04:00:00.4593537Z # Subtest: applying a recommendation revalidates, schedules one revision, and replays safely
2026-10-07T04:00:00.4594946Z ok 94 - applying a recommendation revalidates, schedules one revision, and replays safely
2026-10-07T04:00:00.4595822Z   ---
2026-10-07T04:00:00.4596298Z   duration_ms: 70.599244
2026-10-07T04:00:00.4596816Z   ...
2026-10-07T04:00:00.4597819Z # Subtest: recommendation apply retries the complete serializable mutation after a P2034 conflict
2026-10-07T04:00:00.4599316Z ok 95 - recommendation apply retries the complete serializable mutation after a P2034 conflict
2026-10-07T04:00:00.4600579Z   ---
2026-10-07T04:00:00.4601116Z   duration_ms: 58.11815
2026-10-07T04:00:00.4601676Z   ...
2026-10-07T04:00:00.4602560Z # Subtest: recommendation apply stops after three persistent P2034 conflicts
2026-10-07T04:00:00.4603833Z ok 96 - recommendation apply stops after three persistent P2034 conflicts
2026-10-07T04:00:00.4604695Z   ---
2026-10-07T04:00:00.4605207Z   duration_ms: 41.557235
2026-10-07T04:00:00.4605769Z   ...
2026-10-07T04:00:00.4657917Z # Subtest: canceling a future revision restores the recommendation for review
2026-10-07T04:00:00.4661051Z ok 97 - canceling a future revision restores the recommendation for review
2026-10-07T04:00:00.4725254Z   ---
2026-10-07T04:00:00.4725876Z   duration_ms: 79.931663
2026-10-07T04:00:00.4726501Z   ...
2026-10-07T04:00:00.4727544Z # Subtest: a scheduled revision cannot be canceled after its effective local date
2026-10-07T04:00:00.4728971Z ok 98 - a scheduled revision cannot be canceled after its effective local date
2026-10-07T04:00:00.4730170Z   ---
2026-10-07T04:00:00.4730783Z   duration_ms: 36.349383
2026-10-07T04:00:00.4731373Z   ...
2026-10-07T04:00:00.4732475Z # Subtest: an APPLIED recommendation from an old goal cannot replay onto the current plan
2026-10-07T04:00:00.4734043Z ok 99 - an APPLIED recommendation from an old goal cannot replay onto the current plan
2026-10-07T04:00:00.4735040Z   ---
2026-10-07T04:00:00.4735629Z   duration_ms: 52.37056
2026-10-07T04:00:00.4736221Z   ...
2026-10-07T04:00:00.4737562Z # Subtest: recommendation apply rejects a profile or weight race that changes the exact target inside the transaction
2026-10-07T04:00:00.4740369Z ok 100 - recommendation apply rejects a profile or weight race that changes the exact target inside the transaction
2026-10-07T04:00:00.4741617Z   ---
2026-10-07T04:00:00.4742160Z   duration_ms: 49.737757
2026-10-07T04:00:00.4742803Z   ...
2026-10-07T04:00:00.4743978Z # Subtest: calibration status returns Plan check assessments for maintenance and gain without actions
2026-10-07T04:00:00.4745687Z ok 101 - calibration status returns Plan check assessments for maintenance and gain without actions
2026-10-07T04:00:00.4746787Z   ---
2026-10-07T04:00:00.4747324Z   duration_ms: 80.333421
2026-10-07T04:00:00.4747902Z   ...
2026-10-07T04:00:00.4749107Z # Subtest: manual pace changes exclude the mixed adjustment day and invalidate earlier calibration evidence
2026-10-07T04:00:00.4751019Z ok 102 - manual pace changes exclude the mixed adjustment day and invalidate earlier calibration evidence
2026-10-07T04:00:00.4751999Z   ---
2026-10-07T04:00:00.4752538Z   duration_ms: 39.622506
2026-10-07T04:00:00.4753191Z   ...
2026-10-07T04:00:04.0571403Z # Subtest: stored planning marks a current-safe but scheduled-unsafe revision and fails all reads closed
2026-10-07T04:00:04.0580860Z ok 103 - stored planning marks a current-safe but scheduled-unsafe revision and fails all reads closed
2026-10-07T04:00:04.0627026Z   ---
2026-10-07T04:00:04.0634341Z   duration_ms: 33.287284
2026-10-07T04:00:04.0660178Z   ...
2026-10-07T04:00:04.0691959Z # Subtest: a resolved stored prerequisite marker becomes historical review instead of looping to the old repair action
2026-10-07T04:00:04.0711052Z ok 104 - a resolved stored prerequisite marker becomes historical review instead of looping to the old repair action
2026-10-07T04:00:04.0720869Z   ---
2026-10-07T04:00:04.0750102Z   duration_ms: 1.627361
2026-10-07T04:00:04.0780103Z   ...
2026-10-07T04:00:04.1411092Z # Subtest: calorie policy uses exact date-only ages and rejects invalid inputs
2026-10-07T04:00:04.1470659Z ok 105 - calorie policy uses exact date-only ages and rejects invalid inputs
2026-10-07T04:00:04.1531609Z   ---
2026-10-07T04:00:04.1557742Z   duration_ms: 26.23085
2026-10-07T04:00:04.1558150Z   ...
2026-10-07T04:00:04.1559085Z # Subtest: calorie policy evaluates the birthday against the account-local calendar day
2026-10-07T04:00:04.1560480Z ok 106 - calorie policy evaluates the birthday against the account-local calendar day
2026-10-07T04:00:04.1561224Z   ---
2026-10-07T04:00:04.1561548Z   duration_ms: 0.624256
2026-10-07T04:00:04.1561902Z   ...
2026-10-07T04:00:04.1562622Z # Subtest: calorie policy advances Feb 29 birthdays on March 1 in non-leap years
2026-10-07T04:00:04.1563728Z ok 107 - calorie policy advances Feb 29 birthdays on March 1 in non-leap years
2026-10-07T04:00:04.1564396Z   ---
2026-10-07T04:00:04.1564722Z   duration_ms: 0.571328
2026-10-07T04:00:04.1565080Z   ...
2026-10-07T04:00:04.1565934Z # Subtest: calorie policy uses actual validated ages and emits all signed options without clamping
2026-10-07T04:00:04.1567328Z ok 108 - calorie policy uses actual validated ages and emits all signed options without clamping
2026-10-07T04:00:04.1568121Z   ---
2026-10-07T04:00:04.1568430Z   duration_ms: 1.119301
2026-10-07T04:00:04.1568781Z   ...
2026-10-07T04:00:04.1569899Z # Subtest: calorie policy requires both baseline and adjusted targets to remain above the BMR floor
2026-10-07T04:00:04.1571326Z ok 109 - calorie policy requires both baseline and adjusted targets to remain above the BMR floor
2026-10-07T04:00:04.1572136Z   ---
2026-10-07T04:00:04.1572460Z   duration_ms: 3.919683
2026-10-07T04:00:04.1572827Z   ...
2026-10-07T04:00:04.1573755Z # Subtest: projection gives maintenance precedence and applies account-unit energy constants exactly
2026-10-07T04:00:04.1575210Z ok 110 - projection gives maintenance precedence and applies account-unit energy constants exactly
2026-10-07T04:00:04.1576038Z   ---
2026-10-07T04:00:04.1576370Z   duration_ms: 0.410707
2026-10-07T04:00:04.1576735Z   ...
2026-10-07T04:00:04.1577978Z # Subtest: calorie safety migration preserves values and adds date-only sticky review fields
2026-10-07T04:00:04.1610301Z ok 111 - calorie safety migration preserves values and adds date-only sticky review fields
2026-10-07T04:00:04.1611214Z   ---
2026-10-07T04:00:04.1611600Z   duration_ms: 2.518295
2026-10-07T04:00:04.1612008Z   ...
2026-10-07T04:00:04.1612976Z # Subtest: calorie safety migration handles every signed integer deficit and lowercase IANA timezone
2026-10-07T04:00:04.1614490Z ok 112 - calorie safety migration handles every signed integer deficit and lowercase IANA timezone
2026-10-07T04:00:04.1615405Z   ---
2026-10-07T04:00:04.1615771Z   duration_ms: 0.31044
2026-10-07T04:00:04.1616162Z   ...
2026-10-07T04:00:04.1617110Z # Subtest: calorie safety migration marks every revision of a reviewed goal even for invalid timezones
2026-10-07T04:00:04.1618632Z ok 113 - calorie safety migration marks every revision of a reviewed goal even for invalid timezones
2026-10-07T04:00:04.1619889Z   ---
2026-10-07T04:00:04.1620298Z   duration_ms: 0.500856
2026-10-07T04:00:04.1620729Z   ...
2026-10-07T04:00:04.3505303Z # Subtest: browser requests without native identity remain compatible
2026-10-07T04:00:04.3513056Z ok 114 - browser requests without native identity remain compatible
2026-10-07T04:00:04.3514261Z   ---
2026-10-07T04:00:04.3517912Z   duration_ms: 1.858632
2026-10-07T04:00:04.3518701Z   ...
2026-10-07T04:00:04.3521332Z # Subtest: authenticated phone sessions require a current bounded version on every request
2026-10-07T04:00:04.3541871Z ok 115 - authenticated phone sessions require a current bounded version on every request
2026-10-07T04:00:04.3544970Z   ---
2026-10-07T04:00:04.3545608Z   duration_ms: 0.685791
2026-10-07T04:00:04.3546280Z   ...
2026-10-07T04:00:04.3547484Z # Subtest: authenticated iOS sessions use the mobile release floor and iOS upgrade copy
2026-10-07T04:00:04.3549173Z ok 116 - authenticated iOS sessions use the mobile release floor and iOS upgrade copy
2026-10-07T04:00:04.3550489Z   ---
2026-10-07T04:00:04.3551096Z   duration_ms: 0.396471
2026-10-07T04:00:04.3551744Z   ...
2026-10-07T04:00:04.3552720Z # Subtest: authenticated session platform cannot be changed by client headers
2026-10-07T04:00:04.3554097Z ok 117 - authenticated session platform cannot be changed by client headers
2026-10-07T04:00:04.3555021Z   ---
2026-10-07T04:00:04.3555568Z   duration_ms: 0.248143
2026-10-07T04:00:04.3556153Z   ...
2026-10-07T04:00:04.3557190Z # Subtest: Wear pairing exchange requires Wear version identity before issuing a session
2026-10-07T04:00:04.3558654Z ok 118 - Wear pairing exchange requires Wear version identity before issuing a session
2026-10-07T04:00:04.3559870Z   ---
2026-10-07T04:00:04.3560450Z   duration_ms: 0.377866
2026-10-07T04:00:04.3561042Z   ...
2026-10-07T04:00:04.3561945Z # Subtest: older and malformed versions receive a bounded upgrade contract
2026-10-07T04:00:04.3563226Z ok 119 - older and malformed versions receive a bounded upgrade contract
2026-10-07T04:00:04.3564114Z   ---
2026-10-07T04:00:04.3564658Z   duration_ms: 0.576016
2026-10-07T04:00:04.3565249Z   ...
2026-10-07T04:00:05.5910892Z # Subtest: client config advertises the stable v1 API, release floors, and privacy-safe push default
2026-10-07T04:00:05.5912410Z ok 120 - client config advertises the stable v1 API, release floors, and privacy-safe push default
2026-10-07T04:00:05.5913488Z   ---
2026-10-07T04:00:05.5914078Z   duration_ms: 6.855469
2026-10-07T04:00:05.5914678Z   ...
2026-10-07T04:00:05.5919092Z # Subtest: client config advertises browser push only with complete VAPID configuration
2026-10-07T04:00:05.5920916Z ok 121 - client config advertises browser push only with complete VAPID configuration
2026-10-07T04:00:05.5921946Z   ---
2026-10-07T04:00:05.5922509Z   duration_ms: 0.360364
2026-10-07T04:00:05.5923099Z   ...
2026-10-07T04:00:05.5924176Z # Subtest: client config advertises native push only after the operator enables Expo mode
2026-10-07T04:00:05.5925714Z ok 122 - client config advertises native push only after the operator enables Expo mode
2026-10-07T04:00:05.5927261Z   ---
2026-10-07T04:00:05.5927835Z   duration_ms: 0.35321
2026-10-07T04:00:05.5928414Z   ...
2026-10-07T04:00:05.5929749Z # Subtest: client config ignores an injected package version in favor of the canonical manifest
2026-10-07T04:00:05.5931333Z ok 123 - client config ignores an injected package version in favor of the canonical manifest
2026-10-07T04:00:05.5932373Z   ---
2026-10-07T04:00:05.5932949Z   duration_ms: 0.305311
2026-10-07T04:00:05.5933530Z   ...
2026-10-07T04:00:09.3010954Z # Subtest: strict parser accepts only canonical coherent registry tuples
2026-10-07T04:00:09.3041138Z ok 124 - strict parser accepts only canonical coherent registry tuples
2026-10-07T04:00:09.3064065Z   ---
2026-10-07T04:00:09.3110128Z   duration_ms: 2.871566
2026-10-07T04:00:09.3120266Z   ...
2026-10-07T04:00:09.3186953Z # Subtest: handler correlates opaque IDs and records only fixed joint dimensions
2026-10-07T04:00:09.3220375Z ok 125 - handler correlates opaque IDs and records only fixed joint dimensions
2026-10-07T04:00:09.3280051Z   ---
2026-10-07T04:00:09.3340151Z   duration_ms: 2.202726
2026-10-07T04:00:09.3400066Z   ...
2026-10-07T04:00:09.3430375Z # Subtest: unknown and private fields are rejected before logging or aggregation
2026-10-07T04:00:09.3460588Z ok 126 - unknown and private fields are rejected before logging or aggregation
2026-10-07T04:00:09.3520054Z   ---
2026-10-07T04:00:09.3550199Z   duration_ms: 19.992527
2026-10-07T04:00:09.3580130Z   ...
2026-10-07T04:00:09.4412272Z # Subtest: cookie sessions cannot forge native diagnostics while bearer-established native identity is accepted
2026-10-07T04:00:09.4420892Z ok 127 - cookie sessions cannot forge native diagnostics while bearer-established native identity is accepted
2026-10-07T04:00:09.4460553Z   ---
2026-10-07T04:00:09.4481690Z   duration_ms: 175.085729
2026-10-07T04:00:09.4520575Z   ...
2026-10-07T04:00:09.4528611Z # Subtest: generic diagnostic sanitizer keeps only closed safe fields and drops alias strings
2026-10-07T04:00:09.4557582Z ok 128 - generic diagnostic sanitizer keeps only closed safe fields and drops alias strings
2026-10-07T04:00:09.4570075Z   ---
2026-10-07T04:00:09.4669130Z   duration_ms: 0.952891
2026-10-07T04:00:09.4684399Z   ...
2026-10-07T04:00:09.5311852Z # Subtest: diagnostics aliases share a narrow IP limit even when unauthenticated tuples are rejected
2026-10-07T04:00:09.5313405Z ok 129 - diagnostics aliases share a narrow IP limit even when unauthenticated tuples are rejected
2026-10-07T04:00:09.5314391Z   ---
2026-10-07T04:00:09.5314864Z   duration_ms: 66.752008
2026-10-07T04:00:09.5315360Z   ...
2026-10-07T04:00:09.5316422Z # Subtest: requires authentication outside anonymous root support while preserving opaque root correlation
2026-10-07T04:00:09.5318117Z ok 130 - requires authentication outside anonymous root support while preserving opaque root correlation
2026-10-07T04:00:09.5319124Z   ---
2026-10-07T04:00:09.5319936Z   duration_ms: 40.856242
2026-10-07T04:00:09.5320513Z   ...
2026-10-07T04:00:09.5321537Z # Subtest: rejects generated sensitive aliases and values before logging or metrics export
2026-10-07T04:00:09.5322989Z ok 131 - rejects generated sensitive aliases and values before logging or metrics export
2026-10-07T04:00:09.5323937Z   ---
2026-10-07T04:00:09.5324439Z   duration_ms: 4.411272
2026-10-07T04:00:09.5324968Z   ...
2026-10-07T04:00:10.1991414Z # Subtest: executeIdempotentMutation replays the committed response without repeating the mutation
2026-10-07T04:00:10.1993094Z ok 132 - executeIdempotentMutation replays the committed response without repeating the mutation
2026-10-07T04:00:10.2017369Z   ---
2026-10-07T04:00:10.2019425Z   duration_ms: 5308.431485
2026-10-07T04:00:10.2020408Z   ...
2026-10-07T04:00:10.2025422Z # Subtest: executeIdempotentMutation replays a completed 204 with a null body without repeating the mutation
2026-10-07T04:00:10.2032114Z ok 133 - executeIdempotentMutation replays a completed 204 with a null body without repeating the mutation
2026-10-07T04:00:10.2033889Z   ---
2026-10-07T04:00:10.2040732Z   duration_ms: 49.814752
2026-10-07T04:00:10.2041346Z   ...
2026-10-07T04:00:10.2042403Z # Subtest: executeIdempotentMutation reports a matching incomplete receipt as in progress
2026-10-07T04:00:10.2043998Z ok 134 - executeIdempotentMutation reports a matching incomplete receipt as in progress
2026-10-07T04:00:10.2045100Z   ---
2026-10-07T04:00:10.2045657Z   duration_ms: 22.025409
2026-10-07T04:00:10.2046296Z   ...
2026-10-07T04:00:10.2047416Z # Subtest: executeIdempotentMutation rejects reuse of an operation id for a different request
2026-10-07T04:00:10.2049147Z ok 135 - executeIdempotentMutation rejects reuse of an operation id for a different request
2026-10-07T04:00:10.2050472Z   ---
2026-10-07T04:00:10.2051057Z   duration_ms: 24.254137
2026-10-07T04:00:10.2051651Z   ...
2026-10-07T04:00:10.2052573Z # Subtest: the same client operation id remains isolated between users
2026-10-07T04:00:10.2053805Z ok 136 - the same client operation id remains isolated between users
2026-10-07T04:00:10.2054736Z   ---
2026-10-07T04:00:10.2055187Z   duration_ms: 21.899845
2026-10-07T04:00:10.2055757Z   ...
2026-10-07T04:00:10.2056737Z # Subtest: session-bound operations replay only for the originating mobile session
2026-10-07T04:00:10.2058259Z ok 137 - session-bound operations replay only for the originating mobile session
2026-10-07T04:00:10.2060689Z   ---
2026-10-07T04:00:10.2061216Z   duration_ms: 23.088562
2026-10-07T04:00:10.2061726Z   ...
2026-10-07T04:00:10.2062808Z # Subtest: recordSyncChange stores entity identifiers as strings and JSON-safe payload values
2026-10-07T04:00:10.2064312Z ok 138 - recordSyncChange stores entity identifiers as strings and JSON-safe payload values
2026-10-07T04:00:10.2065281Z   ---
2026-10-07T04:00:10.2065738Z   duration_ms: 10.001466
2026-10-07T04:00:10.2066281Z   ...
2026-10-07T04:00:10.2100800Z # Subtest: food-copy operation IDs prevent duplicate writes across in-flight retries and exact replays
2026-10-07T04:00:10.2104243Z ok 139 - food-copy operation IDs prevent duplicate writes across in-flight retries and exact replays
2026-10-07T04:00:10.2106349Z   ---
2026-10-07T04:00:10.2106998Z   duration_ms: 16.855786
2026-10-07T04:00:10.2107666Z   ...
2026-10-07T04:00:10.2952531Z # Subtest: existing local installations remain local even when unrelated Firebase environment values exist
2026-10-07T04:00:10.2954537Z ok 140 - existing local installations remain local even when unrelated Firebase environment values exist
2026-10-07T04:00:10.2955659Z   ---
2026-10-07T04:00:10.2956180Z   duration_ms: 1.417669
2026-10-07T04:00:10.2956733Z   ...
2026-10-07T04:00:10.2957809Z # Subtest: incomplete provider activation fails closed instead of silently using local credentials
2026-10-07T04:00:10.2959467Z ok 141 - incomplete provider activation fails closed instead of silently using local credentials
2026-10-07T04:00:10.2960776Z   ---
2026-10-07T04:00:10.2961318Z   duration_ms: 0.393425
2026-10-07T04:00:10.2961911Z   ...
2026-10-07T04:00:12.0411276Z # Subtest: official hosted deployments expose the canonical HTTPS MCP resource
2026-10-07T04:00:12.0500800Z ok 142 - official hosted deployments expose the canonical HTTPS MCP resource
2026-10-07T04:00:12.0590060Z   ---
2026-10-07T04:00:12.0682858Z   duration_ms: 2.742695
2026-10-07T04:00:12.0710423Z   ...
2026-10-07T04:00:12.0760399Z # Subtest: advanced self-hosts opt in and inherit PUBLIC_APP_ORIGIN
2026-10-07T04:00:12.0770682Z ok 143 - advanced self-hosts opt in and inherit PUBLIC_APP_ORIGIN
2026-10-07T04:00:12.0830498Z   ---
2026-10-07T04:00:12.0880146Z   duration_ms: 9.302472
2026-10-07T04:00:12.0901155Z   ...
2026-10-07T04:00:12.0910234Z # Subtest: MCP is disabled by default for non-hosted installations
2026-10-07T04:00:12.0940521Z ok 144 - MCP is disabled by default for non-hosted installations
2026-10-07T04:00:12.0969995Z   ---
2026-10-07T04:00:12.0986822Z   duration_ms: 0.297647
2026-10-07T04:00:12.0987351Z   ...
2026-10-07T04:00:12.0994996Z # Subtest: deployed MCP rejects an insecure non-loopback resource URL
2026-10-07T04:00:12.1032462Z ok 145 - deployed MCP rejects an insecure non-loopback resource URL
2026-10-07T04:00:12.1070241Z   ---
2026-10-07T04:00:12.1075286Z   duration_ms: 0.832616
2026-10-07T04:00:12.1080194Z   ...
2026-10-07T04:00:12.1081000Z # Subtest: explicit URLs cannot retain credentials, query strings, or fragments
2026-10-07T04:00:12.1082409Z ok 146 - explicit URLs cannot retain credentials, query strings, or fragments
2026-10-07T04:00:12.1083156Z   ---
2026-10-07T04:00:12.1083522Z   duration_ms: 0.748789
2026-10-07T04:00:12.1083911Z   ...
2026-10-07T04:00:13.2551746Z # Subtest: development permits loopback web dev servers on arbitrary ports despite an explicit configured origin
2026-10-07T04:00:13.2577247Z ok 147 - development permits loopback web dev servers on arbitrary ports despite an explicit configured origin
2026-10-07T04:00:13.2578457Z   ---
2026-10-07T04:00:13.2578977Z   duration_ms: 2.516723
2026-10-07T04:00:13.2579766Z   ...
2026-10-07T04:00:13.2580768Z # Subtest: development loopback matching rejects non-local and lookalike origins
2026-10-07T04:00:13.2582139Z ok 148 - development loopback matching rejects non-local and lookalike origins
2026-10-07T04:00:13.2583233Z   ---
2026-10-07T04:00:13.2583754Z   duration_ms: 0.300492
2026-10-07T04:00:13.2584566Z   ...
2026-10-07T04:00:13.2585671Z # Subtest: production and staging keep strict exact-origin allowlisting
2026-10-07T04:00:13.2587107Z ok 149 - production and staging keep strict exact-origin allowlisting
2026-10-07T04:00:13.2588132Z   ---
2026-10-07T04:00:13.2588623Z   duration_ms: 0.452776
2026-10-07T04:00:13.2589337Z   ...
2026-10-07T04:00:13.2983550Z # Subtest: CORS middleware emits headers for Expo origins while rejecting non-local origins
2026-10-07T04:00:13.3020945Z ok 150 - CORS middleware emits headers for Expo origins while rejecting non-local origins
2026-10-07T04:00:13.3036905Z   ---
2026-10-07T04:00:13.3037856Z   duration_ms: 98.468837
2026-10-07T04:00:13.3090051Z   ...
2026-10-07T04:00:13.3339908Z # Subtest: CORS middleware does not broaden an exact production origin to other local ports
2026-10-07T04:00:13.3354313Z ok 151 - CORS middleware does not broaden an exact production origin to other local ports
2026-10-07T04:00:13.3380080Z   ---
2026-10-07T04:00:13.3400204Z   duration_ms: 34.746896
2026-10-07T04:00:13.3419144Z   ...
2026-10-07T04:00:13.7221318Z # Subtest: local compatibility works without Firebase configuration
2026-10-07T04:00:13.7237972Z ok 152 - local compatibility works without Firebase configuration
2026-10-07T04:00:13.7250442Z   ---
2026-10-07T04:00:13.7250978Z   duration_ms: 328.085868
2026-10-07T04:00:13.7251505Z   ...
2026-10-07T04:00:13.7252528Z # Subtest: Firebase authority receives passwords beyond the local bcrypt byte limit
2026-10-07T04:00:13.7253809Z ok 153 - Firebase authority receives passwords beyond the local bcrypt byte limit
2026-10-07T04:00:13.7254588Z   ---
2026-10-07T04:00:13.7254950Z   duration_ms: 1.426846
2026-10-07T04:00:13.7255342Z   ...
2026-10-07T04:00:13.7256373Z # Subtest: Firebase password authentication returns only a boolean and binds verified project and UID
2026-10-07T04:00:13.7257923Z ok 154 - Firebase password authentication returns only a boolean and binds verified project and UID
2026-10-07T04:00:13.7258809Z   ---
2026-10-07T04:00:13.7259155Z   duration_ms: 0.928215
2026-10-07T04:00:13.7259795Z   ...
2026-10-07T04:00:13.7260862Z # Subtest: wrong configured project and missing configuration never call the network or local bcrypt fallback
2026-10-07T04:00:13.7262518Z ok 155 - wrong configured project and missing configuration never call the network or local bcrypt fallback
2026-10-07T04:00:13.7263439Z   ---
2026-10-07T04:00:13.7263778Z   duration_ms: 0.985451
2026-10-07T04:00:13.7264159Z   ...
2026-10-07T04:00:13.7265145Z # Subtest: enumeration-safe credential failures differ from retryable network/configuration failures
2026-10-07T04:00:13.7266659Z ok 156 - enumeration-safe credential failures differ from retryable network/configuration failures
2026-10-07T04:00:13.7267530Z   ---
2026-10-07T04:00:13.7268504Z   duration_ms: 2.316458
2026-10-07T04:00:13.7268914Z   ...
2026-10-07T04:00:13.7447513Z # Subtest: timeout covers hanging transport and token verification
2026-10-07T04:00:13.7453382Z ok 157 - timeout covers hanging transport and token verification
2026-10-07T04:00:13.7454144Z   ---
2026-10-07T04:00:13.7540027Z   duration_ms: 24.525646
2026-10-07T04:00:13.7610691Z   ...
2026-10-07T04:00:13.7612075Z # Subtest: forged response and verifier rejection cannot create an authenticated result
2026-10-07T04:00:13.7613532Z ok 158 - forged response and verifier rejection cannot create an authenticated result
2026-10-07T04:00:13.7614424Z   ---
2026-10-07T04:00:13.7614889Z   duration_ms: 0.824862
2026-10-07T04:00:13.7615413Z   ...
2026-10-07T04:00:17.2581225Z # Subtest: real pg pool bounds waiting, recovers after release, and removes idle clients
2026-10-07T04:00:17.2630619Z ok 159 - real pg pool bounds waiting, recovers after release, and removes idle clients
2026-10-07T04:00:17.2660091Z   ---
2026-10-07T04:00:17.2660522Z   duration_ms: 2011.797716
2026-10-07T04:00:17.2660939Z   ...
2026-10-07T04:00:18.3923275Z # Subtest: failed acquisitions and idle errors release capacity for replacement
2026-10-07T04:00:18.3958170Z ok 160 - failed acquisitions and idle errors release capacity for replacement
2026-10-07T04:00:18.3959254Z   ---
2026-10-07T04:00:18.3960279Z   duration_ms: 9.60087
2026-10-07T04:00:18.3960872Z   ...
2026-10-07T04:00:18.3962029Z # Subtest: runtime owns one pool, passes schema to adapter, and ends pool even if Prisma disconnect fails
2026-10-07T04:00:18.3963690Z ok 161 - runtime owns one pool, passes schema to adapter, and ends pool even if Prisma disconnect fails
2026-10-07T04:00:18.3964722Z   ---
2026-10-07T04:00:18.3965254Z   duration_ms: 1135.435735
2026-10-07T04:00:18.3965833Z   ...
2026-10-07T04:00:57.0281257Z # DATABASE_URL schema (private) does not match DB_SCHEMA (app-data); using DATABASE_URL value.
2026-10-07T04:00:57.0367129Z # Subtest: resolveDatabaseUrl prefers DATABASE_URL when present
2026-10-07T04:00:57.0410616Z ok 162 - resolveDatabaseUrl prefers DATABASE_URL when present
2026-10-07T04:00:57.0431406Z   ---
2026-10-07T04:00:57.0440464Z   duration_ms: 1.914357
2026-10-07T04:00:57.0470782Z   ...
2026-10-07T04:00:57.0481695Z # Subtest: resolveDatabaseUrl composes from DB_* variables and encodes values
2026-10-07T04:00:57.0551222Z ok 163 - resolveDatabaseUrl composes from DB_* variables and encodes values
2026-10-07T04:00:57.0616485Z   ---
2026-10-07T04:00:57.0618577Z   duration_ms: 0.245919
2026-10-07T04:00:57.0621428Z   ...
2026-10-07T04:00:57.0622464Z # Subtest: resolveDatabaseUrl throws when required DB_* values are missing
2026-10-07T04:00:57.0623989Z ok 164 - resolveDatabaseUrl throws when required DB_* values are missing
2026-10-07T04:00:57.0624918Z   ---
2026-10-07T04:00:57.0625468Z   duration_ms: 0.708885
2026-10-07T04:00:57.0626098Z   ...
2026-10-07T04:00:57.0627086Z # Subtest: resolvePrismaSchema prefers the URL schema and warns on mismatch
2026-10-07T04:00:57.0628536Z ok 165 - resolvePrismaSchema prefers the URL schema and warns on mismatch
2026-10-07T04:00:57.0629857Z   ---
2026-10-07T04:00:57.0646647Z   duration_ms: 0.975774
2026-10-07T04:00:57.0647298Z   ...
2026-10-07T04:00:57.0648207Z # Subtest: resolvePrismaSchema falls back to DB_SCHEMA when URL is invalid
2026-10-07T04:00:57.0649475Z ok 166 - resolvePrismaSchema falls back to DB_SCHEMA when URL is invalid
2026-10-07T04:00:57.0650593Z   ---
2026-10-07T04:00:57.0651186Z   duration_ms: 0.238987
2026-10-07T04:00:57.0651743Z   ...
2026-10-07T04:00:57.0652594Z # Subtest: buildPgOptionsForSchema returns search_path config with quoting
2026-10-07T04:00:57.0654001Z ok 167 - buildPgOptionsForSchema returns search_path config with quoting
2026-10-07T04:00:57.0655037Z   ---
2026-10-07T04:00:57.0655690Z   duration_ms: 1.083675
2026-10-07T04:00:57.0656378Z   ...
2026-10-07T04:00:57.0657327Z # Subtest: parseDatabaseUrlToPgConfig decodes URL components
2026-10-07T04:00:57.0658593Z ok 168 - parseDatabaseUrlToPgConfig decodes URL components
2026-10-07T04:00:57.0660586Z   ---
2026-10-07T04:00:57.0661294Z   duration_ms: 0.544508
2026-10-07T04:00:57.0661987Z   ...
2026-10-07T04:00:57.0663034Z # Subtest: parseDatabaseUrlToPgConfig rejects invalid URLs or protocols
2026-10-07T04:00:57.0664475Z ok 169 - parseDatabaseUrlToPgConfig rejects invalid URLs or protocols
2026-10-07T04:00:57.0665464Z   ---
2026-10-07T04:00:57.0666065Z   duration_ms: 0.400539
2026-10-07T04:00:57.0666719Z   ...
2026-10-07T04:00:57.0667505Z # Subtest: resolvePgSslConfig maps sslmode values
2026-10-07T04:00:57.0668511Z ok 170 - resolvePgSslConfig maps sslmode values
2026-10-07T04:00:57.0669304Z   ---
2026-10-07T04:00:57.0685527Z   duration_ms: 0.73309
2026-10-07T04:00:57.0686237Z   ...
2026-10-07T04:00:57.0687278Z # Subtest: blank SSL values cannot silently weaken URL TLS in runtime or CLI
2026-10-07T04:00:57.0688716Z ok 171 - blank SSL values cannot silently weaken URL TLS in runtime or CLI
2026-10-07T04:00:57.0689910Z   ---
2026-10-07T04:00:57.0690575Z   duration_ms: 1.940436
2026-10-07T04:00:57.0691284Z   ...
2026-10-07T04:00:57.0692789Z # Subtest: explicit SSL modes keep precedence and normalize identically for runtime and CLI
2026-10-07T04:00:57.0704688Z ok 172 - explicit SSL modes keep precedence and normalize identically for runtime and CLI
2026-10-07T04:00:57.0705690Z   ---
2026-10-07T04:00:57.0706235Z   duration_ms: 4.999352
2026-10-07T04:00:57.0706762Z   ...
2026-10-07T04:00:57.0707798Z # Subtest: shared configuration preserves TCP, schema, SSL and unset pg defaults
2026-10-07T04:00:57.0709119Z ok 173 - shared configuration preserves TCP, schema, SSL and unset pg defaults
2026-10-07T04:00:57.0710203Z   ---
2026-10-07T04:00:57.0710746Z   duration_ms: 0.39092
2026-10-07T04:00:57.0711276Z   ...
2026-10-07T04:00:57.0712404Z # Subtest: bounded opt-in settings have equivalent runtime milliseconds and CLI seconds
2026-10-07T04:00:57.0713925Z ok 174 - bounded opt-in settings have equivalent runtime milliseconds and CLI seconds
2026-10-07T04:00:57.0714938Z   ---
2026-10-07T04:00:57.0715563Z   duration_ms: 0.777001
2026-10-07T04:00:57.0716201Z   ...
2026-10-07T04:00:57.0717360Z # Subtest: pool settings reject invalid numbers and contradictory sources without echoing secrets
2026-10-07T04:00:57.0719072Z ok 175 - pool settings reject invalid numbers and contradictory sources without echoing secrets
2026-10-07T04:00:57.0720387Z   ---
2026-10-07T04:00:57.0720961Z   duration_ms: 9.194039
2026-10-07T04:00:57.0721596Z   ...
2026-10-07T04:00:57.0722637Z # Subtest: socket opt-in shares escaped credentials, schema and socket path with CLI
2026-10-07T04:00:57.0724138Z ok 176 - socket opt-in shares escaped credentials, schema and socket path with CLI
2026-10-07T04:00:57.0725145Z   ---
2026-10-07T04:00:57.0725734Z   duration_ms: 5.238238
2026-10-07T04:00:57.0726372Z   ...
2026-10-07T04:00:57.0727517Z # Subtest: CLI honors existing direct URL precedence, schema fallback and explicit SSL override
2026-10-07T04:00:57.0729351Z ok 177 - CLI honors existing direct URL precedence, schema fallback and explicit SSL override
2026-10-07T04:00:57.0730745Z   ---
2026-10-07T04:00:57.0731307Z   duration_ms: 0.59953
2026-10-07T04:00:57.0731965Z   ...
2026-10-07T04:00:57.0733208Z # Subtest: actual Prisma config entrypoint matches runtime settings and supports credential-free generation
2026-10-07T04:00:57.0735122Z ok 178 - actual Prisma config entrypoint matches runtime settings and supports credential-free generation
2026-10-07T04:00:57.0736308Z   ---
2026-10-07T04:00:57.0736904Z   duration_ms: 40747.761305
2026-10-07T04:00:57.0737550Z   ...
2026-10-07T04:00:57.1241592Z # Subtest: day resolution migration preserves legacy completion and enforces one active pause
2026-10-07T04:00:57.1260666Z ok 179 - day resolution migration preserves legacy completion and enforces one active pause
2026-10-07T04:00:57.1290154Z   ---
2026-10-07T04:00:57.1343209Z   duration_ms: 1.984328
2026-10-07T04:00:57.1371824Z   ...
2026-10-07T04:00:57.1401254Z # Subtest: devAutoLoginPolicy: shouldAutoLoginTestUser returns false when not explicitly enabled
2026-10-07T04:00:57.1431091Z ok 180 - devAutoLoginPolicy: shouldAutoLoginTestUser returns false when not explicitly enabled
2026-10-07T04:00:57.1460172Z   ---
2026-10-07T04:00:57.1460670Z   duration_ms: 1.844828
2026-10-07T04:00:57.1520170Z   ...
2026-10-07T04:00:57.1550847Z # Subtest: devAutoLoginPolicy: shouldAutoLoginTestUser blocks auto-login in production/staging envs
2026-10-07T04:00:57.1580706Z ok 181 - devAutoLoginPolicy: shouldAutoLoginTestUser blocks auto-login in production/staging envs
2026-10-07T04:00:57.1609992Z   ---
2026-10-07T04:00:57.1640070Z   duration_ms: 0.220843
2026-10-07T04:00:57.1670308Z   ...
2026-10-07T04:00:57.1671593Z # Subtest: devAutoLoginPolicy: shouldAutoLoginTestUser blocks auto-login when already authenticated
2026-10-07T04:00:57.1673250Z ok 182 - devAutoLoginPolicy: shouldAutoLoginTestUser blocks auto-login when already authenticated
2026-10-07T04:00:57.1674211Z   ---
2026-10-07T04:00:57.1674586Z   duration_ms: 0.249767
2026-10-07T04:00:57.1674987Z   ...
2026-10-07T04:00:57.1675982Z # Subtest: devAutoLoginPolicy: shouldAutoLoginTestUser blocks auto-login on logout requests
2026-10-07T04:00:57.1677461Z ok 183 - devAutoLoginPolicy: shouldAutoLoginTestUser blocks auto-login on logout requests
2026-10-07T04:00:57.1678353Z   ---
2026-10-07T04:00:57.1678718Z   duration_ms: 0.201176
2026-10-07T04:00:57.1679141Z   ...
2026-10-07T04:00:57.1680641Z # Subtest: devAutoLoginPolicy: shouldAutoLoginTestUser enables auto-login only for unauthenticated non-logout dev requests
2026-10-07T04:00:57.1682673Z ok 184 - devAutoLoginPolicy: shouldAutoLoginTestUser enables auto-login only for unauthenticated non-logout dev requests
2026-10-07T04:00:57.1683773Z   ---
2026-10-07T04:00:57.1684153Z   duration_ms: 0.220251
2026-10-07T04:00:57.1684551Z   ...
2026-10-07T04:00:57.1685435Z # Subtest: devTestDataUtils: seed history is long enough for calibration recommendations
2026-10-07T04:00:57.1686793Z ok 185 - devTestDataUtils: seed history is long enough for calibration recommendations
2026-10-07T04:00:57.1687624Z   ---
2026-10-07T04:00:57.1688006Z   duration_ms: 1.954272
2026-10-07T04:00:57.1688404Z   ...
2026-10-07T04:00:57.1689260Z # Subtest: devTestDataUtils: seeded history produces a meaningful calibration result
2026-10-07T04:00:57.1690765Z ok 186 - devTestDataUtils: seeded history produces a meaningful calibration result
2026-10-07T04:00:57.1691561Z   ---
2026-10-07T04:00:57.1691912Z   duration_ms: 88.576709
2026-10-07T04:00:57.1692308Z   ...
2026-10-07T04:00:57.1693275Z # Subtest: devTestDataUtils: addUtcDays adds days using UTC math without mutating the input
2026-10-07T04:00:57.1720624Z ok 187 - devTestDataUtils: addUtcDays adds days using UTC math without mutating the input
2026-10-07T04:00:57.1780277Z   ---
2026-10-07T04:00:57.1810328Z   duration_ms: 0.25705
2026-10-07T04:00:57.1810758Z   ...
2026-10-07T04:00:57.1811917Z # Subtest: devTestDataUtils: getPastWeekDates returns 7 UTC date-only values ending on the local day
2026-10-07T04:00:57.1813487Z ok 188 - devTestDataUtils: getPastWeekDates returns 7 UTC date-only values ending on the local day
2026-10-07T04:00:57.1814407Z   ---
2026-10-07T04:00:57.1814745Z   duration_ms: 0.651137
2026-10-07T04:00:57.1815134Z   ...
2026-10-07T04:00:57.1816111Z # Subtest: devTestDataUtils: getPastDateRangeDates returns a date-only range with requested length
2026-10-07T04:00:57.1817617Z ok 189 - devTestDataUtils: getPastDateRangeDates returns a date-only range with requested length
2026-10-07T04:00:57.1818500Z   ---
2026-10-07T04:00:57.1818854Z   duration_ms: 0.44929
2026-10-07T04:00:57.1819235Z   ...
2026-10-07T04:00:57.1820618Z # Subtest: devTestDataUtils: getSeedUserCreatedAt picks a UTC hour that preserves the earliest seed local day
2026-10-07T04:00:57.1822341Z ok 190 - devTestDataUtils: getSeedUserCreatedAt picks a UTC hour that preserves the earliest seed local day
2026-10-07T04:00:57.1880163Z   ---
2026-10-07T04:00:57.1896585Z   duration_ms: 0.789585
2026-10-07T04:00:57.1897012Z   ...
2026-10-07T04:00:57.1898170Z # Subtest: devTestDataUtils: getSeedUserCreatedAt falls back when the timezone is invalid
2026-10-07T04:00:57.1899960Z ok 191 - devTestDataUtils: getSeedUserCreatedAt falls back when the timezone is invalid
2026-10-07T04:00:57.1900786Z   ---
2026-10-07T04:00:57.1901130Z   duration_ms: 0.553655
2026-10-07T04:00:57.1901528Z   ...
2026-10-07T04:00:57.1902455Z # Subtest: devTestDataUtils: getMealTemplatesForSeedDayIndex returns deterministic week plans
2026-10-07T04:00:57.1903914Z ok 192 - devTestDataUtils: getMealTemplatesForSeedDayIndex returns deterministic week plans
2026-10-07T04:00:57.1904753Z   ---
2026-10-07T04:00:57.1905080Z   duration_ms: 1.185766
2026-10-07T04:00:57.1905444Z   ...
2026-10-07T04:00:57.1906427Z # Subtest: devTestDataUtils: buildMealLogsForDay stamps log timestamps using the template time-of-day
2026-10-07T04:00:57.1907961Z ok 193 - devTestDataUtils: buildMealLogsForDay stamps log timestamps using the template time-of-day
2026-10-07T04:00:57.1908874Z   ---
2026-10-07T04:00:57.1909205Z   duration_ms: 0.346537
2026-10-07T04:00:57.1936537Z   ...
2026-10-07T04:00:57.1937719Z # Subtest: devTestDataUtils: buildCompletedFoodLogDays marks every seeded day as representative import data
2026-10-07T04:00:57.1939475Z ok 194 - devTestDataUtils: buildCompletedFoodLogDays marks every seeded day as representative import data
2026-10-07T04:00:57.1940733Z   ---
2026-10-07T04:00:57.1941107Z   duration_ms: 0.479727
2026-10-07T04:00:57.1941493Z   ...
2026-10-07T04:00:57.1942593Z # Subtest: devTestDataUtils: getSeedWeightGramsForDayIndex yields a long-term downtrend with daily volatility
2026-10-07T04:00:57.1944363Z ok 195 - devTestDataUtils: getSeedWeightGramsForDayIndex yields a long-term downtrend with daily volatility
2026-10-07T04:00:57.1945276Z   ---
2026-10-07T04:00:57.1945603Z   duration_ms: 0.442226
2026-10-07T04:00:57.1945969Z   ...
2026-10-07T04:00:57.1946735Z # Subtest: dev seed marks onboarding complete only after baseline goal and metric writes
2026-10-07T04:00:57.1948007Z ok 196 - dev seed marks onboarding complete only after baseline goal and metric writes
2026-10-07T04:00:57.1948807Z   ---
2026-10-07T04:00:57.1949168Z   duration_ms: 4337.799356
2026-10-07T04:00:57.1949819Z   ...
2026-10-07T04:00:57.1950451Z # Subtest: pre-onboarding reset clears the completion marker
2026-10-07T04:00:57.1951331Z ok 197 - pre-onboarding reset clears the completion marker
2026-10-07T04:00:57.1951929Z   ---
2026-10-07T04:00:57.1952291Z   duration_ms: 26.68816
2026-10-07T04:00:57.1952696Z   ...
2026-10-07T04:00:57.1953620Z # Subtest: offline CLI reports synthetic inventory and holds collisions without disclosing input
2026-10-07T04:00:57.1955076Z ok 198 - offline CLI reports synthetic inventory and holds collisions without disclosing input
2026-10-07T04:00:57.1955897Z   ---
2026-10-07T04:00:57.1956240Z   duration_ms: 9730.933766
2026-10-07T04:00:57.1956625Z   ...
2026-10-07T04:00:57.1957296Z # Subtest: offline CLI refuses apply and exposes a usable help contract
2026-10-07T04:00:57.1958286Z ok 199 - offline CLI refuses apply and exposes a usable help contract
2026-10-07T04:00:57.1958921Z   ---
2026-10-07T04:00:57.1959250Z   duration_ms: 6428.615007
2026-10-07T04:00:57.1988771Z   ...
2026-10-07T04:00:57.1990031Z # Subtest: inventory accounts for every row, holds both sides of collisions and exposes no credentials
2026-10-07T04:00:57.1991583Z ok 200 - inventory accounts for every row, holds both sides of collisions and exposes no credentials
2026-10-07T04:00:57.1992468Z   ---
2026-10-07T04:00:57.1992827Z   duration_ms: 3.99787
2026-10-07T04:00:57.1993218Z   ...
2026-10-07T04:00:57.1994001Z # Subtest: mapping is deterministic and source/installation/project scoped
2026-10-07T04:00:57.1995136Z ok 201 - mapping is deterministic and source/installation/project scoped
2026-10-07T04:00:57.1995870Z   ---
2026-10-07T04:00:57.1996229Z   duration_ms: 0.565807
2026-10-07T04:00:57.1996639Z   ...
2026-10-07T04:00:57.1997528Z # Subtest: default dry run reads source only and never calls destination or persists progress
2026-10-07T04:00:57.1999199Z ok 202 - default dry run reads source only and never calls destination or persists progress
2026-10-07T04:00:57.2000457Z   ---
2026-10-07T04:00:57.2000801Z   duration_ms: 1.004557
2026-10-07T04:00:57.2001187Z   ...
2026-10-07T04:00:57.2002256Z # Subtest: bounded import preserves encoded BCRYPT and verification, and resume never reimports successful records
2026-10-07T04:00:57.2003880Z ok 203 - bounded import preserves encoded BCRYPT and verification, and resume never reimports successful records
2026-10-07T04:00:57.2004818Z   ---
2026-10-07T04:00:57.2005169Z   duration_ms: 1.626429
2026-10-07T04:00:57.2005570Z   ...
2026-10-07T04:00:57.2006431Z # Subtest: partial failure records exact failed indexes and stops all automatic retries
2026-10-07T04:00:57.2007746Z ok 204 - partial failure records exact failed indexes and stops all automatic retries
2026-10-07T04:00:57.2008539Z   ---
2026-10-07T04:00:57.2008913Z   duration_ms: 1.448958
2026-10-07T04:00:57.2009322Z   ...
2026-10-07T04:00:57.2040678Z # Subtest: timeout after possible success leaves durable ambiguity and suppresses provider details
2026-10-07T04:00:57.2042211Z ok 205 - timeout after possible success leaves durable ambiguity and suppresses provider details
2026-10-07T04:00:57.2043080Z   ---
2026-10-07T04:00:57.2043431Z   duration_ms: 0.780829
2026-10-07T04:00:57.2043826Z   ...
2026-10-07T04:00:57.2044524Z # Subtest: failed intent persistence prevents any network mutation
2026-10-07T04:00:57.2045537Z ok 206 - failed intent persistence prevents any network mutation
2026-10-07T04:00:57.2046200Z   ---
2026-10-07T04:00:57.2046557Z   duration_ms: 0.629226
2026-10-07T04:00:57.2046924Z   ...
2026-10-07T04:00:57.2047853Z # Subtest: wrong project, source drift, destination conflicts and malformed checkpoints fail closed
2026-10-07T04:00:57.2049304Z ok 207 - wrong project, source drift, destination conflicts and malformed checkpoints fail closed
2026-10-07T04:00:57.2050463Z   ---
2026-10-07T04:00:57.2050828Z   duration_ms: 3.66002
2026-10-07T04:00:57.2051235Z   ...
2026-10-07T04:00:57.2051982Z # Subtest: malformed provider partial-result indexes remain ambiguous
2026-10-07T04:00:57.2053064Z ok 208 - malformed provider partial-result indexes remain ambiguous
2026-10-07T04:00:57.2053749Z   ---
2026-10-07T04:00:57.2054123Z   duration_ms: 0.747848
2026-10-07T04:00:57.2054521Z   ...
2026-10-07T04:00:57.2055492Z # Subtest: unavailable source or destination inspection cannot leak callback details or permit import
2026-10-07T04:00:57.2057057Z ok 209 - unavailable source or destination inspection cannot leak callback details or permit import
2026-10-07T04:00:57.2057935Z   ---
2026-10-07T04:00:57.2058284Z   duration_ms: 1.852331
2026-10-07T04:00:57.2058666Z   ...
2026-10-07T04:00:57.2059853Z # Subtest: synthetic bcrypt variants, Unicode and 72-byte boundaries retain password bytes locally
2026-10-07T04:00:57.2061328Z ok 210 - synthetic bcrypt variants, Unicode and 72-byte boundaries retain password bytes locally
2026-10-07T04:00:57.2062159Z   ---
2026-10-07T04:00:57.2062507Z   duration_ms: 2945.894918
2026-10-07T04:00:57.2062916Z   ...
2026-10-07T04:00:57.2063799Z # Subtest: food copy parser accepts a full-day request and builds a canonical operation payload
2026-10-07T04:00:57.2065158Z ok 211 - food copy parser accepts a full-day request and builds a canonical operation payload
2026-10-07T04:00:57.2065954Z   ---
2026-10-07T04:00:57.2066284Z   duration_ms: 39.860228
2026-10-07T04:00:57.2066654Z   ...
2026-10-07T04:00:57.2067558Z # Subtest: food copy parser accepts same-date cross-meal copy and rejects unsafe or ambiguous shapes
2026-10-07T04:00:57.2068927Z ok 212 - food copy parser accepts same-date cross-meal copy and rejects unsafe or ambiguous shapes
2026-10-07T04:00:57.2089618Z   ---
2026-10-07T04:00:57.2089987Z   duration_ms: 5.813492
2026-10-07T04:00:57.2090640Z   ...
2026-10-07T04:00:57.2091813Z # Subtest: food copy transaction preserves owned immutable snapshots and never mutates the source
2026-10-07T04:00:57.2093381Z ok 213 - food copy transaction preserves owned immutable snapshots and never mutates the source
2026-10-07T04:00:57.2094778Z   ---
2026-10-07T04:00:57.2095162Z   duration_ms: 3.024632
2026-10-07T04:00:57.2095567Z   ...
2026-10-07T04:00:57.2096343Z # Subtest: food copy returns an empty successful receipt without creating rows
2026-10-07T04:00:57.2097514Z ok 214 - food copy returns an empty successful receipt without creating rows
2026-10-07T04:00:57.2098192Z   ---
2026-10-07T04:00:57.2098528Z   duration_ms: 0.573173
2026-10-07T04:00:57.2098900Z   ...
2026-10-07T04:00:57.2099974Z # Subtest: food copy honors the canonical target-day write gate before reading source logs
2026-10-07T04:00:57.2101292Z ok 215 - food copy honors the canonical target-day write gate before reading source logs
2026-10-07T04:00:57.2102044Z   ---
2026-10-07T04:00:57.2102377Z   duration_ms: 1.176447
2026-10-07T04:00:57.2102748Z   ...
2026-10-07T04:00:57.2103865Z # Subtest: foodData registry: listFoodDataProviders marks FatSecret + USDA as not ready when credentials are missing
2026-10-07T04:00:57.2105580Z ok 216 - foodData registry: listFoodDataProviders marks FatSecret + USDA as not ready when credentials are missing
2026-10-07T04:00:57.2106544Z   ---
2026-10-07T04:00:57.2106898Z   duration_ms: 3638.896197
2026-10-07T04:00:57.2107288Z   ...
2026-10-07T04:00:57.2108272Z # Subtest: foodData registry: listFoodDataProviders marks FatSecret as ready when credentials are present
2026-10-07T04:00:57.2110074Z ok 217 - foodData registry: listFoodDataProviders marks FatSecret as ready when credentials are present
2026-10-07T04:00:57.2110964Z   ---
2026-10-07T04:00:57.2111306Z   duration_ms: 19.360915
2026-10-07T04:00:57.2111690Z   ...
2026-10-07T04:00:57.2112567Z # Subtest: foodData registry: listFoodDataProviders marks USDA as ready when API key is present
2026-10-07T04:00:57.2113946Z ok 218 - foodData registry: listFoodDataProviders marks USDA as ready when API key is present
2026-10-07T04:00:57.2114755Z   ---
2026-10-07T04:00:57.2115089Z   duration_ms: 14.879863
2026-10-07T04:00:57.2115482Z   ...
2026-10-07T04:00:57.2116556Z # Subtest: foodData registry: getFoodDataProviderByName returns a friendly error for missing FatSecret credentials
2026-10-07T04:00:57.2118249Z ok 219 - foodData registry: getFoodDataProviderByName returns a friendly error for missing FatSecret credentials
2026-10-07T04:00:57.2119211Z   ---
2026-10-07T04:00:57.2159910Z   duration_ms: 20.11276
2026-10-07T04:00:57.2160416Z   ...
2026-10-07T04:00:57.2161412Z # Subtest: foodData registry: getFoodDataProviderByName returns a friendly error for missing USDA key
2026-10-07T04:00:57.2162945Z ok 220 - foodData registry: getFoodDataProviderByName returns a friendly error for missing USDA key
2026-10-07T04:00:57.2163835Z   ---
2026-10-07T04:00:57.2164200Z   duration_ms: 15.965761
2026-10-07T04:00:57.2164633Z   ...
2026-10-07T04:00:57.2165698Z # Subtest: foodData registry: getFoodDataProviderByName caches provider instances
2026-10-07T04:00:57.2167040Z ok 221 - foodData registry: getFoodDataProviderByName caches provider instances
2026-10-07T04:00:57.2168073Z   ---
2026-10-07T04:00:57.2168426Z   duration_ms: 28.190694
2026-10-07T04:00:57.2168813Z   ...
2026-10-07T04:00:57.2170015Z # Subtest: foodData registry: getFoodDataProvider defaults to FatSecret when credentials are present
2026-10-07T04:00:57.2171567Z ok 222 - foodData registry: getFoodDataProvider defaults to FatSecret when credentials are present
2026-10-07T04:00:57.2172460Z   ---
2026-10-07T04:00:57.2172797Z   duration_ms: 20.003015
2026-10-07T04:00:57.2173187Z   ...
2026-10-07T04:00:57.2174153Z # Subtest: foodData registry: getFoodDataProvider falls back when FatSecret credentials are missing
2026-10-07T04:00:57.2175661Z ok 223 - foodData registry: getFoodDataProvider falls back when FatSecret credentials are missing
2026-10-07T04:00:57.2176518Z   ---
2026-10-07T04:00:57.2176856Z   duration_ms: 25.235368
2026-10-07T04:00:57.2177235Z   ...
2026-10-07T04:00:57.2178332Z # Subtest: foodData registry: getFoodDataProvider falls back to USDA when FatSecret is missing but USDA is configured
2026-10-07T04:00:57.2180609Z ok 224 - foodData registry: getFoodDataProvider falls back to USDA when FatSecret is missing but USDA is configured
2026-10-07T04:00:57.2181770Z   ---
2026-10-07T04:00:57.2182105Z   duration_ms: 26.612365
2026-10-07T04:00:57.2182485Z   ...
2026-10-07T04:00:57.2183482Z # Subtest: foodData registry: getFoodDataProvider falls back when configured for USDA without an API key
2026-10-07T04:00:57.2185075Z ok 225 - foodData registry: getFoodDataProvider falls back when configured for USDA without an API key
2026-10-07T04:00:57.2185966Z   ---
2026-10-07T04:00:57.2186297Z   duration_ms: 13.634045
2026-10-07T04:00:57.2186681Z   ...
2026-10-07T04:00:57.2187642Z # Subtest: foodData registry: getPrimaryFoodDataProviderName normalizes FOOD_DATA_PROVIDER values
2026-10-07T04:00:57.2189158Z ok 226 - foodData registry: getPrimaryFoodDataProviderName normalizes FOOD_DATA_PROVIDER values
2026-10-07T04:00:57.2210536Z   ---
2026-10-07T04:00:57.2210907Z   duration_ms: 18.470171
2026-10-07T04:00:57.2211305Z   ...
2026-10-07T04:00:57.2212275Z # Subtest: foodData registry: getEnabledFoodDataProviders orders ready providers with primary first
2026-10-07T04:00:57.2213769Z ok 227 - foodData registry: getEnabledFoodDataProviders orders ready providers with primary first
2026-10-07T04:00:57.2214627Z   ---
2026-10-07T04:00:57.2214959Z   duration_ms: 29.955552
2026-10-07T04:00:57.2215341Z   ...
2026-10-07T04:00:57.2216387Z # Subtest: foodData registry: getEnabledFoodDataProviders excludes unready providers but returns primary metadata
2026-10-07T04:00:57.2218060Z ok 228 - foodData registry: getEnabledFoodDataProviders excludes unready providers but returns primary metadata
2026-10-07T04:00:57.2218993Z   ---
2026-10-07T04:00:57.2219327Z   duration_ms: 10.710045
2026-10-07T04:00:57.2219984Z   ...
2026-10-07T04:00:57.2220701Z # Subtest: foodData utils: round rounds using the requested precision
2026-10-07T04:00:57.2221730Z ok 229 - foodData utils: round rounds using the requested precision
2026-10-07T04:00:57.2222377Z   ---
2026-10-07T04:00:57.2222719Z   duration_ms: 1.845999
2026-10-07T04:00:57.2223136Z   ...
2026-10-07T04:00:57.2223928Z # Subtest: foodData utils: parseNumber accepts finite numbers and numeric strings
2026-10-07T04:00:57.2225109Z ok 230 - foodData utils: parseNumber accepts finite numbers and numeric strings
2026-10-07T04:00:57.2225806Z   ---
2026-10-07T04:00:57.2226145Z   duration_ms: 0.236602
2026-10-07T04:00:57.2226508Z   ...
2026-10-07T04:00:57.2227242Z # Subtest: foodData utils: scaleNutrients scales and rounds fields consistently
2026-10-07T04:00:57.2228322Z ok 231 - foodData utils: scaleNutrients scales and rounds fields consistently
2026-10-07T04:00:57.2229012Z   ---
2026-10-07T04:00:57.2229335Z   duration_ms: 0.940447
2026-10-07T04:00:57.2230026Z   ...
2026-10-07T04:00:57.2230762Z # Subtest: foodData utils: scaleNutrients preserves missing macros as undefined
2026-10-07T04:00:57.2231881Z ok 232 - foodData utils: scaleNutrients preserves missing macros as undefined
2026-10-07T04:00:57.2232555Z   ---
2026-10-07T04:00:57.2232885Z   duration_ms: 0.261128
2026-10-07T04:00:57.2233261Z   ...
2026-10-07T04:00:57.2234295Z # Subtest: captures only the actual local day and preserves the first plan through reopen/recomplete and later settings
2026-10-07T04:00:57.2235955Z ok 233 - captures only the actual local day and preserves the first plan through reopen/recomplete and later settings
2026-10-07T04:00:57.2236874Z   ---
2026-10-07T04:00:57.2237206Z   duration_ms: 26.524292
2026-10-07T04:00:57.2237576Z   ...
2026-10-07T04:00:57.2238334Z # Subtest: does not reconstruct past/future history or turn unsafe plans into colors
2026-10-07T04:00:57.2239480Z ok 234 - does not reconstruct past/future history or turn unsafe plans into colors
2026-10-07T04:00:57.2297793Z   ---
2026-10-07T04:00:57.2298153Z   duration_ms: 1.44998
2026-10-07T04:00:57.2298531Z   ...
2026-10-07T04:00:57.2299404Z # Subtest: uses the evaluated adjusted target while maintenance remains profile-estimated TDEE
2026-10-07T04:00:57.2301349Z ok 235 - uses the evaluated adjusted target while maintenance remains profile-estimated TDEE
2026-10-07T04:00:57.2302354Z   ---
2026-10-07T04:00:57.2302693Z   duration_ms: 1.014015
2026-10-07T04:00:57.2303061Z   ...
2026-10-07T04:00:57.2304182Z # Subtest: range returns known zero, sums immutable entry calories, hides non-complete comparisons, and rejects invalid totals
2026-10-07T04:00:57.2305924Z ok 236 - range returns known zero, sums immutable entry calories, hides non-complete comparisons, and rejects invalid totals
2026-10-07T04:00:57.2306876Z   ---
2026-10-07T04:00:57.2307205Z   duration_ms: 4.677001
2026-10-07T04:00:57.2307565Z   ...
2026-10-07T04:00:57.2308302Z # Subtest: an invalid timezone leaves completion intact and comparison unavailable
2026-10-07T04:00:57.2309423Z ok 237 - an invalid timezone leaves completion intact and comparison unavailable
2026-10-07T04:00:57.2310389Z   ---
2026-10-07T04:00:57.2310729Z   duration_ms: 0.383847
2026-10-07T04:00:57.2311087Z   ...
2026-10-07T04:00:57.2311985Z # Subtest: retains adjusted target ordering when a positive-deficit plan crosses maintenance
2026-10-07T04:00:57.2313303Z ok 238 - retains adjusted target ordering when a positive-deficit plan crosses maintenance
2026-10-07T04:00:57.2314049Z   ---
2026-10-07T04:00:57.2314377Z   duration_ms: 1.014886
2026-10-07T04:00:57.2314733Z   ...
2026-10-07T04:00:57.2315438Z # Subtest: food search normalization keeps provider query behavior consistent
2026-10-07T04:00:57.2316477Z ok 239 - food search normalization keeps provider query behavior consistent
2026-10-07T04:00:57.2317131Z   ---
2026-10-07T04:00:57.2317456Z   duration_ms: 2.814939
2026-10-07T04:00:57.2317808Z   ...
2026-10-07T04:00:57.2318457Z # Subtest: food search token options support provider-specific filtering
2026-10-07T04:00:57.2319432Z ok 240 - food search token options support provider-specific filtering
2026-10-07T04:00:57.2350481Z   ---
2026-10-07T04:00:57.2350851Z   duration_ms: 0.200925
2026-10-07T04:00:57.2351227Z   ...
2026-10-07T04:00:57.2351846Z # Subtest: food search scoring recognizes shared product synonyms
2026-10-07T04:00:57.2352779Z ok 241 - food search scoring recognizes shared product synonyms
2026-10-07T04:00:57.2353367Z   ---
2026-10-07T04:00:57.2353693Z   duration_ms: 0.494484
2026-10-07T04:00:57.2354054Z   ...
2026-10-07T04:00:57.2354837Z # Subtest: background pause materialization excludes accounts without current access
2026-10-07T04:00:57.2356009Z ok 242 - background pause materialization excludes accounts without current access
2026-10-07T04:00:57.2356729Z   ---
2026-10-07T04:00:57.2357052Z   duration_ms: 2.607964
2026-10-07T04:00:57.2357421Z   ...
2026-10-07T04:00:57.2358338Z # Subtest: pause lifecycle materializes dates, preserves an explicit override, and reopens resume day
2026-10-07T04:00:57.2360095Z ok 243 - pause lifecycle materializes dates, preserves an explicit override, and reopens resume day
2026-10-07T04:00:57.2360919Z   ---
2026-10-07T04:00:57.2361250Z   duration_ms: 10.959442
2026-10-07T04:00:57.2361618Z   ...
2026-10-07T04:00:57.2362381Z # Subtest: effective resolution infers only a past blank day inside tracking history
2026-10-07T04:00:57.2363559Z ok 244 - effective resolution infers only a past blank day inside tracking history
2026-10-07T04:00:57.2364271Z   ---
2026-10-07T04:00:57.2364603Z   duration_ms: 8.621493
2026-10-07T04:00:57.2364974Z   ...
2026-10-07T04:00:57.2365845Z # Subtest: expected resume date becomes confirmation due without automatically closing the pause
2026-10-07T04:00:57.2367191Z ok 245 - expected resume date becomes confirmation due without automatically closing the pause
2026-10-07T04:00:57.2367970Z   ---
2026-10-07T04:00:57.2368289Z   duration_ms: 0.512168
2026-10-07T04:00:57.2368650Z   ...
2026-10-07T04:00:57.2369407Z # Subtest: active pause suppresses both reminder types and resolves existing reminders
2026-10-07T04:00:57.2370828Z ok 246 - active pause suppresses both reminder types and resolves existing reminders
2026-10-07T04:00:57.2371534Z   ---
2026-10-07T04:00:57.2371862Z   duration_ms: 1.035596
2026-10-07T04:00:57.2372220Z   ...
2026-10-07T04:00:58.7912931Z # Subtest: foodUtils: parseFoodSearchParams requires a query or barcode
2026-10-07T04:00:58.7930653Z ok 247 - foodUtils: parseFoodSearchParams requires a query or barcode
2026-10-07T04:00:58.7960241Z   ---
2026-10-07T04:00:58.7960985Z   duration_ms: 3.296551
2026-10-07T04:00:58.7981497Z   ...
2026-10-07T04:00:58.7985169Z # Subtest: foodUtils: parseFoodSearchParams trims queries and rejects invalid numeric filters
2026-10-07T04:00:58.7987057Z ok 248 - foodUtils: parseFoodSearchParams trims queries and rejects invalid numeric filters
2026-10-07T04:00:58.7988340Z   ---
2026-10-07T04:00:58.7988927Z   duration_ms: 0.332612
2026-10-07T04:00:58.7989949Z   ...
2026-10-07T04:00:58.7991018Z # Subtest: foodUtils: parseFoodLogCreateBody rejects invalid bodies and meal periods
2026-10-07T04:00:58.7992534Z ok 249 - foodUtils: parseFoodLogCreateBody rejects invalid bodies and meal periods
2026-10-07T04:00:58.7993584Z   ---
2026-10-07T04:00:58.7994180Z   duration_ms: 0.640988
2026-10-07T04:00:58.7994837Z   ...
2026-10-07T04:00:58.7995921Z # Subtest: foodUtils: parseFoodLogCreateBody defaults date fields when date is omitted
2026-10-07T04:00:58.7997461Z ok 250 - foodUtils: parseFoodLogCreateBody defaults date fields when date is omitted
2026-10-07T04:00:58.7998432Z   ---
2026-10-07T04:00:58.7998974Z   duration_ms: 22.877996
2026-10-07T04:00:58.7999819Z   ...
2026-10-07T04:00:58.8000931Z # Subtest: foodUtils: parseFoodLogCreateBody preserves optional external serving snapshots
2026-10-07T04:00:58.8002544Z ok 251 - foodUtils: parseFoodLogCreateBody preserves optional external serving snapshots
2026-10-07T04:00:58.8003572Z   ---
2026-10-07T04:00:58.8004148Z   duration_ms: 0.383116
2026-10-07T04:00:58.8004736Z   ...
2026-10-07T04:00:58.8005789Z # Subtest: foodUtils: parseFoodLogCreateBody rejects invalid dates and mutual exclusivity
2026-10-07T04:00:58.8007373Z ok 252 - foodUtils: parseFoodLogCreateBody rejects invalid dates and mutual exclusivity
2026-10-07T04:00:58.8008392Z   ---
2026-10-07T04:00:58.8008930Z   duration_ms: 0.356226
2026-10-07T04:00:58.8009780Z   ...
2026-10-07T04:00:58.8010927Z # Subtest: foodUtils: parseFoodLogCreateBody parses my_food_id and servings_consumed inputs
2026-10-07T04:00:58.8012526Z ok 253 - foodUtils: parseFoodLogCreateBody parses my_food_id and servings_consumed inputs
2026-10-07T04:00:58.8013557Z   ---
2026-10-07T04:00:58.8014095Z   duration_ms: 0.222927
2026-10-07T04:00:58.8014661Z   ...
2026-10-07T04:00:58.8015721Z # Subtest: foodUtils: parseFoodLogUpdateBody rejects non-object bodies and empty updates
2026-10-07T04:00:58.8017278Z ok 254 - foodUtils: parseFoodLogUpdateBody rejects non-object bodies and empty updates
2026-10-07T04:00:58.8018262Z   ---
2026-10-07T04:00:58.8018796Z   duration_ms: 0.351146
2026-10-07T04:00:58.8019364Z   ...
2026-10-07T04:00:58.8020795Z # Subtest: foodUtils: parseFoodLogUpdateBody computes calories from servings when snapshot exists
2026-10-07T04:00:58.8022917Z ok 255 - foodUtils: parseFoodLogUpdateBody computes calories from servings when snapshot exists
2026-10-07T04:00:58.8024359Z   ---
2026-10-07T04:00:58.8024974Z   duration_ms: 0.300201
2026-10-07T04:00:58.8025590Z   ...
2026-10-07T04:00:58.8026966Z # Subtest: foodUtils: parseFoodLogUpdateBody updates measure and gram snapshots without losing a precise calorie basis
2026-10-07T04:00:58.8028997Z ok 256 - foodUtils: parseFoodLogUpdateBody updates measure and gram snapshots without losing a precise calorie basis
2026-10-07T04:00:58.8030633Z   ---
2026-10-07T04:00:58.8031210Z   duration_ms: 0.354102
2026-10-07T04:00:58.8031819Z   ...
2026-10-07T04:00:58.8033016Z # Subtest: foodUtils: parseFoodLogUpdateBody derives legacy per-100g totals from the stored measure ratio
2026-10-07T04:00:58.8034829Z ok 257 - foodUtils: parseFoodLogUpdateBody derives legacy per-100g totals from the stored measure ratio
2026-10-07T04:00:58.8035943Z   ---
2026-10-07T04:00:58.8036524Z   duration_ms: 0.185086
2026-10-07T04:00:58.8037131Z   ...
2026-10-07T04:00:58.8038543Z # Subtest: foodUtils: parseFoodLogUpdateBody rejects servings updates when the entry has no snapshot
2026-10-07T04:00:58.8070853Z ok 258 - foodUtils: parseFoodLogUpdateBody rejects servings updates when the entry has no snapshot
2026-10-07T04:00:58.8100111Z   ---
2026-10-07T04:00:58.8100732Z   duration_ms: 0.156733
2026-10-07T04:00:58.8130184Z   ...
2026-10-07T04:00:58.8160887Z # Subtest: foodUtils: parseFoodLogUpdateBody derives calories_per_serving_snapshot from calories and servings
2026-10-07T04:00:58.8162654Z ok 259 - foodUtils: parseFoodLogUpdateBody derives calories_per_serving_snapshot from calories and servings
2026-10-07T04:00:58.8163619Z   ---
2026-10-07T04:00:58.8163976Z   duration_ms: 0.184965
2026-10-07T04:00:58.8164364Z   ...
2026-10-07T04:00:58.8165402Z # Subtest: foodUtils: parseFoodLogUpdateBody treats supplied calories as an explicit per-serving override
2026-10-07T04:00:58.8167029Z ok 260 - foodUtils: parseFoodLogUpdateBody treats supplied calories as an explicit per-serving override
2026-10-07T04:00:58.8167933Z   ---
2026-10-07T04:00:58.8168274Z   duration_ms: 0.222286
2026-10-07T04:00:58.8168676Z   ...
2026-10-07T04:00:58.8169861Z # Subtest: foodUtils: parseFoodLogUpdateBody clears a stale gram total when no conversion ratio exists
2026-10-07T04:00:58.8171483Z ok 261 - foodUtils: parseFoodLogUpdateBody clears a stale gram total when no conversion ratio exists
2026-10-07T04:00:58.8172357Z   ---
2026-10-07T04:00:58.8172699Z   duration_ms: 0.159789
2026-10-07T04:00:58.8173081Z   ...
2026-10-07T04:01:00.4001239Z # Subtest: frontend cache policy revalidates documents and permanently caches hashed assets
2026-10-07T04:01:00.4030734Z ok 262 - frontend cache policy revalidates documents and permanently caches hashed assets
2026-10-07T04:01:00.4031763Z   ---
2026-10-07T04:01:00.4060215Z   duration_ms: 2.144097
2026-10-07T04:01:00.4090133Z   ...
2026-10-07T04:01:00.5040965Z # Subtest: deployed frontend serves Expo static routes without masking backend paths
2026-10-07T04:01:00.5088343Z ok 263 - deployed frontend serves Expo static routes without masking backend paths
2026-10-07T04:01:00.5128807Z   ---
2026-10-07T04:01:00.5170340Z   duration_ms: 143.069167
2026-10-07T04:01:00.5200313Z   ...
2026-10-07T04:01:00.7029375Z # Subtest: parseDailyDeficit accepts only the allowed deficit/surplus magnitudes
2026-10-07T04:01:00.7073547Z ok 264 - parseDailyDeficit accepts only the allowed deficit/surplus magnitudes
2026-10-07T04:01:00.7078563Z   ---
2026-10-07T04:01:00.7079211Z   duration_ms: 1.516253
2026-10-07T04:01:00.7083992Z   ...
2026-10-07T04:01:08.5452373Z # Subtest: adjustment preserves identity, baseline, target intent and 33% progress; replay and unchanged save are harmless
2026-10-07T04:01:08.5454331Z ok 265 - adjustment preserves identity, baseline, target intent and 33% progress; replay and unchanged save are harmless
2026-10-07T04:01:08.5455351Z   ---
2026-10-07T04:01:08.5455714Z   duration_ms: 6479.306775
2026-10-07T04:01:08.5456116Z   ...
2026-10-07T04:01:08.5457203Z # Subtest: local year boundary and same-day ordering preserve earlier pace; scheduled calibration inherits new pace
2026-10-07T04:01:08.5458947Z ok 266 - local year boundary and same-day ordering preserve earlier pace; scheduled calibration inherits new pace
2026-10-07T04:01:08.5460157Z   ---
2026-10-07T04:01:08.5460504Z   duration_ms: 45.40763
2026-10-07T04:01:08.5460896Z   ...
2026-10-07T04:01:08.5461874Z # Subtest: stale editor, changed profile, another goal and reused operation never overwrite a newer plan
2026-10-07T04:01:08.5463365Z ok 267 - stale editor, changed profile, another goal and reused operation never overwrite a newer plan
2026-10-07T04:01:08.5464215Z   ---
2026-10-07T04:01:08.5464549Z   duration_ms: 48.694046
2026-10-07T04:01:08.5464933Z   ...
2026-10-07T04:01:08.5466035Z # Subtest: missing weight, unsafe/review plan, unsupported values and direction changes have no partial domain writes
2026-10-07T04:01:08.5467786Z ok 268 - missing weight, unsafe/review plan, unsupported values and direction changes have no partial domain writes
2026-10-07T04:01:08.5468762Z   ---
2026-10-07T04:01:08.5469821Z   duration_ms: 304.252933
2026-10-07T04:01:08.5470467Z   ...
2026-10-07T04:01:08.5471531Z # Subtest: gain adjustment preserves negative direction; intentional new goal still creates a fresh identity
2026-10-07T04:01:08.5473136Z ok 269 - gain adjustment preserves negative direction; intentional new goal still creates a fresh identity
2026-10-07T04:01:08.5474039Z   ---
2026-10-07T04:01:08.5474386Z   duration_ms: 40.282825
2026-10-07T04:01:08.5474781Z   ...
2026-10-07T04:01:08.5475710Z # Subtest: effective and scheduled corrections are retained; unsafe future combination is disabled
2026-10-07T04:01:08.5477137Z ok 270 - effective and scheduled corrections are retained; unsafe future combination is disabled
2026-10-07T04:01:08.5477972Z   ---
2026-10-07T04:01:08.5478304Z   duration_ms: 62.066963
2026-10-07T04:01:08.5478683Z   ...
2026-10-07T04:01:08.5488509Z # Subtest: existing completion provenance survives manual pace and recompletion; a new day captures the new plan
2026-10-07T04:01:08.5490904Z ok 271 - existing completion provenance survives manual pace and recompletion; a new day captures the new plan
2026-10-07T04:01:08.5492061Z   ---
2026-10-07T04:01:08.5492632Z   duration_ms: 1210.029783
2026-10-07T04:01:08.5493219Z   ...
2026-10-07T04:01:08.5494205Z # Subtest: new-goal serialization conflict is recoverable and retry keeps its operation ID
2026-10-07T04:01:08.5495765Z ok 272 - new-goal serialization conflict is recoverable and retry keeps its operation ID
2026-10-07T04:01:08.5496783Z   ---
2026-10-07T04:01:08.5497341Z   duration_ms: 843.003837
2026-10-07T04:01:08.5497940Z   ...
2026-10-07T04:01:08.5499007Z # Subtest: missing and non-object pace request bodies return structured 400 before mutation
2026-10-07T04:01:08.5500794Z ok 273 - missing and non-object pace request bodies return structured 400 before mutation
2026-10-07T04:01:08.5501779Z   ---
2026-10-07T04:01:08.5502340Z   duration_ms: 55.516486
2026-10-07T04:01:08.5502940Z   ...
2026-10-07T04:01:08.5504157Z # Subtest: raw SQL serialization and deadlock conflicts return recoverable plan conflicts without a revision
2026-10-07T04:01:08.5506005Z ok 274 - raw SQL serialization and deadlock conflicts return recoverable plan conflicts without a revision
2026-10-07T04:01:08.5507124Z   ---
2026-10-07T04:01:08.5507676Z   duration_ms: 245.568328
2026-10-07T04:01:08.5508273Z   ...
2026-10-07T04:01:08.6980951Z # Subtest: goalValidation: validateGoalWeightsForDailyDeficit enforces loss direction for positive deficits
2026-10-07T04:01:08.6993286Z ok 275 - goalValidation: validateGoalWeightsForDailyDeficit enforces loss direction for positive deficits
2026-10-07T04:01:08.6994508Z   ---
2026-10-07T04:01:08.6995020Z   duration_ms: 2.067264
2026-10-07T04:01:08.6995586Z   ...
2026-10-07T04:01:08.6997692Z # Subtest: goalValidation: validateGoalWeightsForDailyDeficit enforces gain direction for negative deficits
2026-10-07T04:01:08.6999838Z ok 276 - goalValidation: validateGoalWeightsForDailyDeficit enforces gain direction for negative deficits
2026-10-07T04:01:08.7001037Z   ---
2026-10-07T04:01:08.7001564Z   duration_ms: 0.188873
2026-10-07T04:01:08.7002138Z   ...
2026-10-07T04:01:08.7003195Z # Subtest: goalValidation: validateGoalWeightsForDailyDeficit allows maintenance goals
2026-10-07T04:01:08.7004712Z ok 277 - goalValidation: validateGoalWeightsForDailyDeficit allows maintenance goals
2026-10-07T04:01:08.7005686Z   ---
2026-10-07T04:01:08.7006176Z   duration_ms: 0.195626
2026-10-07T04:01:08.7006713Z   ...
2026-10-07T04:01:08.7007818Z # Subtest: height utils: resolveHeightMmUpdate returns not-provided when all fields are omitted
2026-10-07T04:01:08.7009415Z ok 278 - height utils: resolveHeightMmUpdate returns not-provided when all fields are omitted
2026-10-07T04:01:08.7010780Z   ---
2026-10-07T04:01:08.7011370Z   duration_ms: 1.603476
2026-10-07T04:01:08.7011983Z   ...
2026-10-07T04:01:08.7013130Z # Subtest: height utils: resolveHeightMmUpdate supports clearing height via null/empty string
2026-10-07T04:01:08.7015177Z ok 279 - height utils: resolveHeightMmUpdate supports clearing height via null/empty string
2026-10-07T04:01:08.7016493Z   ---
2026-10-07T04:01:08.7017067Z   duration_ms: 0.156002
2026-10-07T04:01:08.7017680Z   ...
2026-10-07T04:01:08.7018842Z # Subtest: height utils: resolveHeightMmUpdate validates and normalizes height_mm and height_cm
2026-10-07T04:01:08.7020880Z ok 280 - height utils: resolveHeightMmUpdate validates and normalizes height_mm and height_cm
2026-10-07T04:01:08.7021935Z   ---
2026-10-07T04:01:08.7022499Z   duration_ms: 0.171821
2026-10-07T04:01:08.7023120Z   ...
2026-10-07T04:01:08.7024107Z # Subtest: height utils: resolveHeightMmUpdate supports feet/inches inputs
2026-10-07T04:01:08.7025457Z ok 281 - height utils: resolveHeightMmUpdate supports feet/inches inputs
2026-10-07T04:01:08.7026367Z   ---
2026-10-07T04:01:08.7026913Z   duration_ms: 0.210223
2026-10-07T04:01:08.7027509Z   ...
2026-10-07T04:01:08.7028760Z # Subtest: height utils: resolveHeightMmUpdate prefers height_mm when multiple representations are present
2026-10-07T04:01:08.7030998Z ok 282 - height utils: resolveHeightMmUpdate prefers height_mm when multiple representations are present
2026-10-07T04:01:08.7032183Z   ---
2026-10-07T04:01:08.7032783Z   duration_ms: 0.192309
2026-10-07T04:01:08.7033412Z   ...
2026-10-07T04:01:09.6954260Z # Subtest: Lose It weight import and sticky plan review roll back together when review marking fails
2026-10-07T04:01:09.6955595Z ok 283 - Lose It weight import and sticky plan review roll back together when review marking fails
2026-10-07T04:01:09.6956313Z   ---
2026-10-07T04:01:09.6956514Z   duration_ms: 6038.131219
2026-10-07T04:01:09.6956729Z   ...
2026-10-07T04:01:09.8001066Z # Subtest: parseLocalDateOnly accepts YYYY-MM-DD and returns a UTC-normalized Date
2026-10-07T04:01:09.8036431Z ok 284 - parseLocalDateOnly accepts YYYY-MM-DD and returns a UTC-normalized Date
2026-10-07T04:01:09.8037841Z   ---
2026-10-07T04:01:09.8038195Z   duration_ms: 4.923451
2026-10-07T04:01:09.8038566Z   ...
2026-10-07T04:01:09.8039348Z # Subtest: parseLocalDateOnly accepts ISO-ish strings that start with YYYY-MM-DD
2026-10-07T04:01:09.8040757Z ok 285 - parseLocalDateOnly accepts ISO-ish strings that start with YYYY-MM-DD
2026-10-07T04:01:09.8041452Z   ---
2026-10-07T04:01:09.8041769Z   duration_ms: 0.260246
2026-10-07T04:01:09.8042117Z   ...
2026-10-07T04:01:09.8042625Z # Subtest: parseLocalDateOnly rejects invalid inputs
2026-10-07T04:01:09.8043325Z ok 286 - parseLocalDateOnly rejects invalid inputs
2026-10-07T04:01:09.8043835Z   ---
2026-10-07T04:01:09.8044144Z   duration_ms: 0.788143
2026-10-07T04:01:09.8044485Z   ...
2026-10-07T04:01:09.8045306Z # Subtest: getSafeUtcTodayDateOnlyInTimeZone falls back to UTC for invalid timezone values
2026-10-07T04:01:09.8046669Z ok 287 - getSafeUtcTodayDateOnlyInTimeZone falls back to UTC for invalid timezone values
2026-10-07T04:01:09.8047435Z   ---
2026-10-07T04:01:09.8047746Z   duration_ms: 26.847607
2026-10-07T04:01:09.8048100Z   ...
2026-10-07T04:01:09.8048907Z # Subtest: getSafeUtcTodayDateOnlyInTimeZone falls back to UTC for missing timezone values
2026-10-07T04:01:09.8050625Z ok 288 - getSafeUtcTodayDateOnlyInTimeZone falls back to UTC for missing timezone values
2026-10-07T04:01:09.8051395Z   ---
2026-10-07T04:01:09.8051705Z   duration_ms: 0.595714
2026-10-07T04:01:09.8052049Z   ...
2026-10-07T04:01:11.7391283Z # Subtest: parseLoseItExport parses Lose It exports with warnings for invalid rows
2026-10-07T04:01:11.7420875Z ok 289 - parseLoseItExport parses Lose It exports with warnings for invalid rows
2026-10-07T04:01:11.7450184Z   ---
2026-10-07T04:01:11.7480264Z   duration_ms: 44.46684
2026-10-07T04:01:11.7501802Z   ...
2026-10-07T04:01:11.7503125Z # Subtest: parseLoseItExport throws when food and weight CSVs are missing
2026-10-07T04:01:11.7504260Z ok 290 - parseLoseItExport throws when food and weight CSVs are missing
2026-10-07T04:01:11.7504965Z   ---
2026-10-07T04:01:11.7505516Z   duration_ms: 1.739831
2026-10-07T04:01:11.7506207Z   ...
2026-10-07T04:01:11.7507425Z # Subtest: inferLoseItWeightUnit uses profile hints, then height heuristics, then fallback
2026-10-07T04:01:11.7510011Z ok 291 - inferLoseItWeightUnit uses profile hints, then height heuristics, then fallback
2026-10-07T04:01:11.7511498Z   ---
2026-10-07T04:01:11.7512380Z   duration_ms: 1.030415
2026-10-07T04:01:11.7513046Z   ...
2026-10-07T04:01:11.7515143Z # Subtest: partitionLoseItWeightImportsByAsOfDate excludes future local dates
2026-10-07T04:01:11.7516643Z ok 292 - partitionLoseItWeightImportsByAsOfDate excludes future local dates
2026-10-07T04:01:11.7517623Z   ---
2026-10-07T04:01:11.7518184Z   duration_ms: 0.335467
2026-10-07T04:01:11.7518809Z   ...
2026-10-07T04:01:11.7519950Z # Subtest: buildImportTimestamp uses midday UTC without mutating inputs
2026-10-07T04:01:11.7521288Z ok 293 - buildImportTimestamp uses midday UTC without mutating inputs
2026-10-07T04:01:11.7522220Z   ---
2026-10-07T04:01:11.7522774Z   duration_ms: 0.213399
2026-10-07T04:01:11.7523393Z   ...
2026-10-07T04:01:14.6656033Z # Subtest: materializedWeightTrend: recompute atomically replaces all rows with the active horizon
2026-10-07T04:01:14.6731090Z ok 294 - materializedWeightTrend: recompute atomically replaces all rows with the active horizon
2026-10-07T04:01:14.6760095Z   ---
2026-10-07T04:01:14.6810227Z   duration_ms: 5321.491896
2026-10-07T04:01:14.6870249Z   ...
2026-10-07T04:01:14.6910736Z # Subtest: materializedWeightTrend: v1 rollout writes version 1 rows without canonical rate state
2026-10-07T04:01:14.6940682Z ok 295 - materializedWeightTrend: v1 rollout writes version 1 rows without canonical rate state
2026-10-07T04:01:14.6970074Z   ---
2026-10-07T04:01:14.7000136Z   duration_ms: 33.948619
2026-10-07T04:01:14.7000584Z   ...
2026-10-07T04:01:14.7001655Z # Subtest: materializedWeightTrend: excludes future-dated metrics from the model and active-horizon anchor
2026-10-07T04:01:14.7003325Z ok 296 - materializedWeightTrend: excludes future-dated metrics from the model and active-horizon anchor
2026-10-07T04:01:14.7004285Z   ---
2026-10-07T04:01:14.7004633Z   duration_ms: 24.098971
2026-10-07T04:01:14.7005052Z   ...
2026-10-07T04:01:14.7006063Z # Subtest: materializedWeightTrend: rounds v2 level fields while preserving floating-point rate state
2026-10-07T04:01:14.7007676Z ok 297 - materializedWeightTrend: rounds v2 level fields while preserving floating-point rate state
2026-10-07T04:01:14.7083674Z   ---
2026-10-07T04:01:14.7110385Z   duration_ms: 27.58171
2026-10-07T04:01:14.7111064Z   ...
2026-10-07T04:01:14.7112307Z # Subtest: materializedWeightTrend: ensure refreshes active rows from an older model version
2026-10-07T04:01:14.7113894Z ok 298 - materializedWeightTrend: ensure refreshes active rows from an older model version
2026-10-07T04:01:14.7114950Z   ---
2026-10-07T04:01:14.7115500Z   duration_ms: 32.851198
2026-10-07T04:01:14.7116083Z   ...
2026-10-07T04:01:14.7117234Z # Subtest: materializedWeightTrend: ensure refreshes upgraded rows with a null source revision
2026-10-07T04:01:14.7118812Z ok 299 - materializedWeightTrend: ensure refreshes upgraded rows with a null source revision
2026-10-07T04:01:14.7120074Z   ---
2026-10-07T04:01:14.7120624Z   duration_ms: 31.925248
2026-10-07T04:01:14.7121212Z   ...
2026-10-07T04:01:14.7122488Z # Subtest: materializedWeightTrend: captures one repeatable source revision after taking the advisory lock
2026-10-07T04:01:14.7124270Z ok 300 - materializedWeightTrend: captures one repeatable source revision after taking the advisory lock
2026-10-07T04:01:14.7125360Z   ---
2026-10-07T04:01:14.7125895Z   duration_ms: 29.340587
2026-10-07T04:01:14.7126470Z   ...
2026-10-07T04:01:14.7127661Z # Subtest: materializedWeightTrend: retries a waiting repeatable-read conflict from a fresh source snapshot
2026-10-07T04:01:14.7129425Z ok 301 - materializedWeightTrend: retries a waiting repeatable-read conflict from a fresh source snapshot
2026-10-07T04:01:14.7130797Z   ---
2026-10-07T04:01:14.7131421Z   duration_ms: 32.709123
2026-10-07T04:01:14.7132055Z   ...
2026-10-07T04:01:14.7133297Z # Subtest: materializedWeightTrend: serializes concurrent recomputes without mixing source revisions
2026-10-07T04:01:14.7135830Z ok 302 - materializedWeightTrend: serializes concurrent recomputes without mixing source revisions
2026-10-07T04:01:14.7137113Z   ---
2026-10-07T04:01:14.7137762Z   duration_ms: 23.983936
2026-10-07T04:01:14.7138455Z   ...
2026-10-07T04:01:14.7140043Z # Subtest: materializedWeightTrend: failed replacement rolls back and retains the last-known-good rows
2026-10-07T04:01:14.7142058Z ok 303 - materializedWeightTrend: failed replacement rolls back and retains the last-known-good rows
2026-10-07T04:01:14.7143323Z   ---
2026-10-07T04:01:14.7143959Z   duration_ms: 23.077903
2026-10-07T04:01:14.7144667Z   ...
2026-10-07T04:01:14.7146004Z # Subtest: materializedWeightTrend: best-effort refresh preserves last-known-good rows on fit failure
2026-10-07T04:01:14.7148522Z ok 304 - materializedWeightTrend: best-effort refresh preserves last-known-good rows on fit failure
2026-10-07T04:01:14.7150057Z   ---
2026-10-07T04:01:14.7150661Z   duration_ms: 19.704828
2026-10-07T04:01:14.7151349Z   ...
2026-10-07T04:01:14.7152552Z # Subtest: materializedWeightTrend: ensure returns unavailable without leaking refresh details
2026-10-07T04:01:14.7154295Z ok 305 - materializedWeightTrend: ensure returns unavailable without leaking refresh details
2026-10-07T04:01:14.7155423Z   ---
2026-10-07T04:01:14.7156008Z   duration_ms: 15.581081
2026-10-07T04:01:14.7156670Z   ...
2026-10-07T04:01:14.7157936Z # Subtest: materializedWeightTrend: same-day source edit remains stale when refitting fails
2026-10-07T04:01:14.7159937Z ok 306 - materializedWeightTrend: same-day source edit remains stale when refitting fails
2026-10-07T04:01:14.7161010Z   ---
2026-10-07T04:01:14.7161544Z   duration_ms: 15.167618
2026-10-07T04:01:14.7162121Z   ...
2026-10-07T04:01:14.7163343Z # Subtest: materializedWeightTrend: successful empty-history refresh is available and clears old rows once
2026-10-07T04:01:14.7165243Z ok 307 - materializedWeightTrend: successful empty-history refresh is available and clears old rows once
2026-10-07T04:01:14.7166379Z   ---
2026-10-07T04:01:14.7166908Z   duration_ms: 18.327834
2026-10-07T04:01:14.7190132Z   ...
2026-10-07T04:01:22.0213470Z # Subtest: MCP discovery advertises the exact resource and public PKCE authorization server
2026-10-07T04:01:22.0300826Z ok 308 - MCP discovery advertises the exact resource and public PKCE authorization server
2026-10-07T04:01:22.0330151Z   ---
2026-10-07T04:01:22.0360276Z   duration_ms: 119.299402
2026-10-07T04:01:22.0381652Z   ...
2026-10-07T04:01:22.0831931Z # Subtest: unauthenticated MCP calls return a resource-metadata challenge and stateless method guidance
2026-10-07T04:01:22.0881145Z ok 309 - unauthenticated MCP calls return a resource-metadata challenge and stateless method guidance
2026-10-07T04:01:22.0882647Z   ---
2026-10-07T04:01:22.0912901Z   duration_ms: 83.124974
2026-10-07T04:01:22.0940265Z   ...
2026-10-07T04:01:22.0959923Z # mcp.access-token failed (request_id=unavailable, error_type=Error).
2026-10-07T04:01:22.1030646Z # Subtest: MCP storage failures return a non-cacheable 503 without an OAuth challenge loop
2026-10-07T04:01:22.1117634Z ok 310 - MCP storage failures return a non-cacheable 503 without an OAuth challenge loop
2026-10-07T04:01:22.1143994Z   ---
2026-10-07T04:01:22.1154143Z   duration_ms: 17.642126
2026-10-07T04:01:22.1154910Z   ...
2026-10-07T04:01:22.1341202Z # Subtest: OAuth approval uses the supplied limiter and configured proxy hop without caching
2026-10-07T04:01:22.1370643Z ok 311 - OAuth approval uses the supplied limiter and configured proxy hop without caching
2026-10-07T04:01:22.1390235Z   ---
2026-10-07T04:01:22.1400141Z   duration_ms: 30.055311
2026-10-07T04:01:22.1400561Z   ...
2026-10-07T04:01:22.1560897Z # Subtest: dynamic registration rejects oversized metadata before persistence
2026-10-07T04:01:22.1578075Z ok 312 - dynamic registration rejects oversized metadata before persistence
2026-10-07T04:01:22.1620347Z   ---
2026-10-07T04:01:22.1650222Z   duration_ms: 21.938144
2026-10-07T04:01:22.1681761Z   ...
2026-10-07T04:01:22.1757805Z # Subtest: dynamic registration rejects insecure non-loopback callbacks before persistence
2026-10-07T04:01:22.1780638Z ok 313 - dynamic registration rejects insecure non-loopback callbacks before persistence
2026-10-07T04:01:22.1810199Z   ---
2026-10-07T04:01:22.1846012Z   duration_ms: 17.209076
2026-10-07T04:01:22.1860348Z   ...
2026-10-07T04:01:22.2636206Z # Subtest: dynamic registration is rate-limited before another client is persisted
2026-10-07T04:01:22.2680905Z ok 314 - dynamic registration is rate-limited before another client is persisted
2026-10-07T04:01:22.2741444Z   ---
2026-10-07T04:01:22.2770137Z   duration_ms: 91.881578
2026-10-07T04:01:22.2770807Z   ...
2026-10-07T04:01:22.5150439Z # Subtest: authorization is rate-limited before another approval request is persisted
2026-10-07T04:01:22.5173279Z ok 315 - authorization is rate-limited before another approval request is persisted
2026-10-07T04:01:22.5201179Z   ---
2026-10-07T04:01:22.5230153Z   duration_ms: 259.841049
2026-10-07T04:01:22.5260205Z   ...
2026-10-07T04:01:24.2151763Z # Subtest: remote MCP completes DCR, PKCE approval, tool use, refresh rotation, replay rejection, and revocation
2026-10-07T04:01:24.2190880Z ok 316 - remote MCP completes DCR, PKCE approval, tool use, refresh rotation, replay rejection, and revocation
2026-10-07T04:01:24.2293964Z   ---
2026-10-07T04:01:24.2383463Z   duration_ms: 282.629066
2026-10-07T04:01:24.2410051Z   ...
2026-10-07T04:01:24.5400968Z # Subtest: MCP OAuth migration separates clients, grants, and short-lived credentials
2026-10-07T04:01:24.5430710Z ok 317 - MCP OAuth migration separates clients, grants, and short-lived credentials
2026-10-07T04:01:24.5450368Z   ---
2026-10-07T04:01:24.5450996Z   duration_ms: 2.051635
2026-10-07T04:01:24.5451676Z   ...
2026-10-07T04:01:24.5452715Z # Subtest: MCP OAuth migration persists purpose-bound hashes instead of bearer credentials
2026-10-07T04:01:24.5454136Z ok 318 - MCP OAuth migration persists purpose-bound hashes instead of bearer credentials
2026-10-07T04:01:24.5455154Z   ---
2026-10-07T04:01:24.5455551Z   duration_ms: 0.459218
2026-10-07T04:01:24.5455945Z   ...
2026-10-07T04:01:24.5456775Z # Subtest: MCP OAuth migration preserves exact resource and scopes on every grant credential
2026-10-07T04:01:24.5458047Z ok 319 - MCP OAuth migration preserves exact resource and scopes on every grant credential
2026-10-07T04:01:24.5458809Z   ---
2026-10-07T04:01:24.5459154Z   duration_ms: 0.281376
2026-10-07T04:01:24.5459756Z   ...
2026-10-07T04:01:24.5460563Z # Subtest: MCP OAuth stores a hashed, ten-minute approval credential for an exact resource
2026-10-07T04:01:24.5461764Z ok 320 - MCP OAuth stores a hashed, ten-minute approval credential for an exact resource
2026-10-07T04:01:24.5462476Z   ---
2026-10-07T04:01:24.5462807Z   duration_ms: 8035.160128
2026-10-07T04:01:24.5463194Z   ...
2026-10-07T04:01:24.5463828Z # Subtest: MCP OAuth dynamic client persistence strips client secrets
2026-10-07T04:01:24.5464759Z ok 321 - MCP OAuth dynamic client persistence strips client secrets
2026-10-07T04:01:24.5465384Z   ---
2026-10-07T04:01:24.5465711Z   duration_ms: 76.205406
2026-10-07T04:01:24.5466159Z   ...
2026-10-07T04:01:24.5475242Z # Subtest: MCP OAuth uses different purpose-bound hashes for the same token text
2026-10-07T04:01:24.5476387Z ok 322 - MCP OAuth uses different purpose-bound hashes for the same token text
2026-10-07T04:01:24.5477042Z   ---
2026-10-07T04:01:24.5477356Z   duration_ms: 67.736692
2026-10-07T04:01:24.5477709Z   ...
2026-10-07T04:01:24.5478440Z # Subtest: MCP OAuth revokes the entire grant when refresh-token replay wins a race
2026-10-07T04:01:24.5479764Z ok 323 - MCP OAuth revokes the entire grant when refresh-token replay wins a race
2026-10-07T04:01:24.5505347Z   ---
2026-10-07T04:01:24.5505694Z   duration_ms: 53.551705
2026-10-07T04:01:24.5506082Z   ...
2026-10-07T04:01:24.5506896Z # Subtest: MCP OAuth refresh rotation prunes only expired credentials for the active grant
2026-10-07T04:01:24.5508461Z ok 324 - MCP OAuth refresh rotation prunes only expired credentials for the active grant
2026-10-07T04:01:24.5509441Z   ---
2026-10-07T04:01:24.5535945Z   duration_ms: 47.02969
2026-10-07T04:01:24.5536354Z   ...
2026-10-07T04:01:24.5537380Z # Subtest: MCP OAuth approval cannot create a code after the security version changes with the same password hash
2026-10-07T04:01:24.5538945Z ok 325 - MCP OAuth approval cannot create a code after the security version changes with the same password hash
2026-10-07T04:01:24.5539990Z   ---
2026-10-07T04:01:24.5540330Z   duration_ms: 73.206193
2026-10-07T04:01:24.5540711Z   ...
2026-10-07T04:01:32.6322245Z # Subtest: MCP food snapshot groups local days and averages only COMPLETE days
2026-10-07T04:01:32.6367314Z ok 326 - MCP food snapshot groups local days and averages only COMPLETE days
2026-10-07T04:01:32.6368346Z   ---
2026-10-07T04:01:32.6368899Z   duration_ms: 47.217776
2026-10-07T04:01:32.6369440Z   ...
2026-10-07T04:01:32.6370704Z # Subtest: MCP weight snapshot excludes future rows and returns the canonical trend in the preferred unit
2026-10-07T04:01:32.6372414Z ok 327 - MCP weight snapshot excludes future rows and returns the canonical trend in the preferred unit
2026-10-07T04:01:32.6373398Z   ---
2026-10-07T04:01:32.6373867Z   duration_ms: 6.59828
2026-10-07T04:01:32.6374372Z   ...
2026-10-07T04:01:32.6375404Z # Subtest: MCP weight snapshot nulls the pace when evidence is outdated and clamps the requested range
2026-10-07T04:01:32.6376967Z ok 328 - MCP weight snapshot nulls the pace when evidence is outdated and clamps the requested range
2026-10-07T04:01:32.6377909Z   ---
2026-10-07T04:01:32.6378373Z   duration_ms: 2.46718
2026-10-07T04:01:32.6378880Z   ...
2026-10-07T04:01:32.8121179Z # Subtest: mealPeriod: parseMealPeriod accepts canonical enum identifiers
2026-10-07T04:01:32.8140643Z ok 329 - mealPeriod: parseMealPeriod accepts canonical enum identifiers
2026-10-07T04:01:32.8150204Z   ---
2026-10-07T04:01:32.8173097Z   duration_ms: 2.030434
2026-10-07T04:01:32.8173853Z   ...
2026-10-07T04:01:32.8174769Z # Subtest: mealPeriod: parseMealPeriod rejects invalid inputs
2026-10-07T04:01:32.8175974Z ok 330 - mealPeriod: parseMealPeriod rejects invalid inputs
2026-10-07T04:01:32.8176818Z   ---
2026-10-07T04:01:32.8177387Z   duration_ms: 0.249215
2026-10-07T04:01:32.8177984Z   ...
2026-10-07T04:01:32.8178936Z # Subtest: canonical goal progress mirrors loss and gain and bounds overshoot
2026-10-07T04:01:32.8180530Z ok 331 - canonical goal progress mirrors loss and gain and bounds overshoot
2026-10-07T04:01:32.8181462Z   ---
2026-10-07T04:01:32.8182033Z   duration_ms: 2.833364
2026-10-07T04:01:32.8182636Z   ...
2026-10-07T04:01:32.8183558Z # Subtest: canonical maintenance progress remains ongoing and neutral
2026-10-07T04:01:32.8184813Z ok 332 - canonical maintenance progress remains ongoing and neutral
2026-10-07T04:01:32.8191979Z   ---
2026-10-07T04:01:32.8192581Z   duration_ms: 0.305561
2026-10-07T04:01:32.8193177Z   ...
2026-10-07T04:01:32.8194433Z # Subtest: metric progress recognizes a first current-day measurement but not backfills or unchanged saves
2026-10-07T04:01:32.8196292Z ok 333 - metric progress recognizes a first current-day measurement but not backfills or unchanged saves
2026-10-07T04:01:32.8197454Z   ---
2026-10-07T04:01:32.8198002Z   duration_ms: 0.590023
2026-10-07T04:01:32.8198591Z   ...
2026-10-07T04:01:32.8199919Z # Subtest: metric progress reports a historical save against the latest retained weigh-in
2026-10-07T04:01:32.8201517Z ok 334 - metric progress reports a historical save against the latest retained weigh-in
2026-10-07T04:01:32.8202564Z   ---
2026-10-07T04:01:32.8203141Z   duration_ms: 0.767114
2026-10-07T04:01:32.8203747Z   ...
2026-10-07T04:01:32.8204788Z # Subtest: metric progress reports only the highest newly crossed percentage milestone
2026-10-07T04:01:32.8214182Z ok 335 - metric progress reports only the highest newly crossed percentage milestone
2026-10-07T04:01:32.8214950Z   ---
2026-10-07T04:01:32.8215261Z   duration_ms: 0.393505
2026-10-07T04:01:32.8215581Z   ...
2026-10-07T04:01:32.8216923Z # Subtest: metric progress recognizes each percentage threshold inclusively and only once
2026-10-07T04:01:32.8218056Z ok 336 - metric progress recognizes each percentage threshold inclusively and only once
2026-10-07T04:01:32.8218726Z   ---
2026-10-07T04:01:32.8219025Z   duration_ms: 0.786821
2026-10-07T04:01:32.8219352Z   ...
2026-10-07T04:01:32.8220386Z # Subtest: metric progress prioritizes exact or overshot goal completion and records the reached date
2026-10-07T04:01:32.8221707Z ok 337 - metric progress prioritizes exact or overshot goal completion and records the reached date
2026-10-07T04:01:32.8222456Z   ---
2026-10-07T04:01:32.8222754Z   duration_ms: 0.476902
2026-10-07T04:01:32.8223083Z   ...
2026-10-07T04:01:32.8223779Z # Subtest: metric progress preserves an earlier reached date after later fluctuation
2026-10-07T04:01:32.8224842Z ok 338 - metric progress preserves an earlier reached date after later fluctuation
2026-10-07T04:01:32.8225492Z   ---
2026-10-07T04:01:32.8225782Z   duration_ms: 0.461712
2026-10-07T04:01:32.8226111Z   ...
2026-10-07T04:01:32.8226819Z # Subtest: metric progress removes completion when the only reached value is edited away
2026-10-07T04:01:32.8227884Z ok 339 - metric progress removes completion when the only reached value is edited away
2026-10-07T04:01:32.8228544Z   ---
2026-10-07T04:01:32.8228857Z   duration_ms: 0.517436
2026-10-07T04:01:32.8229193Z   ...
2026-10-07T04:01:32.8230188Z # Subtest: metric progress recognizes unit-specific weight increments before a meaningful best
2026-10-07T04:01:32.8231465Z ok 340 - metric progress recognizes unit-specific weight increments before a meaningful best
2026-10-07T04:01:32.8232210Z   ---
2026-10-07T04:01:32.8232500Z   duration_ms: 0.583029
2026-10-07T04:01:32.8232828Z   ...
2026-10-07T04:01:32.8233550Z # Subtest: metric progress mirrors meaningful new best recognition for loss and gain
2026-10-07T04:01:32.8234645Z ok 341 - metric progress mirrors meaningful new best recognition for loss and gain
2026-10-07T04:01:32.8235316Z   ---
2026-10-07T04:01:32.8235634Z   duration_ms: 0.339865
2026-10-07T04:01:32.8235959Z   ...
2026-10-07T04:01:32.8236594Z # Subtest: metric progress keeps maintenance and ordinary regressions neutral
2026-10-07T04:01:32.8237567Z ok 342 - metric progress keeps maintenance and ordinary regressions neutral
2026-10-07T04:01:32.8238175Z   ---
2026-10-07T04:01:32.8238465Z   duration_ms: 0.413442
2026-10-07T04:01:32.8238798Z   ...
2026-10-07T04:01:32.8239839Z # Subtest: metric progress ignores achievements before the active goal local creation date
2026-10-07T04:01:32.8241044Z ok 343 - metric progress ignores achievements before the active goal local creation date
2026-10-07T04:01:32.8241749Z   ---
2026-10-07T04:01:32.8242034Z   duration_ms: 0.247653
2026-10-07T04:01:32.8242371Z   ...
2026-10-07T04:01:34.3331259Z # Subtest: actual disk journal resumes successful imports without resubmitting the account
2026-10-07T04:01:34.3367847Z ok 344 - actual disk journal resumes successful imports without resubmitting the account
2026-10-07T04:01:34.3368816Z   ---
2026-10-07T04:01:34.3387248Z   duration_ms: 16.085287
2026-10-07T04:01:34.3388475Z   ...
2026-10-07T04:01:34.3389863Z # Subtest: persisted import intent survives a failed process operation and requires reconciliation
2026-10-07T04:01:34.3420442Z ok 345 - persisted import intent survives a failed process operation and requires reconciliation
2026-10-07T04:01:34.3447273Z   ---
2026-10-07T04:01:34.3448008Z   duration_ms: 8.332406
2026-10-07T04:01:34.3448710Z   ...
2026-10-07T04:01:34.3449951Z # Subtest: journal excludes concurrent importers and refuses stale locks
2026-10-07T04:01:34.3451275Z ok 346 - journal excludes concurrent importers and refuses stale locks
2026-10-07T04:01:34.3452208Z   ---
2026-10-07T04:01:34.3452763Z   duration_ms: 3.862715
2026-10-07T04:01:34.3453351Z   ...
2026-10-07T04:01:34.3454513Z # Subtest: abrupt process exit retains both import intent and lock instead of allowing an automatic retry
2026-10-07T04:01:34.3456733Z ok 347 - abrupt process exit retains both import intent and lock instead of allowing an automatic retry
2026-10-07T04:01:34.3458161Z   ---
2026-10-07T04:01:34.3458738Z   duration_ms: 3465.906304
2026-10-07T04:01:34.3459385Z   ...
2026-10-07T04:01:34.3460902Z # Subtest: journal refuses wrong manifests, torn records and attempts to rewind successful imports
2026-10-07T04:01:34.3462797Z ok 348 - journal refuses wrong manifests, torn records and attempts to rewind successful imports
2026-10-07T04:01:34.3463919Z   ---
2026-10-07T04:01:34.3464581Z   duration_ms: 9.766985
2026-10-07T04:01:34.3465265Z   ...
2026-10-07T04:01:34.4047858Z # Subtest: mobile auth middleware lets expired-bearer logout revoke by refresh token
2026-10-07T04:01:34.4089810Z ok 349 - mobile auth middleware lets expired-bearer logout revoke by refresh token
2026-10-07T04:01:34.4090864Z   ---
2026-10-07T04:01:34.4108024Z   duration_ms: 3625.421468
2026-10-07T04:01:34.4110650Z   ...
2026-10-07T04:01:34.4111649Z # Subtest: mobile auth middleware still rejects expired bearer tokens on protected routes
2026-10-07T04:01:34.4112998Z ok 350 - mobile auth middleware still rejects expired bearer tokens on protected routes
2026-10-07T04:01:34.4113876Z   ---
2026-10-07T04:01:34.4114360Z   duration_ms: 20.548218
2026-10-07T04:01:34.4114877Z   ...
2026-10-07T04:01:34.4115733Z # Subtest: mobile auth middleware exposes trusted session and device identity
2026-10-07T04:01:34.4116952Z ok 351 - mobile auth middleware exposes trusted session and device identity
2026-10-07T04:01:34.4117745Z   ---
2026-10-07T04:01:34.4118218Z   duration_ms: 13.839201
2026-10-07T04:01:34.4118742Z   ...
2026-10-07T04:01:34.4119933Z # Subtest: Wear bearer sessions are centrally denied from generic and export APIs
2026-10-07T04:01:34.4121196Z ok 352 - Wear bearer sessions are centrally denied from generic and export APIs
2026-10-07T04:01:34.4121981Z   ---
2026-10-07T04:01:34.4122453Z   duration_ms: 37.57729
2026-10-07T04:01:34.4122967Z   ...
2026-10-07T04:01:34.4123869Z # Subtest: Wear bearer sessions can use watch APIs and limited session self-management
2026-10-07T04:01:34.4125148Z ok 353 - Wear bearer sessions can use watch APIs and limited session self-management
2026-10-07T04:01:34.4125986Z   ---
2026-10-07T04:01:34.4126469Z   duration_ms: 59.006095
2026-10-07T04:01:34.4126987Z   ...
2026-10-07T04:01:34.4127847Z # Subtest: Wear bearer sessions cannot revoke other sessions or revoke all others
2026-10-07T04:01:34.4129075Z ok 354 - Wear bearer sessions cannot revoke other sessions or revoke all others
2026-10-07T04:01:34.4130187Z   ---
2026-10-07T04:01:34.4161126Z   duration_ms: 24.925338
2026-10-07T04:01:34.4162193Z   ...
2026-10-07T04:01:38.8850844Z # Subtest: mobile auth parses Android device metadata
2026-10-07T04:01:38.8865520Z ok 355 - mobile auth parses Android device metadata
2026-10-07T04:01:38.8870846Z   ---
2026-10-07T04:01:38.8871478Z   duration_ms: 5877.466824
2026-10-07T04:01:38.8872149Z   ...
2026-10-07T04:01:38.8873047Z # Subtest: mobile auth parses iPhone and iPad device metadata
2026-10-07T04:01:38.8874252Z ok 356 - mobile auth parses iPhone and iPad device metadata
2026-10-07T04:01:38.8875100Z   ---
2026-10-07T04:01:38.8903994Z   duration_ms: 58.644616
2026-10-07T04:01:38.8932339Z   ...
2026-10-07T04:01:38.8960961Z # Subtest: Wear pairing origins require HTTPS except on Android-approved local and private hosts
2026-10-07T04:01:38.8990835Z ok 357 - Wear pairing origins require HTTPS except on Android-approved local and private hosts
2026-10-07T04:01:38.9006424Z   ---
2026-10-07T04:01:38.9007037Z   duration_ms: 58.691667
2026-10-07T04:01:38.9007643Z   ...
2026-10-07T04:01:38.9008811Z # Subtest: mobile auth issues a short-lived hashed Wear credential only from an active phone session
2026-10-07T04:01:38.9010786Z ok 358 - mobile auth issues a short-lived hashed Wear credential only from an active phone session
2026-10-07T04:01:38.9011858Z   ---
2026-10-07T04:01:38.9012358Z   duration_ms: 47.786972
2026-10-07T04:01:38.9012911Z   ...
2026-10-07T04:01:38.9014354Z # Subtest: Wear pairing issuance permits concurrent tickets while pruning overflow and stale rows
2026-10-07T04:01:38.9016231Z ok 359 - Wear pairing issuance permits concurrent tickets while pruning overflow and stale rows
2026-10-07T04:01:38.9017271Z   ---
2026-10-07T04:01:38.9017773Z   duration_ms: 32.847841
2026-10-07T04:01:38.9018326Z   ...
2026-10-07T04:01:38.9019388Z # Subtest: mobile auth exchanges a pairing token once for a Wear OS session bound to the same server
2026-10-07T04:01:38.9021283Z ok 360 - mobile auth exchanges a pairing token once for a Wear OS session bound to the same server
2026-10-07T04:01:38.9022272Z   ---
2026-10-07T04:01:38.9022783Z   duration_ms: 63.272829
2026-10-07T04:01:38.9023337Z   ...
2026-10-07T04:01:38.9024454Z # Subtest: mobile auth rejects cross-server or revoked-phone Wear exchanges without consuming the token
2026-10-07T04:01:38.9026104Z ok 361 - mobile auth rejects cross-server or revoked-phone Wear exchanges without consuming the token
2026-10-07T04:01:38.9027122Z   ---
2026-10-07T04:01:38.9027645Z   duration_ms: 34.974475
2026-10-07T04:01:38.9050191Z   ...
2026-10-07T04:01:38.9091141Z # Subtest: mobile auth rejects invalid Wear challenge signatures without consuming the credential
2026-10-07T04:01:38.9102559Z ok 362 - mobile auth rejects invalid Wear challenge signatures without consuming the credential
2026-10-07T04:01:38.9103590Z   ---
2026-10-07T04:01:38.9104155Z   duration_ms: 35.526617
2026-10-07T04:01:38.9104752Z   ...
2026-10-07T04:01:38.9105758Z # Subtest: expired consumed Wear retries return expiry without revoking the created session
2026-10-07T04:01:38.9107222Z ok 363 - expired consumed Wear retries return expiry without revoking the created session
2026-10-07T04:01:38.9108159Z   ---
2026-10-07T04:01:38.9108663Z   duration_ms: 36.866731
2026-10-07T04:01:38.9109212Z   ...
2026-10-07T04:01:38.9110255Z # Subtest: mobile auth issues hashed opaque session tokens
2026-10-07T04:01:38.9111256Z ok 364 - mobile auth issues hashed opaque session tokens
2026-10-07T04:01:38.9111979Z   ---
2026-10-07T04:01:38.9112501Z   duration_ms: 76.38875
2026-10-07T04:01:38.9113047Z   ...
2026-10-07T04:01:38.9113980Z # Subtest: mobile auth validates bearer access tokens and hydrates the client user
2026-10-07T04:01:38.9115283Z ok 365 - mobile auth validates bearer access tokens and hydrates the client user
2026-10-07T04:01:38.9116147Z   ---
2026-10-07T04:01:38.9116650Z   duration_ms: 24.136863
2026-10-07T04:01:38.9117196Z   ...
2026-10-07T04:01:38.9118048Z # Subtest: Wear bearer authentication exposes only the reduced principal
2026-10-07T04:01:38.9119216Z ok 366 - Wear bearer authentication exposes only the reduced principal
2026-10-07T04:01:38.9120275Z   ---
2026-10-07T04:01:38.9120776Z   duration_ms: 34.182385
2026-10-07T04:01:38.9121325Z   ...
2026-10-07T04:01:38.9122300Z # Subtest: mobile auth allows exactly one successor for concurrent refresh-token replays
2026-10-07T04:01:38.9123679Z ok 367 - mobile auth allows exactly one successor for concurrent refresh-token replays
2026-10-07T04:01:38.9124578Z   ---
2026-10-07T04:01:38.9125084Z   duration_ms: 36.03698
2026-10-07T04:01:38.9125623Z   ...
2026-10-07T04:01:38.9126391Z # Subtest: Wear refresh returns only the reduced principal
2026-10-07T04:01:38.9127370Z ok 368 - Wear refresh returns only the reduced principal
2026-10-07T04:01:38.9128093Z   ---
2026-10-07T04:01:38.9128596Z   duration_ms: 35.172675
2026-10-07T04:01:38.9129154Z   ...
2026-10-07T04:01:38.9130271Z # Subtest: mobile auth logout revokes push subscriptions bound to the session
2026-10-07T04:01:38.9131531Z ok 369 - mobile auth logout revokes push subscriptions bound to the session
2026-10-07T04:01:38.9132381Z   ---
2026-10-07T04:01:38.9132887Z   duration_ms: 37.674684
2026-10-07T04:01:38.9133434Z   ...
2026-10-07T04:01:38.9134382Z # Subtest: mobile auth lists only safe session metadata and marks the current device
2026-10-07T04:01:38.9135741Z ok 370 - mobile auth lists only safe session metadata and marks the current device
2026-10-07T04:01:38.9136610Z   ---
2026-10-07T04:01:38.9137092Z   duration_ms: 28.901012
2026-10-07T04:01:38.9137929Z   ...
2026-10-07T04:01:38.9138894Z # Subtest: mobile auth cannot revoke a session owned by another user
2026-10-07T04:01:38.9140266Z ok 371 - mobile auth cannot revoke a session owned by another user
2026-10-07T04:01:38.9141044Z   ---
2026-10-07T04:01:38.9141520Z   duration_ms: 23.84596
2026-10-07T04:01:38.9142054Z   ...
2026-10-07T04:01:39.0237970Z # Subtest: myFoodsRecipeUtils: parseMyFoodIngredientInput validates ids and quantities
2026-10-07T04:01:39.0256118Z ok 372 - myFoodsRecipeUtils: parseMyFoodIngredientInput validates ids and quantities
2026-10-07T04:01:39.0257158Z   ---
2026-10-07T04:01:39.0257661Z   duration_ms: 2.993804
2026-10-07T04:01:39.0258205Z   ...
2026-10-07T04:01:39.0259770Z # Subtest: myFoodsRecipeUtils: buildExternalIngredientSnapshotRow validates required fields and normalizes optionals
2026-10-07T04:01:39.0261814Z ok 373 - myFoodsRecipeUtils: buildExternalIngredientSnapshotRow validates required fields and normalizes optionals
2026-10-07T04:01:39.0262993Z   ---
2026-10-07T04:01:39.0263534Z   duration_ms: 0.768646
2026-10-07T04:01:39.0264064Z   ...
2026-10-07T04:01:39.0265074Z # Subtest: myFoodsRecipeUtils: buildExternalIngredientSnapshotRow rejects invalid inputs
2026-10-07T04:01:39.0266582Z ok 374 - myFoodsRecipeUtils: buildExternalIngredientSnapshotRow rejects invalid inputs
2026-10-07T04:01:39.0267542Z   ---
2026-10-07T04:01:39.0268022Z   duration_ms: 0.271417
2026-10-07T04:01:39.0268543Z   ...
2026-10-07T04:01:39.0269875Z # Subtest: myFoodsRecipeUtils: buildFoodLogIngredientSnapshotRow preserves every historical snapshot
2026-10-07T04:01:39.0271628Z ok 375 - myFoodsRecipeUtils: buildFoodLogIngredientSnapshotRow preserves every historical snapshot
2026-10-07T04:01:39.0272683Z   ---
2026-10-07T04:01:39.0273166Z   duration_ms: 0.358049
2026-10-07T04:01:39.0273685Z   ...
2026-10-07T04:01:39.0274618Z # Subtest: myFoodsUtils: normalizeServingUnitLabel trims and collapses whitespace
2026-10-07T04:01:39.0275967Z ok 376 - myFoodsUtils: normalizeServingUnitLabel trims and collapses whitespace
2026-10-07T04:01:39.0276875Z   ---
2026-10-07T04:01:39.0277353Z   duration_ms: 1.768535
2026-10-07T04:01:39.0277879Z   ...
2026-10-07T04:01:39.0278703Z # Subtest: myFoodsUtils: normalizeServingUnitLabel enforces max length
2026-10-07T04:01:39.0280079Z ok 377 - myFoodsUtils: normalizeServingUnitLabel enforces max length
2026-10-07T04:01:39.0280979Z   ---
2026-10-07T04:01:39.0281458Z   duration_ms: 0.217667
2026-10-07T04:01:39.0281973Z   ...
2026-10-07T04:01:39.0282825Z # Subtest: myFoodsUtils: normalizeMyFoodName trims and collapses whitespace
2026-10-07T04:01:39.0284058Z ok 378 - myFoodsUtils: normalizeMyFoodName trims and collapses whitespace
2026-10-07T04:01:39.0284887Z   ---
2026-10-07T04:01:39.0285371Z   duration_ms: 0.268441
2026-10-07T04:01:39.0285884Z   ...
2026-10-07T04:01:39.0286648Z # Subtest: myFoodsUtils: normalizeMyFoodName enforces max length
2026-10-07T04:01:39.0287701Z ok 379 - myFoodsUtils: normalizeMyFoodName enforces max length
2026-10-07T04:01:39.0288433Z   ---
2026-10-07T04:01:39.0288915Z   duration_ms: 0.200334
2026-10-07T04:01:39.0289425Z   ...
2026-10-07T04:01:39.0290579Z # Subtest: myFoodsUtils: normalizeOptionalString trims and treats empty as missing
2026-10-07T04:01:39.0291952Z ok 380 - myFoodsUtils: normalizeOptionalString trims and treats empty as missing
2026-10-07T04:01:39.0292888Z   ---
2026-10-07T04:01:39.0293395Z   duration_ms: 0.233496
2026-10-07T04:01:39.0293937Z   ...
2026-10-07T04:01:39.0294966Z # Subtest: myFoodsUtils: createHttpError and isHttpError provide lightweight status codes
2026-10-07T04:01:39.0296499Z ok 381 - myFoodsUtils: createHttpError and isHttpError provide lightweight status codes
2026-10-07T04:01:39.0297471Z   ---
2026-10-07T04:01:39.0297970Z   duration_ms: 0.292928
2026-10-07T04:01:39.0298483Z   ...
2026-10-07T04:01:39.1966293Z # Subtest: native push defaults to disabled and requires an explicit Expo opt-in
2026-10-07T04:01:39.2020648Z ok 382 - native push defaults to disabled and requires an explicit Expo opt-in
2026-10-07T04:01:39.2022213Z   ---
2026-10-07T04:01:39.2040399Z   duration_ms: 1.99094
2026-10-07T04:01:39.2067991Z   ...
2026-10-07T04:01:39.2068650Z # Subtest: native push reports only invalid configured modes
2026-10-07T04:01:39.2069783Z ok 383 - native push reports only invalid configured modes
2026-10-07T04:01:39.2070357Z   ---
2026-10-07T04:01:39.2070714Z   duration_ms: 0.361396
2026-10-07T04:01:39.2071053Z   ...
2026-10-07T04:01:43.0620790Z # Subtest: notification pages use an owner-scoped stable tuple cursor and bind it to the view
2026-10-07T04:01:43.0624261Z ok 384 - notification pages use an owner-scoped stable tuple cursor and bind it to the view
2026-10-07T04:01:43.0626160Z   ---
2026-10-07T04:01:43.0627502Z   duration_ms: 4381.74508
2026-10-07T04:01:43.0629070Z   ...
2026-10-07T04:01:43.0630391Z # Subtest: active paging retains the legacy unread predicate and rejects malformed query values
2026-10-07T04:01:43.0633797Z ok 385 - active paging retains the legacy unread predicate and rejects malformed query values
2026-10-07T04:01:43.0635529Z   ---
2026-10-07T04:01:43.0637027Z   duration_ms: 53.401361
2026-10-07T04:01:43.0637609Z   ...
2026-10-07T04:01:43.0640842Z # Subtest: mark all read is owner-scoped, idempotent, and publishes no private payload
2026-10-07T04:01:43.0642231Z ok 386 - mark all read is owner-scoped, idempotent, and publishes no private payload
2026-10-07T04:01:43.0644710Z   ---
2026-10-07T04:01:43.0646704Z   duration_ms: 34.577984
2026-10-07T04:01:43.0647319Z   ...
2026-10-07T04:01:43.0648341Z # Subtest: route preserves no-query response and exposes paged history plus read-all
2026-10-07T04:01:43.0649952Z ok 387 - route preserves no-query response and exposes paged history plus read-all
2026-10-07T04:01:43.0650883Z   ---
2026-10-07T04:01:43.0651380Z   duration_ms: 910.591939
2026-10-07T04:01:43.0651908Z   ...
2026-10-07T04:01:44.4891268Z # Subtest: native push delivery does not read or send stored tokens while operator mode is disabled
2026-10-07T04:01:44.4920755Z ok 388 - native push delivery does not read or send stored tokens while operator mode is disabled
2026-10-07T04:01:44.4921627Z   ---
2026-10-07T04:01:44.4947788Z   duration_ms: 1853.070229
2026-10-07T04:01:44.4948236Z   ...
2026-10-07T04:01:44.4949092Z # Subtest: deliverUserNotification creates one in-app notification and dedupes repeated keys
2026-10-07T04:01:44.4950456Z ok 389 - deliverUserNotification creates one in-app notification and dedupes repeated keys
2026-10-07T04:01:44.4951060Z   ---
2026-10-07T04:01:44.4951266Z   duration_ms: 52.577518
2026-10-07T04:01:44.4951485Z   ...
2026-10-07T04:01:44.4952000Z # Subtest: deliverUserNotification publishes realtime update when in-app notification is created
2026-10-07T04:01:44.4952795Z ok 390 - deliverUserNotification publishes realtime update when in-app notification is created
2026-10-07T04:01:44.4953258Z   ---
2026-10-07T04:01:44.4953453Z   duration_ms: 29.701512
2026-10-07T04:01:44.4953743Z   ...
2026-10-07T04:01:44.4954504Z # Subtest: deliverUserNotification skips push when endpoint lookup fails
2026-10-07T04:01:44.4955588Z ok 391 - deliverUserNotification skips push when endpoint lookup fails
2026-10-07T04:01:44.4956265Z   ---
2026-10-07T04:01:44.4956592Z   duration_ms: 25.545986
2026-10-07T04:01:44.4957020Z   ...
2026-10-07T04:01:44.4958001Z # Subtest: deliverUserNotification sends push and updates last sent date for successful deliveries
2026-10-07T04:01:44.4959793Z ok 392 - deliverUserNotification sends push and updates last sent date for successful deliveries
2026-10-07T04:01:44.4960738Z   ---
2026-10-07T04:01:44.4961106Z   duration_ms: 42.713106
2026-10-07T04:01:44.4961517Z   ...
2026-10-07T04:01:44.4962392Z # Subtest: deliverUserNotification skips push when local-day send already happened
2026-10-07T04:01:44.4963693Z ok 393 - deliverUserNotification skips push when local-day send already happened
2026-10-07T04:01:44.4964504Z   ---
2026-10-07T04:01:44.4964866Z   duration_ms: 16.53593
2026-10-07T04:01:44.4965239Z   ...
2026-10-07T04:01:44.4966501Z # Subtest: records one terminal failure when sent-date persistence fails after web push sends
2026-10-07T04:01:44.4968068Z ok 394 - records one terminal failure when sent-date persistence fails after web push sends
2026-10-07T04:01:44.4968917Z   ---
2026-10-07T04:01:44.4969251Z   duration_ms: 30.350043
2026-10-07T04:01:44.4969897Z   ...
2026-10-07T04:01:44.4970862Z # Subtest: records one terminal failure when sent-date persistence fails after native push sends
2026-10-07T04:01:44.4972344Z ok 395 - records one terminal failure when sent-date persistence fails after native push sends
2026-10-07T04:01:44.4973155Z   ---
2026-10-07T04:01:44.4999885Z   duration_ms: 22.092333
2026-10-07T04:01:44.5000372Z   ...
2026-10-07T04:01:45.0641287Z # Subtest: notification realtime publisher fans out only to the subscribed user and cleans up
2026-10-07T04:01:45.0750917Z ok 396 - notification realtime publisher fans out only to the subscribed user and cleans up
2026-10-07T04:01:45.0780171Z   ---
2026-10-07T04:01:45.0810270Z   duration_ms: 180.083171
2026-10-07T04:01:45.0840020Z   ...
2026-10-07T04:01:45.0860606Z # Subtest: notification realtime payload guard accepts the shared SSE wire shape
2026-10-07T04:01:45.0900513Z ok 397 - notification realtime payload guard accepts the shared SSE wire shape
2026-10-07T04:01:45.0930131Z   ---
2026-10-07T04:01:45.0930542Z   duration_ms: 0.320199
2026-10-07T04:01:45.0930984Z   ...
2026-10-07T04:01:45.0931867Z # Subtest: notification stream middleware rejects unauthenticated browser sessions
2026-10-07T04:01:45.0933210Z ok 398 - notification stream middleware rejects unauthenticated browser sessions
2026-10-07T04:01:45.0933994Z   ---
2026-10-07T04:01:45.0934372Z   duration_ms: 2389.381829
2026-10-07T04:01:45.0934830Z   ...
2026-10-07T04:01:45.0935849Z # Subtest: notification stream writes user-scoped events and releases its subscription on close
2026-10-07T04:01:45.0937459Z ok 399 - notification stream writes user-scoped events and releases its subscription on close
2026-10-07T04:01:45.0938465Z   ---
2026-10-07T04:01:45.0938875Z   duration_ms: 26.74255
2026-10-07T04:01:45.0939366Z   ...
2026-10-07T04:01:45.0940560Z # Subtest: in-app notification mutations publish realtime updates when rows change
2026-10-07T04:01:45.0941929Z ok 400 - in-app notification mutations publish realtime updates when rows change
2026-10-07T04:01:45.0942803Z   ---
2026-10-07T04:01:45.0943187Z   duration_ms: 33.067598
2026-10-07T04:01:45.0943682Z   ...
2026-10-07T04:01:45.0944630Z # Subtest: dismissing a previously read notification preserves its original read timestamp
2026-10-07T04:01:45.0946620Z ok 401 - dismissing a previously read notification preserves its original read timestamp
2026-10-07T04:01:45.0947522Z   ---
2026-10-07T04:01:45.0947922Z   duration_ms: 49.480341
2026-10-07T04:01:45.0948399Z   ...
2026-10-07T04:01:45.0949323Z # Subtest: in-app notification mutations skip realtime publishing when nothing changed
2026-10-07T04:01:45.0950911Z ok 402 - in-app notification mutations skip realtime publishing when nothing changed
2026-10-07T04:01:45.0951720Z   ---
2026-10-07T04:01:45.0952097Z   duration_ms: 29.853021
2026-10-07T04:01:45.0952505Z   ...
2026-10-07T04:01:46.2714838Z # Subtest: extracts calories and preserves the printed household unit and metric equivalent
2026-10-07T04:01:46.2725559Z ok 403 - extracts calories and preserves the printed household unit and metric equivalent
2026-10-07T04:01:46.2727298Z   ---
2026-10-07T04:01:46.2727643Z   duration_ms: 3.987873
2026-10-07T04:01:46.2727949Z   ...
2026-10-07T04:01:46.2728321Z # Subtest: parses serving size 2/3 cup (55g)
2026-10-07T04:01:46.2728787Z ok 404 - parses serving size 2/3 cup (55g)
2026-10-07T04:01:46.2730882Z   ---
2026-10-07T04:01:46.2731271Z   duration_ms: 0.568092
2026-10-07T04:01:46.2732432Z   ...
2026-10-07T04:01:46.2733721Z # Subtest: parses serving size ½ cup (125 mL)
2026-10-07T04:01:46.2737450Z ok 405 - parses serving size ½ cup (125 mL)
2026-10-07T04:01:46.2738088Z   ---
2026-10-07T04:01:46.2738457Z   duration_ms: 0.258654
2026-10-07T04:01:46.2738762Z   ...
2026-10-07T04:01:46.2740287Z # Subtest: parses serving size 1½ cups (240 g)
2026-10-07T04:01:46.2741430Z ok 406 - parses serving size 1½ cups (240 g)
2026-10-07T04:01:46.2741971Z   ---
2026-10-07T04:01:46.2742344Z   duration_ms: 0.309879
2026-10-07T04:01:46.2742739Z   ...
2026-10-07T04:01:46.2743253Z # Subtest: parses serving size 1 1/4 cups
2026-10-07T04:01:46.2744351Z ok 407 - parses serving size 1 1/4 cups
2026-10-07T04:01:46.2744863Z   ---
2026-10-07T04:01:46.2745229Z   duration_ms: 0.221164
2026-10-07T04:01:46.2745640Z   ...
2026-10-07T04:01:46.2746170Z # Subtest: parses serving size 30g
2026-10-07T04:01:46.2746992Z ok 408 - parses serving size 30g
2026-10-07T04:01:46.2749431Z   ---
2026-10-07T04:01:46.2751442Z   duration_ms: 0.204232
2026-10-07T04:01:46.2757685Z   ...
2026-10-07T04:01:46.2758331Z # Subtest: parses serving size 240 mL
2026-10-07T04:01:46.2759069Z ok 409 - parses serving size 240 mL
2026-10-07T04:01:46.2760005Z   ---
2026-10-07T04:01:46.2760488Z   duration_ms: 0.338232
2026-10-07T04:01:46.2760990Z   ...
2026-10-07T04:01:46.2830443Z # Subtest: parses serving size 1,5 oz (42 g)
2026-10-07T04:01:46.2870714Z ok 410 - parses serving size 1,5 oz (42 g)
2026-10-07T04:01:46.2908965Z   ---
2026-10-07T04:01:46.2918800Z   duration_ms: 0.377956
2026-10-07T04:01:46.2919266Z   ...
2026-10-07T04:01:46.2920057Z # Subtest: parses serving size 3 pieces (28 g)
2026-10-07T04:01:46.2920786Z ok 411 - parses serving size 3 pieces (28 g)
2026-10-07T04:01:46.2921294Z   ---
2026-10-07T04:01:46.2921649Z   duration_ms: 0.350315
2026-10-07T04:01:46.2922033Z   ...
2026-10-07T04:01:46.2922851Z # Subtest: explicit zero calories are valid while unreadable values remain null
2026-10-07T04:01:46.2923991Z ok 412 - explicit zero calories are valid while unreadable values remain null
2026-10-07T04:01:46.2924699Z   ---
2026-10-07T04:01:46.2925046Z   duration_ms: 0.420596
2026-10-07T04:01:46.2925430Z   ...
2026-10-07T04:01:46.2926250Z # Subtest: does not guess calories from ambiguous or unsupported panel: Calories 150 300
2026-10-07T04:01:46.2927541Z ok 413 - does not guess calories from ambiguous or unsupported panel: Calories 150 300
2026-10-07T04:01:46.2928333Z   ---
2026-10-07T04:01:46.2928670Z   duration_ms: 0.335196
2026-10-07T04:01:46.2929047Z   ...
2026-10-07T04:01:46.2930148Z # Subtest: does not guess calories from ambiguous or unsupported panel: Calories\\n150\\n300
2026-10-07T04:01:46.2931513Z ok 414 - does not guess calories from ambiguous or unsupported panel: Calories\\n150\\n300
2026-10-07T04:01:46.2932336Z   ---
2026-10-07T04:01:46.2932696Z   duration_ms: 0.19259
2026-10-07T04:01:46.2933076Z   ...
2026-10-07T04:01:46.2933926Z # Subtest: does not guess calories from ambiguous or unsupported panel: Calories 150\\n300
2026-10-07T04:01:46.2935218Z ok 415 - does not guess calories from ambiguous or unsupported panel: Calories 150\\n300
2026-10-07T04:01:46.2935991Z   ---
2026-10-07T04:01:46.2936349Z   duration_ms: 0.200525
2026-10-07T04:01:46.2936736Z   ...
2026-10-07T04:01:46.2937656Z # Subtest: does not guess calories from ambiguous or unsupported panel: Calories 150\\nCalories 300
2026-10-07T04:01:46.2939105Z ok 416 - does not guess calories from ambiguous or unsupported panel: Calories 150\\nCalories 300
2026-10-07T04:01:46.2940314Z   ---
2026-10-07T04:01:46.2940663Z   duration_ms: 0.238505
2026-10-07T04:01:46.2941061Z   ...
2026-10-07T04:01:46.2942116Z # Subtest: does not guess calories from ambiguous or unsupported panel: Per serving Per container\\nCalories 150
2026-10-07T04:01:46.2943779Z ok 417 - does not guess calories from ambiguous or unsupported panel: Per serving Per container\\nCalories 150
2026-10-07T04:01:46.2944703Z   ---
2026-10-07T04:01:46.2945057Z   duration_ms: 0.186248
2026-10-07T04:01:46.2945457Z   ...
2026-10-07T04:01:46.2946351Z # Subtest: does not guess calories from ambiguous or unsupported panel: Per 100 g\\nCalories 150
2026-10-07T04:01:46.2947738Z ok 418 - does not guess calories from ambiguous or unsupported panel: Per 100 g\\nCalories 150
2026-10-07T04:01:46.2948547Z   ---
2026-10-07T04:01:46.2948892Z   duration_ms: 0.284572
2026-10-07T04:01:46.2949812Z   ...
2026-10-07T04:01:46.2951093Z # Subtest: does not guess calories from ambiguous or unsupported panel: As packaged As prepared\\nCalories 150
2026-10-07T04:01:46.2952709Z ok 419 - does not guess calories from ambiguous or unsupported panel: As packaged As prepared\\nCalories 150
2026-10-07T04:01:46.2953604Z   ---
2026-10-07T04:01:46.2953950Z   duration_ms: 0.217477
2026-10-07T04:01:46.2954330Z   ...
2026-10-07T04:01:46.2955121Z # Subtest: does not guess calories from ambiguous or unsupported panel: Calories < 5
2026-10-07T04:01:46.2956315Z ok 420 - does not guess calories from ambiguous or unsupported panel: Calories < 5
2026-10-07T04:01:46.2957039Z   ---
2026-10-07T04:01:46.2957379Z   duration_ms: 0.323054
2026-10-07T04:01:46.2957765Z   ...
2026-10-07T04:01:46.2958632Z # Subtest: does not guess calories from ambiguous or unsupported panel: Energy 840 kJ / 200 kcal
2026-10-07T04:01:46.2960223Z ok 421 - does not guess calories from ambiguous or unsupported panel: Energy 840 kJ / 200 kcal
2026-10-07T04:01:46.2961067Z   ---
2026-10-07T04:01:46.2961420Z   duration_ms: 0.209832
2026-10-07T04:01:46.2961811Z   ...
2026-10-07T04:01:46.2962608Z # Subtest: does not use servings per container or invalid quantities as serving size
2026-10-07T04:01:46.2963839Z ok 422 - does not use servings per container or invalid quantities as serving size
2026-10-07T04:01:46.2964549Z   ---
2026-10-07T04:01:46.2964875Z   duration_ms: 0.378638
2026-10-07T04:01:46.2965241Z   ...
2026-10-07T04:01:48.8795977Z # Subtest: rejects invalid, oversized, vector, and excessive-pixel images
2026-10-07T04:01:48.8807121Z ok 423 - rejects invalid, oversized, vector, and excessive-pixel images
2026-10-07T04:01:48.8808014Z   ---
2026-10-07T04:01:48.8808514Z   duration_ms: 991.941348
2026-10-07T04:01:48.8809080Z   ...
2026-10-07T04:01:51.1056958Z # Subtest: real local OCR extracts a label, bounds concurrency, and releases its worker
2026-10-07T04:01:51.1061050Z ok 424 - real local OCR extracts a label, bounds concurrency, and releases its worker
2026-10-07T04:01:51.1062208Z   ---
2026-10-07T04:01:51.1062852Z   duration_ms: 2225.8102
2026-10-07T04:01:51.1063494Z   ...
2026-10-07T04:01:51.8905478Z # Subtest: cancellation terminates OCR and releases the slot before the deadline
2026-10-07T04:01:51.8932203Z ok 425 - cancellation terminates OCR and releases the slot before the deadline
2026-10-07T04:01:51.8959995Z   ---
2026-10-07T04:01:51.8972030Z   duration_ms: 783.178505
2026-10-07T04:01:51.9020996Z   ...
2026-10-07T04:01:51.9759234Z # Subtest: request observability emits bounded metadata without URL, query, headers, identity, or health payloads
2026-10-07T04:01:51.9789290Z ok 426 - request observability emits bounded metadata without URL, query, headers, identity, or health payloads
2026-10-07T04:01:51.9820177Z   ---
2026-10-07T04:01:51.9850113Z   duration_ms: 8.535772
2026-10-07T04:01:51.9850743Z   ...
2026-10-07T04:01:51.9876734Z # Subtest: request IDs, categories, and diagnostic fields are validated and redacted
2026-10-07T04:01:51.9880188Z ok 427 - request IDs, categories, and diagnostic fields are validated and redacted
2026-10-07T04:01:51.9881381Z   ---
2026-10-07T04:01:51.9881992Z   duration_ms: 0.343782
2026-10-07T04:01:51.9882635Z   ...
2026-10-07T04:01:51.9883771Z # Subtest: operational errors omit messages, stacks, and unsafe caller-controlled names
2026-10-07T04:01:51.9885378Z ok 428 - operational errors omit messages, stacks, and unsafe caller-controlled names
2026-10-07T04:01:51.9886392Z   ---
2026-10-07T04:01:51.9886965Z   duration_ms: 0.458607
2026-10-07T04:01:51.9887629Z   ...
2026-10-07T04:01:51.9888860Z # Subtest: metrics surface is opt-in, bearer protected, and contains only bounded aggregate counters
2026-10-07T04:01:51.9890944Z ok 429 - metrics surface is opt-in, bearer protected, and contains only bounded aggregate counters
2026-10-07T04:01:51.9892091Z   ---
2026-10-07T04:01:51.9892652Z   duration_ms: 19.753523
2026-10-07T04:01:51.9893259Z   ...
2026-10-07T04:01:51.9894217Z # Subtest: operation status mapping uses a fixed bounded outcome vocabulary
2026-10-07T04:01:51.9896288Z ok 430 - operation status mapping uses a fixed bounded outcome vocabulary
2026-10-07T04:01:51.9897317Z   ---
2026-10-07T04:01:51.9897901Z   duration_ms: 0.236402
2026-10-07T04:01:51.9898515Z   ...
2026-10-07T04:01:51.9899871Z # Subtest: scheduler metrics keep lastSuccessAt pinned across later failed and skipped runs
2026-10-07T04:01:51.9901509Z ok 431 - scheduler metrics keep lastSuccessAt pinned across later failed and skipped runs
2026-10-07T04:01:51.9902542Z   ---
2026-10-07T04:01:51.9903090Z   duration_ms: 0.348731
2026-10-07T04:01:51.9903647Z   ...
2026-10-07T04:01:51.9904832Z # Subtest: maps generated error names to closed categories and keeps sensitive values out of emitted JSON and metrics
2026-10-07T04:01:51.9906703Z ok 432 - maps generated error names to closed categories and keeps sensitive values out of emitted JSON and metrics
2026-10-07T04:01:51.9907944Z   ---
2026-10-07T04:01:51.9908512Z   duration_ms: 9.191808
2026-10-07T04:01:51.9909115Z   ...
2026-10-07T04:01:52.1142081Z # Subtest: completion parser accepts one complete payload and rejects incomplete or underage input
2026-10-07T04:01:52.1143730Z ok 433 - completion parser accepts one complete payload and rejects incomplete or underage input
2026-10-07T04:01:52.1149754Z   ---
2026-10-07T04:01:52.1166755Z   duration_ms: 16.51284
2026-10-07T04:01:52.1167587Z   ...
2026-10-07T04:01:52.1171121Z # Subtest: atomic completion uses the submitted timezone day and updates an existing goal without duplication
2026-10-07T04:01:52.1172693Z ok 434 - atomic completion uses the submitted timezone day and updates an existing goal without duplication
2026-10-07T04:01:52.1173557Z   ---
2026-10-07T04:01:52.1173975Z   duration_ms: 1.578781
2026-10-07T04:01:52.1174428Z   ...
2026-10-07T04:01:52.1175285Z # Subtest: a later operation returns the first completion receipt without duplicate domain writes
2026-10-07T04:01:52.1176666Z ok 435 - a later operation returns the first completion receipt without duplicate domain writes
2026-10-07T04:01:52.1211210Z   ---
2026-10-07T04:01:52.1211788Z   duration_ms: 0.906163
2026-10-07T04:01:52.1212389Z   ...
2026-10-07T04:01:52.1213538Z # Subtest: representative injected failures leave the committed state unchanged
2026-10-07T04:01:52.1214807Z ok 436 - representative injected failures leave the committed state unchanged
2026-10-07T04:01:52.1215812Z   ---
2026-10-07T04:01:52.1216336Z   duration_ms: 2.216352
2026-10-07T04:01:52.1216876Z   ...
2026-10-07T04:01:52.1218057Z # Subtest: atomic onboarding migration adds only the completion marker and backfills complete legacy accounts
2026-10-07T04:01:52.1220136Z ok 437 - atomic onboarding migration adds only the completion marker and backfills complete legacy accounts
2026-10-07T04:01:52.1221354Z   ---
2026-10-07T04:01:52.1221906Z   duration_ms: 0.329295
2026-10-07T04:01:52.1222527Z   ...
2026-10-07T04:01:52.1951522Z # Subtest: OpenFoodFactsProvider normalizes barcode lookups (nutrients + measures + scaled nutrients)
2026-10-07T04:01:52.1953490Z ok 438 - OpenFoodFactsProvider normalizes barcode lookups (nutrients + measures + scaled nutrients)
2026-10-07T04:01:52.1954566Z   ---
2026-10-07T04:01:52.1955019Z   duration_ms: 6.076446
2026-10-07T04:01:52.1955528Z   ...
2026-10-07T04:01:52.1956460Z # Subtest: OpenFoodFactsProvider omits incomplete products when includeIncomplete=false
2026-10-07T04:01:52.1957931Z ok 439 - OpenFoodFactsProvider omits incomplete products when includeIncomplete=false
2026-10-07T04:01:52.1958842Z   ---
2026-10-07T04:01:52.1959316Z   duration_ms: 0.419344
2026-10-07T04:01:52.1960058Z   ...
2026-10-07T04:01:52.1961103Z # Subtest: OpenFoodFactsProvider (auto mode) falls back to legacy search when v2 yields no matches
2026-10-07T04:01:52.1962633Z ok 440 - OpenFoodFactsProvider (auto mode) falls back to legacy search when v2 yields no matches
2026-10-07T04:01:52.1963587Z   ---
2026-10-07T04:01:52.1964018Z   duration_ms: 2.220209
2026-10-07T04:01:52.1964519Z   ...
2026-10-07T04:01:52.1965769Z # Subtest: OpenFoodFactsProvider (legacy mode) filters and ranks search results by query tokens
2026-10-07T04:01:52.1967490Z ok 441 - OpenFoodFactsProvider (legacy mode) filters and ranks search results by query tokens
2026-10-07T04:01:52.1968414Z   ---
2026-10-07T04:01:52.1968877Z   duration_ms: 0.868774
2026-10-07T04:01:52.1969344Z   ...
2026-10-07T04:01:52.1970894Z # Subtest: OpenFoodFactsProvider (legacy mode) prefers brand+product matches for possessive queries and drops weak product matches
2026-10-07T04:01:52.1972936Z ok 442 - OpenFoodFactsProvider (legacy mode) prefers brand+product matches for possessive queries and drops weak product matches
2026-10-07T04:01:52.1974113Z   ---
2026-10-07T04:01:52.1974587Z   duration_ms: 1.027169
2026-10-07T04:01:52.1975081Z   ...
2026-10-07T04:01:52.1976094Z # Subtest: OpenFoodFactsProvider (legacy mode) throws a detailed error for non-OK search responses
2026-10-07T04:01:52.1977661Z ok 443 - OpenFoodFactsProvider (legacy mode) throws a detailed error for non-OK search responses
2026-10-07T04:01:52.1978610Z   ---
2026-10-07T04:01:52.1979065Z   duration_ms: 1.006181
2026-10-07T04:01:52.1979746Z   ...
2026-10-07T04:01:52.1981472Z # Subtest: OpenFoodFactsProvider (auto mode) attempts a brand-scoped legacy search when v2 returns only generic product matches
2026-10-07T04:01:52.1983636Z ok 444 - OpenFoodFactsProvider (auto mode) attempts a brand-scoped legacy search when v2 returns only generic product matches
2026-10-07T04:01:52.1984951Z   ---
2026-10-07T04:01:52.1985431Z   duration_ms: 1.299859
2026-10-07T04:01:52.1985986Z   ...
2026-10-07T04:01:52.1986830Z # Subtest: OpenFoodFactsProvider (v2 mode) surfaces timeout failures
2026-10-07T04:01:52.1988005Z ok 445 - OpenFoodFactsProvider (v2 mode) surfaces timeout failures
2026-10-07T04:01:52.1988734Z   ---
2026-10-07T04:01:52.1989208Z   duration_ms: 10.131721
2026-10-07T04:01:52.1990345Z   ...
2026-10-07T04:01:52.1991563Z # Subtest: OpenFoodFactsProvider (auto mode) throws combined errors when v2 errors and legacy fails
2026-10-07T04:01:52.1993230Z ok 446 - OpenFoodFactsProvider (auto mode) throws combined errors when v2 errors and legacy fails
2026-10-07T04:01:52.1994185Z   ---
2026-10-07T04:01:52.1994646Z   duration_ms: 0.73863
2026-10-07T04:01:52.1995100Z   ...
2026-10-07T04:01:52.1996097Z # Subtest: OpenFoodFactsProvider (auto mode) avoids legacy fallback when v2 finds query matches
2026-10-07T04:01:52.1997557Z ok 447 - OpenFoodFactsProvider (auto mode) avoids legacy fallback when v2 finds query matches
2026-10-07T04:01:52.1998510Z   ---
2026-10-07T04:01:52.1998933Z   duration_ms: 0.547333
2026-10-07T04:01:52.1999431Z   ...
2026-10-07T04:01:52.2000819Z # Subtest: OpenFoodFactsProvider includes incomplete barcode products when includeIncomplete=true
2026-10-07T04:01:52.2002495Z ok 448 - OpenFoodFactsProvider includes incomplete barcode products when includeIncomplete=true
2026-10-07T04:01:52.2003435Z   ---
2026-10-07T04:01:52.2003886Z   duration_ms: 0.361295
2026-10-07T04:01:52.2004356Z   ...
2026-10-07T04:01:52.2005397Z # Subtest: OpenFoodFactsProvider extracts nutrients from energy_100g and parses serving_size units
2026-10-07T04:01:52.2008649Z ok 449 - OpenFoodFactsProvider extracts nutrients from energy_100g and parses serving_size units
2026-10-07T04:01:52.2009919Z   ---
2026-10-07T04:01:52.2010354Z   duration_ms: 0.637642
2026-10-07T04:01:52.2010855Z   ...
2026-10-07T04:01:52.2011872Z # Subtest: OpenFoodFactsProvider returns empty results when the upstream payload has no products list
2026-10-07T04:01:52.2013408Z ok 450 - OpenFoodFactsProvider returns empty results when the upstream payload has no products list
2026-10-07T04:01:52.2014325Z   ---
2026-10-07T04:01:52.2014793Z   duration_ms: 0.521986
2026-10-07T04:01:52.2015268Z   ...
2026-10-07T04:01:52.2016063Z # Subtest: Redocly minimatch supports brace-bearing OpenAPI paths
2026-10-07T04:01:52.2017092Z ok 451 - Redocly minimatch supports brace-bearing OpenAPI paths
2026-10-07T04:01:52.2017857Z   ---
2026-10-07T04:01:52.2018163Z   duration_ms: 7.13796
2026-10-07T04:01:52.2018528Z   ...
2026-10-07T04:01:52.2019891Z # Subtest: OpenAPI preserves unsafe historical goal deficits while constraining new goal writes
2026-10-07T04:01:52.2021165Z ok 452 - OpenAPI preserves unsafe historical goal deficits while constraining new goal writes
2026-10-07T04:01:52.2021745Z   ---
2026-10-07T04:01:52.2022018Z   duration_ms: 0.6793
2026-10-07T04:01:52.2022481Z   ...
2026-10-07T04:01:55.9113352Z # Subtest: balances reference work from the reviewed per-operation ratio
2026-10-07T04:01:55.9170544Z ok 453 - balances reference work from the reviewed per-operation ratio
2026-10-07T04:01:55.9171632Z   ---
2026-10-07T04:01:55.9172215Z   duration_ms: 2.355255
2026-10-07T04:01:55.9172881Z   ...
2026-10-07T04:01:55.9173889Z # Subtest: normalizes unequal batch sizes back to a per-operation ratio
2026-10-07T04:01:55.9175292Z ok 454 - normalizes unequal batch sizes back to a per-operation ratio
2026-10-07T04:01:55.9176303Z   ---
2026-10-07T04:01:55.9176921Z   duration_ms: 0.344113
2026-10-07T04:01:55.9177565Z   ...
2026-10-07T04:01:55.9178604Z # Subtest: allows the exact reviewed threshold and rejects the next ppm
2026-10-07T04:01:55.9180244Z ok 455 - allows the exact reviewed threshold and rejects the next ppm
2026-10-07T04:01:55.9181266Z   ---
2026-10-07T04:01:55.9181932Z   duration_ms: 1.098445
2026-10-07T04:01:55.9182621Z   ...
2026-10-07T04:01:55.9183696Z # Subtest: requires an independent median to reproduce a benchmark regression
2026-10-07T04:01:55.9185179Z ok 456 - requires an independent median to reproduce a benchmark regression
2026-10-07T04:01:55.9186215Z   ---
2026-10-07T04:01:55.9186882Z   duration_ms: 0.269735
2026-10-07T04:01:55.9187572Z   ...
2026-10-07T04:01:56.0364192Z # Subtest: PostgresSessionStore.initialize verifies the session schema exists
2026-10-07T04:01:56.0483075Z ok 457 - PostgresSessionStore.initialize verifies the session schema exists
2026-10-07T04:01:56.0570081Z   ---
2026-10-07T04:01:56.0600136Z   duration_ms: 1.978771
2026-10-07T04:01:56.0670029Z   ...
2026-10-07T04:01:56.0730558Z # Subtest: PostgresSessionStore.initialize throws a helpful error for missing tables
2026-10-07T04:01:56.0790515Z ok 458 - PostgresSessionStore.initialize throws a helpful error for missing tables
2026-10-07T04:01:56.0806795Z   ---
2026-10-07T04:01:56.0860175Z   duration_ms: 0.927724
2026-10-07T04:01:56.0860821Z   ...
2026-10-07T04:01:56.0890691Z # Subtest: PostgresSessionStore.initialize surfaces unexpected database errors
2026-10-07T04:01:56.0920456Z ok 459 - PostgresSessionStore.initialize surfaces unexpected database errors
2026-10-07T04:01:56.0949983Z   ---
2026-10-07T04:01:56.0950606Z   duration_ms: 0.400199
2026-10-07T04:01:56.0956931Z   ...
2026-10-07T04:01:56.0957882Z # Subtest: PostgresSessionStore.get returns null when no session exists
2026-10-07T04:01:56.0959152Z ok 460 - PostgresSessionStore.get returns null when no session exists
2026-10-07T04:01:56.0960309Z   ---
2026-10-07T04:01:56.0960859Z   duration_ms: 0.493563
2026-10-07T04:01:56.0961441Z   ...
2026-10-07T04:01:56.0962239Z # Subtest: PostgresSessionStore.get prunes expired sessions
2026-10-07T04:01:56.0963359Z ok 461 - PostgresSessionStore.get prunes expired sessions
2026-10-07T04:01:56.0964141Z   ---
2026-10-07T04:01:56.0964714Z   duration_ms: 0.732861
2026-10-07T04:01:56.0965290Z   ...
2026-10-07T04:01:56.0966125Z # Subtest: PostgresSessionStore.get returns parsed JSON sessions
2026-10-07T04:01:56.0967231Z ok 462 - PostgresSessionStore.get returns parsed JSON sessions
2026-10-07T04:01:56.0968011Z   ---
2026-10-07T04:01:56.0968529Z   duration_ms: 1.033362
2026-10-07T04:01:56.0969121Z   ...
2026-10-07T04:01:56.0970244Z # Subtest: PostgresSessionStore.get forwards query errors to the callback
2026-10-07T04:01:56.0971525Z ok 463 - PostgresSessionStore.get forwards query errors to the callback
2026-10-07T04:01:56.0972380Z   ---
2026-10-07T04:01:56.0972906Z   duration_ms: 0.448569
2026-10-07T04:01:56.0973484Z   ...
2026-10-07T04:01:56.0974528Z # Subtest: PostgresSessionStore.set stores sessions using the cookie expiration when provided
2026-10-07T04:01:56.0976467Z ok 464 - PostgresSessionStore.set stores sessions using the cookie expiration when provided
2026-10-07T04:01:56.0977696Z   ---
2026-10-07T04:01:56.0978236Z   duration_ms: 0.563995
2026-10-07T04:01:56.0978816Z   ...
2026-10-07T04:01:56.0980066Z # Subtest: PostgresSessionStore.set falls back to the store TTL when no cookie timing is set
2026-10-07T04:01:56.0981597Z ok 465 - PostgresSessionStore.set falls back to the store TTL when no cookie timing is set
2026-10-07T04:01:56.0982562Z   ---
2026-10-07T04:01:56.0983096Z   duration_ms: 0.488483
2026-10-07T04:01:56.0983683Z   ...
2026-10-07T04:01:56.0984650Z # Subtest: PostgresSessionStore links authenticated Passport sessions to their user
2026-10-07T04:01:56.0986021Z ok 466 - PostgresSessionStore links authenticated Passport sessions to their user
2026-10-07T04:01:56.0986943Z   ---
2026-10-07T04:01:56.0987459Z   duration_ms: 0.488734
2026-10-07T04:01:56.0988022Z   ...
2026-10-07T04:01:56.0988919Z # Subtest: PostgresSessionStore leaves unauthenticated session ownership null
2026-10-07T04:01:56.0990521Z ok 467 - PostgresSessionStore leaves unauthenticated session ownership null
2026-10-07T04:01:56.0991435Z   ---
2026-10-07T04:01:56.0991982Z   duration_ms: 0.351217
2026-10-07T04:01:56.0992569Z   ...
2026-10-07T04:01:56.0993465Z # Subtest: PostgresSessionStore.touch updates expiry using cookie maxAge
2026-10-07T04:01:56.0994736Z ok 468 - PostgresSessionStore.touch updates expiry using cookie maxAge
2026-10-07T04:01:56.0995612Z   ---
2026-10-07T04:01:56.0996118Z   duration_ms: 0.481971
2026-10-07T04:01:56.0996701Z   ...
2026-10-07T04:01:56.0997696Z # Subtest: PostgresSessionStore.touch refreshes Passport session ownership
2026-10-07T04:01:56.0998986Z ok 469 - PostgresSessionStore.touch refreshes Passport session ownership
2026-10-07T04:01:56.1000111Z   ---
2026-10-07T04:01:56.1000647Z   duration_ms: 0.312574
2026-10-07T04:01:56.1001215Z   ...
2026-10-07T04:01:56.1002040Z # Subtest: PostgresSessionStore.destroy deletes stored sessions
2026-10-07T04:01:56.1003159Z ok 470 - PostgresSessionStore.destroy deletes stored sessions
2026-10-07T04:01:56.1003958Z   ---
2026-10-07T04:01:56.1004505Z   duration_ms: 0.445162
2026-10-07T04:01:56.1005111Z   ...
2026-10-07T04:01:56.1006061Z # Subtest: profileImage: allowed MIME types include the expected image formats
2026-10-07T04:01:56.1007416Z ok 471 - profileImage: allowed MIME types include the expected image formats
2026-10-07T04:01:56.1008506Z   ---
2026-10-07T04:01:56.1009109Z   duration_ms: 2.217758
2026-10-07T04:01:56.1009966Z   ...
2026-10-07T04:01:56.1070613Z # Subtest: profileImage: parseBase64DataUrl rejects malformed strings
2026-10-07T04:01:56.1080557Z ok 472 - profileImage: parseBase64DataUrl rejects malformed strings
2026-10-07T04:01:56.1081554Z   ---
2026-10-07T04:01:56.1082087Z   duration_ms: 0.396201
2026-10-07T04:01:56.1082699Z   ...
2026-10-07T04:01:56.1083884Z # Subtest: profileImage: parseBase64DataUrl parses supported base64 data URLs (trimming whitespace)
2026-10-07T04:01:56.1085507Z ok 473 - profileImage: parseBase64DataUrl parses supported base64 data URLs (trimming whitespace)
2026-10-07T04:01:56.1086545Z   ---
2026-10-07T04:01:56.1087075Z   duration_ms: 1.089558
2026-10-07T04:01:56.1087633Z   ...
2026-10-07T04:01:56.1088671Z # Subtest: profileImage: buildBase64DataUrl encodes bytes and round-trips with parseBase64DataUrl
2026-10-07T04:01:56.1090418Z ok 474 - profileImage: buildBase64DataUrl encodes bytes and round-trips with parseBase64DataUrl
2026-10-07T04:01:56.1091416Z   ---
2026-10-07T04:01:56.1091906Z   duration_ms: 0.356307
2026-10-07T04:01:56.1092414Z   ...
2026-10-07T04:01:59.2021023Z # Subtest: profile utils: isSex validates allowed enum values
2026-10-07T04:01:59.2050698Z ok 475 - profile utils: isSex validates allowed enum values
2026-10-07T04:01:59.2140212Z   ---
2026-10-07T04:01:59.2153935Z   duration_ms: 2.032238
2026-10-07T04:01:59.2159418Z   ...
2026-10-07T04:01:59.2160622Z # Subtest: profile utils: isActivityLevel validates allowed enum values
2026-10-07T04:01:59.2161883Z ok 476 - profile utils: isActivityLevel validates allowed enum values
2026-10-07T04:01:59.2163449Z   ---
2026-10-07T04:01:59.2163979Z   duration_ms: 0.21424
2026-10-07T04:01:59.2164524Z   ...
2026-10-07T04:01:59.2814531Z # Subtest: database readiness reports success without exposing probe results
2026-10-07T04:01:59.2871386Z ok 477 - database readiness reports success without exposing probe results
2026-10-07T04:01:59.2875355Z   ---
2026-10-07T04:01:59.2875916Z   duration_ms: 1.964882
2026-10-07T04:01:59.2876478Z   ...
2026-10-07T04:01:59.2877454Z # Subtest: database readiness converts connection failures into a safe false result
2026-10-07T04:01:59.2878837Z ok 478 - database readiness converts connection failures into a safe false result
2026-10-07T04:01:59.2879988Z   ---
2026-10-07T04:01:59.2880461Z   duration_ms: 0.433039
2026-10-07T04:01:59.2880981Z   ...
2026-10-07T04:01:59.2881794Z # Subtest: servers support clients from the same or an older minor version
2026-10-07T04:01:59.2882988Z ok 479 - servers support clients from the same or an older minor version
2026-10-07T04:01:59.2883809Z   ---
2026-10-07T04:01:59.2884257Z   duration_ms: 5.339999
2026-10-07T04:01:59.2884738Z   ...
2026-10-07T04:01:59.2885751Z # Subtest: major mismatches block directionally and a newer client minor requires a newer server
2026-10-07T04:01:59.2887342Z ok 480 - major mismatches block directionally and a newer client minor requires a newer server
2026-10-07T04:01:59.2888315Z   ---
2026-10-07T04:01:59.2888765Z   duration_ms: 0.910221
2026-10-07T04:01:59.2889267Z   ...
2026-10-07T04:01:59.2890165Z # Subtest: malformed semantic versions fail closed
2026-10-07T04:01:59.2891055Z ok 481 - malformed semantic versions fail closed
2026-10-07T04:01:59.2891700Z   ---
2026-10-07T04:01:59.2892138Z   duration_ms: 0.377035
2026-10-07T04:01:59.2892630Z   ...
2026-10-07T04:01:59.2893623Z # Subtest: compatibility comparison does not lose precision for large canonical identifiers
2026-10-07T04:01:59.2895053Z ok 482 - compatibility comparison does not lose precision for large canonical identifiers
2026-10-07T04:01:59.2896045Z   ---
2026-10-07T04:01:59.2896532Z   duration_ms: 0.261559
2026-10-07T04:01:59.2897046Z   ...
2026-10-07T04:02:01.4401684Z # Subtest: reminder wire times use canonical HH:mm values
2026-10-07T04:02:01.4404906Z ok 483 - reminder wire times use canonical HH:mm values
2026-10-07T04:02:01.4406822Z   ---
2026-10-07T04:02:01.4408482Z   duration_ms: 1.422338
2026-10-07T04:02:01.4410498Z   ...
2026-10-07T04:02:01.4411721Z # Subtest: local wall-clock resolution follows IANA DST transitions without inventing UTC schedules
2026-10-07T04:02:01.4415564Z ok 484 - local wall-clock resolution follows IANA DST transitions without inventing UTC schedules
2026-10-07T04:02:01.4418390Z   ---
2026-10-07T04:02:01.4418978Z   duration_ms: 21.87583
2026-10-07T04:02:01.4421648Z   ...
2026-10-07T04:02:01.4423796Z # Subtest: current account timezone changes the wall-clock interpretation of the same instant
2026-10-07T04:02:01.4427620Z ok 485 - current account timezone changes the wall-clock interpretation of the same instant
2026-10-07T04:02:01.4430824Z   ---
2026-10-07T04:02:01.4431417Z   duration_ms: 0.549287
2026-10-07T04:02:01.4432064Z   ...
2026-10-07T04:02:01.4433089Z # Subtest: overnight quiet hours are start-inclusive and end-exclusive
2026-10-07T04:02:01.4434458Z ok 486 - overnight quiet hours are start-inclusive and end-exclusive
2026-10-07T04:02:01.4435470Z   ---
2026-10-07T04:02:01.4436082Z   duration_ms: 0.236032
2026-10-07T04:02:01.4436711Z   ...
2026-10-07T04:02:03.9721439Z # Subtest: staggered reminder times remain separate so an earlier type can be receipt-deduped
2026-10-07T04:02:03.9770739Z ok 487 - staggered reminder times remain separate so an earlier type can be receipt-deduped
2026-10-07T04:02:03.9783406Z   ---
2026-10-07T04:02:03.9784146Z   duration_ms: 4510.973143
2026-10-07T04:02:03.9784839Z   ...
2026-10-07T04:02:03.9785700Z # Subtest: equal reminder times remain separate so each type keeps an independent receipt
2026-10-07T04:02:03.9787378Z ok 488 - equal reminder times remain separate so each type keeps an independent receipt
2026-10-07T04:02:03.9789421Z   ---
2026-10-07T04:02:03.9790038Z   duration_ms: 12.799629
2026-10-07T04:02:03.9790448Z   ...
2026-10-07T04:02:04.0537546Z # Subtest: requestParsing: parsePositiveInteger accepts only finite integers >= 1
2026-10-07T04:02:04.0570895Z ok 489 - requestParsing: parsePositiveInteger accepts only finite integers >= 1
2026-10-07T04:02:04.0578460Z   ---
2026-10-07T04:02:04.0579168Z   duration_ms: 1.9745
2026-10-07T04:02:04.0580090Z   ...
2026-10-07T04:02:04.0582007Z # Subtest: requestParsing: parseNonNegativeInteger accepts finite integers >= 0 (truncating numbers)
2026-10-07T04:02:04.0584441Z ok 490 - requestParsing: parseNonNegativeInteger accepts finite integers >= 0 (truncating numbers)
2026-10-07T04:02:04.0585889Z   ---
2026-10-07T04:02:04.0586466Z   duration_ms: 0.38528
2026-10-07T04:02:04.0587413Z   ...
2026-10-07T04:02:04.0588914Z # Subtest: requestParsing: parseNonNegativeNumber accepts finite numbers >= 0 (including decimals)
2026-10-07T04:02:04.0591573Z ok 491 - requestParsing: parseNonNegativeNumber accepts finite numbers >= 0 (including decimals)
2026-10-07T04:02:04.0592871Z   ---
2026-10-07T04:02:04.0593587Z   duration_ms: 0.725035
2026-10-07T04:02:04.0594100Z   ...
2026-10-07T04:02:04.0595419Z # Subtest: requestParsing: parsePositiveNumber accepts only finite numbers > 0 (including decimals)
2026-10-07T04:02:04.0597483Z ok 492 - requestParsing: parsePositiveNumber accepts only finite numbers > 0 (including decimals)
2026-10-07T04:02:04.0598692Z   ---
2026-10-07T04:02:04.0599364Z   duration_ms: 0.295402
2026-10-07T04:02:04.0599976Z   ...
2026-10-07T04:02:04.0601777Z # Subtest: requestParsing: resolveLanguageCode prefers explicit query params over headers
2026-10-07T04:02:04.0603733Z ok 493 - requestParsing: resolveLanguageCode prefers explicit query params over headers
2026-10-07T04:02:04.0605410Z   ---
2026-10-07T04:02:04.0606000Z   duration_ms: 0.269794
2026-10-07T04:02:04.0606882Z   ...
2026-10-07T04:02:04.0608281Z # Subtest: requestParsing: resolveLanguageCode falls back to Accept-Language primary tag
2026-10-07T04:02:04.0610500Z ok 494 - requestParsing: resolveLanguageCode falls back to Accept-Language primary tag
2026-10-07T04:02:04.0611854Z   ---
2026-10-07T04:02:04.0612734Z   duration_ms: 0.257962
2026-10-07T04:02:04.0613370Z   ...
2026-10-07T04:02:08.8781052Z # Subtest: known-account SMTP work cannot delay the generic password reset response
2026-10-07T04:02:08.8809854Z ok 495 - known-account SMTP work cannot delay the generic password reset response
2026-10-07T04:02:08.8850329Z   ---
2026-10-07T04:02:08.8851019Z   duration_ms: 7032.396616
2026-10-07T04:02:08.8851692Z   ...
2026-10-07T04:02:08.8852666Z # Subtest: known and unknown recovery requests have the same immediate response
2026-10-07T04:02:08.8854092Z ok 496 - known and unknown recovery requests have the same immediate response
2026-10-07T04:02:08.8855026Z   ---
2026-10-07T04:02:08.8855586Z   duration_ms: 86.713735
2026-10-07T04:02:08.8856102Z   ...
2026-10-07T04:02:09.3859304Z # Subtest: activity route requires trusted mobile provenance for Health Connect writes
2026-10-07T04:02:09.3890969Z ok 497 - activity route requires trusted mobile provenance for Health Connect writes
2026-10-07T04:02:09.3892036Z   ---
2026-10-07T04:02:09.3892609Z   duration_ms: 3389.294041
2026-10-07T04:02:09.3893201Z   ...
2026-10-07T04:02:09.3894154Z # Subtest: activity route advances the token with source writes in one transaction
2026-10-07T04:02:09.3895503Z ok 498 - activity route advances the token with source writes in one transaction
2026-10-07T04:02:09.3896420Z   ---
2026-10-07T04:02:09.3896940Z   duration_ms: 54.712271
2026-10-07T04:02:09.3897567Z   ...
2026-10-07T04:02:09.3898493Z # Subtest: activity route rejects out-of-order token pages before domain writes
2026-10-07T04:02:09.3900041Z ok 499 - activity route rejects out-of-order token pages before domain writes
2026-10-07T04:02:09.3900952Z   ---
2026-10-07T04:02:09.3901471Z   duration_ms: 20.125118
2026-10-07T04:02:09.3902555Z   ...
2026-10-07T04:02:09.3903800Z # Subtest: activity route returns every requested date with optional summary and records
2026-10-07T04:02:09.3905276Z ok 500 - activity route returns every requested date with optional summary and records
2026-10-07T04:02:09.3908481Z   ---
2026-10-07T04:02:09.3909016Z   duration_ms: 17.041385
2026-10-07T04:02:09.3909849Z   ...
2026-10-07T04:02:09.3911020Z # Subtest: activity route authoritatively replaces a reset window and replays without a second delete
2026-10-07T04:02:09.3912705Z ok 501 - activity route authoritatively replaces a reset window and replays without a second delete
2026-10-07T04:02:09.3913780Z   ---
2026-10-07T04:02:09.3914286Z   duration_ms: 27.317703
2026-10-07T04:02:09.3914847Z   ...
2026-10-07T04:02:12.7041105Z # Subtest: auth route: POST /mobile/login returns mobile tokens for valid credentials
2026-10-07T04:02:12.7100657Z ok 502 - auth route: POST /mobile/login returns mobile tokens for valid credentials
2026-10-07T04:02:12.7180076Z   ---
2026-10-07T04:02:12.7206994Z   duration_ms: 3103.183494
2026-10-07T04:02:12.7221818Z   ...
2026-10-07T04:02:12.7222818Z # Subtest: auth route: POST /mobile/login refuses direct Wear OS password sessions
2026-10-07T04:02:12.7224187Z ok 503 - auth route: POST /mobile/login refuses direct Wear OS password sessions
2026-10-07T04:02:12.7225202Z   ---
2026-10-07T04:02:12.7225730Z   duration_ms: 89.024369
2026-10-07T04:02:12.7226295Z   ...
2026-10-07T04:02:12.7227404Z # Subtest: auth route: Wear pairing credential issuance rejects browser-only authentication
2026-10-07T04:02:12.7228891Z ok 504 - auth route: Wear pairing credential issuance rejects browser-only authentication
2026-10-07T04:02:12.7230112Z   ---
2026-10-07T04:02:12.7230636Z   duration_ms: 82.097969
2026-10-07T04:02:12.7231199Z   ...
2026-10-07T04:02:12.7232184Z # Subtest: auth route: Wear pairing credential issuance rejects non-origin server bindings
2026-10-07T04:02:12.7233608Z ok 505 - auth route: Wear pairing credential issuance rejects non-origin server bindings
2026-10-07T04:02:12.7234564Z   ---
2026-10-07T04:02:12.7235069Z   duration_ms: 54.760549
2026-10-07T04:02:12.7235621Z   ...
2026-10-07T04:02:12.7236574Z # Subtest: auth route: Wear pairing credential issuance binds the watch key and challenge
2026-10-07T04:02:12.7238018Z ok 506 - auth route: Wear pairing credential issuance binds the watch key and challenge
2026-10-07T04:02:12.7238930Z   ---
2026-10-07T04:02:12.7239429Z   duration_ms: 65.386942
2026-10-07T04:02:12.7240285Z   ...
2026-10-07T04:02:12.7241344Z # Subtest: auth route: POST /mobile/login performs a dummy hash comparison for unknown accounts
2026-10-07T04:02:12.7242823Z ok 507 - auth route: POST /mobile/login performs a dummy hash comparison for unknown accounts
2026-10-07T04:02:12.7262810Z   ---
2026-10-07T04:02:12.7263460Z   duration_ms: 47.962723
2026-10-07T04:02:12.7264072Z   ...
2026-10-07T04:02:12.7264956Z # Subtest: auth route: POST /mobile/refresh rejects missing refresh token
2026-10-07T04:02:12.7266212Z ok 508 - auth route: POST /mobile/refresh rejects missing refresh token
2026-10-07T04:02:12.7267055Z   ---
2026-10-07T04:02:12.7267568Z   duration_ms: 92.121352
2026-10-07T04:02:12.7268161Z   ...
2026-10-07T04:02:12.7269103Z # Subtest: auth route: POST /mobile/refresh records invalid or expired refresh tokens
2026-10-07T04:02:12.7270659Z ok 509 - auth route: POST /mobile/refresh records invalid or expired refresh tokens
2026-10-07T04:02:12.7271507Z   ---
2026-10-07T04:02:12.7271981Z   duration_ms: 54.811061
2026-10-07T04:02:12.7272507Z   ...
2026-10-07T04:02:12.7273322Z # Subtest: auth route: GET /mobile/sessions returns owned active devices
2026-10-07T04:02:12.7274463Z ok 510 - auth route: GET /mobile/sessions returns owned active devices
2026-10-07T04:02:12.7291799Z   ---
2026-10-07T04:02:12.7292410Z   duration_ms: 49.555032
2026-10-07T04:02:12.7292964Z   ...
2026-10-07T04:02:17.7204052Z # Subtest: auth route: POST /register returns 400 when the email already exists
2026-10-07T04:02:17.7228567Z ok 511 - auth route: POST /register returns 400 when the email already exists
2026-10-07T04:02:17.7253359Z   ---
2026-10-07T04:02:17.7310070Z   duration_ms: 3737.070981
2026-10-07T04:02:17.7365198Z   ...
2026-10-07T04:02:17.7432649Z # Subtest: auth route: POST /register validates email and password inputs
2026-10-07T04:02:17.7439179Z ok 512 - auth route: POST /register validates email and password inputs
2026-10-07T04:02:17.7440515Z   ---
2026-10-07T04:02:17.7441129Z   duration_ms: 38.378132
2026-10-07T04:02:17.7441745Z   ...
2026-10-07T04:02:17.7442692Z # Subtest: auth route: POST /register creates a user and logs them in
2026-10-07T04:02:17.7443972Z ok 513 - auth route: POST /register creates a user and logs them in
2026-10-07T04:02:17.7444887Z   ---
2026-10-07T04:02:17.7445460Z   duration_ms: 38.38243
2026-10-07T04:02:17.7446096Z   ...
2026-10-07T04:02:17.7447264Z # Subtest: auth route: POST /login normalizes credentials, logs in, and returns the serialized user
2026-10-07T04:02:17.7449070Z ok 514 - auth route: POST /login normalizes credentials, logs in, and returns the serialized user
2026-10-07T04:02:17.7450483Z   ---
2026-10-07T04:02:17.7451096Z   duration_ms: 58.905924
2026-10-07T04:02:17.7451742Z   ...
2026-10-07T04:02:17.7452813Z # Subtest: auth route: POST /login returns JSON errors for invalid or rejected credentials
2026-10-07T04:02:17.7454389Z ok 515 - auth route: POST /login returns JSON errors for invalid or rejected credentials
2026-10-07T04:02:17.7455439Z   ---
2026-10-07T04:02:17.7456042Z   duration_ms: 54.356964
2026-10-07T04:02:17.7456654Z   ...
2026-10-07T04:02:17.7457547Z # Subtest: auth route: POST /logout forwards errors from req.logout
2026-10-07T04:02:17.7458801Z ok 516 - auth route: POST /logout forwards errors from req.logout
2026-10-07T04:02:17.7459891Z   ---
2026-10-07T04:02:17.7460385Z   duration_ms: 68.219182
2026-10-07T04:02:17.7460908Z   ...
2026-10-07T04:02:17.7510823Z # Subtest: auth route: POST /logout destroys the session and clears its cookie
2026-10-07T04:02:17.7520351Z ok 517 - auth route: POST /logout destroys the session and clears its cookie
2026-10-07T04:02:17.7521420Z   ---
2026-10-07T04:02:17.7522058Z   duration_ms: 32.121389
2026-10-07T04:02:17.7522694Z   ...
2026-10-07T04:02:17.7523574Z # Subtest: auth route: GET /me returns 401 when not authenticated
2026-10-07T04:02:17.7524729Z ok 518 - auth route: GET /me returns 401 when not authenticated
2026-10-07T04:02:17.7525557Z   ---
2026-10-07T04:02:17.7526114Z   duration_ms: 42.763868
2026-10-07T04:02:17.7526751Z   ...
2026-10-07T04:02:17.7527700Z # Subtest: hosted registration requires explicit current legal versions
2026-10-07T04:02:17.7528978Z ok 519 - hosted registration requires explicit current legal versions
2026-10-07T04:02:17.7530095Z   ---
2026-10-07T04:02:17.7530610Z   duration_ms: 32.006495
2026-10-07T04:02:17.7531156Z   ...
2026-10-07T04:02:17.7532137Z # Subtest: auth route: hosted registration fails closed when account email is unavailable
2026-10-07T04:02:17.7533587Z ok 520 - auth route: hosted registration fails closed when account email is unavailable
2026-10-07T04:02:17.7534576Z   ---
2026-10-07T04:02:17.7535157Z   duration_ms: 28.508868
2026-10-07T04:02:17.7535814Z   ...
2026-10-07T04:02:17.7536922Z # Subtest: auth route: verification resend and reset request do not reveal account existence
2026-10-07T04:02:17.7538493Z ok 521 - auth route: verification resend and reset request do not reveal account existence
2026-10-07T04:02:17.7539705Z   ---
2026-10-07T04:02:17.7540307Z   duration_ms: 47.867065
2026-10-07T04:02:17.7540946Z   ...
2026-10-07T04:02:17.8566868Z # Subtest: calibration route requires authentication
2026-10-07T04:02:17.8597547Z ok 522 - calibration route requires authentication
2026-10-07T04:02:17.8601139Z   ---
2026-10-07T04:02:17.8601767Z   duration_ms: 4575.92158
2026-10-07T04:02:17.8602377Z   ...
2026-10-07T04:02:17.8603278Z # Subtest: calibration status delegates to on-demand evaluation
2026-10-07T04:02:17.8604434Z ok 523 - calibration status delegates to on-demand evaluation
2026-10-07T04:02:17.8605272Z   ---
2026-10-07T04:02:17.8606219Z   duration_ms: 38.602477
2026-10-07T04:02:17.8607016Z   ...
2026-10-07T04:02:17.8607987Z # Subtest: apply route forwards the recommendation and operation identifiers
2026-10-07T04:02:17.8609298Z ok 524 - apply route forwards the recommendation and operation identifiers
2026-10-07T04:02:17.8610570Z   ---
2026-10-07T04:02:17.8611109Z   duration_ms: 22.019079
2026-10-07T04:02:17.8611707Z   ...
2026-10-07T04:02:17.8612732Z # Subtest: cancel route forwards the scheduled recommendation and operation identifiers
2026-10-07T04:02:17.8614197Z ok 525 - cancel route forwards the scheduled recommendation and operation identifiers
2026-10-07T04:02:17.8615225Z   ---
2026-10-07T04:02:17.8615773Z   duration_ms: 17.181616
2026-10-07T04:02:17.8616370Z   ...
2026-10-07T04:02:18.4001067Z # Subtest: dev notifications: test endpoint defaults to push + in-app delivery
2026-10-07T04:02:18.4050711Z ok 526 - dev notifications: test endpoint defaults to push + in-app delivery
2026-10-07T04:02:18.4085323Z   ---
2026-10-07T04:02:18.4105599Z   duration_ms: 2250.454883
2026-10-07T04:02:18.4124929Z   ...
2026-10-07T04:02:18.4126742Z # Subtest: dev notifications: in-app only delivery does not require a push endpoint
2026-10-07T04:02:18.4142139Z ok 527 - dev notifications: in-app only delivery does not require a push endpoint
2026-10-07T04:02:18.4143175Z   ---
2026-10-07T04:02:18.4143933Z   duration_ms: 53.427617
2026-10-07T04:02:18.4144641Z   ...
2026-10-07T04:02:18.4145593Z # Subtest: dev notifications: deduped reminder skips still report success
2026-10-07T04:02:18.4146965Z ok 528 - dev notifications: deduped reminder skips still report success
2026-10-07T04:02:18.4147906Z   ---
2026-10-07T04:02:18.4148481Z   duration_ms: 48.071317
2026-10-07T04:02:18.4149170Z   ...
2026-10-07T04:02:18.4150569Z # Subtest: dev notifications: status endpoint reports push and in-app state for selected type
2026-10-07T04:02:18.4152222Z ok 529 - dev notifications: status endpoint reports push and in-app state for selected type
2026-10-07T04:02:18.4153278Z   ---
2026-10-07T04:02:18.4153870Z   duration_ms: 44.832384
2026-10-07T04:02:18.4154521Z   ...
2026-10-07T04:02:18.4155558Z # Subtest: dev notifications: clear endpoint resets selected push and in-app state
2026-10-07T04:02:18.4157035Z ok 530 - dev notifications: clear endpoint resets selected push and in-app state
2026-10-07T04:02:18.4157995Z   ---
2026-10-07T04:02:18.4158558Z   duration_ms: 36.934254
2026-10-07T04:02:18.4159230Z   ...
2026-10-07T04:02:18.4160957Z # Subtest: dev notifications: clear endpoint requires at least one clear action
2026-10-07T04:02:18.4162381Z ok 531 - dev notifications: clear endpoint requires at least one clear action
2026-10-07T04:02:18.4163337Z   ---
2026-10-07T04:02:18.4163883Z   duration_ms: 30.4094
2026-10-07T04:02:18.4164450Z   ...
2026-10-07T04:02:18.4165401Z # Subtest: dev notifications: returns 400 when push is selected without endpoint
2026-10-07T04:02:18.4166809Z ok 532 - dev notifications: returns 400 when push is selected without endpoint
2026-10-07T04:02:18.4167762Z   ---
2026-10-07T04:02:18.4168387Z   duration_ms: 32.362313
2026-10-07T04:02:18.4169012Z   ...
2026-10-07T04:02:18.4170241Z # Subtest: dev notifications: returns 400 when channel selection is empty
2026-10-07T04:02:18.4171626Z ok 533 - dev notifications: returns 400 when channel selection is empty
2026-10-07T04:02:18.4172584Z   ---
2026-10-07T04:02:18.4173176Z   duration_ms: 36.283097
2026-10-07T04:02:18.4173813Z   ...
2026-10-07T04:02:24.7611074Z # Subtest: food-days route: rejects unauthenticated requests via router.use middleware
2026-10-07T04:02:24.7690827Z ok 534 - food-days route: rejects unauthenticated requests via router.use middleware
2026-10-07T04:02:24.7692348Z   ---
2026-10-07T04:02:24.7720109Z   duration_ms: 9315.692424
2026-10-07T04:02:24.7721726Z   ...
2026-10-07T04:02:24.7748442Z # Subtest: food-days route: GET / returns default incomplete status when no row exists
2026-10-07T04:02:24.7780682Z ok 535 - food-days route: GET / returns default incomplete status when no row exists
2026-10-07T04:02:24.7840071Z   ---
2026-10-07T04:02:24.7870524Z   duration_ms: 135.00338
2026-10-07T04:02:24.7960079Z   ...
2026-10-07T04:02:24.8040622Z # Subtest: food-days route: GET /range returns inclusive day statuses for start/end
2026-10-07T04:02:24.8130581Z ok 536 - food-days route: GET /range returns inclusive day statuses for start/end
2026-10-07T04:02:24.8220130Z   ---
2026-10-07T04:02:24.8310151Z   duration_ms: 86.541171
2026-10-07T04:02:24.8390487Z   ...
2026-10-07T04:02:24.8480406Z # Subtest: food-days route: GET /range supports month query
2026-10-07T04:02:24.8570369Z ok 537 - food-days route: GET /range supports month query
2026-10-07T04:02:24.8630090Z   ---
2026-10-07T04:02:24.8720116Z   duration_ms: 62.261697
2026-10-07T04:02:24.8780042Z   ...
2026-10-07T04:02:24.8810410Z # Subtest: food-days route: GET /range validates query shape
2026-10-07T04:02:24.8900409Z ok 538 - food-days route: GET /range validates query shape
2026-10-07T04:02:24.8950998Z   ---
2026-10-07T04:02:24.8980060Z   duration_ms: 71.69727
2026-10-07T04:02:24.9060065Z   ...
2026-10-07T04:02:24.9120785Z # Subtest: PATCH completion captures its local-day plan once and reopening/recompletion retains it
2026-10-07T04:02:24.9210656Z ok 539 - PATCH completion captures its local-day plan once and reopening/recompletion retains it
2026-10-07T04:02:24.9240054Z   ---
2026-10-07T04:02:24.9272730Z   duration_ms: 97.791576
2026-10-07T04:02:24.9330135Z   ...
2026-10-07T04:02:28.9089991Z # Food search returned no results. Attempts: fatsecret (empty), openFoodFacts (empty)
2026-10-07T04:02:28.9812771Z # Food provider search failed (request_id=unavailable, error_type=Error).
2026-10-07T04:02:28.9814622Z # Food search failed for all providers. Attempts: fatsecret (error), openFoodFacts (error)
2026-10-07T04:02:29.6672828Z # Subtest: food route: rejects unauthenticated requests via router.use middleware
2026-10-07T04:02:29.6674655Z ok 540 - food route: rejects unauthenticated requests via router.use middleware
2026-10-07T04:02:29.6675612Z   ---
2026-10-07T04:02:29.6676168Z   duration_ms: 7249.699588
2026-10-07T04:02:29.6676769Z   ...
2026-10-07T04:02:29.6700415Z # Subtest: food route: GET /search requires query or barcode
2026-10-07T04:02:29.6717732Z ok 541 - food route: GET /search requires query or barcode
2026-10-07T04:02:29.6718558Z   ---
2026-10-07T04:02:29.6719084Z   duration_ms: 25.909561
2026-10-07T04:02:29.6719919Z   ...
2026-10-07T04:02:29.6721013Z # Subtest: food route: GET /search calls provider.searchFoods and returns provider metadata
2026-10-07T04:02:29.6722504Z ok 542 - food route: GET /search calls provider.searchFoods and returns provider metadata
2026-10-07T04:02:29.6723492Z   ---
2026-10-07T04:02:29.6724031Z   duration_ms: 46.46971
2026-10-07T04:02:29.6724630Z   ...
2026-10-07T04:02:29.6725805Z # Subtest: food route: GET /search keeps text pagination pinned when a provider returns no matches
2026-10-07T04:02:29.6727561Z ok 543 - food route: GET /search keeps text pagination pinned when a provider returns no matches
2026-10-07T04:02:29.6728675Z   ---
2026-10-07T04:02:29.6729321Z   duration_ms: 36.472972
2026-10-07T04:02:29.6730266Z   ...
2026-10-07T04:02:29.6731369Z # Subtest: food route: GET /search falls back to the next provider when text search errors
2026-10-07T04:02:29.6732928Z ok 544 - food route: GET /search falls back to the next provider when text search errors
2026-10-07T04:02:29.6733983Z   ---
2026-10-07T04:02:29.6734590Z   duration_ms: 30.813475
2026-10-07T04:02:29.6760161Z   ...
2026-10-07T04:02:29.6790703Z # Subtest: food route: GET /search falls back to the next provider for barcode lookups
2026-10-07T04:02:29.6800855Z ok 545 - food route: GET /search falls back to the next provider for barcode lookups
2026-10-07T04:02:29.6820348Z   ---
2026-10-07T04:02:29.6820981Z   duration_ms: 58.84925
2026-10-07T04:02:29.6822075Z   ...
2026-10-07T04:02:29.6823238Z # Subtest: food route: GET /search returns empty results when barcode providers return no matches
2026-10-07T04:02:29.6824887Z ok 546 - food route: GET /search returns empty results when barcode providers return no matches
2026-10-07T04:02:29.6826551Z   ---
2026-10-07T04:02:29.6827076Z   duration_ms: 40.048855
2026-10-07T04:02:29.6827615Z   ...
2026-10-07T04:02:29.6828579Z # Subtest: food route: GET /search skips providers that disable barcode lookup at runtime
2026-10-07T04:02:29.6830344Z ok 547 - food route: GET /search skips providers that disable barcode lookup at runtime
2026-10-07T04:02:29.6831368Z   ---
2026-10-07T04:02:29.6831949Z   duration_ms: 31.146959
2026-10-07T04:02:29.6832576Z   ...
2026-10-07T04:02:29.6833577Z # Subtest: food route: GET /search returns 500 when all barcode providers fail
2026-10-07T04:02:29.6834955Z ok 548 - food route: GET /search returns 500 when all barcode providers fail
2026-10-07T04:02:29.6835900Z   ---
2026-10-07T04:02:29.6836513Z   duration_ms: 44.086338
2026-10-07T04:02:29.6837150Z   ...
2026-10-07T04:02:29.6838138Z # Subtest: food route: GET /recent returns deduped recent food suggestions
2026-10-07T04:02:29.6839760Z ok 549 - food route: GET /recent returns deduped recent food suggestions
2026-10-07T04:02:29.6840890Z   ---
2026-10-07T04:02:29.6841523Z   duration_ms: 38.59519
2026-10-07T04:02:29.6842174Z   ...
2026-10-07T04:02:29.6843304Z # Subtest: food route: GET /recent prioritizes foods frequently logged for the selected meal
2026-10-07T04:02:29.6844932Z ok 550 - food route: GET /recent prioritizes foods frequently logged for the selected meal
2026-10-07T04:02:29.6846001Z   ---
2026-10-07T04:02:29.6846599Z   duration_ms: 30.839424
2026-10-07T04:02:29.6847229Z   ...
2026-10-07T04:02:29.6848098Z # Subtest: food route: GET /recent rejects an invalid meal period
2026-10-07T04:02:29.6849273Z ok 551 - food route: GET /recent rejects an invalid meal period
2026-10-07T04:02:29.6850520Z   ---
2026-10-07T04:02:29.6851117Z   duration_ms: 24.361531
2026-10-07T04:02:29.6851748Z   ...
2026-10-07T04:02:29.6852664Z # Subtest: food route: GET / validates local_date/date query params
2026-10-07T04:02:29.6853891Z ok 552 - food route: GET / validates local_date/date query params
2026-10-07T04:02:29.6854849Z   ---
2026-10-07T04:02:29.6855437Z   duration_ms: 36.929515
2026-10-07T04:02:29.6856100Z   ...
2026-10-07T04:02:29.6857052Z # Subtest: food route: GET / passes local_date filter through to Prisma
2026-10-07T04:02:29.6858367Z ok 553 - food route: GET / passes local_date filter through to Prisma
2026-10-07T04:02:29.6859252Z   ---
2026-10-07T04:02:29.6860119Z   duration_ms: 30.308298
2026-10-07T04:02:29.6860748Z   ...
2026-10-07T04:02:29.6861704Z # Subtest: food route: POST / creates a manual log after validating inputs
2026-10-07T04:02:29.6878761Z ok 554 - food route: POST / creates a manual log after validating inputs
2026-10-07T04:02:29.6880080Z   ---
2026-10-07T04:02:29.6880783Z   duration_ms: 55.444928
2026-10-07T04:02:29.6881432Z   ...
2026-10-07T04:02:29.6882418Z # Subtest: food route: POST / rejects writes when the canonical day is paused
2026-10-07T04:02:29.6883766Z ok 555 - food route: POST / rejects writes when the canonical day is paused
2026-10-07T04:02:29.6884678Z   ---
2026-10-07T04:02:29.6885247Z   duration_ms: 34.868132
2026-10-07T04:02:29.6885836Z   ...
2026-10-07T04:02:29.6886828Z # Subtest: food route: POST / stores external serving snapshots for search-backed logs
2026-10-07T04:02:29.6888236Z ok 556 - food route: POST / stores external serving snapshots for search-backed logs
2026-10-07T04:02:29.6889172Z   ---
2026-10-07T04:02:29.6889964Z   duration_ms: 33.415748
2026-10-07T04:02:29.6890575Z   ...
2026-10-07T04:02:29.6891475Z # Subtest: food route: POST / can create a my_food-backed log with snapshots
2026-10-07T04:02:29.6892744Z ok 557 - food route: POST / can create a my_food-backed log with snapshots
2026-10-07T04:02:29.6893598Z   ---
2026-10-07T04:02:29.6894135Z   duration_ms: 92.113024
2026-10-07T04:02:29.6894732Z   ...
2026-10-07T04:02:29.6895683Z # Subtest: food route: POST /copy requires a valid operation ID and local-date payload
2026-10-07T04:02:29.6897049Z ok 558 - food route: POST /copy requires a valid operation ID and local-date payload
2026-10-07T04:02:29.6898262Z   ---
2026-10-07T04:02:29.6898975Z   duration_ms: 109.450945
2026-10-07T04:02:29.6899820Z   ...
2026-10-07T04:02:29.6900882Z # Subtest: food route: POST /copy executes the owned copy in one idempotent transaction
2026-10-07T04:02:29.6902340Z ok 559 - food route: POST /copy executes the owned copy in one idempotent transaction
2026-10-07T04:02:29.6903320Z   ---
2026-10-07T04:02:29.6903903Z   duration_ms: 91.770714
2026-10-07T04:02:29.6904523Z   ...
2026-10-07T04:02:29.6905445Z # Subtest: food route: PATCH /:id validates and computes updateData
2026-10-07T04:02:29.6906648Z ok 560 - food route: PATCH /:id validates and computes updateData
2026-10-07T04:02:29.6907506Z   ---
2026-10-07T04:02:29.6908064Z   duration_ms: 44.253072
2026-10-07T04:02:29.6908710Z   ...
2026-10-07T04:02:29.6909833Z # Subtest: food route: DELETE /:id validates ids and returns 204 on delete
2026-10-07T04:02:29.6911131Z ok 561 - food route: DELETE /:id validates ids and returns 204 on delete
2026-10-07T04:02:29.6911995Z   ---
2026-10-07T04:02:29.6912612Z   duration_ms: 26.143788
2026-10-07T04:02:29.6913217Z   ...
2026-10-07T04:02:29.6914310Z # Subtest: food route: DELETE /:id treats an already-absent owned log as idempotent success
2026-10-07T04:02:29.6915846Z ok 562 - food route: DELETE /:id treats an already-absent owned log as idempotent success
2026-10-07T04:02:29.6916819Z   ---
2026-10-07T04:02:29.6917425Z   duration_ms: 28.073475
2026-10-07T04:02:29.6918029Z   ...
2026-10-07T04:02:29.7887160Z # Subtest: goals route: rejects unauthenticated requests via router.use middleware
2026-10-07T04:02:29.7940687Z ok 563 - goals route: rejects unauthenticated requests via router.use middleware
2026-10-07T04:02:29.7980114Z   ---
2026-10-07T04:02:29.7980751Z   duration_ms: 7001.228221
2026-10-07T04:02:29.7985056Z   ...
2026-10-07T04:02:29.7985995Z # Subtest: goals route: GET / returns null when the user has no goal
2026-10-07T04:02:29.8025012Z ok 564 - goals route: GET / returns null when the user has no goal
2026-10-07T04:02:29.8040289Z   ---
2026-10-07T04:02:29.8050078Z   duration_ms: 82.54384
2026-10-07T04:02:29.8080027Z   ...
2026-10-07T04:02:29.8100469Z # Subtest: goals route: GET / maps stored gram weights into the user unit
2026-10-07T04:02:29.8130396Z ok 565 - goals route: GET / maps stored gram weights into the user unit
2026-10-07T04:02:29.8140047Z   ---
2026-10-07T04:02:29.8170111Z   duration_ms: 48.752821
2026-10-07T04:02:29.8171508Z   ...
2026-10-07T04:02:29.8172645Z # Subtest: goals route: GET / preserves an unsafe historical daily deficit and marks it for review
2026-10-07T04:02:29.8174176Z ok 566 - goals route: GET / preserves an unsafe historical daily deficit and marks it for review
2026-10-07T04:02:29.8175194Z   ---
2026-10-07T04:02:29.8175722Z   duration_ms: 70.892756
2026-10-07T04:02:29.8176311Z   ...
2026-10-07T04:02:29.8177382Z # Subtest: goals route: POST / validates daily_deficit and weight inputs before writing
2026-10-07T04:02:29.8178818Z ok 567 - goals route: POST / validates daily_deficit and weight inputs before writing
2026-10-07T04:02:29.8180060Z   ---
2026-10-07T04:02:29.8180564Z   duration_ms: 57.10893
2026-10-07T04:02:29.8181136Z   ...
2026-10-07T04:02:29.8182051Z # Subtest: goals route: POST / rejects incoherent start/target weights for loss goals
2026-10-07T04:02:29.8183344Z ok 568 - goals route: POST / rejects incoherent start/target weights for loss goals
2026-10-07T04:02:29.8184200Z   ---
2026-10-07T04:02:29.8184683Z   duration_ms: 59.837674
2026-10-07T04:02:29.8185218Z   ...
2026-10-07T04:02:29.8186082Z # Subtest: goals route: POST / creates a goal and returns weights in user units
2026-10-07T04:02:29.8230443Z ok 569 - goals route: POST / creates a goal and returns weights in user units
2026-10-07T04:02:29.8289994Z   ---
2026-10-07T04:02:29.8320240Z   duration_ms: 48.261944
2026-10-07T04:02:29.8334020Z   ...
2026-10-07T04:02:30.0077937Z # Subtest: self-hosted deployments do not expose Calibrate hosted legal-consent routes
2026-10-07T04:02:30.0080024Z ok 570 - self-hosted deployments do not expose Calibrate hosted legal-consent routes
2026-10-07T04:02:30.0081937Z   ---
2026-10-07T04:02:30.0082558Z   duration_ms: 4421.687311
2026-10-07T04:02:30.0083318Z   ...
2026-10-07T04:02:30.0084238Z # Subtest: legal acceptance rejects outdated versions with a stable code
2026-10-07T04:02:30.0085498Z ok 571 - legal acceptance rejects outdated versions with a stable code
2026-10-07T04:02:30.0086374Z   ---
2026-10-07T04:02:30.0086905Z   duration_ms: 8.166622
2026-10-07T04:02:30.0087501Z   ...
2026-10-07T04:02:30.0088490Z # Subtest: legal status and current acceptance return the same account-access contract
2026-10-07T04:02:30.0090126Z ok 572 - legal status and current acceptance return the same account-access contract
2026-10-07T04:02:30.0091097Z   ---
2026-10-07T04:02:30.0091672Z   duration_ms: 8.209452
2026-10-07T04:02:30.0092257Z   ...
2026-10-07T04:02:30.0093120Z # Subtest: legal acceptance requires explicit affirmative consent
2026-10-07T04:02:30.0094251Z ok 573 - legal acceptance requires explicit affirmative consent
2026-10-07T04:02:30.0095078Z   ---
2026-10-07T04:02:30.0095619Z   duration_ms: 5.823663
2026-10-07T04:02:30.0096219Z   ...
2026-10-07T04:02:37.0086515Z # Subtest: metrics route: rejects unauthenticated requests via router.use middleware
2026-10-07T04:02:37.0140765Z ok 574 - metrics route: rejects unauthenticated requests via router.use middleware
2026-10-07T04:02:37.0206356Z   ---
2026-10-07T04:02:37.0288711Z   duration_ms: 4432.732163
2026-10-07T04:02:37.0302712Z   ...
2026-10-07T04:02:37.0303673Z # Subtest: metrics route: GET / validates start/end query params when provided
2026-10-07T04:02:37.0304913Z ok 575 - metrics route: GET / validates start/end query params when provided
2026-10-07T04:02:37.0305750Z   ---
2026-10-07T04:02:37.0306246Z   duration_ms: 123.69516
2026-10-07T04:02:37.0306790Z   ...
2026-10-07T04:02:37.0307591Z # Subtest: metrics route: GET / validates include_trend query values
2026-10-07T04:02:37.0308644Z ok 576 - metrics route: GET / validates include_trend query values
2026-10-07T04:02:37.0309407Z   ---
2026-10-07T04:02:37.0310249Z   duration_ms: 82.236693
2026-10-07T04:02:37.0310871Z   ...
2026-10-07T04:02:37.0311605Z # Subtest: metrics route: GET / validates range query values
2026-10-07T04:02:37.0312566Z ok 577 - metrics route: GET / validates range query values
2026-10-07T04:02:37.0313279Z   ---
2026-10-07T04:02:37.0313782Z   duration_ms: 127.064165
2026-10-07T04:02:37.0314295Z   ...
2026-10-07T04:02:37.0315175Z # Subtest: metrics route: GET / uses inclusive comparison endpoints for relative ranges
2026-10-07T04:02:37.0316467Z ok 578 - metrics route: GET / uses inclusive comparison endpoints for relative ranges
2026-10-07T04:02:37.0317302Z   ---
2026-10-07T04:02:37.0317768Z   duration_ms: 278.821585
2026-10-07T04:02:37.0318300Z   ...
2026-10-07T04:02:37.0319279Z # Subtest: metrics route: GET / anchors a relative trend range to an explicit historical end date
2026-10-07T04:02:37.0320926Z ok 579 - metrics route: GET / anchors a relative trend range to an explicit historical end date
2026-10-07T04:02:37.0321950Z   ---
2026-10-07T04:02:37.0322518Z   duration_ms: 93.584855
2026-10-07T04:02:37.0323109Z   ...
2026-10-07T04:02:37.0324194Z # Subtest: metrics route: GET / returns metrics with weight converted to the user unit
2026-10-07T04:02:37.0325615Z ok 580 - metrics route: GET / returns metrics with weight converted to the user unit
2026-10-07T04:02:37.0326567Z   ---
2026-10-07T04:02:37.0327152Z   duration_ms: 82.038395
2026-10-07T04:02:37.0327768Z   ...
2026-10-07T04:02:37.0328826Z # Subtest: metrics route: GET / returns trend-augmented payload when include_trend=true
2026-10-07T04:02:37.0331970Z ok 581 - metrics route: GET / returns trend-augmented payload when include_trend=true
2026-10-07T04:02:37.0332919Z   ---
2026-10-07T04:02:37.0333432Z   duration_ms: 66.062818
2026-10-07T04:02:37.0333976Z   ...
2026-10-07T04:02:37.0334891Z # Subtest: metrics route: GET / adds scoped v2 evidence and freshness metadata
2026-10-07T04:02:37.0336123Z ok 582 - metrics route: GET / adds scoped v2 evidence and freshness metadata
2026-10-07T04:02:37.0337591Z   ---
2026-10-07T04:02:37.0338136Z   duration_ms: 89.918443
2026-10-07T04:02:37.0338734Z   ...
2026-10-07T04:02:37.0340033Z # Subtest: metrics route: GET / derives point bands and summary from one raw source revision
2026-10-07T04:02:37.0341580Z ok 583 - metrics route: GET / derives point bands and summary from one raw source revision
2026-10-07T04:02:37.0342574Z   ---
2026-10-07T04:02:37.0343104Z   duration_ms: 90.975221
2026-10-07T04:02:37.0343722Z   ...
2026-10-07T04:02:37.0344938Z # Subtest: metrics route: GET / preserves raw measurements and marks trend unavailable after refresh failure
2026-10-07T04:02:37.0346743Z ok 584 - metrics route: GET / preserves raw measurements and marks trend unavailable after refresh failure
2026-10-07T04:02:37.0349158Z   ---
2026-10-07T04:02:37.0351646Z   duration_ms: 91.579574
2026-10-07T04:02:37.0353388Z   ...
2026-10-07T04:02:37.0354698Z # Subtest: metrics route: GET / degrades after a same-day source edit when read-time refitting still fails
2026-10-07T04:02:37.0356619Z ok 585 - metrics route: GET / degrades after a same-day source edit when read-time refitting still fails
2026-10-07T04:02:37.0357813Z   ---
2026-10-07T04:02:37.0358422Z   duration_ms: 71.141903
2026-10-07T04:02:37.0359090Z   ...
2026-10-07T04:02:37.0360473Z # Subtest: metrics route: GET / catches a fitting race and still returns raw measurements
2026-10-07T04:02:37.0362110Z ok 586 - metrics route: GET / catches a fitting race and still returns raw measurements
2026-10-07T04:02:37.0363221Z   ---
2026-10-07T04:02:37.0363839Z   duration_ms: 72.231564
2026-10-07T04:02:37.0365352Z   ...
2026-10-07T04:02:37.0366707Z # Subtest: metrics route: GET / keeps legacy fallback when last-known-good trends do not cover newest raw data
2026-10-07T04:02:37.0368838Z ok 587 - metrics route: GET / keeps legacy fallback when last-known-good trends do not cover newest raw data
2026-10-07T04:02:37.0370451Z   ---
2026-10-07T04:02:37.0371099Z   duration_ms: 97.83024
2026-10-07T04:02:37.0371771Z   ...
2026-10-07T04:02:37.0372841Z # Subtest: metrics route: GET / excludes future rows and suppresses outdated pace
2026-10-07T04:02:37.0374220Z ok 588 - metrics route: GET / excludes future rows and suppresses outdated pace
2026-10-07T04:02:37.0374991Z   ---
2026-10-07T04:02:37.0375479Z   duration_ms: 106.117311
2026-10-07T04:02:37.0375988Z   ...
2026-10-07T04:02:37.0376961Z # Subtest: metrics route: GET / applies current, stale, and outdated freshness boundaries
2026-10-07T04:02:37.0378249Z ok 589 - metrics route: GET / applies current, stale, and outdated freshness boundaries
2026-10-07T04:02:37.0379054Z   ---
2026-10-07T04:02:37.0379763Z   duration_ms: 257.087093
2026-10-07T04:02:37.0380312Z   ...
2026-10-07T04:02:37.0381304Z # Subtest: metrics route: GET / keeps stale as-of metadata when a narrow range has no returned weigh-ins
2026-10-07T04:02:37.0382774Z ok 590 - metrics route: GET / keeps stale as-of metadata when a narrow range has no returned weigh-ins
2026-10-07T04:02:37.0383569Z   ---
2026-10-07T04:02:37.0384113Z   duration_ms: 51.304894
2026-10-07T04:02:37.0384712Z   ...
2026-10-07T04:02:37.0385759Z # Subtest: metrics route: GET / recomputes a bounded historical trend as of the requested end date
2026-10-07T04:02:37.0387226Z ok 591 - metrics route: GET / recomputes a bounded historical trend as of the requested end date
2026-10-07T04:02:37.0388220Z   ---
2026-10-07T04:02:37.0388737Z   duration_ms: 69.444702
2026-10-07T04:02:37.0389279Z   ...
2026-10-07T04:02:37.0390408Z # Subtest: metrics route: GET / legacy weekly rate ignores a pre-gap reversal
2026-10-07T04:02:37.0391634Z ok 592 - metrics route: GET / legacy weekly rate ignores a pre-gap reversal
2026-10-07T04:02:37.0392459Z   ---
2026-10-07T04:02:37.0393011Z   duration_ms: 51.937859
2026-10-07T04:02:37.0393562Z   ...
2026-10-07T04:02:37.0394600Z # Subtest: metrics route: GET / trend payload stays unit-invariant across KG and LB preferences
2026-10-07T04:02:37.0396085Z ok 593 - metrics route: GET / trend payload stays unit-invariant across KG and LB preferences
2026-10-07T04:02:37.0397504Z   ---
2026-10-07T04:02:37.0398059Z   duration_ms: 52.021226
2026-10-07T04:02:37.0398650Z   ...
2026-10-07T04:02:37.0399811Z # Subtest: metrics route: GET / ignores trend rows older than the active trend horizon
2026-10-07T04:02:37.0401279Z ok 594 - metrics route: GET / ignores trend rows older than the active trend horizon
2026-10-07T04:02:37.0402213Z   ---
2026-10-07T04:02:37.0402752Z   duration_ms: 56.364612
2026-10-07T04:02:37.0403310Z   ...
2026-10-07T04:02:37.0404045Z # Subtest: metrics route: POST / rejects invalid date values
2026-10-07T04:02:37.0405058Z ok 595 - metrics route: POST / rejects invalid date values
2026-10-07T04:02:37.0405821Z   ---
2026-10-07T04:02:37.0406354Z   duration_ms: 49.826463
2026-10-07T04:02:37.0406934Z   ...
2026-10-07T04:02:37.0407835Z # Subtest: metrics route: POST / rejects future account-local weight dates
2026-10-07T04:02:37.0408980Z ok 596 - metrics route: POST / rejects future account-local weight dates
2026-10-07T04:02:37.0410116Z   ---
2026-10-07T04:02:37.0410663Z   duration_ms: 51.73509
2026-10-07T04:02:37.0411236Z   ...
2026-10-07T04:02:37.0412217Z # Subtest: metrics route: POST / rejects malformed or out-of-range body fat percentages
2026-10-07T04:02:37.0413632Z ok 597 - metrics route: POST / rejects malformed or out-of-range body fat percentages
2026-10-07T04:02:37.0414559Z   ---
2026-10-07T04:02:37.0415094Z   duration_ms: 50.558218
2026-10-07T04:02:37.0415675Z   ...
2026-10-07T04:02:37.0416421Z # Subtest: metrics route: POST / rejects empty updates
2026-10-07T04:02:37.0417375Z ok 598 - metrics route: POST / rejects empty updates
2026-10-07T04:02:37.0418099Z   ---
2026-10-07T04:02:37.0418621Z   duration_ms: 39.567299
2026-10-07T04:02:37.0419189Z   ...
2026-10-07T04:02:37.0420697Z # Subtest: metrics route: POST / requires weight when creating a new day via body_fat_percent-only update
2026-10-07T04:02:37.0422527Z ok 599 - metrics route: POST / requires weight when creating a new day via body_fat_percent-only update
2026-10-07T04:02:37.0423639Z   ---
2026-10-07T04:02:37.0424171Z   duration_ms: 112.766392
2026-10-07T04:02:37.0424766Z   ...
2026-10-07T04:02:37.0425690Z # Subtest: metrics route: POST / updates existing metrics when weight is omitted
2026-10-07T04:02:37.0427038Z ok 600 - metrics route: POST / updates existing metrics when weight is omitted
2026-10-07T04:02:37.0427900Z   ---
2026-10-07T04:02:37.0428391Z   duration_ms: 74.553076
2026-10-07T04:02:37.0428912Z   ...
2026-10-07T04:02:37.0429972Z # Subtest: metrics route: POST / upserts metrics when weight is provided
2026-10-07T04:02:37.0431248Z ok 601 - metrics route: POST / upserts metrics when weight is provided
2026-10-07T04:02:37.0432116Z   ---
2026-10-07T04:02:37.0432643Z   duration_ms: 80.633681
2026-10-07T04:02:37.0433249Z   ...
2026-10-07T04:02:37.0434397Z # Subtest: metrics route: POST / evaluates goal recognition from pre-save history inside the transaction
2026-10-07T04:02:37.0436104Z ok 602 - metrics route: POST / evaluates goal recognition from pre-save history inside the transaction
2026-10-07T04:02:37.0437200Z   ---
2026-10-07T04:02:37.0437734Z   duration_ms: 81.950381
2026-10-07T04:02:37.0438302Z   ...
2026-10-07T04:02:37.0439279Z # Subtest: metrics route: DELETE /:id validates ids and handles not-found deletes
2026-10-07T04:02:37.0440825Z ok 603 - metrics route: DELETE /:id validates ids and handles not-found deletes
2026-10-07T04:02:37.0441733Z   ---
2026-10-07T04:02:37.0442262Z   duration_ms: 87.53467
2026-10-07T04:02:37.0442882Z   ...
2026-10-07T04:02:37.0443687Z # Subtest: metrics route: DELETE /:id returns 204 when a row is deleted
2026-10-07T04:02:37.0444794Z ok 604 - metrics route: DELETE /:id returns 204 when a row is deleted
2026-10-07T04:02:37.0445541Z   ---
2026-10-07T04:02:37.0446062Z   duration_ms: 77.143037
2026-10-07T04:02:37.0446586Z   ...
2026-10-07T04:02:37.0447763Z # Subtest: metrics route: POST / saves a bounded weight but suppresses an unsafe goal progress receipt and marks review
2026-10-07T04:02:37.0449946Z ok 605 - metrics route: POST / saves a bounded weight but suppresses an unsafe goal progress receipt and marks review
2026-10-07T04:02:37.0451215Z   ---
2026-10-07T04:02:37.0451679Z   duration_ms: 52.815459
2026-10-07T04:02:37.0452179Z   ...
2026-10-07T04:02:37.0453192Z # Subtest: metrics route: DELETE /:id marks the current plan when deleting the latest weight makes it unsafe
2026-10-07T04:02:37.0454660Z ok 606 - metrics route: DELETE /:id marks the current plan when deleting the latest weight makes it unsafe
2026-10-07T04:02:37.0455541Z   ---
2026-10-07T04:02:37.0455975Z   duration_ms: 58.721367
2026-10-07T04:02:37.0456469Z   ...
2026-10-07T04:02:37.1141228Z # my_foods.create_recipe failed (request_id=unavailable, error_type=Error).
2026-10-07T04:02:37.1142835Z # my_foods.create_recipe failed (request_id=unavailable, error_type=Error).
2026-10-07T04:02:37.1170686Z # my_foods.create_recipe_from_food_logs failed (request_id=unavailable, error_type=Error).
2026-10-07T04:02:37.1187137Z # my_foods.create_recipe_from_food_logs failed (request_id=unavailable, error_type=Error).
2026-10-07T04:02:37.1188735Z # my_foods.create_recipe_from_food_logs failed (request_id=unavailable, error_type=Error).
2026-10-07T04:02:37.1190563Z # Subtest: myFoods route: rejects unauthenticated requests via router.use middleware
2026-10-07T04:02:37.1192854Z ok 607 - myFoods route: rejects unauthenticated requests via router.use middleware
2026-10-07T04:02:37.1193854Z   ---
2026-10-07T04:02:37.1194415Z   duration_ms: 5225.783811
2026-10-07T04:02:37.1194982Z   ...
2026-10-07T04:02:37.1195724Z # Subtest: myFoods route: GET / builds filters from q + type
2026-10-07T04:02:37.1196750Z ok 608 - myFoods route: GET / builds filters from q + type
2026-10-07T04:02:37.1197490Z   ---
2026-10-07T04:02:37.1197998Z   duration_ms: 48.012814
2026-10-07T04:02:37.1198566Z   ...
2026-10-07T04:02:37.1199905Z # Subtest: myFoods route: GET /library returns a paged envelope without changing the legacy array route
2026-10-07T04:02:37.1201602Z ok 609 - myFoods route: GET /library returns a paged envelope without changing the legacy array route
2026-10-07T04:02:37.1202674Z   ---
2026-10-07T04:02:37.1203214Z   duration_ms: 49.483061
2026-10-07T04:02:37.1203809Z   ...
2026-10-07T04:02:37.1204760Z # Subtest: myFoods route: GET /library rejects invalid filters, limits, and cursors
2026-10-07T04:02:37.1206026Z ok 610 - myFoods route: GET /library rejects invalid filters, limits, and cursors
2026-10-07T04:02:37.1206882Z   ---
2026-10-07T04:02:37.1207375Z   duration_ms: 33.592463
2026-10-07T04:02:37.1207927Z   ...
2026-10-07T04:02:37.1208969Z # Subtest: myFoods route: GET /library cursors are opaque, filter-bound, and advance without overlap
2026-10-07T04:02:37.1210755Z ok 611 - myFoods route: GET /library cursors are opaque, filter-bound, and advance without overlap
2026-10-07T04:02:37.1211739Z   ---
2026-10-07T04:02:37.1212243Z   duration_ms: 37.04614
2026-10-07T04:02:37.1212794Z   ...
2026-10-07T04:02:37.1213630Z # Subtest: myFoods route: PATCH /:id/pin validates id and boolean state
2026-10-07T04:02:37.1214774Z ok 612 - myFoods route: PATCH /:id/pin validates id and boolean state
2026-10-07T04:02:37.1215559Z   ---
2026-10-07T04:02:37.1216060Z   duration_ms: 37.290023
2026-10-07T04:02:37.1216598Z   ...
2026-10-07T04:02:37.1217463Z # Subtest: myFoods route: PATCH /:id/pin scopes writes to the authenticated user
2026-10-07T04:02:37.1218723Z ok 613 - myFoods route: PATCH /:id/pin scopes writes to the authenticated user
2026-10-07T04:02:37.1219809Z   ---
2026-10-07T04:02:37.1220351Z   duration_ms: 43.636274
2026-10-07T04:02:37.1220902Z   ...
2026-10-07T04:02:37.1221872Z # Subtest: myFoods route: PATCH /:id/pin returns the same 404 for missing or other-user items
2026-10-07T04:02:37.1223216Z ok 614 - myFoods route: PATCH /:id/pin returns the same 404 for missing or other-user items
2026-10-07T04:02:37.1224060Z   ---
2026-10-07T04:02:37.1224545Z   duration_ms: 32.068244
2026-10-07T04:02:37.1225091Z   ...
2026-10-07T04:02:37.1225915Z # Subtest: myFoods route: GET /:id validates ids and returns 404 when missing
2026-10-07T04:02:37.1227718Z ok 615 - myFoods route: GET /:id validates ids and returns 404 when missing
2026-10-07T04:02:37.1228552Z   ---
2026-10-07T04:02:37.1229049Z   duration_ms: 27.457917
2026-10-07T04:02:37.1229828Z   ...
2026-10-07T04:02:37.1230582Z # Subtest: myFoods route: POST /foods validates inputs
2026-10-07T04:02:37.1231557Z ok 616 - myFoods route: POST /foods validates inputs
2026-10-07T04:02:37.1232291Z   ---
2026-10-07T04:02:37.1232821Z   duration_ms: 30.812574
2026-10-07T04:02:37.1233367Z   ...
2026-10-07T04:02:37.1234164Z # Subtest: myFoods route: POST /recipes validates ingredients array
2026-10-07T04:02:37.1235294Z ok 617 - myFoods route: POST /recipes validates ingredients array
2026-10-07T04:02:37.1236078Z   ---
2026-10-07T04:02:37.1236583Z   duration_ms: 20.60076
2026-10-07T04:02:37.1237096Z   ...
2026-10-07T04:02:37.1238035Z # Subtest: myFoods route: POST /recipes maps validation errors thrown in the transaction
2026-10-07T04:02:37.1239399Z ok 618 - myFoods route: POST /recipes maps validation errors thrown in the transaction
2026-10-07T04:02:37.1240543Z   ---
2026-10-07T04:02:37.1241044Z   duration_ms: 33.936317
2026-10-07T04:02:37.1241581Z   ...
2026-10-07T04:02:37.1242504Z # Subtest: myFoods route: POST /recipes returns 404 when a MY_FOOD ingredient is missing
2026-10-07T04:02:37.1243829Z ok 619 - myFoods route: POST /recipes returns 404 when a MY_FOOD ingredient is missing
2026-10-07T04:02:37.1244699Z   ---
2026-10-07T04:02:37.1245198Z   duration_ms: 36.580618
2026-10-07T04:02:37.1245725Z   ...
2026-10-07T04:02:37.1246604Z # Subtest: myFoods route: POST /recipes batches owned MY_FOOD ingredient lookup
2026-10-07T04:02:37.1247895Z ok 620 - myFoods route: POST /recipes batches owned MY_FOOD ingredient lookup
2026-10-07T04:02:37.1248740Z   ---
2026-10-07T04:02:37.1249209Z   duration_ms: 35.464912
2026-10-07T04:02:37.1249965Z   ...
2026-10-07T04:02:37.1250885Z # Subtest: myFoods route: POST /recipes creates a recipe and ingredient snapshots
2026-10-07T04:02:37.1252160Z ok 621 - myFoods route: POST /recipes creates a recipe and ingredient snapshots
2026-10-07T04:02:37.1253098Z   ---
2026-10-07T04:02:37.1253647Z   duration_ms: 22.839045
2026-10-07T04:02:37.1254234Z   ...
2026-10-07T04:02:37.1255432Z # Subtest: myFoods route: POST /recipes/from-food-logs validates its payload before opening a transaction
2026-10-07T04:02:37.1257192Z ok 622 - myFoods route: POST /recipes/from-food-logs validates its payload before opening a transaction
2026-10-07T04:02:37.1258276Z   ---
2026-10-07T04:02:37.1258815Z   duration_ms: 22.331336
2026-10-07T04:02:37.1259381Z   ...
2026-10-07T04:02:37.1260778Z # Subtest: myFoods route: POST /recipes/from-food-logs hides missing and foreign log ownership
2026-10-07T04:02:37.1262374Z ok 623 - myFoods route: POST /recipes/from-food-logs hides missing and foreign log ownership
2026-10-07T04:02:37.1263429Z   ---
2026-10-07T04:02:37.1263998Z   duration_ms: 19.343823
2026-10-07T04:02:37.1264592Z   ...
2026-10-07T04:02:37.1265657Z # Subtest: myFoods route: POST /recipes/from-food-logs requires one local meal before writing
2026-10-07T04:02:37.1267324Z ok 624 - myFoods route: POST /recipes/from-food-logs requires one local meal before writing
2026-10-07T04:02:37.1268405Z   ---
2026-10-07T04:02:37.1268940Z   duration_ms: 41.783601
2026-10-07T04:02:37.1269795Z   ...
2026-10-07T04:02:37.1270982Z # Subtest: myFoods route: POST /recipes/from-food-logs preserves caller order and all log snapshots
2026-10-07T04:02:37.1272732Z ok 625 - myFoods route: POST /recipes/from-food-logs preserves caller order and all log snapshots
2026-10-07T04:02:37.1273916Z   ---
2026-10-07T04:02:37.1274496Z   duration_ms: 27.771263
2026-10-07T04:02:37.1275098Z   ...
2026-10-07T04:02:37.1276231Z # Subtest: myFoods route: PATCH /:id updates an owned food without touching historical logs
2026-10-07T04:02:37.1277851Z ok 626 - myFoods route: PATCH /:id updates an owned food without touching historical logs
2026-10-07T04:02:37.1278919Z   ---
2026-10-07T04:02:37.1279478Z   duration_ms: 29.601554
2026-10-07T04:02:37.1280649Z   ...
2026-10-07T04:02:37.1281890Z # Subtest: myFoods route: PATCH /:id atomically replaces only an owned recipe definition
2026-10-07T04:02:37.1283398Z ok 627 - myFoods route: PATCH /:id atomically replaces only an owned recipe definition
2026-10-07T04:02:37.1284369Z   ---
2026-10-07T04:02:37.1284906Z   duration_ms: 31.423389
2026-10-07T04:02:37.1285488Z   ...
2026-10-07T04:02:37.1286540Z # Subtest: myFoods route: DELETE /:id scopes deletion to the owner and returns 404 otherwise
2026-10-07T04:02:37.1288126Z ok 628 - myFoods route: DELETE /:id scopes deletion to the owner and returns 404 otherwise
2026-10-07T04:02:37.1289137Z   ---
2026-10-07T04:02:37.1289944Z   duration_ms: 26.717303
2026-10-07T04:02:37.1290575Z   ...
2026-10-07T04:02:37.1291759Z # Subtest: notifications route: transfers a browser endpoint and updates the owning session in place
2026-10-07T04:02:37.1293504Z ok 629 - notifications route: transfers a browser endpoint and updates the owning session in place
2026-10-07T04:02:37.1294610Z   ---
2026-10-07T04:02:37.1295162Z   duration_ms: 5337.921852
2026-10-07T04:02:37.1295779Z   ...
2026-10-07T04:02:37.1296780Z # Subtest: notifications route: rejects native bearer ownership for browser push
2026-10-07T04:02:37.1298241Z ok 630 - notifications route: rejects native bearer ownership for browser push
2026-10-07T04:02:37.1299220Z   ---
2026-10-07T04:02:37.1300049Z   duration_ms: 37.403854
2026-10-07T04:02:37.1300673Z   ...
2026-10-07T04:02:37.1301887Z # Subtest: notifications route: browser unsubscribe remains idempotent and owner-scoped after transfer
2026-10-07T04:02:37.1303684Z ok 631 - notifications route: browser unsubscribe remains idempotent and owner-scoped after transfer
2026-10-07T04:02:37.1304823Z   ---
2026-10-07T04:02:37.1305380Z   duration_ms: 37.262264
2026-10-07T04:02:37.1305985Z   ...
2026-10-07T04:02:37.1307094Z # Subtest: notifications route: transfers an Expo token to the authenticated mobile session
2026-10-07T04:02:37.1308720Z ok 632 - notifications route: transfers an Expo token to the authenticated mobile session
2026-10-07T04:02:37.1310024Z   ---
2026-10-07T04:02:37.1310540Z   duration_ms: 46.120686
2026-10-07T04:02:37.1311088Z   ...
2026-10-07T04:02:37.1312090Z # Subtest: notifications route: stores an iOS Expo token for an authenticated iOS session
2026-10-07T04:02:37.1313546Z ok 633 - notifications route: stores an iOS Expo token for an authenticated iOS session
2026-10-07T04:02:37.1314577Z   ---
2026-10-07T04:02:37.1315155Z   duration_ms: 26.240113
2026-10-07T04:02:37.1315763Z   ...
2026-10-07T04:02:37.1316871Z # Subtest: notifications route: rejects a push platform that does not match the native session
2026-10-07T04:02:37.1318543Z ok 634 - notifications route: rejects a push platform that does not match the native session
2026-10-07T04:02:37.1320019Z   ---
2026-10-07T04:02:37.1320603Z   duration_ms: 18.804876
2026-10-07T04:02:37.1321189Z   ...
2026-10-07T04:02:37.1322304Z # Subtest: notifications route: rejects registration when native push is not explicitly enabled
2026-10-07T04:02:37.1323955Z ok 635 - notifications route: rejects registration when native push is not explicitly enabled
2026-10-07T04:02:37.1325024Z   ---
2026-10-07T04:02:37.1325563Z   duration_ms: 20.894822
2026-10-07T04:02:37.1326158Z   ...
2026-10-07T04:02:37.1327143Z # Subtest: notifications route: rejects native subscription without token
2026-10-07T04:02:37.1328447Z ok 636 - notifications route: rejects native subscription without token
2026-10-07T04:02:37.1329331Z   ---
2026-10-07T04:02:37.1330144Z   duration_ms: 26.30878
2026-10-07T04:02:37.1330736Z   ...
2026-10-07T04:02:37.1331704Z # Subtest: notifications route: requires bearer-backed mobile session ownership
2026-10-07T04:02:37.1333078Z ok 637 - notifications route: requires bearer-backed mobile session ownership
2026-10-07T04:02:37.1333976Z   ---
2026-10-07T04:02:37.1334502Z   duration_ms: 25.740726
2026-10-07T04:02:37.1335118Z   ...
2026-10-07T04:02:37.1335992Z # Subtest: notifications route: rejects unsupported FCM registrations
2026-10-07T04:02:37.1337685Z ok 638 - notifications route: rejects unsupported FCM registrations
2026-10-07T04:02:37.1338561Z   ---
2026-10-07T04:02:37.1339098Z   duration_ms: 41.427215
2026-10-07T04:02:37.1339924Z   ...
2026-10-07T04:02:37.1340801Z # Subtest: notifications route: validates Expo provider token shape
2026-10-07T04:02:37.1341969Z ok 639 - notifications route: validates Expo provider token shape
2026-10-07T04:02:37.1342793Z   ---
2026-10-07T04:02:37.1343313Z   duration_ms: 14.420261
2026-10-07T04:02:37.1343885Z   ...
2026-10-07T04:02:37.1345027Z # Subtest: notifications route: revokes native push only for the authenticated user and mobile session
2026-10-07T04:02:37.1346737Z ok 640 - notifications route: revokes native push only for the authenticated user and mobile session
2026-10-07T04:02:37.1347766Z   ---
2026-10-07T04:02:37.1348290Z   duration_ms: 9.507248
2026-10-07T04:02:37.1348855Z   ...
2026-10-07T04:02:40.4334318Z # Subtest: scan endpoint authenticates, validates uploads, and aborts work on disconnect
2026-10-07T04:02:40.4360866Z ok 641 - scan endpoint authenticates, validates uploads, and aborts work on disconnect
2026-10-07T04:02:40.4390187Z   ---
2026-10-07T04:02:40.4432364Z   duration_ms: 4119.379911
2026-10-07T04:02:40.4440120Z   ...
2026-10-07T04:02:40.5859976Z # Subtest: sync route returns ordered changes with string cursors
2026-10-07T04:02:40.5900689Z ok 642 - sync route returns ordered changes with string cursors
2026-10-07T04:02:40.5980359Z   ---
2026-10-07T04:02:40.6006186Z   duration_ms: 3903.179206
2026-10-07T04:02:40.6022841Z   ...
2026-10-07T04:02:40.6023831Z # Subtest: sync route paginates without advancing past the returned page
2026-10-07T04:02:40.6025137Z ok 643 - sync route paginates without advancing past the returned page
2026-10-07T04:02:40.6026212Z   ---
2026-10-07T04:02:40.6026718Z   duration_ms: 17.487834
2026-10-07T04:02:40.6027501Z   ...
2026-10-07T04:02:40.6028151Z # Subtest: sync route rejects malformed cursors
2026-10-07T04:02:40.6029189Z ok 644 - sync route rejects malformed cursors
2026-10-07T04:02:40.6030180Z   ---
2026-10-07T04:02:40.6030688Z   duration_ms: 23.122648
2026-10-07T04:02:40.6031447Z   ...
2026-10-07T04:02:48.7468627Z # Subtest: user route: rejects unauthenticated requests via router.use middleware
2026-10-07T04:02:48.7531014Z ok 645 - user route: rejects unauthenticated requests via router.use middleware
2026-10-07T04:02:48.7620073Z   ---
2026-10-07T04:02:48.7680179Z   duration_ms: 9923.679264
2026-10-07T04:02:48.7732709Z   ...
2026-10-07T04:02:48.7802974Z # Subtest: user route: GET /me returns 404 when the user row is missing
2026-10-07T04:02:48.7897764Z ok 646 - user route: GET /me returns 404 when the user row is missing
2026-10-07T04:02:48.7898700Z   ---
2026-10-07T04:02:48.7970127Z   duration_ms: 169.998386
2026-10-07T04:02:48.8021434Z   ...
2026-10-07T04:02:48.8040641Z # Subtest: user route: GET /me returns serialized user data
2026-10-07T04:02:48.8041863Z ok 647 - user route: GET /me returns serialized user data
2026-10-07T04:02:48.8042690Z   ---
2026-10-07T04:02:48.8043344Z   duration_ms: 97.201584
2026-10-07T04:02:48.8043966Z   ...
2026-10-07T04:02:48.8044835Z # Subtest: user route: PUT /profile-image validates data_url input
2026-10-07T04:02:48.8046003Z ok 648 - user route: PUT /profile-image validates data_url input
2026-10-07T04:02:48.8070199Z   ---
2026-10-07T04:02:48.8099760Z   duration_ms: 84.066911
2026-10-07T04:02:48.8100410Z   ...
2026-10-07T04:02:48.8101394Z # Subtest: user route: PUT /profile-image rejects invalid profile image payloads
2026-10-07T04:02:48.8103516Z ok 649 - user route: PUT /profile-image rejects invalid profile image payloads
2026-10-07T04:02:48.8104802Z   ---
2026-10-07T04:02:48.8105742Z   duration_ms: 66.80096
2026-10-07T04:02:48.8106402Z   ...
2026-10-07T04:02:48.8107694Z # Subtest: user route: PUT /profile-image stores bytes and returns a data URL
2026-10-07T04:02:48.8109602Z ok 650 - user route: PUT /profile-image stores bytes and returns a data URL
2026-10-07T04:02:48.8110884Z   ---
2026-10-07T04:02:48.8111694Z   duration_ms: 64.047227
2026-10-07T04:02:48.8114219Z   ...
2026-10-07T04:02:48.8115727Z # Subtest: user route: PATCH /password validates request shape and rejects identical passwords
2026-10-07T04:02:48.8117371Z ok 651 - user route: PATCH /password validates request shape and rejects identical passwords
2026-10-07T04:02:48.8118423Z   ---
2026-10-07T04:02:48.8118995Z   duration_ms: 66.115963
2026-10-07T04:02:48.8119832Z   ...
2026-10-07T04:02:48.8120965Z # Subtest: user route: PATCH /password updates password when current password matches
2026-10-07T04:02:48.8122460Z ok 652 - user route: PATCH /password updates password when current password matches
2026-10-07T04:02:48.8123439Z   ---
2026-10-07T04:02:48.8124035Z   duration_ms: 68.816548
2026-10-07T04:02:48.8124654Z   ...
2026-10-07T04:02:48.8125561Z # Subtest: user route: GET /account/export returns a no-store attachment
2026-10-07T04:02:48.8126788Z ok 653 - user route: GET /account/export returns a no-store attachment
2026-10-07T04:02:48.8127659Z   ---
2026-10-07T04:02:48.8128229Z   duration_ms: 61.477414
2026-10-07T04:02:48.8128880Z   ...
2026-10-07T04:02:48.8130013Z # Subtest: user route: DELETE /account requires and verifies the current password
2026-10-07T04:02:48.8131358Z ok 654 - user route: DELETE /account requires and verifies the current password
2026-10-07T04:02:48.8132310Z   ---
2026-10-07T04:02:48.8132878Z   duration_ms: 43.272323
2026-10-07T04:02:48.8133478Z   ...
2026-10-07T04:02:48.8134653Z # Subtest: user route: DELETE /account deletes data, destroys the request session, and clears the cookie
2026-10-07T04:02:48.8139976Z ok 655 - user route: DELETE /account deletes data, destroys the request session, and clears the cookie
2026-10-07T04:02:48.8141152Z   ---
2026-10-07T04:02:48.8141735Z   duration_ms: 66.561455
2026-10-07T04:02:48.8142389Z   ...
2026-10-07T04:02:48.8143618Z # Subtest: user route: DELETE /account returns an actionable conflict and preserves the last admin session
2026-10-07T04:02:48.8145391Z ok 656 - user route: DELETE /account returns an actionable conflict and preserves the last admin session
2026-10-07T04:02:48.8146511Z   ---
2026-10-07T04:02:48.8147070Z   duration_ms: 63.097522
2026-10-07T04:02:48.8147713Z   ...
2026-10-07T04:02:48.8148693Z # Subtest: user route: PATCH /preferences validates reminder preference booleans
2026-10-07T04:02:48.8150280Z ok 657 - user route: PATCH /preferences validates reminder preference booleans
2026-10-07T04:02:48.8151286Z   ---
2026-10-07T04:02:48.8151873Z   duration_ms: 87.961488
2026-10-07T04:02:48.8152489Z   ...
2026-10-07T04:02:48.8153478Z # Subtest: user route: PATCH /preferences updates reminder preference fields
2026-10-07T04:02:48.8154810Z ok 658 - user route: PATCH /preferences updates reminder preference fields
2026-10-07T04:02:48.8155727Z   ---
2026-10-07T04:02:48.8156312Z   duration_ms: 114.514858
2026-10-07T04:02:48.8156933Z   ...
2026-10-07T04:02:48.8157858Z # Subtest: user route: PATCH /preferences validates haptics_enabled boolean
2026-10-07T04:02:48.8159157Z ok 659 - user route: PATCH /preferences validates haptics_enabled boolean
2026-10-07T04:02:48.8160248Z   ---
2026-10-07T04:02:48.8160756Z   duration_ms: 57.966641
2026-10-07T04:02:48.8161373Z   ...
2026-10-07T04:02:48.8162320Z # Subtest: user route: PATCH /preferences updates haptics_enabled field
2026-10-07T04:02:48.8163746Z ok 660 - user route: PATCH /preferences updates haptics_enabled field
2026-10-07T04:02:48.8164674Z   ---
2026-10-07T04:02:48.8165246Z   duration_ms: 58.099714
2026-10-07T04:02:48.8165877Z   ...
2026-10-07T04:02:48.8166881Z # Subtest: user route: GET /profile reads the latest goal with deterministic ordering
2026-10-07T04:02:48.8168305Z ok 661 - user route: GET /profile reads the latest goal with deterministic ordering
2026-10-07T04:02:48.8169294Z   ---
2026-10-07T04:02:48.8170086Z   duration_ms: 76.61798
2026-10-07T04:02:48.8170690Z   ...
2026-10-07T04:02:48.8172139Z # Subtest: user route: PATCH /profile fails invalid legacy timezones closed and marks the current goal in the same transaction
2026-10-07T04:02:48.8174963Z ok 662 - user route: PATCH /profile fails invalid legacy timezones closed and marks the current goal in the same transaction
2026-10-07T04:02:48.8178211Z   ---
2026-10-07T04:02:48.8179089Z   duration_ms: 50.736511
2026-10-07T04:02:48.8179781Z   ...
2026-10-07T04:02:48.8181044Z # Subtest: user route: a profile serialization conflict returns a retryable conflict
2026-10-07T04:02:48.8182510Z ok 663 - user route: a profile serialization conflict returns a retryable conflict
2026-10-07T04:02:48.8183471Z   ---
2026-10-07T04:02:48.8184092Z   duration_ms: 92.519749
2026-10-07T04:02:48.8184703Z   ...
2026-10-07T04:02:48.8764195Z # Subtest: watch routes reject non-Wear principals
2026-10-07T04:02:48.8770454Z ok 664 - watch routes reject non-Wear principals
2026-10-07T04:02:48.8782386Z   ---
2026-10-07T04:02:48.8783041Z   duration_ms: 3157.50212
2026-10-07T04:02:48.8783713Z   ...
2026-10-07T04:02:48.8784717Z # Subtest: watch snapshot returns a private ETag and supports conditional 304
2026-10-07T04:02:48.8786165Z ok 665 - watch snapshot returns a private ETag and supports conditional 304
2026-10-07T04:02:48.8787141Z   ---
2026-10-07T04:02:48.8787756Z   duration_ms: 43.997095
2026-10-07T04:02:48.8788418Z   ...
2026-10-07T04:02:48.8789465Z # Subtest: watch mutations require an operation id and trusted session provenance
2026-10-07T04:02:48.8850608Z ok 666 - watch mutations require an operation id and trusted session provenance
2026-10-07T04:02:48.8890210Z   ---
2026-10-07T04:02:48.8890835Z   duration_ms: 94.68167
2026-10-07T04:02:48.8920145Z   ...
2026-10-07T04:02:48.8923573Z # Subtest: browser mutation origin guard rejects cross-origin and same-site sibling requests
2026-10-07T04:02:48.8925167Z ok 667 - browser mutation origin guard rejects cross-origin and same-site sibling requests
2026-10-07T04:02:48.8926259Z   ---
2026-10-07T04:02:48.8926929Z   duration_ms: 124.536264
2026-10-07T04:02:48.8927459Z   ...
2026-10-07T04:02:48.8928737Z # Subtest: browser mutation origin guard permits arbitrary loopback ports only when development policy is enabled
2026-10-07T04:02:48.8930958Z ok 668 - browser mutation origin guard permits arbitrary loopback ports only when development policy is enabled
2026-10-07T04:02:48.8932595Z   ---
2026-10-07T04:02:48.8933150Z   duration_ms: 30.300268
2026-10-07T04:02:48.8933907Z   ...
2026-10-07T04:02:48.8934942Z # Subtest: auth rate limiting is narrow and returns a JSON 429 response
2026-10-07T04:02:48.8936286Z ok 669 - auth rate limiting is narrow and returns a JSON 429 response
2026-10-07T04:02:48.8937292Z   ---
2026-10-07T04:02:48.8937831Z   duration_ms: 83.845208
2026-10-07T04:02:48.8938561Z   ...
2026-10-07T04:02:48.8939370Z # Subtest: Wear pairing issuance and exchange have dedicated abuse limits
2026-10-07T04:02:48.8940997Z ok 670 - Wear pairing issuance and exchange have dedicated abuse limits
2026-10-07T04:02:48.8941999Z   ---
2026-10-07T04:02:48.8942528Z   duration_ms: 166.502798
2026-10-07T04:02:48.8943265Z   ...
2026-10-07T04:02:48.8944088Z # Subtest: Wear pairing issuance has a coarse pre-authentication IP limit
2026-10-07T04:02:48.8945665Z ok 671 - Wear pairing issuance has a coarse pre-authentication IP limit
2026-10-07T04:02:48.8946741Z   ---
2026-10-07T04:02:48.8947283Z   duration_ms: 91.629456
2026-10-07T04:02:48.8948028Z   ...
2026-10-07T04:02:55.2531203Z # Subtest: PostgreSQL preserves server ownership without locking directory reads
2026-10-07T04:02:55.2570160Z     # Subtest: simultaneous first registrations grant exactly one administrator
2026-10-07T04:02:55.2600677Z     ok 1 - simultaneous first registrations grant exactly one administrator
2026-10-07T04:02:55.2634939Z       ---
2026-10-07T04:02:55.2660220Z       duration_ms: 748.42358
2026-10-07T04:02:55.2690135Z       ...
2026-10-07T04:02:55.5199944Z     # Subtest: managed hosting never grants bootstrap ownership
2026-10-07T04:02:55.5206568Z     ok 2 - managed hosting never grants bootstrap ownership
2026-10-07T04:02:55.5207327Z       ---
2026-10-07T04:02:55.5208056Z       duration_ms: 274.754825
2026-10-07T04:02:55.5208789Z       ...
2026-10-07T04:02:55.8916059Z     # Subtest: competing demotion and demote preserve a verified administrator
2026-10-07T04:02:55.8948732Z     ok 3 - competing demotion and demote preserve a verified administrator
2026-10-07T04:02:55.8978899Z       ---
2026-10-07T04:02:55.8981219Z       duration_ms: 367.445092
2026-10-07T04:02:55.8983692Z       ...
2026-10-07T04:02:56.1379114Z     # Subtest: competing demotion and delete preserve a verified administrator
2026-10-07T04:02:56.1410524Z     ok 4 - competing demotion and delete preserve a verified administrator
2026-10-07T04:02:56.1431965Z       ---
2026-10-07T04:02:56.1459205Z       duration_ms: 249.73452
2026-10-07T04:02:56.1460946Z       ...
2026-10-07T04:02:56.4437962Z     # Subtest: directory reads complete while another connection holds the ownership lock
2026-10-07T04:02:56.4472062Z     ok 5 - directory reads complete while another connection holds the ownership lock
2026-10-07T04:02:56.4500109Z       ---
2026-10-07T04:02:56.4510203Z       duration_ms: 305.989548
2026-10-07T04:02:56.4540194Z       ...
2026-10-07T04:02:56.7657569Z     # Subtest: revocation during a directory scan hides its results and does not block a registration
2026-10-07T04:02:56.7660563Z     ok 6 - revocation during a directory scan hides its results and does not block a registration
2026-10-07T04:02:56.7665779Z       ---
2026-10-07T04:02:56.7666195Z       duration_ms: 318.142008
2026-10-07T04:02:56.7668520Z       ...
2026-10-07T04:02:57.0405194Z     # Subtest: failed delivery preserves an unverified first owner and recovery requires a verified existing account
2026-10-07T04:02:57.0414450Z     ok 7 - failed delivery preserves an unverified first owner and recovery requires a verified existing account
2026-10-07T04:02:57.0415359Z       ---
2026-10-07T04:02:57.0415840Z       duration_ms: 279.52268
2026-10-07T04:02:57.0416339Z       ...
2026-10-07T04:02:58.0929082Z     # Subtest: populated base migration disables bootstrap and imports only existing legacy IDs once
2026-10-07T04:02:58.0933733Z     ok 8 - populated base migration disables bootstrap and imports only existing legacy IDs once
2026-10-07T04:02:58.0934990Z       ---
2026-10-07T04:02:58.0936298Z       duration_ms: 1018.933913
2026-10-07T04:02:58.0937025Z       ...
2026-10-07T04:02:58.7610728Z     1..8
2026-10-07T04:02:58.7660648Z ok 672 - PostgreSQL preserves server ownership without locking directory reads
2026-10-07T04:02:58.7690182Z   ---
2026-10-07T04:02:58.7710417Z   duration_ms: 13769.908195
2026-10-07T04:02:58.7713583Z   ...
2026-10-07T04:03:01.1853757Z # Subtest: operator grant rejects missing or malformed identity before loading a database connection
2026-10-07T04:03:01.1883338Z ok 673 - operator grant rejects missing or malformed identity before loading a database connection
2026-10-07T04:03:01.1885443Z   ---
2026-10-07T04:03:01.1886336Z   duration_ms: 13334.276344
2026-10-07T04:03:01.1888320Z   ...
2026-10-07T04:03:01.7947353Z # Subtest: first-user bootstrap is atomic, self-hosted only, and ignores caller-supplied roles
2026-10-07T04:03:01.7968329Z ok 674 - first-user bootstrap is atomic, self-hosted only, and ignores caller-supplied roles
2026-10-07T04:03:01.8010872Z   ---
2026-10-07T04:03:01.8011513Z   duration_ms: 9294.513881
2026-10-07T04:03:01.8012107Z   ...
2026-10-07T04:03:01.8013289Z # Subtest: managed deployment never auto-promotes, independent of NODE_ENV, and ownership does not reopen
2026-10-07T04:03:01.8015042Z ok 675 - managed deployment never auto-promotes, independent of NODE_ENV, and ownership does not reopen
2026-10-07T04:03:01.8016093Z   ---
2026-10-07T04:03:01.8016593Z   duration_ms: 846.08
2026-10-07T04:03:01.8017130Z   ...
2026-10-07T04:03:01.8018224Z # Subtest: bootstrap policy accepts self-hosted defaults and fails closed for unknown hosting flags
2026-10-07T04:03:01.8020077Z ok 676 - bootstrap policy accepts self-hosted defaults and fails closed for unknown hosting flags
2026-10-07T04:03:01.8021205Z   ---
2026-10-07T04:03:01.8021768Z   duration_ms: 116.26198
2026-10-07T04:03:01.8022373Z   ...
2026-10-07T04:03:01.8024126Z # Subtest: populated upgrades and later empty databases never grant a new signup ownership
2026-10-07T04:03:01.8025998Z ok 677 - populated upgrades and later empty databases never grant a new signup ownership
2026-10-07T04:03:01.8030475Z   ---
2026-10-07T04:03:01.8031135Z   duration_ms: 93.149071
2026-10-07T04:03:01.8031733Z   ...
2026-10-07T04:03:01.8032893Z # Subtest: legacy grants import existing strict ids exactly once and never reserve nonexistent ids
2026-10-07T04:03:01.8034529Z ok 678 - legacy grants import existing strict ids exactly once and never reserve nonexistent ids
2026-10-07T04:03:01.8035546Z   ---
2026-10-07T04:03:01.8036082Z   duration_ms: 110.006111
2026-10-07T04:03:01.8036663Z   ...
2026-10-07T04:03:01.8037977Z # Subtest: the sole admin, including an unverified bootstrap owner, cannot be removed or replaced by an unverified account
2026-10-07T04:03:01.8040120Z ok 679 - the sole admin, including an unverified bootstrap owner, cannot be removed or replaced by an unverified account
2026-10-07T04:03:01.8041396Z   ---
2026-10-07T04:03:01.8041964Z   duration_ms: 111.723024
2026-10-07T04:03:01.8042573Z   ...
2026-10-07T04:03:01.8043909Z # Subtest: concurrent admin demotions/deletions retain a verified administrator and immediately reject stale privileges
2026-10-07T04:03:01.8045874Z ok 680 - concurrent admin demotions/deletions retain a verified administrator and immediately reject stale privileges
2026-10-07T04:03:01.8047040Z   ---
2026-10-07T04:03:01.8047564Z   duration_ms: 346.594656
2026-10-07T04:03:01.8048163Z   ...
2026-10-07T04:03:01.8049325Z # Subtest: directory, role changes, and settings enforce database authorization with safe bounded responses
2026-10-07T04:03:01.8051263Z ok 681 - directory, role changes, and settings enforce database authorization with safe bounded responses
2026-10-07T04:03:01.8052329Z   ---
2026-10-07T04:03:01.8052859Z   duration_ms: 606.876303
2026-10-07T04:03:01.8053519Z   ...
2026-10-07T04:03:01.8054599Z # Subtest: both browser and mobile signup use first-user ownership and cannot request extra roles
2026-10-07T04:03:01.8056163Z ok 682 - both browser and mobile signup use first-user ownership and cannot request extra roles
2026-10-07T04:03:01.8057153Z   ---
2026-10-07T04:03:01.8057677Z   duration_ms: 809.21557
2026-10-07T04:03:01.8058259Z   ...
2026-10-07T04:03:02.6681313Z # Subtest: failed SMTP delivery retains the unverified owner with a recovery message and no effective privileges
2026-10-07T04:03:02.6694259Z ok 683 - failed SMTP delivery retains the unverified owner with a recovery message and no effective privileges
2026-10-07T04:03:02.6730071Z   ---
2026-10-07T04:03:02.6750510Z   duration_ms: 578.711598
2026-10-07T04:03:02.6778909Z   ...
2026-10-07T04:03:02.6780515Z # Subtest: a member verified during failed-delivery cleanup is preserved by the atomic delete predicate
2026-10-07T04:03:02.6782367Z ok 684 - a member verified during failed-delivery cleanup is preserved by the atomic delete predicate
2026-10-07T04:03:02.6783482Z   ---
2026-10-07T04:03:02.6784143Z   duration_ms: 119.659817
2026-10-07T04:03:02.6784773Z   ...
2026-10-07T04:03:02.6786061Z # Subtest: operator recovery grants only an existing verified account and preserves the one-time import boundary
2026-10-07T04:03:02.6787984Z ok 685 - operator recovery grants only an existing verified account and preserves the one-time import boundary
2026-10-07T04:03:02.6789180Z   ---
2026-10-07T04:03:02.6789945Z   duration_ms: 117.178953
2026-10-07T04:03:02.6790561Z   ...
2026-10-07T04:03:02.6791907Z # Subtest: operator recovery fails closed on legacy case-variant duplicate emails and accepts an explicit existing id
2026-10-07T04:03:02.6793878Z ok 686 - operator recovery fails closed on legacy case-variant duplicate emails and accepts an explicit existing id
2026-10-07T04:03:02.6795072Z   ---
2026-10-07T04:03:02.6795584Z   duration_ms: 106.543419
2026-10-07T04:03:02.6796145Z   ...
2026-10-07T04:03:02.6797222Z # Subtest: role migration defaults existing users to member and records empty-install eligibility once
2026-10-07T04:03:02.6799704Z ok 687 - role migration defaults existing users to member and records empty-install eligibility once
2026-10-07T04:03:02.6800889Z   ---
2026-10-07T04:03:02.6801456Z   duration_ms: 0.336268
2026-10-07T04:03:02.6802060Z   ...
2026-10-07T04:03:02.6803156Z # Subtest: directory scans do not take the ownership lock and reject a mid-scan revocation
2026-10-07T04:03:02.6804662Z ok 688 - directory scans do not take the ownership lock and reject a mid-scan revocation
2026-10-07T04:03:02.6805658Z   ---
2026-10-07T04:03:02.6806211Z   duration_ms: 136.322488
2026-10-07T04:03:02.6806826Z   ...
2026-10-07T04:03:02.7760696Z # Subtest: clearing a session cookie preserves its configured domain
2026-10-07T04:03:02.7805900Z ok 689 - clearing a session cookie preserves its configured domain
2026-10-07T04:03:02.7820595Z   ---
2026-10-07T04:03:02.7855880Z   duration_ms: 5.849723
2026-10-07T04:03:02.7858660Z   ...
2026-10-07T04:03:04.1631114Z # Subtest: shared goalDeficit exports stable allowed values and defaults
2026-10-07T04:03:04.1650841Z ok 690 - shared goalDeficit exports stable allowed values and defaults
2026-10-07T04:03:04.1680346Z   ---
2026-10-07T04:03:04.1710250Z   duration_ms: 5.820918
2026-10-07T04:03:04.1721345Z   ...
2026-10-07T04:03:04.1750551Z # Subtest: shared goalDeficit exports stable UI choice values (non-maintenance)
2026-10-07T04:03:04.1780587Z ok 691 - shared goalDeficit exports stable UI choice values (non-maintenance)
2026-10-07T04:03:04.1810018Z   ---
2026-10-07T04:03:04.1828844Z   duration_ms: 0.246491
2026-10-07T04:03:04.1900042Z   ...
2026-10-07T04:03:04.1930616Z # Subtest: normalizeDailyDeficitChoiceAbsValue returns a non-maintenance abs magnitude
2026-10-07T04:03:04.1978095Z ok 692 - normalizeDailyDeficitChoiceAbsValue returns a non-maintenance abs magnitude
2026-10-07T04:03:04.2010022Z   ---
2026-10-07T04:03:04.2040025Z   duration_ms: 0.362207
2026-10-07T04:03:04.2070110Z   ...
2026-10-07T04:03:04.5071270Z # Subtest: shared product contract exposes hosted identity and origin-aware trust destinations
2026-10-07T04:03:04.5100833Z ok 693 - shared product contract exposes hosted identity and origin-aware trust destinations
2026-10-07T04:03:04.5130161Z   ---
2026-10-07T04:03:04.5150269Z   duration_ms: 2.580974
2026-10-07T04:03:04.5180070Z   ...
2026-10-07T04:03:05.9422861Z # Subtest: addUtcYearsClamped preserves calendar dates and clamps leap day
2026-10-07T04:03:05.9450619Z ok 694 - addUtcYearsClamped preserves calendar dates and clamps leap day
2026-10-07T04:03:05.9460479Z   ---
2026-10-07T04:03:05.9461126Z   duration_ms: 2.184353
2026-10-07T04:03:05.9461781Z   ...
2026-10-07T04:03:05.9462698Z # Subtest: isValidIanaTimeZone validates common IANA time zones
2026-10-07T04:03:05.9463962Z ok 695 - isValidIanaTimeZone validates common IANA time zones
2026-10-07T04:03:05.9464829Z   ---
2026-10-07T04:03:05.9465418Z   duration_ms: 23.039127
2026-10-07T04:03:05.9466058Z   ...
2026-10-07T04:03:05.9490128Z # Subtest: formatDateToLocalDateString returns the calendar day for the supplied time zone
2026-10-07T04:03:05.9590853Z ok 696 - formatDateToLocalDateString returns the calendar day for the supplied time zone
2026-10-07T04:03:05.9606804Z   ---
2026-10-07T04:03:05.9607780Z   duration_ms: 0.691452
2026-10-07T04:03:05.9608427Z   ...
2026-10-07T04:03:05.9609705Z # Subtest: formatDateToLocalDateString throws for invalid IANA time zone identifiers
2026-10-07T04:03:05.9611284Z ok 697 - formatDateToLocalDateString throws for invalid IANA time zone identifiers
2026-10-07T04:03:05.9612271Z   ---
2026-10-07T04:03:05.9612795Z   duration_ms: 0.651868
2026-10-07T04:03:05.9613400Z   ...
2026-10-07T04:03:05.9614603Z # Subtest: getUtcTodayDateOnlyInTimeZone returns a UTC-normalized date-only value for the local day
2026-10-07T04:03:05.9616373Z ok 698 - getUtcTodayDateOnlyInTimeZone returns a UTC-normalized date-only value for the local day
2026-10-07T04:03:05.9617478Z   ---
2026-10-07T04:03:05.9618026Z   duration_ms: 0.713904
2026-10-07T04:03:05.9618572Z   ...
2026-10-07T04:03:05.9620017Z # Subtest: normalizeToUtcDateOnly accepts Date and timestamp inputs
2026-10-07T04:03:05.9621702Z ok 699 - normalizeToUtcDateOnly accepts Date and timestamp inputs
2026-10-07T04:03:05.9622607Z   ---
2026-10-07T04:03:05.9623139Z   duration_ms: 0.19767
2026-10-07T04:03:05.9623689Z   ...
2026-10-07T04:03:05.9624479Z # Subtest: normalizeToUtcDateOnly rejects invalid inputs
2026-10-07T04:03:05.9625527Z ok 700 - normalizeToUtcDateOnly rejects invalid inputs
2026-10-07T04:03:05.9710048Z   ---
2026-10-07T04:03:05.9770126Z   duration_ms: 0.236873
2026-10-07T04:03:05.9836490Z   ...
2026-10-07T04:03:05.9837335Z # Subtest: getUtcTodayDateOnly returns a UTC-normalized date-only value
2026-10-07T04:03:05.9838475Z ok 701 - getUtcTodayDateOnly returns a UTC-normalized date-only value
2026-10-07T04:03:05.9839231Z   ---
2026-10-07T04:03:05.9839961Z   duration_ms: 0.275505
2026-10-07T04:03:05.9840472Z   ...
2026-10-07T04:03:07.6561250Z # Subtest: isWeightUnit identifies supported weight units
2026-10-07T04:03:07.6562719Z ok 702 - isWeightUnit identifies supported weight units
2026-10-07T04:03:07.6580403Z   ---
2026-10-07T04:03:07.6580949Z   duration_ms: 1.418622
2026-10-07T04:03:07.6581502Z   ...
2026-10-07T04:03:07.6582274Z # Subtest: isHeightUnit identifies supported height units
2026-10-07T04:03:07.6583347Z ok 703 - isHeightUnit identifies supported height units
2026-10-07T04:03:07.6584036Z   ---
2026-10-07T04:03:07.6584510Z   duration_ms: 0.160049
2026-10-07T04:03:07.6585054Z   ...
2026-10-07T04:03:07.6585979Z # Subtest: parseWeightToGrams converts kilograms to grams (rounded to 0.1 kg)
2026-10-07T04:03:07.6587372Z ok 704 - parseWeightToGrams converts kilograms to grams (rounded to 0.1 kg)
2026-10-07T04:03:07.6588307Z   ---
2026-10-07T04:03:07.6588813Z   duration_ms: 0.180557
2026-10-07T04:03:07.6589358Z   ...
2026-10-07T04:03:07.6590544Z # Subtest: parseWeightToGrams converts pounds to grams (rounded to 0.1 lb)
2026-10-07T04:03:07.6615463Z ok 705 - parseWeightToGrams converts pounds to grams (rounded to 0.1 lb)
2026-10-07T04:03:07.6654876Z   ---
2026-10-07T04:03:07.6670495Z   duration_ms: 0.130985
2026-10-07T04:03:07.6671495Z   ...
2026-10-07T04:03:07.6672658Z # Subtest: API weight conversion enforces exact KG and one-decimal LB policy boundaries
2026-10-07T04:03:07.6674267Z ok 706 - API weight conversion enforces exact KG and one-decimal LB policy boundaries
2026-10-07T04:03:07.6675350Z   ---
2026-10-07T04:03:07.6675923Z   duration_ms: 0.317704
2026-10-07T04:03:07.6676531Z   ...
2026-10-07T04:03:07.6677323Z # Subtest: parseWeightToGrams rejects invalid weights
2026-10-07T04:03:07.6678383Z ok 707 - parseWeightToGrams rejects invalid weights
2026-10-07T04:03:07.6679170Z   ---
2026-10-07T04:03:07.6680084Z   duration_ms: 0.456273
2026-10-07T04:03:07.6680727Z   ...
2026-10-07T04:03:07.6681743Z # Subtest: gramsToWeight converts grams to the requested unit (rounded to 0.1)
2026-10-07T04:03:07.6683177Z ok 708 - gramsToWeight converts grams to the requested unit (rounded to 0.1)
2026-10-07T04:03:07.6684243Z   ---
2026-10-07T04:03:07.6684825Z   duration_ms: 0.161722
2026-10-07T04:03:07.6685464Z   ...
2026-10-07T04:03:07.6686171Z # Subtest: gramsToWeight rejects invalid grams
2026-10-07T04:03:07.6708047Z ok 709 - gramsToWeight rejects invalid grams
2026-10-07T04:03:07.6708985Z   ---
2026-10-07T04:03:07.6709928Z   duration_ms: 0.205344
2026-10-07T04:03:07.6710582Z   ...
2026-10-07T04:03:08.0252969Z # Subtest: UsdaFoodDataProvider normalizes search results (measures + nutrients per 100g + scaled nutrients)
2026-10-07T04:03:08.0260944Z ok 710 - UsdaFoodDataProvider normalizes search results (measures + nutrients per 100g + scaled nutrients)
2026-10-07T04:03:08.0310105Z   ---
2026-10-07T04:03:08.0317346Z   duration_ms: 4.821791
2026-10-07T04:03:08.0317944Z   ...
2026-10-07T04:03:08.0319031Z # Subtest: UsdaFoodDataProvider returns empty results when neither query nor barcode is provided
2026-10-07T04:03:08.0320791Z ok 711 - UsdaFoodDataProvider returns empty results when neither query nor barcode is provided
2026-10-07T04:03:08.0321712Z   ---
2026-10-07T04:03:08.0322563Z   duration_ms: 0.239066
2026-10-07T04:03:08.0323303Z   ...
2026-10-07T04:03:08.0324223Z # Subtest: UsdaFoodDataProvider barcode searches prefer exact gtinUpc matches
2026-10-07T04:03:08.0325480Z ok 712 - UsdaFoodDataProvider barcode searches prefer exact gtinUpc matches
2026-10-07T04:03:08.0361714Z   ---
2026-10-07T04:03:08.0362433Z   duration_ms: 0.600342
2026-10-07T04:03:08.0363092Z   ...
2026-10-07T04:03:08.0364421Z # Subtest: UsdaFoodDataProvider requires all words for multi-term queries and falls back when strict results are empty
2026-10-07T04:03:08.0374602Z ok 713 - UsdaFoodDataProvider requires all words for multi-term queries and falls back when strict results are empty
2026-10-07T04:03:08.0410007Z   ---
2026-10-07T04:03:08.0430223Z   duration_ms: 0.634445
2026-10-07T04:03:08.0460082Z   ...
2026-10-07T04:03:08.0461138Z # Subtest: UsdaFoodDataProvider ranking prefers product matches over brand-only matches for possessive brand queries
2026-10-07T04:03:08.0462787Z ok 714 - UsdaFoodDataProvider ranking prefers product matches over brand-only matches for possessive brand queries
2026-10-07T04:03:08.0463751Z   ---
2026-10-07T04:03:08.0464077Z   duration_ms: 0.896315
2026-10-07T04:03:08.0464416Z   ...
2026-10-07T04:03:08.0465162Z # Subtest: UsdaFoodDataProvider throws a detailed error for non-OK search responses
2026-10-07T04:03:08.0466270Z ok 715 - UsdaFoodDataProvider throws a detailed error for non-OK search responses
2026-10-07T04:03:08.0466937Z   ---
2026-10-07T04:03:08.0467249Z   duration_ms: 0.950436
2026-10-07T04:03:08.0467586Z   ...
2026-10-07T04:03:08.0468307Z # Subtest: UsdaFoodDataProvider prefers foodNutrients and converts kJ energy to kcal
2026-10-07T04:03:08.0469420Z ok 716 - UsdaFoodDataProvider prefers foodNutrients and converts kJ energy to kcal
2026-10-07T04:03:08.0481407Z   ---
2026-10-07T04:03:08.0481730Z   duration_ms: 0.710868
2026-10-07T04:03:08.0482085Z   ...
2026-10-07T04:03:08.0482953Z # Subtest: UsdaFoodDataProvider omits foods without usable nutrients when includeIncomplete=false
2026-10-07T04:03:08.0484309Z ok 717 - UsdaFoodDataProvider omits foods without usable nutrients when includeIncomplete=false
2026-10-07T04:03:08.0485077Z   ---
2026-10-07T04:03:08.0485378Z   duration_ms: 0.402362
2026-10-07T04:03:08.0485724Z   ...
2026-10-07T04:03:08.0486462Z # Subtest: UsdaFoodDataProvider includes incomplete foods when includeIncomplete=true
2026-10-07T04:03:08.0487625Z ok 718 - UsdaFoodDataProvider includes incomplete foods when includeIncomplete=true
2026-10-07T04:03:08.0488320Z   ---
2026-10-07T04:03:08.0488616Z   duration_ms: 0.518719
2026-10-07T04:03:08.0488951Z   ...
2026-10-07T04:03:08.0489843Z # Subtest: UsdaFoodDataProvider converts kilogram serving sizes to gram weights
2026-10-07T04:03:08.0490817Z ok 719 - UsdaFoodDataProvider converts kilogram serving sizes to gram weights
2026-10-07T04:03:08.0491427Z   ---
2026-10-07T04:03:08.0491684Z   duration_ms: 0.558684
2026-10-07T04:03:08.0491980Z   ...
2026-10-07T04:03:10.3525269Z # Subtest: userSerialization: USER_CLIENT_SELECT does not include sensitive columns
2026-10-07T04:03:10.3527075Z ok 720 - userSerialization: USER_CLIENT_SELECT does not include sensitive columns
2026-10-07T04:03:10.3530490Z   ---
2026-10-07T04:03:10.3532664Z   duration_ms: 1.944394
2026-10-07T04:03:10.3533371Z   ...
2026-10-07T04:03:10.3536586Z # Subtest: userSerialization: serializeUserForClient omits profile_image_url when bytes or mimeType are missing
2026-10-07T04:03:10.3541596Z ok 721 - userSerialization: serializeUserForClient omits profile_image_url when bytes or mimeType are missing
2026-10-07T04:03:10.3542755Z   ---
2026-10-07T04:03:10.3543351Z   duration_ms: 0.676905
2026-10-07T04:03:10.3543987Z   ...
2026-10-07T04:03:10.3545389Z # Subtest: userSerialization: serializeUserForClient builds a base64 data URL when image bytes and mimeType are present
2026-10-07T04:03:10.3547435Z ok 722 - userSerialization: serializeUserForClient builds a base64 data URL when image bytes and mimeType are present
2026-10-07T04:03:10.3548700Z   ---
2026-10-07T04:03:10.3550020Z   duration_ms: 1.404174
2026-10-07T04:03:10.3550931Z   ...
2026-10-07T04:03:18.1104485Z # Subtest: watch mutation parser accepts canonical grams and rejects unknown fields
2026-10-07T04:03:18.1157311Z ok 723 - watch mutation parser accepts canonical grams and rejects unknown fields
2026-10-07T04:03:18.1186342Z   ---
2026-10-07T04:03:18.1227451Z   duration_ms: 9317.876703
2026-10-07T04:03:18.1280193Z   ...
2026-10-07T04:03:18.1310758Z # Subtest: watch snapshot rejects an invalid stored timezone before reading any guessed local day
2026-10-07T04:03:18.1331271Z ok 724 - watch snapshot rejects an invalid stored timezone before reading any guessed local day
2026-10-07T04:03:18.1332543Z   ---
2026-10-07T04:03:18.1333407Z   duration_ms: 64.701789
2026-10-07T04:03:18.1334159Z   ...
2026-10-07T04:03:18.1335323Z # Subtest: watch snapshot is bounded, timezone-local, and derives current-session undo
2026-10-07T04:03:18.1336993Z ok 725 - watch snapshot is bounded, timezone-local, and derives current-session undo
2026-10-07T04:03:18.1338112Z   ---
2026-10-07T04:03:18.1338781Z   duration_ms: 75.933841
2026-10-07T04:03:18.1339717Z   ...
2026-10-07T04:03:18.1340997Z # Subtest: watch goal progress covers loss, gain, maintenance, missing goals, and completed targets
2026-10-07T04:03:18.1342804Z ok 726 - watch goal progress covers loss, gain, maintenance, missing goals, and completed targets
2026-10-07T04:03:18.1343971Z   ---
2026-10-07T04:03:18.1344633Z   duration_ms: 40.199008
2026-10-07T04:03:18.1345330Z   ...
2026-10-07T04:03:18.1346473Z # Subtest: watch food creation snapshots My Food and records trusted session provenance
2026-10-07T04:03:18.1348134Z ok 727 - watch food creation snapshots My Food and records trusted session provenance
2026-10-07T04:03:18.1349239Z   ---
2026-10-07T04:03:18.1350101Z   duration_ms: 76.33296
2026-10-07T04:03:18.1350792Z   ...
2026-10-07T04:03:18.1351791Z # Subtest: watch food creation rejects paused days before inserting
2026-10-07T04:03:18.1353080Z ok 728 - watch food creation rejects paused days before inserting
2026-10-07T04:03:18.1354055Z   ---
2026-10-07T04:03:18.1354727Z   duration_ms: 99.577611
2026-10-07T04:03:18.1355435Z   ...
2026-10-07T04:03:18.1356574Z # Subtest: watch food deletion is limited to the current session undo candidate
2026-10-07T04:03:18.1358028Z ok 729 - watch food deletion is limited to the current session undo candidate
2026-10-07T04:03:18.1359089Z   ---
2026-10-07T04:03:18.1360014Z   duration_ms: 97.810642
2026-10-07T04:03:18.1390115Z   ...
2026-10-07T04:03:18.1391284Z # Subtest: watch undo is invalidated by a later phone edit and never walks to an older create
2026-10-07T04:03:18.1410634Z ok 730 - watch undo is invalidated by a later phone edit and never walks to an older create
2026-10-07T04:03:18.1411824Z   ---
2026-10-07T04:03:18.1413614Z   duration_ms: 109.701748
2026-10-07T04:03:18.1414385Z   ...
2026-10-07T04:03:18.1415535Z # Subtest: watch metric and completion mutations use canonical date-only upserts
2026-10-07T04:03:18.1417111Z ok 731 - watch metric and completion mutations use canonical date-only upserts
2026-10-07T04:03:18.1418192Z   ---
2026-10-07T04:03:18.1418841Z   duration_ms: 92.821038
2026-10-07T04:03:18.1419784Z   ...
2026-10-07T04:03:18.1420873Z # Subtest: watch metric and completion mutations reject stale snapshot revisions
2026-10-07T04:03:18.1422262Z ok 732 - watch metric and completion mutations reject stale snapshot revisions
2026-10-07T04:03:18.1423293Z   ---
2026-10-07T04:03:18.1423977Z   duration_ms: 73.122491
2026-10-07T04:03:18.1424678Z   ...
2026-10-07T04:03:18.2220646Z # Subtest: weight trend benchmark: recovers representative steady rates without outlier-driven reversal
2026-10-07T04:03:18.2241120Z ok 733 - weight trend benchmark: recovers representative steady rates without outlier-driven reversal
2026-10-07T04:03:18.2246602Z   ---
2026-10-07T04:03:18.2247141Z   duration_ms: 25.639916
2026-10-07T04:03:18.2247669Z   ...
2026-10-07T04:03:18.2248937Z # Subtest: weight trend benchmark: seeded level and window-average pace intervals achieve 90%-98% empirical coverage
2026-10-07T04:03:18.2251737Z ok 734 - weight trend benchmark: seeded level and window-average pace intervals achieve 90%-98% empirical coverage
2026-10-07T04:03:18.2252882Z   ---
2026-10-07T04:03:18.2253395Z   duration_ms: 174.334696
2026-10-07T04:03:18.2253949Z   ...
2026-10-07T04:03:18.2255020Z # Subtest: weight trend benchmark: local velocity-state intervals achieve 90%-98% process coverage
2026-10-07T04:03:18.2256596Z ok 735 - weight trend benchmark: local velocity-state intervals achieve 90%-98% process coverage
2026-10-07T04:03:18.2257572Z   ---
2026-10-07T04:03:18.2258063Z   duration_ms: 136.599128
2026-10-07T04:03:18.2258606Z   ...
2026-10-07T04:03:18.2260055Z # Subtest: weight trend benchmark: causal stable and linear level RMSE is no more than 5% worse than v1
2026-10-07T04:03:18.2261720Z ok 736 - weight trend benchmark: causal stable and linear level RMSE is no more than 5% worse than v1
2026-10-07T04:03:18.2262793Z   ---
2026-10-07T04:03:18.2263352Z   duration_ms: 972.760717
2026-10-07T04:03:18.2263989Z   ...
2026-10-07T04:03:18.2265164Z # Subtest: weight trend benchmark: a sustained reversal becomes confidently visible within 14 days
2026-10-07T04:03:18.2266552Z ok 737 - weight trend benchmark: a sustained reversal becomes confidently visible within 14 days
2026-10-07T04:03:18.2267221Z   ---
2026-10-07T04:03:18.2267419Z   duration_ms: 1.071342
2026-10-07T04:03:18.2267631Z   ...
2026-10-07T04:03:18.2268132Z # Subtest: weight trend benchmark: local v2 pace changes direction sooner than v1 after a reversal
2026-10-07T04:03:18.2268903Z ok 738 - weight trend benchmark: local v2 pace changes direction sooner than v1 after a reversal
2026-10-07T04:03:18.2269354Z   ---
2026-10-07T04:03:18.2269819Z   duration_ms: 19.811696
2026-10-07T04:03:18.2270211Z   ...
2026-10-07T04:03:18.2270839Z # Subtest: weight trend benchmark: plateau after loss is recognized as steady
2026-10-07T04:03:18.2271444Z ok 739 - weight trend benchmark: plateau after loss is recognized as steady
2026-10-07T04:03:18.2271826Z   ---
2026-10-07T04:03:18.2272025Z   duration_ms: 1.116116
2026-10-07T04:03:18.2272234Z   ...
2026-10-07T04:03:18.2272696Z # Subtest: weight trend benchmark: isolated spikes are damped and recover within two weeks
2026-10-07T04:03:18.2273384Z ok 740 - weight trend benchmark: isolated spikes are damped and recover within two weeks
2026-10-07T04:03:18.2273789Z   ---
2026-10-07T04:03:18.2273973Z   duration_ms: 5.485532
2026-10-07T04:03:18.2274180Z   ...
2026-10-07T04:03:18.2274717Z # Subtest: weight trend benchmark: positive and negative three-kilogram spikes do not cause a lasting reversal
2026-10-07T04:03:18.2275551Z ok 741 - weight trend benchmark: positive and negative three-kilogram spikes do not cause a lasting reversal
2026-10-07T04:03:18.2276030Z   ---
2026-10-07T04:03:18.2276212Z   duration_ms: 7.927634
2026-10-07T04:03:18.2276415Z   ...
2026-10-07T04:03:18.2276926Z # Subtest: weight trend benchmark: a short hydration outlier run does not leave a lasting direction reversal
2026-10-07T04:03:18.2277748Z ok 742 - weight trend benchmark: a short hydration outlier run does not leave a lasting direction reversal
2026-10-07T04:03:18.2278211Z   ---
2026-10-07T04:03:18.2278396Z   duration_ms: 2.893117
2026-10-07T04:03:18.2278603Z   ...
2026-10-07T04:03:18.2279123Z # Subtest: weight trend benchmark: actual-date pace survives cadence changes without inventing continuity
2026-10-07T04:03:18.2280543Z ok 743 - weight trend benchmark: actual-date pace survives cadence changes without inventing continuity
2026-10-07T04:03:18.2281433Z   ---
2026-10-07T04:03:18.2281779Z   duration_ms: 1.042548
2026-10-07T04:03:18.2282164Z   ...
2026-10-07T04:03:18.2283032Z # Subtest: weight trend benchmark: backfills do not rewrite earlier forward states materially
2026-10-07T04:03:18.2284375Z ok 744 - weight trend benchmark: backfills do not rewrite earlier forward states materially
2026-10-07T04:03:18.2285166Z   ---
2026-10-07T04:03:18.2285505Z   duration_ms: 1.881416
2026-10-07T04:03:18.2285894Z   ...
2026-10-07T04:03:18.2286986Z # Subtest: weight trend benchmark: input order and kilogram boundary conversion are invariant
2026-10-07T04:03:18.2288496Z ok 745 - weight trend benchmark: input order and kilogram boundary conversion are invariant
2026-10-07T04:03:18.2289283Z   ---
2026-10-07T04:03:18.2289896Z   duration_ms: 5.718407
2026-10-07T04:03:18.2290297Z   ...
2026-10-07T04:03:18.2291241Z # Subtest: weight trend benchmark: appending one consistent observation keeps prior history stable
2026-10-07T04:03:18.2292780Z ok 746 - weight trend benchmark: appending one consistent observation keeps prior history stable
2026-10-07T04:03:18.2293629Z   ---
2026-10-07T04:03:18.2293976Z   duration_ms: 11.71269
2026-10-07T04:03:18.2294362Z   ...
2026-10-07T04:03:18.2295108Z # Subtest: weight trend benchmark: bounded-window workloads remain inexpensive
2026-10-07T04:03:18.2296247Z ok 747 - weight trend benchmark: bounded-window workloads remain inexpensive
2026-10-07T04:03:18.2296952Z   ---
2026-10-07T04:03:18.2297313Z   duration_ms: 3183.167211
2026-10-07T04:03:18.2297734Z   ...
2026-10-07T04:03:18.2298627Z # Subtest: weight trend governance: model constants come from the versioned parameter manifest
2026-10-07T04:03:18.2300252Z ok 748 - weight trend governance: model constants come from the versioned parameter manifest
2026-10-07T04:03:18.2301068Z   ---
2026-10-07T04:03:18.2301421Z   duration_ms: 9.04165
2026-10-07T04:03:18.2301792Z   ...
2026-10-07T04:03:18.2302789Z # Subtest: weight trend governance: regenerated report rejects numeric changes without a model-version bump
2026-10-07T04:03:18.2304391Z ok 749 - weight trend governance: regenerated report rejects numeric changes without a model-version bump
2026-10-07T04:03:18.2305305Z   ---
2026-10-07T04:03:18.2305648Z   duration_ms: 1075.426995
2026-10-07T04:03:18.2306037Z   ...
2026-10-07T04:03:18.2306945Z # Subtest: weight trend governance: checked-in tuning report is reproducible and passes every gate
2026-10-07T04:03:18.2308369Z ok 750 - weight trend governance: checked-in tuning report is reproducible and passes every gate
2026-10-07T04:03:18.2309220Z   ---
2026-10-07T04:03:18.2309801Z   duration_ms: 901.728127
2026-10-07T04:03:18.2310210Z   ...
2026-10-07T04:03:18.2311157Z # Subtest: weight trend v2 migration adds pace state and invalidates only pending older recommendations
2026-10-07T04:03:18.2312626Z ok 751 - weight trend v2 migration adds pace state and invalidates only pending older recommendations
2026-10-07T04:03:18.2317079Z   ---
2026-10-07T04:03:18.2317454Z   duration_ms: 1.725435
2026-10-07T04:03:18.2317861Z   ...
2026-10-07T04:03:18.2318823Z # Subtest: weight trend source revision migration preserves legacy rows as nullable stale snapshots
2026-10-07T04:03:18.2320603Z ok 752 - weight trend source revision migration preserves legacy rows as nullable stale snapshots
2026-10-07T04:03:18.2321469Z   ---
2026-10-07T04:03:18.2321817Z   duration_ms: 0.27283
2026-10-07T04:03:18.2322197Z   ...
2026-10-07T04:03:19.7579316Z # Subtest: weightTrend resolver: defaults to shared v2 and exports model version 2
2026-10-07T04:03:19.7587745Z ok 753 - weightTrend resolver: defaults to shared v2 and exports model version 2
2026-10-07T04:03:19.7588682Z   ---
2026-10-07T04:03:19.7589214Z   duration_ms: 101.59849
2026-10-07T04:03:19.7590052Z   ...
2026-10-07T04:03:19.7591025Z # Subtest: weightTrend resolver: explicit v2 returns the shared v2 model output
2026-10-07T04:03:19.7592397Z ok 754 - weightTrend resolver: explicit v2 returns the shared v2 model output
2026-10-07T04:03:19.7593265Z   ---
2026-10-07T04:03:19.7593767Z   duration_ms: 8.3676
2026-10-07T04:03:19.7594293Z   ...
2026-10-07T04:03:19.7595352Z # Subtest: weightTrend resolver: v1 preserves legacy levels and adapts unavailable v2 fields
2026-10-07T04:03:19.7596840Z ok 755 - weightTrend resolver: v1 preserves legacy levels and adapts unavailable v2 fields
2026-10-07T04:03:19.7597783Z   ---
2026-10-07T04:03:19.7598279Z   duration_ms: 9.598681
2026-10-07T04:03:19.7598809Z   ...
2026-10-07T04:03:19.7599818Z # Subtest: weightTrend resolver: v1 honors the shared as-of option
2026-10-07T04:03:19.7601639Z ok 756 - weightTrend resolver: v1 honors the shared as-of option
2026-10-07T04:03:19.7602443Z   ---
2026-10-07T04:03:19.7602937Z   duration_ms: 8.179749
2026-10-07T04:03:19.7603480Z   ...
2026-10-07T04:03:19.8130925Z # Subtest: computeWeightTrendV1: reproduces the retired scalar Kalman output
2026-10-07T04:03:19.8132184Z ok 757 - computeWeightTrendV1: reproduces the retired scalar Kalman output
2026-10-07T04:03:19.8153354Z   ---
2026-10-07T04:03:19.8153702Z   duration_ms: 4.539736
2026-10-07T04:03:19.8154041Z   ...
2026-10-07T04:03:20.5736259Z # Subtest: computeWeightTrend: keeps a stable trend for mostly flat weight series
2026-10-07T04:03:20.5737629Z ok 758 - computeWeightTrend: keeps a stable trend for mostly flat weight series
2026-10-07T04:03:20.5738436Z   ---
2026-10-07T04:03:20.5738819Z   duration_ms: 3.177629
2026-10-07T04:03:20.5739249Z   ...
2026-10-07T04:03:20.5740322Z # Subtest: computeWeightTrend: dampens a short-lived spike
2026-10-07T04:03:20.5741271Z ok 759 - computeWeightTrend: dampens a short-lived spike
2026-10-07T04:03:20.5741917Z   ---
2026-10-07T04:03:20.5742352Z   duration_ms: 0.476611
2026-10-07T04:03:20.5742707Z   ...
2026-10-07T04:03:20.5745420Z # Subtest: computeWeightTrend: widens uncertainty under high volatility
2026-10-07T04:03:20.5746943Z ok 760 - computeWeightTrend: widens uncertainty under high volatility
2026-10-07T04:03:20.5747996Z   ---
2026-10-07T04:03:20.5748595Z   duration_ms: 0.748048
2026-10-07T04:03:20.5749025Z   ...
2026-10-07T04:03:20.5750103Z # Subtest: computeWeightTrend: supports sparse histories with finite defaults
2026-10-07T04:03:20.5751398Z ok 761 - computeWeightTrend: supports sparse histories with finite defaults
2026-10-07T04:03:20.5752469Z   ---
2026-10-07T04:03:20.5752864Z   duration_ms: 0.213009
2026-10-07T04:03:20.5753219Z   ...
2026-10-07T04:03:20.5756696Z # Subtest: computeWeightTrend: caps uncertainty growth across very large date gaps
2026-10-07T04:03:20.5757494Z ok 762 - computeWeightTrend: caps uncertainty growth across very large date gaps
2026-10-07T04:03:20.5757931Z   ---
2026-10-07T04:03:20.5758132Z   duration_ms: 0.242373
2026-10-07T04:03:20.5758351Z   ...
2026-10-07T04:03:20.5787862Z # Subtest: computeWeightTrend: reports a 95% confidence interval around the trend estimate
2026-10-07T04:03:20.5789473Z ok 763 - computeWeightTrend: reports a 95% confidence interval around the trend estimate
2026-10-07T04:03:20.5790571Z   ---
2026-10-07T04:03:20.5790957Z   duration_ms: 2.125563
2026-10-07T04:03:20.5791380Z   ...
2026-10-07T04:03:20.5792225Z # Subtest: computeWeightTrend: anchors the first trend point to the first observation
2026-10-07T04:03:20.5793486Z ok 764 - computeWeightTrend: anchors the first trend point to the first observation
2026-10-07T04:03:20.5794289Z   ---
2026-10-07T04:03:20.5794671Z   duration_ms: 0.294821
2026-10-07T04:03:20.5795085Z   ...
2026-10-07T04:03:20.5796182Z # Subtest: computeWeightTrend: recency-weighted drift adapts when recent direction differs from long-run history
2026-10-07T04:03:20.5797955Z ok 765 - computeWeightTrend: recency-weighted drift adapts when recent direction differs from long-run history
2026-10-07T04:03:20.5798976Z   ---
2026-10-07T04:03:20.5799352Z   duration_ms: 6.453152
2026-10-07T04:03:20.5799964Z   ...
2026-10-07T04:03:20.5800790Z # Subtest: computeWeightTrend: does not assimilate a segment-start observation twice
2026-10-07T04:03:20.5802154Z ok 766 - computeWeightTrend: does not assimilate a segment-start observation twice
2026-10-07T04:03:20.5802942Z   ---
2026-10-07T04:03:20.5803312Z   duration_ms: 0.422419
2026-10-07T04:03:20.5803711Z   ...
2026-10-07T04:03:20.5804722Z # Subtest: computeWeightTrend: uses actual elapsed time and resets only after gaps greater than 14 days
2026-10-07T04:03:20.5806277Z ok 767 - computeWeightTrend: uses actual elapsed time and resets only after gaps greater than 14 days
2026-10-07T04:03:20.5807188Z   ---
2026-10-07T04:03:20.5807554Z   duration_ms: 0.931381
2026-10-07T04:03:20.5807943Z   ...
2026-10-07T04:03:20.5809182Z # Subtest: computeWeightTrend: exposes coherent level and rate uncertainty bounds
2026-10-07T04:03:20.5821415Z ok 768 - computeWeightTrend: exposes coherent level and rate uncertainty bounds
2026-10-07T04:03:20.5821850Z   ---
2026-10-07T04:03:20.5822059Z   duration_ms: 1.012592
2026-10-07T04:03:20.5822281Z   ...
2026-10-07T04:03:20.5822732Z # Subtest: computeWeightTrend: requires explicit 7-42 day calibration-window bounds
2026-10-07T04:03:20.5823411Z ok 769 - computeWeightTrend: requires explicit 7-42 day calibration-window bounds
2026-10-07T04:03:20.5823816Z   ---
2026-10-07T04:03:20.5824010Z   duration_ms: 4.300698
2026-10-07T04:03:20.5824219Z   ...
2026-10-07T04:03:20.5824657Z # Subtest: computeWeightTrend: Huber weighting limits an isolated extreme observation
2026-10-07T04:03:20.5825368Z ok 770 - computeWeightTrend: Huber weighting limits an isolated extreme observation
2026-10-07T04:03:20.5825801Z   ---
2026-10-07T04:03:20.5825999Z   duration_ms: 0.875557
2026-10-07T04:03:20.5826211Z   ...
2026-10-07T04:03:20.5826786Z # Subtest: computeWeightTrend: estimates bounded two-pass measurement variability with sparse-data shrinkage
2026-10-07T04:03:20.5827671Z ok 771 - computeWeightTrend: estimates bounded two-pass measurement variability with sparse-data shrinkage
2026-10-07T04:03:20.5828171Z   ---
2026-10-07T04:03:20.5828358Z   duration_ms: 2.676443
2026-10-07T04:03:20.5828569Z   ...
2026-10-07T04:03:20.5828984Z # Subtest: computeWeightTrend: resets measurement variability at a new segment
2026-10-07T04:03:20.5830056Z ok 772 - computeWeightTrend: resets measurement variability at a new segment
2026-10-07T04:03:20.5830513Z   ---
2026-10-07T04:03:20.5830712Z   duration_ms: 0.885606
2026-10-07T04:03:20.5830925Z   ...
2026-10-07T04:03:20.5831409Z # Subtest: computeWeightTrend: limits as-of results and derives evidence from the latest segment
2026-10-07T04:03:20.5832159Z ok 773 - computeWeightTrend: limits as-of results and derives evidence from the latest segment
2026-10-07T04:03:20.5832917Z   ---
2026-10-07T04:03:20.5833249Z   duration_ms: 0.380912
2026-10-07T04:03:20.5833614Z   ...
2026-10-07T04:03:20.5834428Z # Subtest: classifyWeightTrendEvidence: uses raw point count and elapsed span boundaries
2026-10-07T04:03:20.5835689Z ok 774 - classifyWeightTrendEvidence: uses raw point count and elapsed span boundaries
2026-10-07T04:03:20.5836432Z   ---
2026-10-07T04:03:20.5836739Z   duration_ms: 0.185276
2026-10-07T04:03:20.5837088Z   ...
2026-10-07T04:03:20.5837959Z # Subtest: computeWeightTrend: withholds pace until the latest segment spans seven elapsed days
2026-10-07T04:03:20.5839286Z ok 775 - computeWeightTrend: withholds pace until the latest segment spans seven elapsed days
2026-10-07T04:03:20.5840074Z   ---
2026-10-07T04:03:20.5840266Z   duration_ms: 0.379549
2026-10-07T04:03:20.5840474Z   ...
2026-10-07T04:03:20.5840964Z # Subtest: computeWeightTrend: deprecated weekly rate uses only the latest uninterrupted segment
2026-10-07T04:03:20.5841719Z ok 776 - computeWeightTrend: deprecated weekly rate uses only the latest uninterrupted segment
2026-10-07T04:03:20.5842174Z   ---
2026-10-07T04:03:20.5842361Z   duration_ms: 0.419996
2026-10-07T04:03:20.5842600Z   ...
2026-10-07T04:03:20.5843054Z # Subtest: computeWeightTrend: exact calibration window never falls back across a reset gap
2026-10-07T04:03:20.5843766Z ok 777 - computeWeightTrend: exact calibration window never falls back across a reset gap
2026-10-07T04:03:20.5844197Z   ---
2026-10-07T04:03:20.5844382Z   duration_ms: 0.324967
2026-10-07T04:03:20.5844588Z   ...
2026-10-07T04:03:20.5845112Z # Subtest: classifyWeightTrendRate: requires sufficient evidence before assigning a confident direction
2026-10-07T04:03:20.5845946Z ok 778 - classifyWeightTrendRate: requires sufficient evidence before assigning a confident direction
2026-10-07T04:03:20.5846416Z   ---
2026-10-07T04:03:20.5846606Z   duration_ms: 0.178494
2026-10-07T04:03:20.5846817Z   ...
2026-10-07T04:03:20.6193160Z 1..778
2026-10-07T04:03:20.6193504Z # tests 786
2026-10-07T04:03:20.6193860Z # suites 0
2026-10-07T04:03:20.6194459Z # pass 786
2026-10-07T04:03:20.6194928Z # fail 0
2026-10-07T04:03:20.6195167Z # cancelled 0
2026-10-07T04:03:20.6195377Z # skipped 0
2026-10-07T04:03:20.6195568Z # todo 0
2026-10-07T04:03:20.6200094Z # duration_ms 222071.10969
2026-10-07T04:03:20.6424946Z Post job cleanup.
2026-10-07T04:03:20.7648688Z (node:5125) [DEP0040] DeprecationWarning: The `punycode` module is deprecated. Please use a userland alternative instead.
2026-10-07T04:03:20.7650073Z (Use `node --trace-deprecation ...` to show where the warning was created)
2026-10-07T04:03:20.7870872Z [command]/usr/bin/tar --posix -cf cache.tzst --exclude cache.tzst -P -C /home/runner/work/calibrate-health/calibrate-health --files-from manifest.txt --use-compress-program zstdmt
2026-10-07T04:03:21.0929075Z Failed to save: Unable to reserve cache with key node-cache-Linux-x64-npm-21f1f8a072d5a972931e4055a0e67b80177f38405103b76c2d02578078b6444d, another job may be creating this cache.
2026-10-07T04:03:21.1162510Z Post job cleanup.
2026-10-07T04:03:21.1998932Z [command]/usr/bin/git version
2026-10-07T04:03:21.2042565Z git version 2.55.0
2026-10-07T04:03:21.2082200Z Temporarily overriding HOME='/home/runner/work/_temp/ebbc3ae5-aa35-4e09-894f-2c16d0c2b079' before making global git config changes
2026-10-07T04:03:21.2086385Z Adding repository directory to the temporary git global config as a safe directory
2026-10-07T04:03:21.2088620Z [command]/usr/bin/git config --global --add safe.directory /home/runner/work/calibrate-health/calibrate-health
2026-10-07T04:03:21.2127558Z [command]/usr/bin/git config --local --name-only --get-regexp core\.sshCommand
2026-10-07T04:03:21.2163021Z [command]/usr/bin/git submodule foreach --recursive sh -c "git config --local --name-only --get-regexp 'core\.sshCommand' && git config --local --unset-all 'core.sshCommand' || :"
2026-10-07T04:03:21.2406864Z [command]/usr/bin/git config --local --name-only --get-regexp http\.https\:\/\/github\.com\/\.extraheader
2026-10-07T04:03:21.2434687Z http.https://github.com/.extraheader
2026-10-07T04:03:21.2446634Z [command]/usr/bin/git config --local --unset-all http.https://github.com/.extraheader
2026-10-07T04:03:21.2480813Z [command]/usr/bin/git submodule foreach --recursive sh -c "git config --local --name-only --get-regexp 'http\.https\:\/\/github\.com\/\.extraheader' && git config --local --unset-all 'http.https://github.com/.extraheader' || :"
2026-10-07T04:03:21.2745655Z [command]/usr/bin/git config --local --name-only --get-regexp ^includeIf\.gitdir:
2026-10-07T04:03:21.2781486Z [command]/usr/bin/git submodule foreach --recursive git config --local --show-origin --name-only --get-regexp remote.origin.url
2026-10-07T04:03:21.3150871Z Print service container logs: e191a2d772c543e28f039a5deccc7b96_postgres16alpine_b68816
2026-10-07T04:03:21.3155529Z ##[command]/usr/bin/docker logs --details 720106fc0dadca1076f95c75c8b534546b462feea5697ecbd16b4a5387b1ba2e
2026-10-07T04:03:21.3279349Z  The files belonging to this database system will be owned by user "postgres".
2026-10-07T04:03:21.3281081Z  sh: locale: not found
2026-10-07T04:03:21.3281668Z  2026-10-07 03:59:15.563 UTC [35] WARNING:  no usable system locales were found
2026-10-07T04:03:21.3282479Z  initdb: warning: enabling "trust" authentication for local connections
2026-10-07T04:03:21.3283337Z  initdb: hint: You can change this by editing pg_hba.conf or using the option -A, or --auth-local and --auth-host, the next time you run initdb.
2026-10-07T04:03:21.3283988Z  This user must also own the server process.
2026-10-07T04:03:21.3284270Z  
2026-10-07T04:03:21.3284543Z  The database cluster will be initialized with locale "en_US.utf8".
2026-10-07T04:03:21.3285031Z  The default database encoding has accordingly been set to "UTF8".
2026-10-07T04:03:21.3285470Z  The default text search configuration will be set to "english".
2026-10-07T04:03:21.3285797Z  
2026-10-07T04:03:21.3285987Z  Data page checksums are disabled.
2026-10-07T04:03:21.3286228Z  
2026-10-07T04:03:21.3286531Z  fixing permissions on existing directory /var/lib/postgresql/data ... ok
2026-10-07T04:03:21.3287145Z  creating subdirectories ... ok
2026-10-07T04:03:21.3287461Z  selecting dynamic shared memory implementation ... posix
2026-10-07T04:03:21.3287815Z  selecting default max_connections ... 100
2026-10-07T04:03:21.3288109Z  selecting default shared_buffers ... 128MB
2026-10-07T04:03:21.3288397Z  selecting default time zone ... UTC
2026-10-07T04:03:21.3288679Z  creating configuration files ... ok
2026-10-07T04:03:21.3288942Z  running bootstrap script ... ok
2026-10-07T04:03:21.3289228Z  performing post-bootstrap initialization ... ok
2026-10-07T04:03:21.3289791Z  syncing data to disk ... ok
2026-10-07T04:03:21.3290035Z  
2026-10-07T04:03:21.3290199Z  
2026-10-07T04:03:21.3290421Z  Success. You can now start the database server using:
2026-10-07T04:03:21.3290720Z  
2026-10-07T04:03:21.3290946Z      pg_ctl -D /var/lib/postgresql/data -l logfile start
2026-10-07T04:03:21.3291235Z  
2026-10-07T04:03:21.3291799Z  waiting for server to start....2026-10-07 03:59:16.094 UTC [41] LOG:  starting PostgreSQL 16.15 on x86_64-pc-linux-musl, compiled by gcc (Alpine 15.2.0) 15.2.0, 64-bit
2026-10-07T04:03:21.3292636Z  2026-10-07 03:59:16.094 UTC [41] LOG:  listening on Unix socket "/var/run/postgresql/.s.PGSQL.5432"
2026-10-07T04:03:21.3293229Z  2026-10-07 03:59:16.097 UTC [44] LOG:  database system was shut down at 2026-10-07 03:59:16 UTC
2026-10-07T04:03:21.3293736Z  2026-10-07 03:59:16.101 UTC [41] LOG:  database system is ready to accept connections
2026-10-07T04:03:21.3294105Z   done
2026-10-07T04:03:21.3294283Z  server started
2026-10-07T04:03:21.3294486Z  CREATE DATABASE
2026-10-07T04:03:21.3294671Z  
2026-10-07T04:03:21.3294833Z  
2026-10-07T04:03:21.3295147Z  /usr/local/bin/docker-entrypoint.sh: ignoring /docker-entrypoint-initdb.d/*
2026-10-07T04:03:21.3295533Z  
2026-10-07T04:03:21.3295884Z  waiting for server to shut down....2026-10-07 03:59:16.242 UTC [41] LOG:  received fast shutdown request
2026-10-07T04:03:21.3296653Z  2026-10-07 03:59:16.362 UTC [1] LOG:  starting PostgreSQL 16.15 on x86_64-pc-linux-musl, compiled by gcc (Alpine 15.2.0) 15.2.0, 64-bit
2026-10-07T04:03:21.3297297Z  2026-10-07 03:59:16.362 UTC [1] LOG:  listening on IPv4 address "0.0.0.0", port 5432
2026-10-07T04:03:21.3297768Z  2026-10-07 03:59:16.362 UTC [1] LOG:  listening on IPv6 address "::", port 5432
2026-10-07T04:03:21.3298277Z  2026-10-07 03:59:16.363 UTC [1] LOG:  listening on Unix socket "/var/run/postgresql/.s.PGSQL.5432"
2026-10-07T04:03:21.3299377Z  2026-10-07 03:59:16.365 UTC [57] LOG:  database system was shut down at 2026-10-07 03:59:16 UTC
2026-10-07T04:03:21.3300624Z  2026-10-07 03:59:16.369 UTC [1] LOG:  database system is ready to accept connections
2026-10-07T04:03:21.3301109Z  2026-10-07 03:59:16.242 UTC [41] LOG:  aborting any active transactions
2026-10-07T04:03:21.3301741Z  2026-10-07 03:59:16.245 UTC [41] LOG:  background worker "logical replication launcher" (PID 47) exited with exit code 1
2026-10-07T04:03:21.3302577Z  2026-10-07 03:59:16.246 UTC [42] LOG:  shutting down
2026-10-07T04:03:21.3303257Z  2026-10-07 03:59:16.246 UTC [42] LOG:  checkpoint starting: shutdown immediate
2026-10-07T04:03:21.3304515Z  2026-10-07 03:59:16.261 UTC [42] LOG:  checkpoint complete: wrote 926 buffers (5.7%); 0 WAL file(s) added, 0 removed, 0 recycled; write=0.013 s, sync=0.002 s, total=0.016 s; sync files=301, longest=0.001 s, average=0.001 s; distance=4283 kB, estimate=4283 kB; lsn=0/1925D68, redo lsn=0/1925D68
2026-10-07T04:03:21.3305598Z  2026-10-07 03:59:16.268 UTC [41] LOG:  database system is shut down
2026-10-07T04:03:21.3305928Z   done
2026-10-07T04:03:21.3306112Z  server stopped
2026-10-07T04:03:21.3306306Z  
2026-10-07T04:03:21.3306545Z  PostgreSQL init process complete; ready for start up.
2026-10-07T04:03:21.3306846Z  
2026-10-07T04:03:21.3312618Z Stop and remove container: e191a2d772c543e28f039a5deccc7b96_postgres16alpine_b68816
2026-10-07T04:03:21.3317021Z ##[command]/usr/bin/docker rm --force 720106fc0dadca1076f95c75c8b534546b462feea5697ecbd16b4a5387b1ba2e
2026-10-07T04:03:21.4643665Z 720106fc0dadca1076f95c75c8b534546b462feea5697ecbd16b4a5387b1ba2e
2026-10-07T04:03:21.4670713Z Remove container network: github_network_84d0018e938f44e38053e77f913a1e05
2026-10-07T04:03:21.4674953Z ##[command]/usr/bin/docker network rm github_network_84d0018e938f44e38053e77f913a1e05
2026-10-07T04:03:21.5594355Z github_network_84d0018e938f44e38053e77f913a1e05
2026-10-07T04:03:21.5668664Z Cleaning up orphan processes
2026-10-07T04:03:21.7543356Z ##[warning]Node.js 20 is deprecated. The following actions target Node.js 20 but are being forced to run on Node.js 24: actions/checkout@v4, actions/setup-node@v4. For more information see: https://github.blog/changelog/2025-09-19-deprecation-of-node-20-on-github-actions-runners/
